iter,f,grad_norm,time_ms
1,-4.47057,147.995,0.002922
2,-8.0919,124.128,0.041653
3,-10.8752,101.436,0.045406
4,-12.8756,80.881,0.048189
5,-14.2115,63.9915,0.05099
6,-15.0615,52.7075,0.05372
7,-15.6261,48.0712,0.056505
8,-16.0803,48.5384,0.059173
9,-16.5445,51.0213,0.061747
10,-17.0798,53.1755,0.064366
11,-17.6995,53.9014,0.066909
12,-18.3852,52.8956,0.069483
13,-19.1017,50.2597,0.071919
14,-19.8086,46.2986,0.07444
15,-20.4688,41.4385,0.076916
16,-21.0544,36.2104,0.079444
17,-21.5497,31.2661,0.081961
18,-21.953,27.3737,0.084588
19,-22.2758,25.2535,0.087157
20,-22.5397,25.1611,0.089629
21,-22.7723,26.6218,0.092219
22,-23.0012,28.7761,0.094654
23,-23.2496,30.8695,0.097217
24,-23.5327,32.4242,0.099709
25,-23.8565,33.2078,0.102212
26,-24.219,33.1679,0.104894
27,-24.612,32.3818,0.107408
28,-25.0241,31.0205,0.109952
29,-25.4438,29.3213,0.11243
30,-25.8613,27.5597,0.114868
31,-26.2705,26.0107,0.117336
32,-26.6692,24.8949,0.119765
33,-27.0585,24.3186,0.122294
34,-27.4424,24.2421,0.124782
35,-27.8259,24.5074,0.127306
36,-28.2135,24.9083,0.129844
37,-28.6086,25.2584,0.132256
38,-29.0124,25.4302,0.134722
39,-29.4241,25.3678,0.137208
40,-29.8413,25.0821,0.1396
41,-30.2606,24.637,0.148637
42,-30.6788,24.1303,0.151713
43,-31.0934,23.6698,0.154265
44,-31.5029,23.3472,0.156675
45,-31.9074,23.2153,0.159122
46,-32.3082,23.2757,0.161593
47,-32.7072,23.484,0.16405
48,-33.1066,23.7674,0.166544
49,-33.5084,24.0475,0.169064
50,-33.9138,24.2594,0.171622
51,-34.3234,24.3634,2.78424
52,-34.7369,24.3476,2.78963
53,-35.1537,24.2255,2.79264
54,-35.5726,24.0288,2.79534
55,-35.9927,23.7978,2.79789
56,-36.4135,23.5716,2.8004
57,-36.8347,23.3796,2.80296
58,-37.2564,23.2365,2.80542
59,-37.6792,23.1415,2.80783
60,-38.1034,23.0826,2.81027
61,-38.5295,23.0419,2.81287
62,-38.9577,23.0028,2.81532
63,-39.388,22.954,2.81782
64,-39.8201,22.8923,2.82037
65,-40.2536,22.8213,2.82282
66,-40.6881,22.7494,2.8253
67,-41.1233,22.686,2.82779
68,-41.5589,22.6381,2.8302
69,-41.995,22.6082,2.83263
70,-42.4317,22.5936,2.83512
71,-42.8691,22.5877,2.83756
72,-43.3074,22.5817,2.84001
73,-43.7468,22.5676,2.84247
74,-44.1873,22.5401,2.84483
75,-44.629,22.4972,2.84719
76,-45.0716,22.4408,2.84963
77,-45.5151,22.3756,2.85207
78,-45.9593,22.3072,2.85453
79,-46.4042,22.2414,2.85695
80,-46.8497,22.1822,2.85938
81,-47.2959,22.1315,2.86178
82,-47.7428,22.0894,2.86414
83,-48.1904,22.0544,2.86657
84,-48.6387,22.0247,2.86896
85,-49.0878,21.9984,2.87135
86,-49.5376,21.9745,2.87375
87,-49.988,21.9526,2.87612
88,-50.4391,21.9331,2.87854
89,-50.8906,21.9164,2.881
90,-51.3427,21.9027,2.88337
91,-51.7952,21.8916,2.88578
92,-52.2482,21.882,2.88823
93,-52.7017,21.8725,2.89058
94,-53.1556,21.8615,2.89303
95,-53.61,21.8476,2.89547
96,-54.0648,21.8299,2.89802
97,-54.5201,21.8084,2.90047
98,-54.9758,21.7833,2.90299
99,-55.4319,21.7555,2.90538
100,-55.8883,21.7262,2.90779
101,-56.3451,21.6964,2.92837
102,-56.8022,21.6668,2.93225
103,-57.2596,21.6381,2.93518
104,-57.7173,21.6105,2.93775
105,-58.1754,21.5841,2.94029
106,-58.6337,21.5588,2.94282
107,-59.0923,21.5345,2.94528
108,-59.5512,21.5111,2.94764
109,-60.0103,21.4885,2.95018
110,-60.4696,21.4666,2.95273
111,-60.9292,21.4451,2.95522
112,-61.3889,21.4238,2.95767
113,-61.8489,21.4024,2.96015
114,-62.309,21.3806,2.96263
115,-62.7693,21.3579,2.96522
116,-63.2298,21.3343,2.96764
117,-63.6904,21.3096,2.97011
118,-64.1511,21.284,2.97254
119,-64.612,21.2575,2.97507
120,-65.073,21.2306,2.9775
121,-65.5341,21.2034,2.98
122,-65.9952,21.1763,2.98251
123,-66.4565,21.1496,2.98495
124,-66.9178,21.1234,2.98747
125,-67.3792,21.0978,2.98987
126,-67.8407,21.0729,2.99237
127,-68.3022,21.0488,2.99482
128,-68.7638,21.0253,2.99728
129,-69.2254,21.0023,2.99974
130,-69.687,20.9799,3.00218
131,-70.1486,20.9579,3.00468
132,-70.6102,20.936,3.00717
133,-71.0718,20.9143,3.00969
134,-71.5334,20.8925,3.01219
135,-71.995,20.8705,3.01469
136,-72.4566,20.8483,3.01708
137,-72.9181,20.8258,3.01969
138,-73.3796,20.803,3.02213
139,-73.841,20.78,3.02458
140,-74.3024,20.7568,3.02711
141,-74.7638,20.7335,3.02949
142,-75.225,20.7102,3.03189
143,-75.6862,20.6869,3.03439
144,-76.1473,20.6638,3.03678
145,-76.6083,20.6409,3.03932
146,-77.0692,20.6182,3.04173
147,-77.53,20.5957,3.04415
148,-77.9908,20.5734,3.04659
149,-78.4514,20.5512,3.04899
150,-78.9118,20.5292,3.05145
151,-79.3722,20.5073,3.06016
152,-79.8324,20.4854,3.06317
153,-80.2925,20.4635,3.06569
154,-80.7525,20.4415,3.06813
155,-81.2123,20.4195,3.07059
156,-81.6719,20.3973,3.07309
157,-82.1314,20.3751,3.07552
158,-82.5908,20.3527,3.07801
159,-83.05,20.3303,3.08051
160,-83.509,20.3079,3.08303
161,-83.9678,20.2855,3.08548
162,-84.4264,20.2631,3.08784
163,-84.8849,20.2409,3.09027
164,-85.3432,20.2187,3.09274
165,-85.8012,20.1967,3.09522
166,-86.2591,20.1747,3.09776
167,-86.7168,20.153,3.10019
168,-87.1743,20.1313,3.10265
169,-87.6315,20.1097,3.10502
170,-88.0886,20.0883,3.10758
171,-88.5454,20.0668,3.11009
172,-89.002,20.0455,3.11256
173,-89.4584,20.0241,3.11509
174,-89.9145,20.0028,3.11751
175,-90.3704,19.9815,3.12007
176,-90.8261,19.9602,3.12259
177,-91.2815,19.9389,3.12515
178,-91.7367,19.9176,3.12759
179,-92.1917,19.8964,3.13016
180,-92.6464,19.8751,3.13262
181,-93.1008,19.854,3.13497
182,-93.555,19.8329,3.13748
183,-94.0089,19.8118,3.13995
184,-94.4625,19.7909,3.14238
185,-94.9159,19.77,3.14483
186,-95.369,19.7492,3.14728
187,-95.8219,19.7284,3.14979
188,-96.2744,19.7077,3.15221
189,-96.7267,19.6871,3.15462
190,-97.1787,19.6665,3.15709
191,-97.6305,19.646,3.15953
192,-98.0819,19.6254,3.16208
193,-98.533,19.6049,3.16447
194,-98.9839,19.5845,3.16701
195,-99.4345,19.564,3.16946
196,-99.8847,19.5436,3.17195
197,-100.335,19.5232,3.17448
198,-100.784,19.5028,3.17708
199,-101.234,19.4825,3.17949
200,-101.683,19.4622,3.18192
201,-102.131,19.442,3.18754
202,-102.58,19.4218,3.19005
203,-103.028,19.4017,3.19256
204,-103.476,19.3817,3.19507
205,-103.923,19.3617,3.19768
206,-104.37,19.3417,3.20012
207,-104.817,19.3218,3.20262
208,-105.264,19.3019,3.20509
209,-105.71,19.2821,3.20752
210,-106.156,19.2623,3.21022
211,-106.601,19.2426,3.21277
212,-107.047,19.2229,3.2153
213,-107.492,19.2032,3.21786
214,-107.936,19.1836,3.22031
215,-108.38,19.164,3.22273
216,-108.824,19.1445,3.22517
217,-109.268,19.1249,3.2276
218,-109.711,19.1055,3.23009
219,-110.154,19.0861,3.23261
220,-110.596,19.0667,3.23517
221,-111.038,19.0474,3.2376
222,-111.48,19.0281,3.24005
223,-111.922,19.0088,3.24265
224,-112.363,18.9896,3.24513
225,-112.803,18.9705,3.2476
226,-113.244,18.9514,3.2501
227,-113.684,18.9323,3.25261
228,-114.124,18.9133,3.25502
229,-114.563,18.8943,3.25736
230,-115.002,18.8754,3.25955
231,-115.441,18.8565,3.26187
232,-115.879,18.8376,3.26409
233,-116.317,18.8188,3.26646
234,-116.754,18.8,3.26892
235,-117.191,18.7812,3.27138
236,-117.628,18.7625,3.2738
237,-118.065,18.7439,3.27623
238,-118.501,18.7252,3.27867
239,-118.937,18.7067,3.28114
240,-119.372,18.6881,3.2837
241,-119.807,18.6696,3.28616
242,-120.241,18.6512,3.2886
243,-120.676,18.6327,3.29117
244,-121.11,18.6144,3.29362
245,-121.543,18.596,3.29615
246,-121.976,18.5777,3.29866
247,-122.409,18.5595,3.30114
248,-122.841,18.5413,3.3037
249,-123.273,18.5231,3.30616
250,-123.705,18.5049,3.30864
251,-124.136,18.4868,3.31401
252,-124.567,18.4688,3.31644
253,-124.997,18.4508,3.31896
254,-125.427,18.4328,3.32149
255,-125.857,18.4148,3.32395
256,-126.286,18.3969,3.32639
257,-126.715,18.3791,3.32877
258,-127.144,18.3612,3.33116
259,-127.572,18.3435,3.33357
260,-128,18.3257,3.33594
261,-128.427,18.308,3.33856
262,-128.854,18.2904,3.34111
263,-129.281,18.2727,3.3436
264,-129.707,18.2551,3.34603
265,-130.133,18.2376,3.34852
266,-130.559,18.2201,3.35088
267,-130.984,18.2026,3.35334
268,-131.409,18.1852,3.35586
269,-131.833,18.1678,3.35833
270,-132.257,18.1504,3.36076
271,-132.68,18.1331,3.36325
272,-133.104,18.1158,3.36579
273,-133.526,18.0986,3.36834
274,-133.949,18.0814,3.37082
275,-134.371,18.0642,3.37334
276,-134.792,18.0471,3.37584
277,-135.214,18.03,3.37824
278,-135.635,18.013,3.38071
279,-136.055,17.996,3.38317
280,-136.475,17.979,3.38558
281,-136.895,17.9621,3.38801
282,-137.314,17.9452,3.39039
283,-137.733,17.9283,3.39275
284,-138.151,17.9115,3.39506
285,-138.57,17.8947,3.39758
286,-138.987,17.878,3.40006
287,-139.405,17.8613,3.40247
288,-139.822,17.8446,3.42984
289,-140.238,17.828,3.43252
290,-140.654,17.8114,3.43512
291,-141.07,17.7948,3.43769
292,-141.485,17.7783,3.44015
293,-141.9,17.7618,3.44264
294,-142.315,17.7454,3.44514
295,-142.729,17.729,3.44756
296,-143.143,17.7126,3.44996
297,-143.556,17.6963,3.45249
298,-143.969,17.68,3.45485
299,-144.382,17.6637,3.45738
300,-144.794,17.6475,3.46002
301,-145.206,17.6313,3.46773
302,-145.618,17.6152,3.47065
303,-146.029,17.5991,3.47315
304,-146.439,17.583,3.47559
305,-146.85,17.567,3.47799
306,-147.26,17.551,3.48042
307,-147.669,17.535,3.48298
308,-148.078,17.5191,3.48549
309,-148.487,17.5032,3.48794
310,-148.895,17.4874,3.49041
311,-149.303,17.4716,3.49277
312,-149.711,17.4558,3.4952
313,-150.118,17.44,3.49771
314,-150.525,17.4243,3.50018
315,-150.931,17.4087,3.5026
316,-151.337,17.393,3.50498
317,-151.743,17.3774,3.50747
318,-152.148,17.3619,3.50988
319,-152.553,17.3464,3.51242
320,-152.957,17.3309,3.51486
321,-153.361,17.3154,3.51726
322,-153.765,17.3,3.51982
323,-154.168,17.2846,3.52229
324,-154.571,17.2693,3.5247
325,-154.974,17.254,3.52718
326,-155.376,17.2387,3.52959
327,-155.778,17.2234,3.53196
328,-156.179,17.2082,3.53435
329,-156.58,17.1931,3.53675
330,-156.981,17.1779,3.53923
331,-157.381,17.1628,3.54168
332,-157.781,17.1478,3.54412
333,-158.18,17.1327,3.54661
334,-158.579,17.1177,3.54904
335,-158.978,17.1028,3.55143
336,-159.376,17.0878,3.55391
337,-159.774,17.0729,3.55627
338,-160.171,17.0581,3.55864
339,-160.568,17.0433,3.56104
340,-160.965,17.0285,3.56357
341,-161.362,17.0137,3.56595
342,-161.757,16.999,3.56845
343,-162.153,16.9843,3.57091
344,-162.548,16.9696,3.57333
345,-162.943,16.955,3.57575
346,-163.338,16.9404,3.57816
347,-163.732,16.9259,3.58062
348,-164.125,16.9114,3.58296
349,-164.519,16.8969,3.58542
350,-164.912,16.8824,3.58784
351,-165.304,16.868,3.59472
352,-165.696,16.8536,3.59764
353,-166.088,16.8393,3.60004
354,-166.48,16.8249,3.60242
355,-166.871,16.8106,3.60485
356,-167.261,16.7964,3.60733
357,-167.652,16.7822,3.60976
358,-168.041,16.768,3.61225
359,-168.431,16.7538,3.61465
360,-168.82,16.7397,3.61704
361,-169.209,16.7256,3.61951
362,-169.597,16.7115,3.62199
363,-169.986,16.6975,3.62434
364,-170.373,16.6835,3.62679
365,-170.76,16.6696,3.62915
366,-171.147,16.6556,3.6316
367,-171.534,16.6417,3.634
368,-171.92,16.6279,3.63638
369,-172.306,16.614,3.63873
370,-172.692,16.6002,3.64113
371,-173.077,16.5864,3.64359
372,-173.461,16.5727,3.64601
373,-173.846,16.559,3.64841
374,-174.23,16.5453,3.65074
375,-174.613,16.5317,3.65314
376,-174.997,16.5181,3.65554
377,-175.379,16.5045,3.65794
378,-175.762,16.4909,3.66033
379,-176.144,16.4774,3.66279
380,-176.526,16.4639,3.66525
381,-176.907,16.4505,3.66765
382,-177.288,16.437,3.67013
383,-177.669,16.4236,3.67256
384,-178.05,16.4103,3.67494
385,-178.43,16.3969,3.67742
386,-178.809,16.3836,3.67981
387,-179.188,16.3703,3.68222
388,-179.567,16.3571,3.68459
389,-179.946,16.3439,3.68705
390,-180.324,16.3307,3.68944
391,-180.702,16.3175,3.69184
392,-181.079,16.3044,3.69428
393,-181.457,16.2913,3.69676
394,-181.833,16.2783,3.69918
395,-182.21,16.2652,3.70149
396,-182.586,16.2522,3.70386
397,-182.962,16.2392,3.70625
398,-183.337,16.2263,3.70875
399,-183.712,16.2134,3.72119
400,-184.087,16.2005,3.72485
401,-184.461,16.1876,3.73371
402,-184.835,16.1748,3.73706
403,-185.208,16.162,3.73981
404,-185.582,16.1492,3.74233
405,-185.955,16.1365,3.74487
406,-186.327,16.1238,3.7473
407,-186.699,16.1111,3.74985
408,-187.071,16.0984,3.75242
409,-187.443,16.0858,3.75494
410,-187.814,16.0732,3.75741
411,-188.185,16.0607,3.76001
412,-188.555,16.0481,3.76257
413,-188.925,16.0356,3.76509
414,-189.295,16.0231,3.76759
415,-189.664,16.0107,3.77006
416,-190.034,15.9982,3.77255
417,-190.402,15.9858,3.77506
418,-190.771,15.9735,3.77752
419,-191.139,15.9611,3.78013
420,-191.507,15.9488,3.7826
421,-191.874,15.9365,3.78512
422,-192.241,15.9242,3.78759
423,-192.608,15.912,3.79004
424,-192.974,15.8998,3.79258
425,-193.34,15.8876,3.79499
426,-193.706,15.8755,3.79751
427,-194.071,15.8633,3.79999
428,-194.436,15.8512,3.80246
429,-194.801,15.8392,3.80491
430,-195.165,15.8271,3.8073
431,-195.529,15.8151,3.80976
432,-195.893,15.8031,3.81232
433,-196.256,15.7912,3.81483
434,-196.619,15.7792,3.81718
435,-196.982,15.7673,3.81961
436,-197.344,15.7554,3.822
437,-197.706,15.7436,3.82448
438,-198.068,15.7317,3.82689
439,-198.43,15.7199,3.82928
440,-198.791,15.7082,3.83178
441,-199.151,15.6964,3.83425
442,-199.512,15.6847,3.83673
443,-199.872,15.673,3.83916
444,-200.231,15.6613,3.84158
445,-200.591,15.6497,3.84408
446,-200.95,15.6381,3.84658
447,-201.309,15.6265,3.84905
448,-201.667,15.6149,3.85163
449,-202.025,15.6033,3.8541
450,-202.383,15.5918,3.85644
451,-202.741,15.5803,3.86268
452,-203.098,15.5689,3.86523
453,-203.455,15.5574,3.86773
454,-203.811,15.546,3.87019
455,-204.167,15.5346,3.87276
456,-204.523,15.5233,3.87518
457,-204.879,15.5119,3.87758
458,-205.234,15.5006,3.88002
459,-205.589,15.4893,3.88258
460,-205.943,15.478,3.88504
461,-206.298,15.4668,3.88745
462,-206.652,15.4556,3.8899
463,-207.005,15.4444,3.89234
464,-207.359,15.4332,3.89479
465,-207.712,15.4221,3.89717
466,-208.064,15.411,3.89968
467,-208.417,15.3999,3.9022
468,-208.769,15.3888,3.9047
469,-209.121,15.3778,3.90711
470,-209.472,15.3667,3.90957
471,-209.823,15.3557,3.912
472,-210.174,15.3448,3.91465
473,-210.525,15.3338,3.9171
474,-210.875,15.3229,3.91952
475,-211.225,15.312,3.92203
476,-211.574,15.3011,3.92456
477,-211.924,15.2903,3.92702
478,-212.273,15.2794,3.92948
479,-212.622,15.2686,3.9319
480,-212.97,15.2578,3.9343
481,-213.318,15.2471,3.93672
482,-213.666,15.2363,3.93918
483,-214.013,15.2256,3.94155
484,-214.36,15.2149,3.94401
485,-214.707,15.2043,3.94643
486,-215.054,15.1936,3.94887
487,-215.4,15.183,3.95128
488,-215.746,15.1724,3.95371
489,-216.092,15.1618,3.95603
490,-216.437,15.1513,3.95839
491,-216.782,15.1407,3.96081
492,-217.127,15.1302,3.96324
493,-217.472,15.1198,3.96562
494,-217.816,15.1093,3.96802
495,-218.16,15.0988,3.9705
496,-218.503,15.0884,3.97291
497,-218.847,15.078,3.9753
498,-219.19,15.0677,3.97782
499,-219.533,15.0573,3.98032
500,-219.875,15.047,3.98281
501,-220.217,15.0367,3.98979
502,-220.559,15.0264,3.99265
503,-220.901,15.0161,3.99516
504,-221.242,15.0059,3.99756
505,-221.583,14.9956,3.99995
506,-221.924,14.9854,4.00235
507,-222.264,14.9753,4.00484
508,-222.604,14.9651,4.00728
509,-222.944,14.955,4.00973
510,-223.284,14.9449,4.01218
511,-223.623,14.9348,4.01455
512,-223.962,14.9247,4.01697
513,-224.301,14.9146,4.01933
514,-224.639,14.9046,4.02175
515,-224.977,14.8946,4.02416
516,-225.315,14.8846,4.02657
517,-225.653,14.8746,4.02898
518,-225.99,14.8647,4.03134
519,-226.327,14.8548,4.03374
520,-226.664,14.8449,4.03612
521,-227,14.835,4.03852
522,-227.336,14.8251,4.04106
523,-227.672,14.8153,4.04349
524,-228.008,14.8054,4.04593
525,-228.343,14.7956,4.04835
526,-228.678,14.7858,4.05081
527,-229.013,14.7761,4.05319
528,-229.348,14.7663,4.05571
529,-229.682,14.7566,4.05809
530,-230.016,14.7469,4.06057
531,-230.349,14.7372,4.063
532,-230.683,14.7276,4.06558
533,-231.016,14.7179,4.06805
534,-231.349,14.7083,4.07054
535,-231.682,14.6987,4.07302
536,-232.014,14.6891,4.07537
537,-232.346,14.6795,4.07777
538,-232.678,14.67,4.08015
539,-233.009,14.6605,4.08259
540,-233.341,14.6509,4.08504
541,-233.672,14.6415,4.08747
542,-234.002,14.632,4.08989
543,-234.333,14.6225,4.09232
544,-234.663,14.6131,4.0947
545,-234.993,14.6037,4.09711
546,-235.323,14.5943,4.09958
547,-235.652,14.5849,4.102
548,-235.981,14.5756,4.10447
549,-236.31,14.5662,4.10691
550,-236.639,14.5569,4.10935
551,-236.967,14.5476,4.11507
552,-237.295,14.5383,4.11753
553,-237.623,14.5291,4.11998
554,-237.95,14.5198,4.12245
555,-238.278,14.5106,4.12492
556,-238.605,14.5014,4.12743
557,-238.931,14.4922,4.1299
558,-239.258,14.483,4.13232
559,-239.584,14.4739,4.13486
560,-239.91,14.4647,4.13729
561,-240.236,14.4556,4.13974
562,-240.561,14.4465,5.51882
563,-240.887,14.4374,5.52286
564,-241.212,14.4284,5.52609
565,-241.536,14.4193,5.52886
566,-241.861,14.4103,5.53141
567,-242.185,14.4013,5.53398
568,-242.509,14.3923,5.53645
569,-242.833,14.3833,5.53893
570,-243.156,14.3743,5.54144
571,-243.479,14.3654,5.54382
572,-243.802,14.3565,5.54628
573,-244.125,14.3476,5.54869
574,-244.447,14.3387,5.55945
575,-244.77,14.3298,5.56194
576,-245.092,14.321,5.56457
577,-245.413,14.3121,5.5672
578,-245.735,14.3033,5.5697
579,-246.056,14.2945,5.57218
580,-246.377,14.2857,5.57462
581,-246.698,14.2769,5.57707
582,-247.018,14.2682,5.57944
583,-247.338,14.2594,5.58188
584,-247.658,14.2507,5.58434
585,-247.978,14.242,5.5868
586,-248.297,14.2333,5.58924
587,-248.617,14.2247,5.59162
588,-248.936,14.216,5.59399
589,-249.254,14.2074,5.59644
590,-249.573,14.1987,5.59887
591,-249.891,14.1901,5.60127
592,-250.209,14.1815,5.60374
593,-250.527,14.173,5.60625
594,-250.844,14.1644,5.60873
595,-251.162,14.1559,5.61116
596,-251.479,14.1473,5.61358
597,-251.796,14.1388,5.61606
598,-252.112,14.1303,5.61852
599,-252.428,14.1218,5.62113
600,-252.744,14.1134,5.62356
601,-253.06,14.1049,5.64083
602,-253.376,14.0965,5.64485
603,-253.691,14.0881,5.64828
604,-254.006,14.0797,5.65148
605,-254.321,14.0713,5.65418
606,-254.636,14.0629,5.65673
607,-254.95,14.0546,5.65921
608,-255.265,14.0462,5.66172
609,-255.579,14.0379,5.66432
610,-255.892,14.0296,5.66679
611,-256.206,14.0213,5.66929
612,-256.519,14.013,5.67173
613,-256.832,14.0047,5.67429
614,-257.145,13.9965,5.67675
615,-257.457,13.9882,5.67928
616,-257.77,13.98,5.68171
617,-258.082,13.9718,5.68423
618,-258.394,13.9636,5.68681
619,-258.705,13.9554,5.68924
620,-259.017,13.9473,5.69167
621,-259.328,13.9391,5.69416
622,-259.639,13.931,5.69669
623,-259.95,13.9229,5.6992
624,-260.26,13.9148,5.70172
625,-260.57,13.9067,5.70419
626,-260.88,13.8986,5.70665
627,-261.19,13.8905,5.7091
628,-261.5,13.8825,5.71157
629,-261.809,13.8744,5.71401
630,-262.118,13.8664,5.71648
631,-262.427,13.8584,5.71889
632,-262.736,13.8504,5.74947
633,-263.044,13.8424,5.76114
634,-263.352,13.8345,5.76496
635,-263.661,13.8265,5.76841
636,-263.968,13.8186,5.77203
637,-264.276,13.8107,5.77553
638,-264.583,13.8028,5.77901
639,-264.89,13.7949,5.78259
640,-265.197,13.787,5.78601
641,-265.504,13.7791,5.78951
642,-265.81,13.7713,5.79401
643,-266.116,13.7634,5.7965
644,-266.422,13.7556,5.79899
645,-266.728,13.7478,5.80145
646,-267.034,13.74,5.80395
647,-267.339,13.7322,5.80643
648,-267.644,13.7244,5.80856
649,-267.949,13.7166,5.81082
650,-268.254,13.7089,5.81297
651,-268.558,13.7012,5.83741
652,-268.863,13.6934,5.84094
653,-269.167,13.6857,5.8435
654,-269.47,13.678,5.84609
655,-269.774,13.6704,5.84867
656,-270.077,13.6627,5.85127
657,-270.381,13.655,5.85378
658,-270.683,13.6474,5.85627
659,-270.986,13.6398,5.85866
660,-271.289,13.6321,5.86117
661,-271.591,13.6245,5.86368
662,-271.893,13.6169,5.86621
663,-272.195,13.6094,5.8687
664,-272.497,13.6018,5.87126
665,-272.798,13.5942,5.87366
666,-273.099,13.5867,5.87607
667,-273.4,13.5792,5.87853
668,-273.701,13.5717,5.88102
669,-274.002,13.5642,5.88348
670,-274.302,13.5567,5.88596
671,-274.602,13.5492,5.88841
672,-274.902,13.5417,5.89091
673,-275.202,13.5343,5.89327
674,-275.501,13.5268,5.89571
675,-275.801,13.5194,5.89818
676,-276.1,13.512,5.90062
677,-276.399,13.5046,5.90313
678,-276.697,13.4972,5.90561
679,-276.996,13.4898,5.90806
680,-277.294,13.4824,5.91052
681,-277.592,13.4751,5.913
682,-277.89,13.4677,5.91549
683,-278.188,13.4604,5.91803
684,-278.485,13.453,5.92045
685,-278.782,13.4457,5.92297
686,-279.079,13.4384,5.92538
687,-279.376,13.4311,5.92778
688,-279.673,13.4239,5.93022
689,-279.969,13.4166,5.93263
690,-280.265,13.4094,5.93505
691,-280.561,13.4021,5.93746
692,-280.857,13.3949,5.93989
693,-281.153,13.3877,5.94232
694,-281.448,13.3805,5.94481
695,-281.743,13.3733,5.94731
696,-282.038,13.3661,5.94972
697,-282.333,13.3589,5.95215
698,-282.627,13.3517,5.95462
699,-282.922,13.3446,5.95706
700,-283.216,13.3374,5.95954
701,-283.51,13.3303,6.42974
702,-283.804,13.3232,6.43942
703,-284.097,13.3161,6.44338
704,-284.391,13.309,6.44697
705,-284.684,13.3019,6.45067
706,-284.977,13.2948,6.45415
707,-285.269,13.2878,6.45759
708,-285.562,13.2807,6.46097
709,-285.854,13.2737,6.46444
710,-286.146,13.2666,6.46787
711,-286.438,13.2596,6.47133
712,-286.73,13.2526,6.47471
713,-287.021,13.2456,6.47819
714,-287.313,13.2386,6.48161
715,-287.604,13.2316,6.4851
716,-287.895,13.2247,6.48854
717,-288.186,13.2177,6.49196
718,-288.476,13.2108,6.4953
719,-288.766,13.2038,6.49875
720,-289.057,13.1969,6.5022
721,-289.347,13.19,6.50569
722,-289.636,13.1831,6.5092
723,-289.926,13.1762,6.51261
724,-290.215,13.1693,6.51603
725,-290.504,13.1624,6.51948
726,-290.793,13.1556,6.52287
727,-291.082,13.1487,6.52627
728,-291.371,13.1419,6.52972
729,-291.659,13.135,6.53324
730,-291.947,13.1282,6.53677
731,-292.235,13.1214,6.54023
732,-292.523,13.1146,6.54363
733,-292.811,13.1078,6.54707
734,-293.098,13.101,6.55066
735,-293.385,13.0942,6.55423
736,-293.672,13.0875,6.55765
737,-293.959,13.0807,6.561
738,-294.246,13.074,6.56452
739,-294.532,13.0672,6.56797
740,-294.818,13.0605,6.57128
741,-295.105,13.0538,6.57477
742,-295.39,13.0471,6.5783
743,-295.676,13.0404,6.58181
744,-295.962,13.0337,6.58526
745,-296.247,13.027,6.58874
746,-296.532,13.0204,6.5921
747,-296.817,13.0137,6.59553
748,-297.102,13.007,6.59897
749,-297.386,13.0004,6.60237
750,-297.67,12.9938,6.60591
751,-297.955,12.9872,6.64166
752,-298.239,12.9805,6.64619
753,-298.522,12.9739,6.64871
754,-298.806,12.9673,6.65114
755,-299.089,12.9608,6.6536
756,-299.373,12.9542,6.65614
757,-299.656,12.9476,6.65852
758,-299.938,12.9411,6.66092
759,-300.221,12.9345,6.66332
760,-300.504,12.928,6.66583
761,-300.786,12.9214,6.66832
762,-301.068,12.9149,6.67076
763,-301.35,12.9084,6.67333
764,-301.632,12.9019,6.67588
765,-301.913,12.8954,6.67833
766,-302.194,12.8889,6.68071
767,-302.476,12.8825,6.68316
768,-302.757,12.876,6.68562
769,-303.037,12.8695,6.688
770,-303.318,12.8631,6.69044
771,-303.598,12.8566,6.69291
772,-303.879,12.8502,6.69526
773,-304.159,12.8438,6.69771
774,-304.439,12.8374,6.7001
775,-304.718,12.831,6.70256
776,-304.998,12.8246,6.70506
777,-305.277,12.8182,6.70753
778,-305.556,12.8118,6.70993
779,-305.835,12.8054,6.71232
780,-306.114,12.799,6.71478
781,-306.392,12.7927,6.71717
782,-306.671,12.7863,6.71963
783,-306.949,12.78,6.72206
784,-307.227,12.7737,6.72454
785,-307.505,12.7673,6.72691
786,-307.783,12.761,6.72938
787,-308.06,12.7547,6.73186
788,-308.338,12.7484,6.7343
789,-308.615,12.7421,6.73672
790,-308.892,12.7358,6.73914
791,-309.168,12.7296,6.74161
792,-309.445,12.7233,6.74409
793,-309.721,12.717,6.7465
794,-309.998,12.7108,6.74894
795,-310.274,12.7045,6.75142
796,-310.55,12.6983,6.75385
797,-310.825,12.6921,6.75632
798,-311.101,12.6859,6.75874
799,-311.376,12.6796,6.76126
800,-311.651,12.6734,6.76367
801,-311.926,12.6673,7.1262
802,-312.201,12.6611,7.12998
803,-312.476,12.6549,7.13301
804,-312.75,12.6487,7.13578
805,-313.025,12.6425,7.13848
806,-313.299,12.6364,7.14099
807,-313.573,12.6302,7.1435
808,-313.846,12.6241,7.14597
809,-314.12,12.618,7.14844
810,-314.393,12.6118,7.15097
811,-314.667,12.6057,7.15341
812,-314.94,12.5996,7.15588
813,-315.212,12.5935,7.1584
814,-315.485,12.5874,7.16085
815,-315.758,12.5813,7.16327
816,-316.03,12.5752,7.1657
817,-316.302,12.5692,7.16818
818,-316.574,12.5631,7.17061
819,-316.846,12.557,7.17299
820,-317.118,12.551,7.17543
821,-317.389,12.5449,7.17798
822,-317.66,12.5389,7.18042
823,-317.932,12.5329,7.18285
824,-318.203,12.5269,7.18525
825,-318.473,12.5208,7.18771
826,-318.744,12.5148,7.19015
827,-319.014,12.5088,7.19262
828,-319.285,12.5028,7.19508
829,-319.555,12.4969,7.19757
830,-319.825,12.4909,7.20001
831,-320.094,12.4849,7.20246
832,-320.364,12.4789,7.20491
833,-320.633,12.473,7.20737
834,-320.903,12.467,7.20982
835,-321.172,12.4611,7.21231
836,-321.441,12.4552,7.21475
837,-321.709,12.4492,7.21718
838,-321.978,12.4433,7.21956
839,-322.246,12.4374,7.222
840,-322.514,12.4315,7.22446
841,-322.782,12.4256,7.22685
842,-323.05,12.4197,7.22928
843,-323.318,12.4138,7.23176
844,-323.586,12.4079,7.23421
845,-323.853,12.4021,7.23658
846,-324.12,12.3962,7.23901
847,-324.387,12.3903,7.24144
848,-324.654,12.3845,7.24387
849,-324.921,12.3786,7.24632
850,-325.187,12.3728,7.24873
851,-325.454,12.367,7.26641
852,-325.72,12.3611,7.27021
853,-325.986,12.3553,7.2736
854,-326.252,12.3495,7.27678
855,-326.517,12.3437,7.27946
856,-326.783,12.3379,7.28195
857,-327.048,12.3321,7.28442
858,-327.313,12.3263,7.28695
859,-327.578,12.3205,7.2895
860,-327.843,12.3148,7.30685
861,-328.108,12.309,7.30945
862,-328.372,12.3032,7.31205
863,-328.637,12.2975,7.31462
864,-328.901,12.2917,7.31711
865,-329.165,12.286,7.31971
866,-329.429,12.2802,7.32213
867,-329.692,12.2745,7.32459
868,-329.956,12.2688,7.32707
869,-330.219,12.2631,7.32951
870,-330.482,12.2574,7.33196
871,-330.745,12.2517,7.33451
872,-331.008,12.246,7.33699
873,-331.271,12.2403,7.33947
874,-331.533,12.2346,7.34193
875,-331.796,12.2289,7.3444
876,-332.058,12.2232,7.34696
877,-332.32,12.2176,7.34947
878,-332.582,12.2119,7.35194
879,-332.843,12.2063,7.35435
880,-333.105,12.2006,7.35688
881,-333.366,12.195,7.35938
882,-333.628,12.1893,7.3618
883,-333.889,12.1837,7.36426
884,-334.15,12.1781,7.36672
885,-334.41,12.1725,7.36923
886,-334.671,12.1668,7.37168
887,-334.931,12.1612,7.37404
888,-335.191,12.1556,7.37659
889,-335.451,12.15,7.37905
890,-335.711,12.1445,7.38156
891,-335.971,12.1389,7.38403
892,-336.231,12.1333,7.38646
893,-336.49,12.1277,7.38889
894,-336.749,12.1222,7.39135
895,-337.008,12.1166,7.39379
896,-337.267,12.1111,7.39624
897,-337.526,12.1055,7.39871
898,-337.785,12.1,7.40124
899,-338.043,12.0944,7.40377
900,-338.301,12.0889,7.40625
901,-338.56,12.0834,7.42328
902,-338.818,12.0779,7.42699
903,-339.075,12.0724,7.43051
904,-339.333,12.0669,7.4338
905,-339.59,12.0614,7.43663
906,-339.848,12.0559,7.43919
907,-340.105,12.0504,7.44174
908,-340.362,12.0449,7.44427
909,-340.619,12.0394,7.44667
910,-340.876,12.0339,7.44906
911,-341.132,12.0285,7.45146
912,-341.388,12.023,7.45388
913,-341.645,12.0176,7.45631
914,-341.901,12.0121,7.45871
915,-342.157,12.0067,7.46121
916,-342.412,12.0012,7.46365
917,-342.668,11.9958,7.46614
918,-342.923,11.9904,7.46855
919,-343.179,11.985,7.47102
920,-343.434,11.9796,7.47341
921,-343.689,11.9741,7.4759
922,-343.943,11.9687,7.47834
923,-344.198,11.9633,7.48073
924,-344.452,11.958,7.48315
925,-344.707,11.9526,7.48557
926,-344.961,11.9472,7.48805
927,-345.215,11.9418,7.49055
928,-345.469,11.9364,7.49298
929,-345.723,11.9311,7.49535
930,-345.976,11.9257,7.49782
931,-346.229,11.9204,7.50018
932,-346.483,11.915,7.50268
933,-346.736,11.9097,7.50513
934,-346.989,11.9043,7.50757
935,-347.241,11.899,7.50998
936,-347.494,11.8937,7.5125
937,-347.746,11.8884,7.51498
938,-347.999,11.883,7.51744
939,-348.251,11.8777,7.51996
940,-348.503,11.8724,7.52239
941,-348.755,11.8671,7.52483
942,-349.006,11.8618,7.52721
943,-349.258,11.8566,7.52965
944,-349.509,11.8513,7.53215
945,-349.76,11.846,7.53459
946,-350.011,11.8407,7.53706
947,-350.262,11.8355,7.5395
948,-350.513,11.8302,7.54199
949,-350.764,11.8249,7.54439
950,-351.014,11.8197,7.54683
951,-351.264,11.8144,7.55402
952,-351.515,11.8092,7.55655
953,-351.765,11.804,7.5591
954,-352.014,11.7987,7.56163
955,-352.264,11.7935,7.56403
956,-352.514,11.7883,7.56652
957,-352.763,11.7831,7.56905
958,-353.012,11.7779,7.57153
959,-353.261,11.7727,7.57401
960,-353.51,11.7675,7.57644
961,-353.759,11.7623,7.57891
962,-354.007,11.7571,7.58131
963,-354.256,11.7519,7.58374
964,-354.504,11.7467,7.58619
965,-354.752,11.7415,7.58865
966,-355,11.7364,7.59106
967,-355.248,11.7312,7.59367
968,-355.496,11.7261,7.59606
969,-355.743,11.7209,7.59856
970,-355.991,11.7158,7.60098
971,-356.238,11.7106,7.60341
972,-356.485,11.7055,7.60585
973,-356.732,11.7004,7.60823
974,-356.979,11.6952,7.61074
975,-357.226,11.6901,7.61319
976,-357.472,11.685,7.61563
977,-357.718,11.6799,7.61805
978,-357.965,11.6748,7.62048
979,-358.211,11.6697,7.62292
980,-358.457,11.6646,7.62542
981,-358.702,11.6595,7.62782
982,-358.948,11.6544,7.63029
983,-359.193,11.6493,7.63272
984,-359.439,11.6442,7.63509
985,-359.684,11.6392,7.63755
986,-359.929,11.6341,7.64005
987,-360.174,11.629,7.64252
988,-360.418,11.624,7.64495
989,-360.663,11.6189,7.64737
990,-360.907,11.6139,7.64993
991,-361.152,11.6088,7.6524
992,-361.396,11.6038,7.65484
993,-361.64,11.5988,7.65733
994,-361.884,11.5937,7.65977
995,-362.127,11.5887,7.66212
996,-362.371,11.5837,7.66457
997,-362.614,11.5787,7.66695
998,-362.857,11.5737,7.66938
999,-363.1,11.5687,7.67186
1000,-363.343,11.5637,7.67438
1001,-363.586,11.5587,7.67927
1002,-363.829,11.5537,7.68174
1003,-364.071,11.5487,7.68416
1004,-364.314,11.5437,7.68656
1005,-364.556,11.5387,7.69776
1006,-364.798,11.5338,7.70147
1007,-365.04,11.5288,7.70447
1008,-365.282,11.5239,7.70712
1009,-365.523,11.5189,7.70965
1010,-365.765,11.5139,7.71221
1011,-366.006,11.509,7.71473
1012,-366.247,11.5041,7.71725
1013,-366.488,11.4991,7.71972
1014,-366.729,11.4942,7.72217
1015,-366.97,11.4893,7.72465
1016,-367.211,11.4843,7.72717
1017,-367.451,11.4794,7.72961
1018,-367.691,11.4745,7.73206
1019,-367.931,11.4696,7.73448
1020,-368.172,11.4647,7.73695
1021,-368.411,11.4598,7.73938
1022,-368.651,11.4549,7.74181
1023,-368.891,11.45,7.74425
1024,-369.13,11.4451,7.7467
1025,-369.37,11.4403,7.74915
1026,-369.609,11.4354,7.75164
1027,-369.848,11.4305,7.75407
1028,-370.087,11.4257,7.75649
1029,-370.325,11.4208,7.75896
1030,-370.564,11.4159,7.76138
1031,-370.802,11.4111,7.76381
1032,-371.041,11.4062,7.76627
1033,-371.279,11.4014,7.76867
1034,-371.517,11.3966,7.77114
1035,-371.755,11.3917,7.77358
1036,-371.993,11.3869,7.77596
1037,-372.23,11.3821,7.7784
1038,-372.468,11.3773,7.78087
1039,-372.705,11.3724,7.78337
1040,-372.942,11.3676,7.78579
1041,-373.179,11.3628,7.78827
1042,-373.416,11.358,7.7907
1043,-373.653,11.3532,7.79312
1044,-373.889,11.3484,7.79552
1045,-374.126,11.3436,7.79791
1046,-374.362,11.3389,7.80032
1047,-374.598,11.3341,7.80272
1048,-374.834,11.3293,7.8052
1049,-375.07,11.3245,7.80765
1050,-375.306,11.3198,7.8101
1051,-375.542,11.315,7.81564
1052,-375.777,11.3103,7.81814
1053,-376.013,11.3055,7.82064
1054,-376.248,11.3008,7.82315
1055,-376.483,11.296,7.82558
1056,-376.718,11.2913,7.82807
1057,-376.953,11.2866,7.83057
1058,-377.187,11.2818,7.83304
1059,-377.422,11.2771,7.83549
1060,-377.656,11.2724,7.83799
1061,-377.891,11.2677,7.8404
1062,-378.125,11.263,7.84287
1063,-378.359,11.2582,7.8453
1064,-378.592,11.2535,7.84768
1065,-378.826,11.2489,7.85012
1066,-379.06,11.2442,7.85256
1067,-379.293,11.2395,7.85504
1068,-379.526,11.2348,7.85747
1069,-379.759,11.2301,7.85989
1070,-379.992,11.2254,7.86236
1071,-380.225,11.2208,7.86473
1072,-380.458,11.2161,7.86718
1073,-380.691,11.2114,7.86961
1074,-380.923,11.2068,7.87205
1075,-381.155,11.2021,7.87455
1076,-381.388,11.1975,7.87696
1077,-381.62,11.1928,7.8794
1078,-381.852,11.1882,7.88186
1079,-382.083,11.1836,7.88425
1080,-382.315,11.1789,7.88663
1081,-382.546,11.1743,7.88901
1082,-382.778,11.1697,7.89144
1083,-383.009,11.1651,7.89389
1084,-383.24,11.1604,7.89634
1085,-383.471,11.1558,7.89872
1086,-383.702,11.1512,7.90117
1087,-383.933,11.1466,7.90365
1088,-384.163,11.142,7.90607
1089,-384.394,11.1374,7.90848
1090,-384.624,11.1329,7.91094
1091,-384.854,11.1283,7.91342
1092,-385.084,11.1237,7.91579
1093,-385.314,11.1191,7.91819
1094,-385.544,11.1145,7.92062
1095,-385.773,11.11,7.92311
1096,-386.003,11.1054,7.92561
1097,-386.232,11.1009,7.92802
1098,-386.461,11.0963,7.93048
1099,-386.69,11.0918,7.93293
1100,-386.919,11.0872,7.93535
1101,-387.148,11.0827,7.93996
1102,-387.377,11.0781,7.94241
1103,-387.605,11.0736,7.94487
1104,-387.834,11.0691,7.94739
1105,-388.062,11.0646,7.94986
1106,-388.29,11.06,7.9523
1107,-388.518,11.0555,7.95474
1108,-388.746,11.051,7.95718
1109,-388.974,11.0465,7.9596
1110,-389.202,11.042,7.96198
1111,-389.429,11.0375,7.96447
1112,-389.656,11.033,7.96689
1113,-389.884,11.0285,7.96931
1114,-390.111,11.024,7.97176
1115,-390.338,11.0196,7.9742
1116,-390.564,11.0151,7.97662
1117,-390.791,11.0106,7.9791
1118,-391.018,11.0062,7.98158
1119,-391.244,11.0017,7.98406
1120,-391.471,10.9972,7.98647
1121,-391.697,10.9928,7.98897
1122,-391.923,10.9883,7.99143
1123,-392.149,10.9839,7.99386
1124,-392.374,10.9794,7.99628
1125,-392.6,10.975,7.99868
1126,-392.826,10.9706,8.00121
1127,-393.051,10.9661,8.00372
1128,-393.276,10.9617,8.00628
1129,-393.501,10.9573,8.00874
1130,-393.726,10.9529,8.01121
1131,-393.951,10.9485,8.01366
1132,-394.176,10.944,8.01614
1133,-394.401,10.9396,8.01859
1134,-394.625,10.9352,8.02102
1135,-394.85,10.9308,8.02348
1136,-395.074,10.9265,8.0259
1137,-395.298,10.9221,8.0284
1138,-395.522,10.9177,8.03087
1139,-395.746,10.9133,8.03337
1140,-395.969,10.9089,8.03583
1141,-396.193,10.9046,8.04424
1142,-396.417,10.9002,8.04676
1143,-396.64,10.8958,8.04928
1144,-396.863,10.8915,8.05172
1145,-397.086,10.8871,8.05424
1146,-397.309,10.8828,8.05672
1147,-397.532,10.8784,8.05919
1148,-397.755,10.8741,8.0616
1149,-397.977,10.8697,8.06402
1150,-398.2,10.8654,8.06649
1151,-398.422,10.8611,8.07112
1152,-398.644,10.8567,8.07339
1153,-398.866,10.8524,8.07554
1154,-399.088,10.8481,8.07775
1155,-399.31,10.8438,8.0802
1156,-399.532,10.8395,8.08272
1157,-399.753,10.8352,8.08517
1158,-399.975,10.8309,8.08759
1159,-400.196,10.8266,8.09012
1160,-400.417,10.8223,8.09256
1161,-400.638,10.818,8.09502
1162,-400.859,10.8137,8.09746
1163,-401.08,10.8094,8.0999
1164,-401.301,10.8051,8.10244
1165,-401.521,10.8009,8.1049
1166,-401.742,10.7966,8.10742
1167,-401.962,10.7923,8.10987
1168,-402.182,10.7881,8.11232
1169,-402.402,10.7838,8.11474
1170,-402.622,10.7796,8.11716
1171,-402.842,10.7753,8.11956
1172,-403.062,10.7711,8.1219
1173,-403.281,10.7668,8.1244
1174,-403.501,10.7626,8.12681
1175,-403.72,10.7583,8.12927
1176,-403.939,10.7541,8.13173
1177,-404.159,10.7499,8.13418
1178,-404.377,10.7457,8.13657
1179,-404.596,10.7415,8.13904
1180,-404.815,10.7372,8.14823
1181,-405.034,10.733,8.15097
1182,-405.252,10.7288,8.15329
1183,-405.47,10.7246,8.15548
1184,-405.689,10.7204,8.15762
1185,-405.907,10.7162,8.15997
1186,-406.125,10.712,8.1624
1187,-406.343,10.7079,8.16493
1188,-406.56,10.7037,8.16739
1189,-406.778,10.6995,8.16983
1190,-406.995,10.6953,8.17227
1191,-407.213,10.6912,8.17474
1192,-407.43,10.687,8.17715
1193,-407.647,10.6828,8.17956
1194,-407.864,10.6787,8.18197
1195,-408.081,10.6745,8.18441
1196,-408.298,10.6704,8.18684
1197,-408.515,10.6662,8.18929
1198,-408.731,10.6621,8.19165
1199,-408.948,10.6579,8.19412
1200,-409.164,10.6538,8.19657
1201,-409.38,10.6497,8.2015
1202,-409.596,10.6456,8.20401
1203,-409.812,10.6414,8.20654
1204,-410.028,10.6373,8.20904
1205,-410.243,10.6332,8.21157
1206,-410.459,10.6291,8.21405
1207,-410.674,10.625,8.21647
1208,-410.89,10.6209,8.21896
1209,-411.105,10.6168,8.22147
1210,-411.32,10.6127,8.22395
1211,-411.535,10.6086,8.22646
1212,-411.75,10.6045,8.22892
1213,-411.965,10.6004,8.23134
1214,-412.179,10.5964,8.23376
1215,-412.394,10.5923,8.23623
1216,-412.608,10.5882,8.23869
1217,-412.823,10.5841,8.24115
1218,-413.037,10.5801,8.24362
1219,-413.251,10.576,8.24616
1220,-413.465,10.572,8.24867
1221,-413.678,10.5679,8.25108
1222,-413.892,10.5639,8.25355
1223,-414.106,10.5598,8.25599
1224,-414.319,10.5558,8.25848
1225,-414.532,10.5517,8.26094
1226,-414.746,10.5477,8.26338
1227,-414.959,10.5437,8.26579
1228,-415.172,10.5397,8.26824
1229,-415.385,10.5356,8.27073
1230,-415.597,10.5316,8.27318
1231,-415.81,10.5276,8.27558
1232,-416.023,10.5236,8.27807
1233,-416.235,10.5196,8.2805
1234,-416.447,10.5156,8.28293
1235,-416.659,10.5116,8.28536
1236,-416.871,10.5076,8.28781
1237,-417.083,10.5036,8.29029
1238,-417.295,10.4996,8.29271
1239,-417.507,10.4956,8.2952
1240,-417.719,10.4917,8.29769
1241,-417.93,10.4877,8.30015
1242,-418.141,10.4837,8.30264
1243,-418.353,10.4797,8.30507
1244,-418.564,10.4758,8.30755
1245,-418.775,10.4718,8.30999
1246,-418.986,10.4679,8.31243
1247,-419.197,10.4639,8.31485
1248,-419.407,10.46,8.31729
1249,-419.618,10.456,8.31976
1250,-419.828,10.4521,8.32229
1251,-420.039,10.4481,8.327
1252,-420.249,10.4442,8.32954
1253,-420.459,10.4403,8.33206
1254,-420.669,10.4364,8.33459
1255,-420.879,10.4324,8.33706
1256,-421.089,10.4285,8.33963
1257,-421.298,10.4246,8.34204
1258,-421.508,10.4207,8.3445
1259,-421.717,10.4168,8.34697
1260,-421.927,10.4129,8.34938
1261,-422.136,10.409,8.35186
1262,-422.345,10.4051,8.35439
1263,-422.554,10.4012,8.35688
1264,-422.763,10.3973,8.35927
1265,-422.972,10.3934,8.36168
1266,-423.18,10.3896,8.36419
1267,-423.389,10.3857,8.36665
1268,-423.597,10.3818,8.36907
1269,-423.806,10.3779,8.37152
1270,-424.014,10.3741,8.37397
1271,-424.222,10.3702,8.37641
1272,-424.43,10.3664,8.37885
1273,-424.638,10.3625,8.38129
1274,-424.846,10.3587,8.38375
1275,-425.053,10.3548,8.38612
1276,-425.261,10.351,8.38863
1277,-425.468,10.3471,8.39113
1278,-425.676,10.3433,8.39355
1279,-425.883,10.3395,8.39608
1280,-426.09,10.3356,8.3985
1281,-426.297,10.3318,8.40104
1282,-426.504,10.328,8.40344
1283,-426.711,10.3242,8.40584
1284,-426.917,10.3204,8.4083
1285,-427.124,10.3166,8.41081
1286,-427.33,10.3127,8.41327
1287,-427.537,10.3089,8.41573
1288,-427.743,10.3051,8.41823
1289,-427.949,10.3014,8.42068
1290,-428.155,10.2976,8.42319
1291,-428.361,10.2938,8.42569
1292,-428.567,10.29,8.42814
1293,-428.773,10.2862,8.43062
1294,-428.978,10.2824,8.43306
1295,-429.184,10.2787,8.43553
1296,-429.389,10.2749,8.43808
1297,-429.594,10.2711,8.44058
1298,-429.8,10.2674,8.44308
1299,-430.005,10.2636,8.44557
1300,-430.21,10.2599,8.44804
1301,-430.414,10.2561,8.45275
1302,-430.619,10.2524,8.45529
1303,-430.824,10.2486,8.45772
1304,-431.028,10.2449,8.46011
1305,-431.233,10.2412,8.4626
1306,-431.437,10.2374,8.46513
1307,-431.641,10.2337,8.46758
1308,-431.845,10.23,8.47001
1309,-432.049,10.2262,8.47245
1310,-432.253,10.2225,8.47487
1311,-432.457,10.2188,8.47736
1312,-432.661,10.2151,8.47972
1313,-432.864,10.2114,8.48222
1314,-433.068,10.2077,8.48465
1315,-433.271,10.204,8.48713
1316,-433.474,10.2003,8.48961
1317,-433.677,10.1966,8.49202
1318,-433.881,10.1929,8.49447
1319,-434.083,10.1892,8.49688
1320,-434.286,10.1856,8.49927
1321,-434.489,10.1819,8.50168
1322,-434.692,10.1782,8.50407
1323,-434.894,10.1745,8.50647
1324,-435.097,10.1709,8.50895
1325,-435.299,10.1672,8.51145
1326,-435.501,10.1636,8.5139
1327,-435.703,10.1599,8.51643
1328,-435.905,10.1563,8.51895
1329,-436.107,10.1526,8.52136
1330,-436.309,10.149,8.52381
1331,-436.511,10.1453,8.52631
1332,-436.712,10.1417,8.52881
1333,-436.914,10.1381,8.53121
1334,-437.115,10.1344,8.53364
1335,-437.317,10.1308,8.53613
1336,-437.518,10.1272,8.53867
1337,-437.719,10.1236,8.54112
1338,-437.92,10.1199,8.54358
1339,-438.121,10.1163,8.5461
1340,-438.321,10.1127,8.54857
1341,-438.522,10.1091,8.55112
1342,-438.723,10.1055,8.55359
1343,-438.923,10.1019,8.55604
1344,-439.124,10.0983,8.55845
1345,-439.324,10.0948,8.56094
1346,-439.524,10.0912,8.56343
1347,-439.724,10.0876,8.56591
1348,-439.924,10.084,8.56837
1349,-440.124,10.0804,8.57084
1350,-440.324,10.0769,8.57338
1351,-440.523,10.0733,8.57806
1352,-440.723,10.0697,8.58051
1353,-440.922,10.0662,8.583
1354,-441.122,10.0626,8.58544
1355,-441.321,10.0591,8.58793
1356,-441.52,10.0555,8.59039
1357,-441.719,10.052,8.59285
1358,-441.918,10.0484,8.5953
1359,-442.117,10.0449,8.59773
1360,-442.316,10.0414,8.60022
1361,-442.514,10.0378,8.60271
1362,-442.713,10.0343,8.60517
1363,-442.911,10.0308,8.60763
1364,-443.11,10.0273,8.61012
1365,-443.308,10.0237,8.61261
1366,-443.506,10.0202,8.61507
1367,-443.704,10.0167,8.61751
1368,-443.902,10.0132,8.61999
1369,-444.1,10.0097,8.62247
1370,-444.298,10.0062,8.6249
1371,-444.495,10.0027,8.62736
1372,-444.693,9.99923,8.62982
1373,-444.89,9.99574,8.63222
1374,-445.088,9.99225,8.63467
1375,-445.285,9.98877,8.63705
1376,-445.482,9.9853,8.6394
1377,-445.679,9.98182,8.64175
1378,-445.876,9.97835,8.64414
1379,-446.073,9.97489,8.64648
1380,-446.27,9.97142,8.64887
1381,-446.467,9.96796,8.65127
1382,-446.663,9.96451,8.65365
1383,-446.86,9.96106,8.656
1384,-447.056,9.95761,8.65843
1385,-447.252,9.95416,8.66081
1386,-447.449,9.95072,8.66312
1387,-447.645,9.94728,8.66552
1388,-447.841,9.94385,8.6679
1389,-448.037,9.94042,8.67029
1390,-448.232,9.93699,8.67263
1391,-448.428,9.93357,8.67499
1392,-448.624,9.93015,8.67735
1393,-448.819,9.92673,8.67971
1394,-449.015,9.92332,8.6821
1395,-449.21,9.91991,8.68453
1396,-449.405,9.9165,8.68692
1397,-449.6,9.9131,8.68927
1398,-449.795,9.9097,8.69172
1399,-449.99,9.9063,8.6941
1400,-450.185,9.90291,8.69649
1401,-450.38,9.89952,8.70102
1402,-450.575,9.89614,8.70351
1403,-450.769,9.89276,8.70591
1404,-450.964,9.88938,8.70834
1405,-451.158,9.886,8.71077
1406,-451.352,9.88263,8.71321
1407,-451.547,9.87926,8.71558
1408,-451.741,9.8759,8.71789
1409,-451.935,9.87254,8.72024
1410,-452.128,9.86918,8.72264
1411,-452.322,9.86583,8.72502
1412,-452.516,9.86248,8.72739
1413,-452.71,9.85913,8.72978
1414,-452.903,9.85579,8.73218
1415,-453.097,9.85245,8.73458
1416,-453.29,9.84911,8.73701
1417,-453.483,9.84578,8.74779
1418,-453.676,9.84245,8.75018
1419,-453.869,9.83913,8.75259
1420,-454.062,9.8358,8.75507
1421,-454.255,9.83249,8.75749
1422,-454.448,9.82917,8.75992
1423,-454.641,9.82586,8.76229
1424,-454.833,9.82255,8.76467
1425,-455.026,9.81925,8.76703
1426,-455.218,9.81594,8.76941
1427,-455.41,9.81265,8.77178
1428,-455.603,9.80935,8.77418
1429,-455.795,9.80606,8.77657
1430,-455.987,9.80277,8.77892
1431,-456.179,9.79949,8.78128
1432,-456.371,9.79621,8.78368
1433,-456.562,9.79293,8.78613
1434,-456.754,9.78966,8.78848
1435,-456.946,9.78639,8.79091
1436,-457.137,9.78312,8.79337
1437,-457.328,9.77986,8.79583
1438,-457.52,9.7766,8.79834
1439,-457.711,9.77334,8.80068
1440,-457.902,9.77009,8.8031
1441,-458.093,9.76684,8.80546
1442,-458.284,9.76359,8.80789
1443,-458.475,9.76035,8.8102
1444,-458.666,9.75711,8.81259
1445,-458.856,9.75387,8.81498
1446,-459.047,9.75064,8.81734
1447,-459.237,9.74741,8.81976
1448,-459.428,9.74419,8.82208
1449,-459.618,9.74096,8.82455
1450,-459.808,9.73775,8.82695
1451,-459.998,9.73453,8.83152
1452,-460.188,9.73132,8.83396
1453,-460.378,9.72811,8.83642
1454,-460.568,9.7249,8.83884
1455,-460.758,9.7217,8.84136
1456,-460.947,9.7185,8.84387
1457,-461.137,9.71531,8.84629
1458,-461.326,9.71212,8.84866
1459,-461.516,9.70893,8.85106
1460,-461.705,9.70574,8.85347
1461,-461.894,9.70256,8.85586
1462,-462.084,9.69939,8.85822
1463,-462.273,9.69621,8.86069
1464,-462.462,9.69304,8.86314
1465,-462.65,9.68987,8.86554
1466,-462.839,9.68671,8.868
1467,-463.028,9.68355,8.87045
1468,-463.216,9.68039,8.87284
1469,-463.405,9.67723,8.87522
1470,-463.593,9.67408,8.87763
1471,-463.782,9.67093,8.87994
1472,-463.97,9.66779,8.88232
1473,-464.158,9.66465,8.88465
1474,-464.346,9.66151,8.88703
1475,-464.534,9.65838,8.88938
1476,-464.722,9.65525,8.89176
1477,-464.91,9.65212,8.89407
1478,-465.098,9.649,8.89647
1479,-465.285,9.64587,8.89895
1480,-465.473,9.64276,8.90126
1481,-465.66,9.63964,8.90366
1482,-465.848,9.63653,8.90602
1483,-466.035,9.63342,8.90842
1484,-466.222,9.63032,8.91085
1485,-466.409,9.62722,8.91321
1486,-466.596,9.62412,8.91558
1487,-466.783,9.62103,8.91792
1488,-466.97,9.61794,8.92031
1489,-467.157,9.61485,8.9227
1490,-467.343,9.61177,8.92513
1491,-467.53,9.60869,8.92748
1492,-467.717,9.60561,8.92985
1493,-467.903,9.60253,8.93224
1494,-468.089,9.59946,8.93461
1495,-468.276,9.5964,8.93693
1496,-468.462,9.59333,8.93929
1497,-468.648,9.59027,8.94163
1498,-468.834,9.58721,8.94405
1499,-469.02,9.58416,8.94653
1500,-469.206,9.58111,8.94903
1501,-469.391,9.57806,8.9535
1502,-469.577,9.57502,8.95595
1503,-469.763,9.57198,8.95834
1504,-469.948,9.56894,8.96072
1505,-470.133,9.5659,8.96307
1506,-470.319,9.56287,8.96547
1507,-470.504,9.55984,8.96783
1508,-470.689,9.55682,8.97017
1509,-470.874,9.5538,8.97253
1510,-471.059,9.55078,8.9749
1511,-471.244,9.54777,8.97731
1512,-471.429,9.54476,8.97971
1513,-471.614,9.54175,8.98207
1514,-471.798,9.53874,8.98444
1515,-471.983,9.53574,8.98683
1516,-472.167,9.53274,8.98926
1517,-472.352,9.52975,8.99163
1518,-472.536,9.52676,8.99405
1519,-472.72,9.52377,8.99641
1520,-472.904,9.52078,8.99877
1521,-473.089,9.5178,9.00115
1522,-473.273,9.51482,9.00355
1523,-473.456,9.51185,9.00596
1524,-473.64,9.50887,9.00834
1525,-473.824,9.50591,9.01066
1526,-474.008,9.50294,9.01303
1527,-474.191,9.49998,9.01552
1528,-474.375,9.49702,9.01792
1529,-474.558,9.49406,9.02031
1530,-474.741,9.49111,9.02268
1531,-474.925,9.48816,9.02505
1532,-475.108,9.48521,9.02743
1533,-475.291,9.48227,9.02977
1534,-475.474,9.47933,9.03214
1535,-475.657,9.47639,9.03449
1536,-475.84,9.47346,9.0369
1537,-476.022,9.47053,9.03929
1538,-476.205,9.4676,9.04163
1539,-476.388,9.46468,9.04405
1540,-476.57,9.46176,9.04643
1541,-476.753,9.45884,9.04879
1542,-476.935,9.45593,9.05111
1543,-477.117,9.45302,9.05349
1544,-477.299,9.45011,9.05587
1545,-477.482,9.44721,9.05817
1546,-477.664,9.44431,9.06052
1547,-477.846,9.44141,9.06289
1548,-478.027,9.43851,9.06527
1549,-478.209,9.43562,9.06765
1550,-478.391,9.43273,9.06999
1551,-478.573,9.42985,9.07447
1552,-478.754,9.42697,9.07692
1553,-478.936,9.42409,9.07937
1554,-479.117,9.42121,9.08184
1555,-479.298,9.41834,9.08422
1556,-479.48,9.41547,9.0866
1557,-479.661,9.4126,9.08896
1558,-479.842,9.40974,9.09135
1559,-480.023,9.40688,9.09368
1560,-480.204,9.40403,9.096
1561,-480.385,9.40117,9.09844
1562,-480.565,9.39832,9.10081
1563,-480.746,9.39548,9.1033
1564,-480.927,9.39263,9.10577
1565,-481.107,9.38979,9.10817
1566,-481.288,9.38695,9.11053
1567,-481.468,9.38412,9.11294
1568,-481.648,9.38129,9.11532
1569,-481.829,9.37846,9.1177
1570,-482.009,9.37564,9.12017
1571,-482.189,9.37281,9.12261
1572,-482.369,9.37,9.12495
1573,-482.549,9.36718,9.12737
1574,-482.728,9.36437,9.12976
1575,-482.908,9.36156,9.13213
1576,-483.088,9.35875,9.1345
1577,-483.267,9.35595,9.13692
1578,-483.447,9.35315,9.13928
1579,-483.626,9.35035,9.14161
1580,-483.806,9.34756,9.14391
1581,-483.985,9.34477,9.14627
1582,-484.164,9.34198,9.14863
1583,-484.343,9.3392,9.15093
1584,-484.523,9.33642,9.15332
1585,-484.701,9.33364,9.15571
1586,-484.88,9.33087,9.15806
1587,-485.059,9.32809,9.16049
1588,-485.238,9.32533,9.16281
1589,-485.417,9.32256,9.16524
1590,-485.595,9.3198,9.16766
1591,-485.774,9.31704,9.17009
1592,-485.952,9.31428,9.17251
1593,-486.131,9.31153,9.17489
1594,-486.309,9.30878,9.17726
1595,-486.487,9.30603,9.17973
1596,-486.665,9.30329,9.18207
1597,-486.843,9.30055,9.18444
1598,-487.021,9.29781,9.1868
1599,-487.199,9.29508,9.18918
1600,-487.377,9.29235,9.19163
1601,-487.555,9.28962,9.19608
1602,-487.733,9.28689,9.19845
1603,-487.91,9.28417,9.20083
1604,-488.088,9.28145,9.20324
1605,-488.265,9.27874,9.20562
1606,-488.443,9.27602,9.208
1607,-488.62,9.27331,9.21035
1608,-488.797,9.27061,9.21279
1609,-488.975,9.2679,9.21517
1610,-489.152,9.2652,9.21752
1611,-489.329,9.26251,9.21989
1612,-489.506,9.25981,9.22226
1613,-489.683,9.25712,9.22463
1614,-489.859,9.25443,9.227
1615,-490.036,9.25175,9.22939
1616,-490.213,9.24906,9.23176
1617,-490.389,9.24638,9.24047
1618,-490.566,9.24371,9.24437
1619,-490.742,9.24104,9.24784
1620,-490.919,9.23837,9.25111
1621,-491.095,9.2357,9.25388
1622,-491.271,9.23303,9.25638
1623,-491.447,9.23037,9.25885
1624,-491.624,9.22772,9.26126
1625,-491.8,9.22506,9.26378
1626,-491.976,9.22241,9.26631
1627,-492.151,9.21976,9.2687
1628,-492.327,9.21711,9.2712
1629,-492.503,9.21447,9.27358
1630,-492.679,9.21183,9.276
1631,-492.854,9.2092,9.27837
1632,-493.03,9.20656,9.28081
1633,-493.205,9.20393,9.28325
1634,-493.381,9.2013,9.28561
1635,-493.556,9.19868,9.28799
1636,-493.731,9.19606,9.29043
1637,-493.906,9.19344,9.29284
1638,-494.081,9.19082,9.29525
1639,-494.256,9.18821,9.29761
1640,-494.431,9.1856,9.29997
1641,-494.606,9.18299,9.30234
1642,-494.781,9.18039,9.30474
1643,-494.956,9.17779,9.3071
1644,-495.13,9.17519,9.3095
1645,-495.305,9.1726,9.31194
1646,-495.479,9.17,9.31432
1647,-495.654,9.16742,9.31672
1648,-495.828,9.16483,9.31913
1649,-496.003,9.16225,9.32147
1650,-496.177,9.15967,9.32387
1651,-496.351,9.15709,9.32932
1652,-496.525,9.15452,9.3318
1653,-496.699,9.15195,9.33419
1654,-496.873,9.14938,9.33658
1655,-497.047,9.14681,9.3389
1656,-497.221,9.14425,9.34129
1657,-497.395,9.14169,9.34368
1658,-497.568,9.13913,9.34602
1659,-497.742,9.13658,9.3484
1660,-497.916,9.13403,9.3508
1661,-498.089,9.13148,9.35316
1662,-498.262,9.12894,9.35557
1663,-498.436,9.1264,9.35796
1664,-498.609,9.12386,9.36037
1665,-498.782,9.12132,9.36272
1666,-498.955,9.11879,9.36504
1667,-499.128,9.11626,9.36744
1668,-499.301,9.11373,9.36978
1669,-499.474,9.11121,9.37209
1670,-499.647,9.10869,9.37447
1671,-499.82,9.10617,9.37686
1672,-499.993,9.10366,9.3792
1673,-500.165,9.10114,9.38159
1674,-500.338,9.09864,9.38398
1675,-500.511,9.09613,9.38632
1676,-500.683,9.09363,9.3887
1677,-500.855,9.09112,9.3911
1678,-501.028,9.08863,9.39351
1679,-501.2,9.08613,9.39595
1680,-501.372,9.08364,9.39833
1681,-501.544,9.08115,9.40068
1682,-501.716,9.07867,9.40305
1683,-501.888,9.07618,9.40546
1684,-502.06,9.0737,9.40782
1685,-502.232,9.07122,9.41023
1686,-502.404,9.06875,9.41258
1687,-502.576,9.06628,9.41498
1688,-502.747,9.06381,9.41735
1689,-502.919,9.06134,9.41972
1690,-503.09,9.05888,9.42215
1691,-503.262,9.05642,9.42461
1692,-503.433,9.05396,9.42694
1693,-503.605,9.05151,9.43441
1694,-503.776,9.04906,9.4369
1695,-503.947,9.04661,9.43932
1696,-504.118,9.04416,9.44171
1697,-504.289,9.04172,9.44405
1698,-504.46,9.03928,9.44642
1699,-504.631,9.03684,9.44877
1700,-504.802,9.03441,9.45115
1701,-504.973,9.03198,9.45583
1702,-505.144,9.02955,9.45832
1703,-505.314,9.02712,9.46073
1704,-505.485,9.0247,9.46312
1705,-505.656,9.02228,9.46554
1706,-505.826,9.01986,9.46802
1707,-505.996,9.01745,9.47039
1708,-506.167,9.01504,9.47279
1709,-506.337,9.01263,9.47529
1710,-506.507,9.01022,9.47771
1711,-506.677,9.00782,9.48012
1712,-506.848,9.00542,9.4825
1713,-507.018,9.00302,9.48495
1714,-507.188,9.00063,9.48742
1715,-507.357,8.99824,9.48981
1716,-507.527,8.99585,9.49221
1717,-507.697,8.99346,9.49462
1718,-507.867,8.99108,9.49699
1719,-508.036,8.9887,9.4994
1720,-508.206,8.98632,9.50178
1721,-508.376,8.98394,9.50418
1722,-508.545,8.98157,9.50657
1723,-508.714,8.9792,9.50901
1724,-508.884,8.97684,9.51144
1725,-509.053,8.97447,9.51388
1726,-509.222,8.97211,9.51623
1727,-509.391,8.96975,9.51861
1728,-509.56,8.9674,9.52092
1729,-509.73,8.96505,9.52338
1730,-509.898,8.9627,9.52587
1731,-510.067,8.96035,9.52826
1732,-510.236,8.958,9.53071
1733,-510.405,8.95566,9.53313
1734,-510.574,8.95332,9.5355
1735,-510.742,8.95099,9.53791
1736,-510.911,8.94865,9.54035
1737,-511.079,8.94632,9.54285
1738,-511.248,8.944,9.54522
1739,-511.416,8.94167,9.54767
1740,-511.585,8.93935,9.55011
1741,-511.753,8.93703,9.55257
1742,-511.921,8.93471,9.55493
1743,-512.089,8.9324,9.55726
1744,-512.257,8.93009,9.55959
1745,-512.425,8.92778,9.56195
1746,-512.593,8.92548,9.56427
1747,-512.761,8.92317,9.56663
1748,-512.929,8.92087,9.56915
1749,-513.097,8.91857,9.5716
1750,-513.265,8.91628,9.57398
1751,-513.432,8.91399,9.57846
1752,-513.6,8.9117,9.5809
1753,-513.767,8.90941,9.58338
1754,-513.935,8.90713,9.58568
1755,-514.102,8.90485,9.58812
1756,-514.27,8.90257,9.5905
1757,-514.437,8.90029,9.59292
1758,-514.604,8.89802,9.59528
1759,-514.772,8.89575,9.59761
1760,-514.939,8.89348,9.59997
1761,-515.106,8.89122,9.60235
1762,-515.273,8.88896,9.60476
1763,-515.44,8.8867,9.60709
1764,-515.607,8.88444,9.60954
1765,-515.773,8.88219,9.61193
1766,-515.94,8.87994,9.61429
1767,-516.107,8.87769,9.61667
1768,-516.274,8.87544,9.61905
1769,-516.44,8.8732,9.62142
1770,-516.607,8.87096,9.62385
1771,-516.773,8.86872,9.62623
1772,-516.94,8.86649,9.62856
1773,-517.106,8.86425,9.63095
1774,-517.272,8.86202,9.63335
1775,-517.438,8.8598,9.63566
1776,-517.605,8.85757,9.63809
1777,-517.771,8.85535,9.64052
1778,-517.937,8.85313,9.64291
1779,-518.103,8.85092,9.64527
1780,-518.269,8.8487,9.64775
1781,-518.435,8.84649,9.65009
1782,-518.6,8.84428,9.65246
1783,-518.766,8.84208,9.65481
1784,-518.932,8.83987,9.65721
1785,-519.098,8.83767,9.65961
1786,-519.263,8.83548,9.662
1787,-519.429,8.83328,9.6644
1788,-519.594,8.83109,9.66683
1789,-519.76,8.8289,9.66921
1790,-519.925,8.82671,9.67161
1791,-520.09,8.82453,9.67394
1792,-520.256,8.82234,9.67634
1793,-520.421,8.82017,9.67877
1794,-520.586,8.81799,9.68125
1795,-520.751,8.81581,9.68358
1796,-520.916,8.81364,9.68596
1797,-521.081,8.81147,9.68833
1798,-521.246,8.80931,9.69074
1799,-521.411,8.80715,9.70192
1800,-521.576,8.80498,9.70569
1801,-521.74,8.80283,9.71202
1802,-521.905,8.80067,9.7149
1803,-522.07,8.79852,9.71752
1804,-522.234,8.79637,9.72005
1805,-522.399,8.79422,9.72253
1806,-522.563,8.79207,9.72501
1807,-522.728,8.78993,9.72749
1808,-522.892,8.78779,9.7299
1809,-523.056,8.78565,9.7324
1810,-523.221,8.78352,9.73488
1811,-523.385,8.78138,9.73728
1812,-523.549,8.77925,9.73972
1813,-523.713,8.77713,9.74212
1814,-523.877,8.775,9.74451
1815,-524.041,8.77288,9.74691
1816,-524.205,8.77076,9.74931
1817,-524.369,8.76864,9.75176
1818,-524.533,8.76653,9.75408
1819,-524.696,8.76442,9.75659
1820,-524.86,8.76231,9.75901
1821,-525.024,8.7602,9.76152
1822,-525.187,8.7581,9.76399
1823,-525.351,8.756,9.76644
1824,-525.514,8.7539,9.76885
1825,-525.678,8.7518,9.77134
1826,-525.841,8.74971,9.7738
1827,-526.004,8.74762,9.77617
1828,-526.168,8.74553,9.77852
1829,-526.331,8.74344,9.78093
1830,-526.494,8.74136,9.78334
1831,-526.657,8.73928,9.78566
1832,-526.82,8.7372,9.78816
1833,-526.983,8.73512,9.79062
1834,-527.146,8.73305,9.79305
1835,-527.309,8.73098,9.79544
1836,-527.472,8.72891,9.79788
1837,-527.634,8.72684,9.8003
1838,-527.797,8.72478,9.80271
1839,-527.96,8.72272,9.80513
1840,-528.122,8.72066,9.80751
1841,-528.285,8.7186,9.8099
1842,-528.447,8.71655,9.81229
1843,-528.61,8.7145,9.81474
1844,-528.772,8.71245,9.81712
1845,-528.935,8.71041,9.81946
1846,-529.097,8.70836,9.8219
1847,-529.259,8.70632,9.82439
1848,-529.421,8.70428,9.82686
1849,-529.583,8.70225,9.82925
1850,-529.746,8.70021,9.83171
1851,-529.908,8.69818,9.83639
1852,-530.07,8.69615,9.83887
1853,-530.231,8.69413,9.84135
1854,-530.393,8.69211,9.84386
1855,-530.555,8.69008,9.84625
1856,-530.717,8.68807,9.84871
1857,-530.879,8.68605,9.85114
1858,-531.04,8.68404,9.85353
1859,-531.202,8.68203,9.8559
1860,-531.363,8.68002,9.85834
1861,-531.525,8.67801,9.86071
1862,-531.686,8.67601,9.86311
1863,-531.848,8.67401,9.86547
1864,-532.009,8.67201,9.86788
1865,-532.171,8.67001,9.87023
1866,-532.332,8.66802,9.87265
1867,-532.493,8.66603,9.87501
1868,-532.654,8.66404,9.87735
1869,-532.815,8.66205,9.87969
1870,-532.976,8.66007,9.8821
1871,-533.137,8.65809,9.88449
1872,-533.298,8.65611,9.88688
1873,-533.459,8.65413,9.88925
1874,-533.62,8.65216,9.89163
1875,-533.781,8.65019,9.89406
1876,-533.941,8.64822,9.89615
1877,-534.102,8.64625,9.89833
1878,-534.263,8.64429,9.90056
1879,-534.423,8.64232,9.90272
1880,-534.584,8.64036,9.90498
1881,-534.744,8.63841,9.9073
1882,-534.905,8.63645,9.9097
1883,-535.065,8.6345,9.91211
1884,-535.226,8.63255,9.91455
1885,-535.386,8.6306,9.91693
1886,-535.546,8.62866,9.91937
1887,-535.706,8.62672,9.92175
1888,-535.866,8.62478,9.92412
1889,-536.026,8.62284,9.92654
1890,-536.187,8.6209,9.92891
1891,-536.347,8.61897,9.93126
1892,-536.506,8.61704,9.93364
1893,-536.666,8.61511,9.93597
1894,-536.826,8.61319,9.93831
1895,-536.986,8.61126,9.94064
1896,-537.146,8.60934,9.94302
1897,-537.305,8.60742,9.9454
1898,-537.465,8.60551,9.94778
1899,-537.625,8.60359,9.95011
1900,-537.784,8.60168,9.95245
1901,-537.944,8.59977,9.95703
1902,-538.103,8.59787,9.95955
1903,-538.263,8.59596,9.96198
1904,-538.422,8.59406,9.96438
1905,-538.581,8.59216,9.96675
1906,-538.74,8.59026,9.96916
1907,-538.9,8.58837,9.97156
1908,-539.059,8.58648,9.97393
1909,-539.218,8.58459,9.97632
1910,-539.377,8.5827,9.97867
1911,-539.536,8.58081,9.98107
1912,-539.695,8.57893,9.98346
1913,-539.854,8.57705,9.9858
1914,-540.013,8.57517,9.9882
1915,-540.172,8.5733,9.99057
1916,-540.33,8.57142,9.99293
1917,-540.489,8.56955,9.99533
1918,-540.648,8.56768,9.99774
1919,-540.806,8.56582,10.0001
1920,-540.965,8.56395,10.0025
1921,-541.123,8.56209,10.005
1922,-541.282,8.56023,10.0075
1923,-541.44,8.55837,10.0099
1924,-541.599,8.55652,10.0124
1925,-541.757,8.55467,10.0148
1926,-541.915,8.55281,10.0173
1927,-542.074,8.55097,10.0198
1928,-542.232,8.54912,10.0222
1929,-542.39,8.54728,10.0246
1930,-542.548,8.54544,10.0271
1931,-542.706,8.5436,10.0295
1932,-542.864,8.54176,10.032
1933,-543.022,8.53993,10.0344
1934,-543.18,8.5381,10.0368
1935,-543.338,8.53627,10.0393
1936,-543.496,8.53444,10.0417
1937,-543.654,8.53261,10.0442
1938,-543.811,8.53079,10.0466
1939,-543.969,8.52897,10.0491
1940,-544.127,8.52715,10.0515
1941,-544.284,8.52534,10.054
1942,-544.442,8.52352,10.0564
1943,-544.599,8.52171,10.0588
1944,-544.757,8.5199,10.0612
1945,-544.914,8.5181,10.0637
1946,-545.072,8.51629,10.0662
1947,-545.229,8.51449,10.0686
1948,-545.386,8.51269,10.071
1949,-545.543,8.51089,10.0735
1950,-545.701,8.5091,10.076
1951,-545.858,8.5073,10.0807
1952,-546.015,8.50551,10.0833
1953,-546.172,8.50373,10.0858
1954,-546.329,8.50194,10.0883
1955,-546.486,8.50016,10.0908
1956,-546.643,8.49837,10.0933
1957,-546.8,8.49659,10.0957
1958,-546.957,8.49482,10.0982
1959,-547.113,8.49304,10.1007
1960,-547.27,8.49127,10.1032
1961,-547.427,8.4895,10.1056
1962,-547.583,8.48773,10.1081
1963,-547.74,8.48596,10.1105
1964,-547.897,8.4842,10.113
1965,-548.053,8.48244,10.1155
1966,-548.21,8.48068,10.118
1967,-548.366,8.47892,10.1205
1968,-548.522,8.47717,10.1229
1969,-548.679,8.47541,10.1253
1970,-548.835,8.47366,10.1347
1971,-548.991,8.47192,10.1371
1972,-549.147,8.47017,10.1396
1973,-549.304,8.46843,10.1421
1974,-549.46,8.46668,10.1446
1975,-549.616,8.46494,10.1471
1976,-549.772,8.46321,10.1495
1977,-549.928,8.46147,10.152
1978,-550.084,8.45974,10.1544
1979,-550.24,8.45801,10.1568
1980,-550.395,8.45628,10.1593
1981,-550.551,8.45455,10.1617
1982,-550.707,8.45283,10.1642
1983,-550.863,8.45111,10.1666
1984,-551.018,8.44939,10.169
1985,-551.174,8.44767,10.1715
1986,-551.33,8.44596,10.174
1987,-551.485,8.44424,10.1765
1988,-551.641,8.44253,10.1789
1989,-551.796,8.44082,10.1814
1990,-551.952,8.43912,10.1838
1991,-552.107,8.43741,10.1863
1992,-552.262,8.43571,10.1887
1993,-552.418,8.43401,10.1911
1994,-552.573,8.43231,10.1936
1995,-552.728,8.43061,10.196
1996,-552.883,8.42892,10.1985
1997,-553.038,8.42723,10.2009
1998,-553.194,8.42554,10.2034
1999,-553.349,8.42385,10.2058
2000,-553.504,8.42217,10.2083
2001,-553.659,8.42049,10.213
2002,-553.813,8.4188,10.2155
2003,-553.968,8.41713,10.218
2004,-554.123,8.41545,10.2206
2005,-554.278,8.41377,10.2232
2006,-554.433,8.4121,10.2256
2007,-554.587,8.41043,10.2281
2008,-554.742,8.40876,10.2305
2009,-554.897,8.4071,10.233
2010,-555.051,8.40544,10.2355
2011,-555.206,8.40377,10.238
2012,-555.36,8.40211,10.2405
2013,-555.515,8.40046,10.243
2014,-555.669,8.3988,10.2455
2015,-555.824,8.39715,10.2479
2016,-555.978,8.3955,10.2505
2017,-556.132,8.39385,10.2529
2018,-556.286,8.3922,10.2554
2019,-556.441,8.39056,10.2578
2020,-556.595,8.38891,10.2603
2021,-556.749,8.38727,10.2627
2022,-556.903,8.38564,10.2652
2023,-557.057,8.384,10.2676
2024,-557.211,8.38236,10.2701
2025,-557.365,8.38073,10.2726
2026,-557.519,8.3791,10.2751
2027,-557.673,8.37747,10.2775
2028,-557.827,8.37585,10.2799
2029,-557.98,8.37423,10.2823
2030,-558.134,8.3726,10.2848
2031,-558.288,8.37098,10.2872
2032,-558.442,8.36937,10.2897
2033,-558.595,8.36775,10.2922
2034,-558.749,8.36614,10.2946
2035,-558.902,8.36453,10.2971
2036,-559.056,8.36292,10.2995
2037,-559.209,8.36131,10.302
2038,-559.363,8.3597,10.3045
2039,-559.516,8.3581,10.3069
2040,-559.67,8.3565,10.3094
2041,-559.823,8.3549,10.3119
2042,-559.976,8.3533,10.3144
2043,-560.129,8.35171,10.3168
2044,-560.283,8.35012,10.3192
2045,-560.436,8.34853,10.3217
2046,-560.589,8.34694,10.3242
2047,-560.742,8.34535,10.3266
2048,-560.895,8.34377,10.3291
2049,-561.048,8.34218,10.3315
2050,-561.201,8.3406,10.334
2051,-561.354,8.33902,10.3388
2052,-561.507,8.33745,10.3413
2053,-561.66,8.33587,10.3437
2054,-561.813,8.3343,10.3463
2055,-561.965,8.33273,10.3488
2056,-562.118,8.33116,10.3513
2057,-562.271,8.3296,10.3538
2058,-562.423,8.32803,10.3563
2059,-562.576,8.32647,10.3587
2060,-562.729,8.32491,10.3612
2061,-562.881,8.32335,10.3636
2062,-563.034,8.32179,10.3661
2063,-563.186,8.32024,10.3686
2064,-563.339,8.31869,10.3711
2065,-563.491,8.31714,10.3735
2066,-563.643,8.31559,10.376
2067,-563.796,8.31404,10.3785
2068,-563.948,8.3125,10.3811
2069,-564.1,8.31096,10.3836
2070,-564.252,8.30942,10.3862
2071,-564.404,8.30788,10.3887
2072,-564.557,8.30634,10.3911
2073,-564.709,8.30481,10.3937
2074,-564.861,8.30327,10.3963
2075,-565.013,8.30174,10.3988
2076,-565.165,8.30021,10.4013
2077,-565.317,8.29869,10.4038
2078,-565.469,8.29716,10.4064
2079,-565.62,8.29564,10.4088
2080,-565.772,8.29412,10.4113
2081,-565.924,8.2926,10.4138
2082,-566.076,8.29109,10.4164
2083,-566.227,8.28957,10.419
2084,-566.379,8.28806,10.4215
2085,-566.531,8.28655,10.4241
2086,-566.682,8.28504,10.4266
2087,-566.834,8.28353,10.429
2088,-566.985,8.28203,10.4315
2089,-567.137,8.28052,10.4339
2090,-567.288,8.27902,10.4365
2091,-567.44,8.27752,10.4389
2092,-567.591,8.27603,10.4414
2093,-567.743,8.27453,10.4441
2094,-567.894,8.27304,10.4466
2095,-568.045,8.27155,10.4492
2096,-568.196,8.27006,10.4516
2097,-568.348,8.26857,10.4541
2098,-568.499,8.26708,10.4567
2099,-568.65,8.2656,10.4593
2100,-568.801,8.26412,10.4617
2101,-568.952,8.26264,10.4664
2102,-569.103,8.26116,10.4689
2103,-569.254,8.25968,10.4715
2104,-569.405,8.25821,10.474
2105,-569.556,8.25674,10.4765
2106,-569.707,8.25527,10.479
2107,-569.857,8.2538,10.4814
2108,-570.008,8.25233,10.4839
2109,-570.159,8.25087,10.4864
2110,-570.31,8.24941,10.489
2111,-570.46,8.24795,10.4915
2112,-570.611,8.24649,10.494
2113,-570.762,8.24503,10.4966
2114,-570.912,8.24358,10.4991
2115,-571.063,8.24212,10.5015
2116,-571.213,8.24067,10.5041
2117,-571.364,8.23922,10.5066
2118,-571.514,8.23777,10.5091
2119,-571.665,8.23633,10.5116
2120,-571.815,8.23488,10.514
2121,-571.965,8.23344,10.5165
2122,-572.116,8.232,10.519
2123,-572.266,8.23056,10.5216
2124,-572.416,8.22913,10.5242
2125,-572.566,8.22769,10.5267
2126,-572.717,8.22626,10.5292
2127,-572.867,8.22483,10.5317
2128,-573.017,8.2234,10.5342
2129,-573.167,8.22198,10.5367
2130,-573.317,8.22055,10.5391
2131,-573.467,8.21913,10.5416
2132,-573.617,8.21771,10.5441
2133,-573.767,8.21629,10.5467
2134,-573.917,8.21487,10.5492
2135,-574.066,8.21345,10.5517
2136,-574.216,8.21204,10.5543
2137,-574.366,8.21063,10.5568
2138,-574.516,8.20922,10.5593
2139,-574.666,8.20781,10.5619
2140,-574.815,8.2064,10.5644
2141,-574.965,8.205,10.567
2142,-575.114,8.20359,10.5696
2143,-575.264,8.20219,10.5722
2144,-575.414,8.20079,10.5746
2145,-575.563,8.1994,10.5771
2146,-575.713,8.198,10.5796
2147,-575.862,8.19661,10.5822
2148,-576.011,8.19522,10.5848
2149,-576.161,8.19383,10.5873
2150,-576.31,8.19244,10.5898
2151,-576.459,8.19105,10.5948
2152,-576.609,8.18967,10.5974
2153,-576.758,8.18828,10.6
2154,-576.907,8.1869,10.6025
2155,-577.056,8.18552,10.6049
2156,-577.205,8.18414,10.6075
2157,-577.355,8.18277,10.61
2158,-577.504,8.1814,10.6125
2159,-577.653,8.18002,10.615
2160,-577.802,8.17865,10.6176
2161,-577.951,8.17728,10.6201
2162,-578.1,8.17592,10.6226
2163,-578.249,8.17455,10.6251
2164,-578.397,8.17319,10.6275
2165,-578.546,8.17183,10.6299
2166,-578.695,8.17047,10.6323
2167,-578.844,8.16911,10.6349
2168,-578.993,8.16776,10.6374
2169,-579.141,8.1664,10.6399
2170,-579.29,8.16505,10.6425
2171,-579.439,8.1637,10.645
2172,-579.587,8.16235,10.6475
2173,-579.736,8.161,10.65
2174,-579.884,8.15966,10.6525
2175,-580.033,8.15831,10.6549
2176,-580.181,8.15697,10.6574
2177,-580.33,8.15563,10.6598
2178,-580.478,8.15429,10.6623
2179,-580.627,8.15296,10.6648
2180,-580.775,8.15162,10.6672
2181,-580.923,8.15029,10.6698
2182,-581.072,8.14896,10.6723
2183,-581.22,8.14763,10.6747
2184,-581.368,8.1463,10.6772
2185,-581.516,8.14497,10.6797
2186,-581.665,8.14365,10.6822
2187,-581.813,8.14233,10.6848
2188,-581.961,8.14101,10.6873
2189,-582.109,8.13969,10.6898
2190,-582.257,8.13837,10.6922
2191,-582.405,8.13705,10.6948
2192,-582.553,8.13574,10.6973
2193,-582.701,8.13443,10.6998
2194,-582.849,8.13312,10.7022
2195,-582.997,8.13181,10.7047
2196,-583.144,8.1305,10.7071
2197,-583.292,8.12919,10.7097
2198,-583.44,8.12789,10.7121
2199,-583.588,8.12659,10.7146
2200,-583.736,8.12529,10.717
2201,-583.883,8.12399,10.7218
2202,-584.031,8.12269,10.7242
2203,-584.179,8.1214,10.7268
2204,-584.326,8.12011,10.7293
2205,-584.474,8.11881,10.7318
2206,-584.621,8.11752,10.7342
2207,-584.769,8.11624,10.7366
2208,-584.916,8.11495,10.7391
2209,-585.064,8.11366,10.7416
2210,-585.211,8.11238,10.7441
2211,-585.359,8.1111,10.7466
2212,-585.506,8.10982,10.749
2213,-585.653,8.10854,10.7515
2214,-585.8,8.10726,10.7539
2215,-585.948,8.10599,10.7565
2216,-586.095,8.10472,10.759
2217,-586.242,8.10344,10.7615
2218,-586.389,8.10218,10.764
2219,-586.537,8.10091,10.7664
2220,-586.684,8.09964,10.7689
2221,-586.831,8.09838,10.7714
2222,-586.978,8.09711,10.7739
2223,-587.125,8.09585,10.7764
2224,-587.272,8.09459,10.7788
2225,-587.419,8.09333,10.7813
2226,-587.566,8.09208,10.7838
2227,-587.713,8.09082,10.7862
2228,-587.86,8.08957,10.7887
2229,-588.006,8.08832,10.7912
2230,-588.153,8.08707,10.7937
2231,-588.3,8.08582,10.7962
2232,-588.447,8.08457,10.7987
2233,-588.593,8.08333,10.8011
2234,-588.74,8.08208,10.8036
2235,-588.887,8.08084,10.806
2236,-589.033,8.0796,10.8085
2237,-589.18,8.07836,10.811
2238,-589.327,8.07713,10.8135
2239,-589.473,8.07589,10.8159
2240,-589.62,8.07466,10.8183
2241,-589.766,8.07343,10.8208
2242,-589.913,8.0722,10.8233
2243,-590.059,8.07097,10.8258
2244,-590.206,8.06974,10.8282
2245,-590.352,8.06852,10.8307
2246,-590.498,8.06729,10.8332
2247,-590.645,8.06607,10.8404
2248,-590.791,8.06485,10.8429
2249,-590.937,8.06363,10.8454
2250,-591.083,8.06241,10.8478
2251,-591.23,8.0612,10.8525
2252,-591.376,8.05998,10.855
2253,-591.522,8.05877,10.8575
2254,-591.668,8.05756,10.86
2255,-591.814,8.05635,10.8625
2256,-591.96,8.05514,10.865
2257,-592.106,8.05394,10.8675
2258,-592.252,8.05273,10.8699
2259,-592.398,8.05153,10.8724
2260,-592.544,8.05033,10.8749
2261,-592.69,8.04913,10.8773
2262,-592.836,8.04793,10.8798
2263,-592.982,8.04673,10.8822
2264,-593.128,8.04554,10.8847
2265,-593.274,8.04435,10.8872
2266,-593.419,8.04315,10.8897
2267,-593.565,8.04196,10.8922
2268,-593.711,8.04078,10.8945
2269,-593.856,8.03959,10.897
2270,-594.002,8.0384,10.8994
2271,-594.148,8.03722,10.9018
2272,-594.293,8.03604,10.9043
2273,-594.439,8.03486,10.9068
2274,-594.585,8.03368,10.9093
2275,-594.73,8.0325,10.9118
2276,-594.876,8.03132,10.9142
2277,-595.021,8.03015,10.9166
2278,-595.167,8.02898,10.9192
2279,-595.312,8.0278,10.9216
2280,-595.457,8.02663,10.9242
2281,-595.603,8.02547,10.9266
2282,-595.748,8.0243,10.9291
2283,-595.893,8.02313,10.9316
2284,-596.039,8.02197,10.934
2285,-596.184,8.02081,10.9365
2286,-596.329,8.01965,10.939
2287,-596.474,8.01849,10.9414
2288,-596.62,8.01733,10.9439
2289,-596.765,8.01617,10.9464
2290,-596.91,8.01502,10.9488
2291,-597.055,8.01387,10.9513
2292,-597.2,8.01272,10.9537
2293,-597.345,8.01157,10.9562
2294,-597.49,8.01042,10.9587
2295,-597.635,8.00927,10.9611
2296,-597.78,8.00813,10.9636
2297,-597.925,8.00698,10.966
2298,-598.07,8.00584,10.9684
2299,-598.215,8.0047,10.9709
2300,-598.36,8.00356,10.9734
2301,-598.504,8.00242,10.978
2302,-598.649,8.00129,10.9805
2303,-598.794,8.00015,10.983
2304,-598.939,7.99902,10.9855
2305,-599.083,7.99789,10.9879
2306,-599.228,7.99676,10.9904
2307,-599.373,7.99563,10.9929
2308,-599.517,7.9945,10.9953
2309,-599.662,7.99337,10.9977
2310,-599.807,7.99225,11.0001
2311,-599.951,7.99113,11.0026
2312,-600.096,7.99001,11.0051
2313,-600.24,7.98889,11.0076
2314,-600.385,7.98777,11.0101
2315,-600.529,7.98665,11.0126
2316,-600.674,7.98554,11.0151
2317,-600.818,7.98442,11.0176
2318,-600.962,7.98331,11.0201
2319,-601.107,7.9822,11.0225
2320,-601.251,7.98109,11.025
2321,-601.395,7.97998,11.0275
2322,-601.54,7.97887,11.0299
2323,-601.684,7.97777,11.0324
2324,-601.828,7.97667,11.0348
2325,-601.972,7.97556,11.0372
2326,-602.117,7.97446,11.0396
2327,-602.261,7.97336,11.042
2328,-602.405,7.97227,11.0444
2329,-602.549,7.97117,11.0468
2330,-602.693,7.97008,11.0493
2331,-602.837,7.96898,11.0517
2332,-602.981,7.96789,11.0541
2333,-603.125,7.9668,11.0566
2334,-603.269,7.96571,11.0591
2335,-603.413,7.96462,11.0615
2336,-603.557,7.96354,11.064
2337,-603.701,7.96245,11.0665
2338,-603.845,7.96137,11.0689
2339,-603.989,7.96029,11.0713
2340,-604.132,7.95921,11.0737
2341,-604.276,7.95813,11.0762
2342,-604.42,7.95705,11.0787
2343,-604.564,7.95597,11.0811
2344,-604.708,7.9549,11.0835
2345,-604.851,7.95383,11.086
2346,-604.995,7.95276,11.0884
2347,-605.139,7.95169,11.0909
2348,-605.282,7.95062,11.0933
2349,-605.426,7.94955,11.0957
2350,-605.569,7.94848,11.0981
2351,-605.713,7.94742,11.1027
2352,-605.857,7.94636,11.1052
2353,-606,7.94529,11.1077
2354,-606.143,7.94423,11.1102
2355,-606.287,7.94317,11.1127
2356,-606.43,7.94212,11.1152
2357,-606.574,7.94106,11.1177
2358,-606.717,7.94001,11.1201
2359,-606.861,7.93895,11.1226
2360,-607.004,7.9379,11.1251
2361,-607.147,7.93685,11.1276
2362,-607.29,7.9358,11.1301
2363,-607.434,7.93475,11.1326
2364,-607.577,7.93371,11.135
2365,-607.72,7.93266,11.1375
2366,-607.863,7.93162,11.14
2367,-608.007,7.93058,11.1425
2368,-608.15,7.92954,11.1449
2369,-608.293,7.9285,11.1473
2370,-608.436,7.92746,11.1497
2371,-608.579,7.92642,11.1521
2372,-608.722,7.92539,11.1545
2373,-608.865,7.92435,11.1569
2374,-609.008,7.92332,11.1592
2375,-609.151,7.92229,11.1617
2376,-609.294,7.92126,11.1641
2377,-609.437,7.92023,11.1666
2378,-609.58,7.9192,11.169
2379,-609.723,7.91818,11.1715
2380,-609.866,7.91715,11.1739
2381,-610.008,7.91613,11.1763
2382,-610.151,7.91511,11.1788
2383,-610.294,7.91409,11.1812
2384,-610.437,7.91307,11.1837
2385,-610.58,7.91205,11.1861
2386,-610.722,7.91104,11.1886
2387,-610.865,7.91002,11.191
2388,-611.008,7.90901,11.1935
2389,-611.15,7.908,11.196
2390,-611.293,7.90699,11.1985
2391,-611.436,7.90598,11.201
2392,-611.578,7.90497,11.2034
2393,-611.721,7.90396,11.2058
2394,-611.863,7.90296,11.2083
2395,-612.006,7.90195,11.2107
2396,-612.148,7.90095,11.2131
2397,-612.291,7.89995,11.2156
2398,-612.433,7.89895,11.2181
2399,-612.576,7.89795,11.2205
2400,-612.718,7.89695,11.2231
2401,-612.86,7.89596,11.2276
2402,-613.003,7.89496,11.2301
2403,-613.145,7.89397,11.2326
2404,-613.287,7.89298,11.235
2405,-613.43,7.89199,11.2375
2406,-613.572,7.891,11.2399
2407,-613.714,7.89001,11.2424
2408,-613.857,7.88902,11.2448
2409,-613.999,7.88804,11.2473
2410,-614.141,7.88705,11.2497
2411,-614.283,7.88607,11.2522
2412,-614.425,7.88509,11.2546
2413,-614.567,7.88411,11.2571
2414,-614.709,7.88313,11.2595
2415,-614.851,7.88215,11.2619
2416,-614.994,7.88118,11.2643
2417,-615.136,7.8802,11.2668
2418,-615.278,7.87923,11.2693
2419,-615.42,7.87825,11.2717
2420,-615.561,7.87728,11.2741
2421,-615.703,7.87631,11.2765
2422,-615.845,7.87535,11.2789
2423,-615.987,7.87438,11.2813
2424,-616.129,7.87341,11.2837
2425,-616.271,7.87245,11.2861
2426,-616.413,7.87148,11.2885
2427,-616.555,7.87052,11.2909
2428,-616.696,7.86956,11.2934
2429,-616.838,7.8686,11.2958
2430,-616.98,7.86764,11.2983
2431,-617.122,7.86669,11.3007
2432,-617.263,7.86573,11.3032
2433,-617.405,7.86478,11.3056
2434,-617.547,7.86382,11.308
2435,-617.688,7.86287,11.3105
2436,-617.83,7.86192,11.3129
2437,-617.971,7.86097,11.3154
2438,-618.113,7.86002,11.3178
2439,-618.255,7.85908,11.3202
2440,-618.396,7.85813,11.3227
2441,-618.538,7.85719,11.3251
2442,-618.679,7.85625,11.3275
2443,-618.821,7.8553,11.33
2444,-618.962,7.85436,11.3324
2445,-619.103,7.85342,11.3349
2446,-619.245,7.85249,11.3373
2447,-619.386,7.85155,11.3398
2448,-619.528,7.85061,11.3422
2449,-619.669,7.84968,11.3446
2450,-619.81,7.84875,11.3471
2451,-619.952,7.84782,11.3517
2452,-620.093,7.84688,11.3542
2453,-620.234,7.84596,11.3567
2454,-620.375,7.84503,11.3593
2455,-620.516,7.8441,11.3618
2456,-620.658,7.84318,11.3643
2457,-620.799,7.84225,11.3668
2458,-620.94,7.84133,11.3694
2459,-621.081,7.84041,11.3719
2460,-621.222,7.83949,11.3744
2461,-621.363,7.83857,11.3769
2462,-621.504,7.83765,11.3794
2463,-621.645,7.83673,11.3819
2464,-621.786,7.83582,11.3844
2465,-621.927,7.8349,11.3869
2466,-622.068,7.83399,11.3894
2467,-622.209,7.83308,11.392
2468,-622.35,7.83217,11.3945
2469,-622.491,7.83126,11.3969
2470,-622.632,7.83035,11.3993
2471,-622.773,7.82944,11.4018
2472,-622.914,7.82853,11.4043
2473,-623.055,7.82763,11.4068
2474,-623.196,7.82673,11.4093
2475,-623.336,7.82582,11.412
2476,-623.477,7.82492,11.4145
2477,-623.618,7.82402,11.4171
2478,-623.759,7.82312,11.4195
2479,-623.899,7.82223,11.4221
2480,-624.04,7.82133,11.4247
2481,-624.181,7.82044,11.4273
2482,-624.322,7.81954,11.4298
2483,-624.462,7.81865,11.4324
2484,-624.603,7.81776,11.4349
2485,-624.743,7.81687,11.4374
2486,-624.884,7.81598,11.4399
2487,-625.025,7.81509,11.4424
2488,-625.165,7.8142,11.4448
2489,-625.306,7.81332,11.4474
2490,-625.446,7.81243,11.4499
2491,-625.587,7.81155,11.4524
2492,-625.727,7.81067,11.4548
2493,-625.868,7.80979,11.4573
2494,-626.008,7.80891,11.4598
2495,-626.148,7.80803,11.4624
2496,-626.289,7.80715,11.4649
2497,-626.429,7.80627,11.4674
2498,-626.57,7.8054,11.4699
2499,-626.71,7.80453,11.4726
2500,-626.85,7.80365,11.4751
2501,-626.99,7.80278,11.4797
2502,-627.131,7.80191,11.4822
2503,-627.271,7.80104,11.4847
2504,-627.411,7.80017,11.4872
2505,-627.551,7.79931,11.4896
2506,-627.692,7.79844,11.4921
2507,-627.832,7.79758,11.4945
2508,-627.972,7.79671,11.4969
2509,-628.112,7.79585,11.4993
2510,-628.252,7.79499,11.5018
2511,-628.392,7.79413,11.5042
2512,-628.532,7.79327,11.5067
2513,-628.673,7.79241,11.509
2514,-628.813,7.79156,11.5115
2515,-628.953,7.7907,11.514
2516,-629.093,7.78985,11.5165
2517,-629.233,7.78899,11.5189
2518,-629.373,7.78814,11.5213
2519,-629.513,7.78729,11.5237
2520,-629.652,7.78644,11.5262
2521,-629.792,7.78559,11.5286
2522,-629.932,7.78475,11.531
2523,-630.072,7.7839,11.5381
2524,-630.212,7.78305,11.5406
2525,-630.352,7.78221,11.5431
2526,-630.492,7.78137,11.5455
2527,-630.631,7.78053,11.548
2528,-630.771,7.77968,11.5505
2529,-630.911,7.77885,11.5529
2530,-631.051,7.77801,11.5554
2531,-631.191,7.77717,11.5579
2532,-631.33,7.77633,11.5604
2533,-631.47,7.7755,11.5628
2534,-631.61,7.77466,11.5653
2535,-631.749,7.77383,11.5678
2536,-631.889,7.773,11.5702
2537,-632.029,7.77217,11.5726
2538,-632.168,7.77134,11.5751
2539,-632.308,7.77051,11.5775
2540,-632.447,7.76968,11.5799
2541,-632.587,7.76886,11.5823
2542,-632.726,7.76803,11.5847
2543,-632.866,7.76721,11.5872
2544,-633.005,7.76639,11.5896
2545,-633.145,7.76556,11.5921
2546,-633.284,7.76474,11.5945
2547,-633.424,7.76392,11.597
2548,-633.563,7.7631,11.5994
2549,-633.703,7.76229,11.6018
2550,-633.842,7.76147,11.6043
2551,-633.981,7.76066,11.6089
2552,-634.121,7.75984,11.6114
2553,-634.26,7.75903,11.6139
2554,-634.399,7.75822,11.6164
2555,-634.539,7.75741,11.6188
2556,-634.678,7.7566,11.6213
2557,-634.817,7.75579,11.6237
2558,-634.956,7.75498,11.6262
2559,-635.096,7.75417,11.6286
2560,-635.235,7.75337,11.6311
2561,-635.374,7.75256,11.6335
2562,-635.513,7.75176,11.636
2563,-635.652,7.75096,11.6384
2564,-635.792,7.75016,11.6407
2565,-635.931,7.74935,11.6432
2566,-636.07,7.74856,11.6456
2567,-636.209,7.74776,11.6481
2568,-636.348,7.74696,11.6505
2569,-636.487,7.74616,11.653
2570,-636.626,7.74537,11.6554
2571,-636.765,7.74458,11.6578
2572,-636.904,7.74378,11.6603
2573,-637.043,7.74299,11.6627
2574,-637.182,7.7422,11.6651
2575,-637.321,7.74141,11.6676
2576,-637.46,7.74062,11.67
2577,-637.599,7.73984,11.6724
2578,-637.738,7.73905,11.6748
2579,-637.877,7.73826,11.6773
2580,-638.015,7.73748,11.6797
2581,-638.154,7.7367,11.6821
2582,-638.293,7.73591,11.6846
2583,-638.432,7.73513,11.687
2584,-638.571,7.73435,11.6894
2585,-638.71,7.73357,11.6919
2586,-638.848,7.73279,11.6943
2587,-638.987,7.73202,11.7043
2588,-639.126,7.73124,11.7083
2589,-639.264,7.73047,11.7119
2590,-639.403,7.72969,11.7152
2591,-639.542,7.72892,11.718
2592,-639.681,7.72815,11.7206
2593,-639.819,7.72738,11.7232
2594,-639.958,7.72661,11.7257
2595,-640.096,7.72584,11.7283
2596,-640.235,7.72507,11.7309
2597,-640.374,7.7243,11.7334
2598,-640.512,7.72354,11.7359
2599,-640.651,7.72277,11.7383
2600,-640.789,7.72201,11.7408
2601,-640.928,7.72125,11.747
2602,-641.066,7.72048,11.7496
2603,-641.205,7.71972,11.7522
2604,-641.343,7.71896,11.7548
2605,-641.482,7.7182,11.7573
2606,-641.62,7.71745,11.7599
2607,-641.759,7.71669,11.7625
2608,-641.897,7.71593,11.765
2609,-642.035,7.71518,11.7675
2610,-642.174,7.71443,11.77
2611,-642.312,7.71367,11.7725
2612,-642.45,7.71292,11.775
2613,-642.589,7.71217,11.7776
2614,-642.727,7.71142,11.78
2615,-642.865,7.71067,11.7825
2616,-643.004,7.70993,11.785
2617,-643.142,7.70918,11.7876
2618,-643.28,7.70843,11.79
2619,-643.418,7.70769,11.7927
2620,-643.556,7.70694,11.7952
2621,-643.695,7.7062,11.7976
2622,-643.833,7.70546,11.8001
2623,-643.971,7.70472,11.8027
2624,-644.109,7.70398,11.8052
2625,-644.247,7.70324,11.8076
2626,-644.385,7.7025,11.8101
2627,-644.524,7.70177,11.8126
2628,-644.662,7.70103,11.8151
2629,-644.8,7.7003,11.8176
2630,-644.938,7.69956,11.8202
2631,-645.076,7.69883,11.8227
2632,-645.214,7.6981,11.8251
2633,-645.352,7.69737,11.8276
2634,-645.49,7.69664,11.8302
2635,-645.628,7.69591,11.8327
2636,-645.766,7.69518,11.8351
2637,-645.904,7.69445,11.8376
2638,-646.042,7.69373,11.8401
2639,-646.179,7.693,11.8426
2640,-646.317,7.69228,11.845
2641,-646.455,7.69155,11.8474
2642,-646.593,7.69083,11.8498
2643,-646.731,7.69011,11.8523
2644,-646.869,7.68939,11.8548
2645,-647.007,7.68867,11.8572
2646,-647.144,7.68795,11.8598
2647,-647.282,7.68723,11.8622
2648,-647.42,7.68652,11.8646
2649,-647.558,7.6858,11.8671
2650,-647.696,7.68509,11.8697
2651,-647.833,7.68437,11.8746
2652,-647.971,7.68366,11.8772
2653,-648.109,7.68295,11.8796
2654,-648.246,7.68224,11.8821
2655,-648.384,7.68153,11.8845
2656,-648.522,7.68082,11.887
2657,-648.659,7.68011,11.8894
2658,-648.797,7.6794,11.8918
2659,-648.935,7.6787,11.8943
2660,-649.072,7.67799,11.8967
2661,-649.21,7.67729,11.8991
2662,-649.347,7.67658,11.9014
2663,-649.485,7.67588,11.9037
2664,-649.622,7.67518,11.9058
2665,-649.76,7.67448,11.9083
2666,-649.897,7.67378,11.9107
2667,-650.035,7.67308,11.9131
2668,-650.172,7.67238,11.9156
2669,-650.31,7.67169,11.9181
2670,-650.447,7.67099,11.9206
2671,-650.585,7.67029,11.923
2672,-650.722,7.6696,11.9255
2673,-650.859,7.66891,11.9279
2674,-650.997,7.66822,11.9303
2675,-651.134,7.66752,11.9327
2676,-651.272,7.66683,11.9351
2677,-651.409,7.66614,11.9376
2678,-651.546,7.66545,11.94
2679,-651.684,7.66477,11.9424
2680,-651.821,7.66408,11.9448
2681,-651.958,7.66339,11.9472
2682,-652.095,7.66271,11.9497
2683,-652.233,7.66203,11.9521
2684,-652.37,7.66134,11.9546
2685,-652.507,7.66066,11.957
2686,-652.644,7.65998,11.9595
2687,-652.782,7.6593,11.9619
2688,-652.919,7.65862,11.9644
2689,-653.056,7.65794,11.9668
2690,-653.193,7.65726,11.9692
2691,-653.33,7.65658,11.9717
2692,-653.467,7.65591,11.9742
2693,-653.604,7.65523,11.9766
2694,-653.742,7.65456,11.979
2695,-653.879,7.65389,11.9815
2696,-654.016,7.65321,11.9839
2697,-654.153,7.65254,11.9863
2698,-654.29,7.65187,11.9887
2699,-654.427,7.6512,11.9912
2700,-654.564,7.65053,11.9936
2701,-654.701,7.64986,11.9982
2702,-654.838,7.6492,12.0007
2703,-654.975,7.64853,12.0032
2704,-655.112,7.64787,12.0057
2705,-655.249,7.6472,12.0082
2706,-655.386,7.64654,12.0107
2707,-655.523,7.64588,12.0131
2708,-655.659,7.64521,12.0157
2709,-655.796,7.64455,12.0181
2710,-655.933,7.64389,12.0205
2711,-656.07,7.64323,12.023
2712,-656.207,7.64257,12.0254
2713,-656.344,7.64192,12.0278
2714,-656.481,7.64126,12.0302
2715,-656.617,7.6406,12.0326
2716,-656.754,7.63995,12.0351
2717,-656.891,7.6393,12.0375
2718,-657.028,7.63864,12.04
2719,-657.165,7.63799,12.0424
2720,-657.301,7.63734,12.0448
2721,-657.438,7.63669,12.0473
2722,-657.575,7.63604,12.0497
2723,-657.711,7.63539,12.0522
2724,-657.848,7.63474,12.0546
2725,-657.985,7.63409,12.057
2726,-658.121,7.63345,12.0595
2727,-658.258,7.6328,12.0619
2728,-658.395,7.63216,12.0643
2729,-658.531,7.63151,12.0667
2730,-658.668,7.63087,12.0691
2731,-658.804,7.63023,12.0716
2732,-658.941,7.62959,12.074
2733,-659.078,7.62895,12.0765
2734,-659.214,7.62831,12.079
2735,-659.351,7.62767,12.0814
2736,-659.487,7.62703,12.0839
2737,-659.624,7.62639,12.0863
2738,-659.76,7.62576,12.0887
2739,-659.897,7.62512,12.0912
2740,-660.033,7.62449,12.0936
2741,-660.17,7.62385,12.096
2742,-660.306,7.62322,12.0985
2743,-660.443,7.62259,12.101
2744,-660.579,7.62196,12.1035
2745,-660.715,7.62133,12.1059
2746,-660.852,7.6207,12.1084
2747,-660.988,7.62007,12.1108
2748,-661.125,7.61944,12.1132
2749,-661.261,7.61881,12.1157
2750,-661.397,7.61819,12.1182
2751,-661.534,7.61756,12.1228
2752,-661.67,7.61694,12.1253
2753,-661.806,7.61631,12.1278
2754,-661.942,7.61569,12.1303
2755,-662.079,7.61507,12.1328
2756,-662.215,7.61445,12.1354
2757,-662.351,7.61383,12.1377
2758,-662.487,7.61321,12.1402
2759,-662.624,7.61259,17.1858
2760,-662.76,7.61197,17.1911
2761,-662.896,7.61135,17.1958
2762,-663.032,7.61074,17.2001
2763,-663.168,7.61012,17.204
2764,-663.305,7.60951,17.2079
2765,-663.441,7.60889,17.2116
2766,-663.577,7.60828,17.2152
2767,-663.713,7.60767,17.2189
2768,-663.849,7.60705,17.2226
2769,-663.985,7.60644,17.2262
2770,-664.121,7.60583,17.2297
2771,-664.257,7.60522,17.2331
2772,-664.393,7.60462,17.2367
2773,-664.53,7.60401,17.2401
2774,-664.666,7.6034,17.2438
2775,-664.802,7.6028,17.2473
2776,-664.938,7.60219,17.2509
2777,-665.074,7.60159,17.2544
2778,-665.21,7.60098,17.2579
2779,-665.346,7.60038,17.2615
2780,-665.482,7.59978,17.265
2781,-665.617,7.59918,17.2685
2782,-665.753,7.59858,17.2719
2783,-665.889,7.59798,17.2754
2784,-666.025,7.59738,17.279
2785,-666.161,7.59678,17.2826
2786,-666.297,7.59618,17.2861
2787,-666.433,7.59558,17.2898
2788,-666.569,7.59499,17.2934
2789,-666.705,7.59439,17.2968
2790,-666.84,7.5938,17.3004
2791,-666.976,7.59321,17.304
2792,-667.112,7.59261,17.3074
2793,-667.248,7.59202,17.3109
2794,-667.384,7.59143,17.3144
2795,-667.52,7.59084,17.3179
2796,-667.655,7.59025,17.3214
2797,-667.791,7.58966,17.3248
2798,-667.927,7.58907,17.3283
2799,-668.063,7.58849,17.3438
2800,-668.198,7.5879,17.3463
2801,-668.334,7.58731,17.365
2802,-668.47,7.58673,17.3688
2803,-668.605,7.58614,17.3724
2804,-668.741,7.58556,17.3755
2805,-668.877,7.58498,17.3783
2806,-669.012,7.5844,17.3811
2807,-669.148,7.58381,17.3837
2808,-669.284,7.58323,17.3863
2809,-669.419,7.58265,17.3888
2810,-669.555,7.58208,17.3914
2811,-669.69,7.5815,17.3939
2812,-669.826,7.58092,17.3964
2813,-669.961,7.58034,17.3989
2814,-670.097,7.57977,17.4014
2815,-670.233,7.57919,17.404
2816,-670.368,7.57862,17.4064
2817,-670.504,7.57804,17.4089
2818,-670.639,7.57747,17.4114
2819,-670.775,7.5769,17.4138
2820,-670.91,7.57633,17.4163
2821,-671.046,7.57576,17.4189
2822,-671.181,7.57519,17.4214
2823,-671.317,7.57462,17.4239
2824,-671.452,7.57405,17.4266
2825,-671.587,7.57348,17.429
2826,-671.723,7.57291,17.4315
2827,-671.858,7.57235,17.4338
2828,-671.994,7.57178,17.4362
2829,-672.129,7.57122,17.4387
2830,-672.264,7.57065,17.4411
2831,-672.4,7.57009,17.4435
2832,-672.535,7.56953,17.446
2833,-672.67,7.56897,17.4485
2834,-672.806,7.5684,17.4595
2835,-672.941,7.56784,17.4634
2836,-673.076,7.56728,17.467
2837,-673.212,7.56673,17.4704
2838,-673.347,7.56617,17.4735
2839,-673.482,7.56561,17.4763
2840,-673.617,7.56505,17.4792
2841,-673.753,7.5645,17.4819
2842,-673.888,7.56394,17.4845
2843,-674.023,7.56339,17.4872
2844,-674.158,7.56283,17.4897
2845,-674.294,7.56228,17.4924
2846,-674.429,7.56173,17.4949
2847,-674.564,7.56118,17.4975
2848,-674.699,7.56063,17.5001
2849,-674.834,7.56007,17.5027
2850,-674.969,7.55953,17.5053
2851,-675.104,7.55898,17.5128
2852,-675.24,7.55843,17.5154
2853,-675.375,7.55788,17.518
2854,-675.51,7.55733,17.5205
2855,-675.645,7.55679,17.523
2856,-675.78,7.55624,17.5255
2857,-675.915,7.5557,17.5281
2858,-676.05,7.55515,17.5306
2859,-676.185,7.55461,17.5331
2860,-676.32,7.55407,17.5356
2861,-676.455,7.55353,17.5381
2862,-676.59,7.55299,17.5405
2863,-676.725,7.55245,17.543
2864,-676.86,7.55191,17.5455
2865,-676.995,7.55137,17.548
2866,-677.13,7.55083,17.5504
2867,-677.265,7.55029,17.5529
2868,-677.4,7.54975,17.5553
2869,-677.535,7.54922,17.5578
2870,-677.67,7.54868,17.5603
2871,-677.805,7.54815,17.5628
2872,-677.94,7.54761,17.5651
2873,-678.075,7.54708,17.5675
2874,-678.21,7.54655,17.57
2875,-678.344,7.54601,17.5725
2876,-678.479,7.54548,17.5749
2877,-678.614,7.54495,17.5774
2878,-678.749,7.54442,17.5798
2879,-678.884,7.54389,17.5822
2880,-679.019,7.54336,17.5847
2881,-679.153,7.54284,17.5871
2882,-679.288,7.54231,17.5895
2883,-679.423,7.54178,17.5919
2884,-679.558,7.54126,17.5944
2885,-679.693,7.54073,17.5968
2886,-679.827,7.54021,17.5993
2887,-679.962,7.53968,17.6018
2888,-680.097,7.53916,17.6041
2889,-680.232,7.53864,17.6066
2890,-680.366,7.53811,17.609
2891,-680.501,7.53759,17.6115
2892,-680.636,7.53707,17.614
2893,-680.77,7.53655,17.6165
2894,-680.905,7.53603,17.619
2895,-681.04,7.53552,17.6215
2896,-681.174,7.535,17.6241
2897,-681.309,7.53448,17.6265
2898,-681.444,7.53396,17.6289
2899,-681.578,7.53345,17.6313
2900,-681.713,7.53293,17.6339
2901,-681.847,7.53242,17.6401
2902,-681.982,7.5319,17.6426
2903,-682.117,7.53139,17.6451
2904,-682.251,7.53088,17.6477
2905,-682.386,7.53037,17.6502
2906,-682.52,7.52986,17.6528
2907,-682.655,7.52934,17.6553
2908,-682.789,7.52883,17.6578
2909,-682.924,7.52833,17.6602
2910,-683.058,7.52782,17.6626
2911,-683.193,7.52731,17.6651
2912,-683.327,7.5268,17.6676
2913,-683.462,7.52629,17.6699
2914,-683.596,7.52579,17.6724
2915,-683.731,7.52528,17.6748
2916,-683.865,7.52478,17.6772
2917,-684,7.52427,17.6797
2918,-684.134,7.52377,17.6823
2919,-684.268,7.52327,17.6847
2920,-684.403,7.52277,17.6871
2921,-684.537,7.52226,17.6895
2922,-684.672,7.52176,17.6919
2923,-684.806,7.52126,17.6944
2924,-684.94,7.52076,17.6969
2925,-685.075,7.52026,17.6993
2926,-685.209,7.51977,17.7018
2927,-685.344,7.51927,17.7043
2928,-685.478,7.51877,17.7067
2929,-685.612,7.51828,17.7092
2930,-685.746,7.51778,17.7116
2931,-685.881,7.51728,17.7141
2932,-686.015,7.51679,17.7165
2933,-686.149,7.5163,17.719
2934,-686.284,7.5158,17.7214
2935,-686.418,7.51531,17.7239
2936,-686.552,7.51482,17.7264
2937,-686.686,7.51433,17.7289
2938,-686.821,7.51384,17.7313
2939,-686.955,7.51335,17.7337
2940,-687.089,7.51286,17.7362
2941,-687.223,7.51237,17.7386
2942,-687.357,7.51188,17.7411
2943,-687.492,7.51139,17.7435
2944,-687.626,7.51091,17.7459
2945,-687.76,7.51042,17.7482
2946,-687.894,7.50993,17.7506
2947,-688.028,7.50945,17.7532
2948,-688.162,7.50896,17.7557
2949,-688.297,7.50848,17.7581
2950,-688.431,7.508,17.7606
2951,-688.565,7.50751,17.7664
2952,-688.699,7.50703,17.769
2953,-688.833,7.50655,17.7714
2954,-688.967,7.50607,17.774
2955,-689.101,7.50559,17.7767
2956,-689.235,7.50511,17.7792
2957,-689.369,7.50463,17.7818
2958,-689.503,7.50415,17.7844
2959,-689.637,7.50367,17.7869
2960,-689.771,7.5032,17.7893
2961,-689.905,7.50272,17.7917
2962,-690.039,7.50224,17.7942
2963,-690.173,7.50177,17.7967
2964,-690.307,7.50129,17.7992
2965,-690.441,7.50082,17.8017
2966,-690.575,7.50035,17.8043
2967,-690.709,7.49987,17.8068
2968,-690.843,7.4994,17.8093
2969,-690.977,7.49893,17.8118
2970,-691.111,7.49846,17.8144
2971,-691.245,7.49799,17.817
2972,-691.379,7.49752,17.8196
2973,-691.513,7.49705,17.8221
2974,-691.647,7.49658,17.8246
2975,-691.781,7.49611,17.8272
2976,-691.914,7.49564,17.8298
2977,-692.048,7.49518,17.8323
2978,-692.182,7.49471,17.8348
2979,-692.316,7.49425,17.8374
2980,-692.45,7.49378,17.8398
2981,-692.584,7.49332,17.8424
2982,-692.718,7.49285,17.845
2983,-692.851,7.49239,17.8475
2984,-692.985,7.49193,17.8501
2985,-693.119,7.49146,17.8526
2986,-693.253,7.491,17.8552
2987,-693.387,7.49054,17.8577
2988,-693.52,7.49008,17.8603
2989,-693.654,7.48962,17.8629
2990,-693.788,7.48916,17.8655
2991,-693.922,7.4887,17.868
2992,-694.055,7.48824,17.8705
2993,-694.189,7.48779,17.873
2994,-694.323,7.48733,17.8755
2995,-694.456,7.48687,17.878
2996,-694.59,7.48642,17.8806
2997,-694.724,7.48596,17.8831
2998,-694.857,7.48551,17.8857
2999,-694.991,7.48505,17.8881
3000,-695.125,7.4846,17.8906
3001,-695.258,7.48415,17.8963
3002,-695.392,7.48369,17.8988
3003,-695.526,7.48324,17.9013
3004,-695.659,7.48279,17.9038
3005,-695.793,7.48234,17.9063
3006,-695.927,7.48189,17.9088
3007,-696.06,7.48144,17.911
3008,-696.194,7.48099,17.9136
3009,-696.327,7.48054,17.9158
3010,-696.461,7.48009,17.9177
3011,-696.595,7.47965,17.9202
3012,-696.728,7.4792,17.9227
3013,-696.862,7.47875,17.9253
3014,-696.995,7.47831,17.9276
3015,-697.129,7.47786,17.9299
3016,-697.262,7.47742,17.9317
3017,-697.396,7.47698,17.9337
3018,-697.529,7.47653,17.9359
3019,-697.663,7.47609,17.938
3020,-697.796,7.47565,17.94
3021,-697.93,7.4752,17.9421
3022,-698.063,7.47476,17.9443
3023,-698.197,7.47432,17.9464
3024,-698.33,7.47388,17.9486
3025,-698.464,7.47344,17.9511
3026,-698.597,7.473,17.9534
3027,-698.73,7.47257,17.9558
3028,-698.864,7.47213,17.9583
3029,-698.997,7.47169,17.9607
3030,-699.131,7.47125,17.9631
3031,-699.264,7.47082,17.9655
3032,-699.397,7.47038,17.9679
3033,-699.531,7.46995,17.9703
3034,-699.664,7.46951,17.9727
3035,-699.798,7.46908,17.9751
3036,-699.931,7.46864,17.9775
3037,-700.064,7.46821,17.98
3038,-700.198,7.46778,17.9827
3039,-700.331,7.46735,17.9851
3040,-700.464,7.46692,17.9876
3041,-700.598,7.46649,17.99
3042,-700.731,7.46606,17.9926
3043,-700.864,7.46563,17.9951
3044,-700.997,7.4652,17.9975
3045,-701.131,7.46477,18
3046,-701.264,7.46434,18.0027
3047,-701.397,7.46391,18.0051
3048,-701.53,7.46348,18.0072
3049,-701.664,7.46306,18.0094
3050,-701.797,7.46263,18.0114
3051,-701.93,7.46221,18.0191
3052,-702.063,7.46178,18.0219
3053,-702.197,7.46136,18.0241
3054,-702.33,7.46093,18.0266
3055,-702.463,7.46051,18.029
3056,-702.596,7.46009,18.0315
3057,-702.729,7.45967,18.034
3058,-702.863,7.45924,18.0365
3059,-702.996,7.45882,18.0389
3060,-703.129,7.4584,18.0413
3061,-703.262,7.45798,18.0437
3062,-703.395,7.45756,18.0461
3063,-703.528,7.45714,18.0486
3064,-703.661,7.45672,18.0511
3065,-703.795,7.45631,18.0535
3066,-703.928,7.45589,18.0559
3067,-704.061,7.45547,18.0583
3068,-704.194,7.45505,18.0607
3069,-704.327,7.45464,18.0632
3070,-704.46,7.45422,18.0656
3071,-704.593,7.45381,18.068
3072,-704.726,7.45339,18.0705
3073,-704.859,7.45298,18.0731
3074,-704.992,7.45257,18.0755
3075,-705.125,7.45215,18.0779
3076,-705.258,7.45174,18.0871
3077,-705.391,7.45133,18.0896
3078,-705.524,7.45092,18.0921
3079,-705.657,7.45051,18.0946
3080,-705.79,7.4501,18.0971
3081,-705.923,7.44969,18.0997
3082,-706.056,7.44928,18.1021
3083,-706.189,7.44887,18.1046
3084,-706.322,7.44846,18.1071
3085,-706.455,7.44805,18.1095
3086,-706.588,7.44764,18.112
3087,-706.721,7.44724,18.1144
3088,-706.854,7.44683,18.1168
3089,-706.987,7.44643,18.1192
3090,-707.12,7.44602,18.1217
3091,-707.253,7.44561,18.1241
3092,-707.386,7.44521,18.1266
3093,-707.519,7.44481,18.129
3094,-707.652,7.4444,18.1314
3095,-707.784,7.444,18.1338
3096,-707.917,7.4436,18.1363
3097,-708.05,7.4432,18.1387
3098,-708.183,7.44279,18.1412
3099,-708.316,7.44239,18.1437
3100,-708.449,7.44199,18.1461
3101,-708.582,7.44159,18.152
3102,-708.714,7.44119,18.1545
3103,-708.847,7.4408,18.157
3104,-708.98,7.4404,18.1594
3105,-709.113,7.44,18.1619
3106,-709.246,7.4396,18.1644
3107,-709.378,7.4392,18.1668
3108,-709.511,7.43881,18.1693
3109,-709.644,7.43841,18.1718
3110,-709.777,7.43802,18.1742
3111,-709.91,7.43762,18.1767
3112,-710.042,7.43723,18.1791
3113,-710.175,7.43683,18.1816
3114,-710.308,7.43644,18.184
3115,-710.44,7.43605,18.1865
3116,-710.573,7.43565,18.189
3117,-710.706,7.43526,18.1914
3118,-710.839,7.43487,18.1938
3119,-710.971,7.43448,18.1963
3120,-711.104,7.43409,18.1987
3121,-711.237,7.4337,18.2011
3122,-711.369,7.43331,18.2036
3123,-711.502,7.43292,18.206
3124,-711.635,7.43253,18.2085
3125,-711.767,7.43214,18.211
3126,-711.9,7.43175,18.2135
3127,-712.033,7.43137,18.2159
3128,-712.165,7.43098,18.2185
3129,-712.298,7.43059,18.2209
3130,-712.431,7.43021,18.2233
3131,-712.563,7.42982,18.2258
3132,-712.696,7.42944,18.2282
3133,-712.828,7.42905,18.2307
3134,-712.961,7.42867,18.2331
3135,-713.094,7.42829,18.2357
3136,-713.226,7.4279,18.2382
3137,-713.359,7.42752,18.2406
3138,-713.491,7.42714,18.2432
3139,-713.624,7.42676,18.2456
3140,-713.756,7.42638,18.248
3141,-713.889,7.42599,18.2504
3142,-714.021,7.42561,18.2528
3143,-714.154,7.42523,18.2552
3144,-714.287,7.42485,18.2577
3145,-714.419,7.42448,18.2601
3146,-714.552,7.4241,18.2625
3147,-714.684,7.42372,18.2649
3148,-714.817,7.42334,18.2673
3149,-714.949,7.42296,18.2697
3150,-715.081,7.42259,18.2718
3151,-715.214,7.42221,18.2767
3152,-715.346,7.42184,18.2789
3153,-715.479,7.42146,18.281
3154,-715.611,7.42109,18.2832
3155,-715.744,7.42071,18.2858
3156,-715.876,7.42034,18.288
3157,-716.009,7.41996,18.2906
3158,-716.141,7.41959,18.2931
3159,-716.273,7.41922,18.2956
3160,-716.406,7.41885,18.298
3161,-716.538,7.41848,18.3005
3162,-716.671,7.4181,18.3031
3163,-716.803,7.41773,18.3056
3164,-716.935,7.41736,18.3081
3165,-717.068,7.41699,18.3105
3166,-717.2,7.41662,18.313
3167,-717.333,7.41626,18.3155
3168,-717.465,7.41589,18.3179
3169,-717.597,7.41552,18.3203
3170,-717.73,7.41515,18.3227
3171,-717.862,7.41478,18.3252
3172,-717.994,7.41442,18.3276
3173,-718.127,7.41405,18.3301
3174,-718.259,7.41369,18.3325
3175,-718.391,7.41332,18.335
3176,-718.523,7.41296,18.3374
3177,-718.656,7.41259,18.3398
3178,-718.788,7.41223,18.3423
3179,-718.92,7.41186,18.3447
3180,-719.053,7.4115,18.347
3181,-719.185,7.41114,18.3495
3182,-719.317,7.41078,18.352
3183,-719.449,7.41041,18.3545
3184,-719.582,7.41005,18.3569
3185,-719.714,7.40969,18.3594
3186,-719.846,7.40933,18.3619
3187,-719.978,7.40897,18.3643
3188,-720.111,7.40861,18.3667
3189,-720.243,7.40825,18.3692
3190,-720.375,7.40789,18.3717
3191,-720.507,7.40753,18.3741
3192,-720.639,7.40718,18.3766
3193,-720.771,7.40682,18.379
3194,-720.904,7.40646,18.3815
3195,-721.036,7.4061,18.3839
3196,-721.168,7.40575,18.3864
3197,-721.3,7.40539,18.3888
3198,-721.432,7.40504,18.3911
3199,-721.564,7.40468,18.393
3200,-721.697,7.40433,18.3951
3201,-721.829,7.40397,18.4001
3202,-721.961,7.40362,18.4024
3203,-722.093,7.40327,18.4048
3204,-722.225,7.40291,18.407
3205,-722.357,7.40256,18.4094
3206,-722.489,7.40221,18.4119
3207,-722.621,7.40186,18.4143
3208,-722.753,7.40151,18.4167
3209,-722.886,7.40116,18.4191
3210,-723.018,7.40081,18.4216
3211,-723.15,7.40046,18.4241
3212,-723.282,7.40011,18.4266
3213,-723.414,7.39976,18.429
3214,-723.546,7.39941,18.4315
3215,-723.678,7.39906,18.4339
3216,-723.81,7.39871,18.4363
3217,-723.942,7.39837,18.4387
3218,-724.074,7.39802,18.4411
3219,-724.206,7.39767,18.4436
3220,-724.338,7.39733,18.446
3221,-724.47,7.39698,18.4484
3222,-724.602,7.39663,18.4509
3223,-724.734,7.39629,18.4533
3224,-724.866,7.39594,18.4558
3225,-724.998,7.3956,18.4581
3226,-725.13,7.39526,18.4607
3227,-725.262,7.39491,18.4631
3228,-725.394,7.39457,18.4655
3229,-725.526,7.39423,18.468
3230,-725.658,7.39389,18.4704
3231,-725.79,7.39354,18.4728
3232,-725.922,7.3932,18.4752
3233,-726.053,7.39286,18.4776
3234,-726.185,7.39252,18.48
3235,-726.317,7.39218,18.4824
3236,-726.449,7.39184,18.4849
3237,-726.581,7.3915,18.4873
3238,-726.713,7.39116,18.4897
3239,-726.845,7.39083,18.4921
3240,-726.977,7.39049,18.4945
3241,-727.109,7.39015,18.4969
3242,-727.24,7.38981,18.4994
3243,-727.372,7.38948,18.5018
3244,-727.504,7.38914,18.5042
3245,-727.636,7.3888,18.5067
3246,-727.768,7.38847,18.5091
3247,-727.9,7.38813,18.5115
3248,-728.032,7.3878,18.5141
3249,-728.163,7.38746,18.5166
3250,-728.295,7.38713,18.519
3251,-728.427,7.3868,18.5261
3252,-728.559,7.38646,18.529
3253,-728.691,7.38613,18.5314
3254,-728.822,7.3858,18.5339
3255,-728.954,7.38547,18.5362
3256,-729.086,7.38513,18.5387
3257,-729.218,7.3848,18.5411
3258,-729.35,7.38447,18.5436
3259,-729.481,7.38414,18.546
3260,-729.613,7.38381,18.5484
3261,-729.745,7.38348,18.5508
3262,-729.877,7.38315,18.5532
3263,-730.008,7.38282,18.5556
3264,-730.14,7.38249,18.5581
3265,-730.272,7.38217,18.5605
3266,-730.403,7.38184,18.5629
3267,-730.535,7.38151,18.5653
3268,-730.667,7.38118,18.5678
3269,-730.799,7.38086,18.5701
3270,-730.93,7.38053,18.5726
3271,-731.062,7.3802,18.575
3272,-731.194,7.37988,18.5774
3273,-731.325,7.37955,18.5799
3274,-731.457,7.37923,18.5823
3275,-731.589,7.3789,18.5847
3276,-731.72,7.37858,18.5871
3277,-731.852,7.37826,18.5895
3278,-731.984,7.37793,18.592
3279,-732.115,7.37761,18.5943
3280,-732.247,7.37729,18.5968
3281,-732.379,7.37697,18.5991
3282,-732.51,7.37664,18.6016
3283,-732.642,7.37632,18.6041
3284,-732.773,7.376,18.6065
3285,-732.905,7.37568,18.6089
3286,-733.037,7.37536,18.6113
3287,-733.168,7.37504,18.6138
3288,-733.3,7.37472,18.6161
3289,-733.431,7.3744,18.6183
3290,-733.563,7.37408,18.6203
3291,-733.695,7.37377,18.6223
3292,-733.826,7.37345,18.6244
3293,-733.958,7.37313,18.6264
3294,-734.089,7.37281,18.6285
3295,-734.221,7.3725,18.6308
3296,-734.352,7.37218,18.6332
3297,-734.484,7.37186,18.6353
3298,-734.615,7.37155,18.6377
3299,-734.747,7.37123,18.6401
3300,-734.878,7.37092,18.6426
3301,-735.01,7.3706,18.6486
3302,-735.141,7.37029,18.6512
3303,-735.273,7.36997,18.6536
3304,-735.404,7.36966,18.6561
3305,-735.536,7.36935,18.6586
3306,-735.667,7.36903,18.6611
3307,-735.799,7.36872,18.6636
3308,-735.93,7.36841,18.6659
3309,-736.062,7.3681,18.6683
3310,-736.193,7.36779,18.6708
3311,-736.325,7.36748,18.6733
3312,-736.456,7.36717,18.6757
3313,-736.588,7.36685,18.6782
3314,-736.719,7.36654,18.6806
3315,-736.851,7.36624,18.6831
3316,-736.982,7.36593,18.6855
3317,-737.113,7.36562,18.688
3318,-737.245,7.36531,18.6904
3319,-737.376,7.365,18.6928
3320,-737.508,7.36469,18.6953
3321,-737.639,7.36438,18.6977
3322,-737.77,7.36408,18.7001
3323,-737.902,7.36377,18.7025
3324,-738.033,7.36346,18.705
3325,-738.165,7.36316,18.7074
3326,-738.296,7.36285,18.7099
3327,-738.427,7.36255,18.7124
3328,-738.559,7.36224,18.7149
3329,-738.69,7.36194,18.7174
3330,-738.821,7.36163,18.7199
3331,-738.953,7.36133,18.7223
3332,-739.084,7.36103,18.7247
3333,-739.215,7.36072,18.7272
3334,-739.347,7.36042,18.7296
3335,-739.478,7.36012,18.732
3336,-739.609,7.35981,18.7345
3337,-739.741,7.35951,18.7371
3338,-739.872,7.35921,18.7396
3339,-740.003,7.35891,18.742
3340,-740.135,7.35861,18.7444
3341,-740.266,7.35831,18.7469
3342,-740.397,7.35801,18.7494
3343,-740.529,7.35771,18.7519
3344,-740.66,7.35741,18.7544
3345,-740.791,7.35711,18.7569
3346,-740.922,7.35681,18.7594
3347,-741.054,7.35651,18.7618
3348,-741.185,7.35621,18.7642
3349,-741.316,7.35592,18.7667
3350,-741.447,7.35562,18.7692
3351,-741.579,7.35532,18.7746
3352,-741.71,7.35503,18.7771
3353,-741.841,7.35473,18.785
3354,-741.972,7.35443,18.7877
3355,-742.103,7.35414,18.7901
3356,-742.235,7.35384,18.7926
3357,-742.366,7.35355,18.7951
3358,-742.497,7.35325,18.7976
3359,-742.628,7.35296,18.8
3360,-742.759,7.35266,18.8025
3361,-742.891,7.35237,18.805
3362,-743.022,7.35208,18.8075
3363,-743.153,7.35178,18.81
3364,-743.284,7.35149,18.8125
3365,-743.415,7.3512,18.8149
3366,-743.546,7.35091,18.8171
3367,-743.678,7.35062,18.8194
3368,-743.809,7.35032,18.8213
3369,-743.94,7.35003,18.8235
3370,-744.071,7.34974,18.8256
3371,-744.202,7.34945,18.8278
3372,-744.333,7.34916,18.8301
3373,-744.464,7.34887,18.8324
3374,-744.596,7.34858,18.8347
3375,-744.727,7.34829,18.8372
3376,-744.858,7.348,18.8396
3377,-744.989,7.34772,18.842
3378,-745.12,7.34743,18.8445
3379,-745.251,7.34714,18.8469
3380,-745.382,7.34685,18.8494
3381,-745.513,7.34657,18.8518
3382,-745.644,7.34628,18.8542
3383,-745.775,7.34599,18.8567
3384,-745.906,7.34571,18.8591
3385,-746.037,7.34542,18.8615
3386,-746.168,7.34513,18.8639
3387,-746.3,7.34485,18.8664
3388,-746.431,7.34456,18.8689
3389,-746.562,7.34428,18.8713
3390,-746.693,7.344,18.8738
3391,-746.824,7.34371,18.8763
3392,-746.955,7.34343,18.8787
3393,-747.086,7.34314,18.8812
3394,-747.217,7.34286,18.8836
3395,-747.348,7.34258,18.8861
3396,-747.479,7.3423,18.8886
3397,-747.61,7.34202,18.891
3398,-747.741,7.34173,18.8936
3399,-747.872,7.34145,18.896
3400,-748.003,7.34117,18.8984
3401,-748.134,7.34089,18.9045
3402,-748.265,7.34061,18.907
3403,-748.396,7.34033,18.9094
3404,-748.527,7.34005,18.9118
3405,-748.658,7.33977,18.9142
3406,-748.788,7.33949,18.9167
3407,-748.919,7.33921,18.9191
3408,-749.05,7.33893,18.9215
3409,-749.181,7.33866,18.924
3410,-749.312,7.33838,18.9262
3411,-749.443,7.3381,18.9284
3412,-749.574,7.33782,18.9303
3413,-749.705,7.33755,18.9324
3414,-749.836,7.33727,18.9344
3415,-749.967,7.33699,18.9365
3416,-750.098,7.33672,18.9388
3417,-750.229,7.33644,18.9412
3418,-750.359,7.33617,18.9434
3419,-750.49,7.33589,18.9459
3420,-750.621,7.33562,18.9483
3421,-750.752,7.33534,18.9507
3422,-750.883,7.33507,18.9532
3423,-751.014,7.33479,18.9556
3424,-751.145,7.33452,18.958
3425,-751.276,7.33425,18.9604
3426,-751.406,7.33397,18.9629
3427,-751.537,7.3337,18.9654
3428,-751.668,7.33343,18.9678
3429,-751.799,7.33315,18.9702
3430,-751.93,7.33288,18.9727
3431,-752.061,7.33261,18.9751
3432,-752.191,7.33234,18.9775
3433,-752.322,7.33207,18.9798
3434,-752.453,7.3318,18.9822
3435,-752.584,7.33153,18.9847
3436,-752.715,7.33126,18.9872
3437,-752.845,7.33099,18.9897
3438,-752.976,7.33072,18.9921
3439,-753.107,7.33045,18.9946
3440,-753.238,7.33018,18.997
3441,-753.369,7.32991,18.9995
3442,-753.499,7.32964,19.002
3443,-753.63,7.32938,19.0044
3444,-753.761,7.32911,19.0069
3445,-753.892,7.32884,19.0093
3446,-754.022,7.32857,19.0118
3447,-754.153,7.32831,19.0142
3448,-754.284,7.32804,19.0167
3449,-754.415,7.32778,19.019
3450,-754.545,7.32751,19.0215
3451,-754.676,7.32724,19.0274
3452,-754.807,7.32698,19.0299
3453,-754.938,7.32671,19.0324
3454,-755.068,7.32645,19.0348
3455,-755.199,7.32618,19.0373
3456,-755.33,7.32592,19.0397
3457,-755.46,7.32566,19.0421
3458,-755.591,7.32539,19.0446
3459,-755.722,7.32513,19.047
3460,-755.852,7.32487,19.0494
3461,-755.983,7.3246,19.0518
3462,-756.114,7.32434,19.0542
3463,-756.244,7.32408,19.0565
3464,-756.375,7.32382,19.0589
3465,-756.506,7.32356,19.0613
3466,-756.636,7.32329,19.0638
3467,-756.767,7.32303,19.0662
3468,-756.898,7.32277,19.0686
3469,-757.028,7.32251,19.071
3470,-757.159,7.32225,19.0734
3471,-757.29,7.32199,19.0758
3472,-757.42,7.32173,19.0783
3473,-757.551,7.32147,19.0807
3474,-757.682,7.32121,19.0832
3475,-757.812,7.32096,19.0856
3476,-757.943,7.3207,19.088
3477,-758.073,7.32044,19.0905
3478,-758.204,7.32018,19.0929
3479,-758.335,7.31992,19.0953
3480,-758.465,7.31967,19.0978
3481,-758.596,7.31941,19.1002
3482,-758.726,7.31915,19.1026
3483,-758.857,7.3189,19.105
3484,-758.988,7.31864,19.1074
3485,-759.118,7.31838,19.1099
3486,-759.249,7.31813,19.1124
3487,-759.379,7.31787,19.1149
3488,-759.51,7.31762,19.1173
3489,-759.64,7.31736,19.1198
3490,-759.771,7.31711,19.1222
3491,-759.901,7.31685,19.1246
3492,-760.032,7.3166,19.127
3493,-760.163,7.31635,19.1295
3494,-760.293,7.31609,19.1319
3495,-760.424,7.31584,19.1343
3496,-760.554,7.31559,19.1368
3497,-760.685,7.31533,19.1392
3498,-760.815,7.31508,19.1416
3499,-760.946,7.31483,19.144
3500,-761.076,7.31458,19.1465
3501,-761.207,7.31433,19.1536
3502,-761.337,7.31408,19.1565
3503,-761.468,7.31382,19.1591
3504,-761.598,7.31357,19.1615
3505,-761.729,7.31332,19.164
3506,-761.859,7.31307,19.1665
3507,-761.99,7.31282,19.1689
3508,-762.12,7.31257,19.1714
3509,-762.25,7.31232,19.1738
3510,-762.381,7.31207,19.1762
3511,-762.511,7.31183,19.1787
3512,-762.642,7.31158,19.1813
3513,-762.772,7.31133,19.1837
3514,-762.903,7.31108,19.1862
3515,-763.033,7.31083,19.1887
3516,-763.164,7.31059,19.1912
3517,-763.294,7.31034,19.1937
3518,-763.424,7.31009,19.1961
3519,-763.555,7.30984,19.1986
3520,-763.685,7.3096,19.2011
3521,-763.816,7.30935,19.2035
3522,-763.946,7.30911,19.206
3523,-764.076,7.30886,19.2084
3524,-764.207,7.30862,19.2109
3525,-764.337,7.30837,19.2134
3526,-764.468,7.30813,19.2158
3527,-764.598,7.30788,19.2183
3528,-764.728,7.30764,19.2207
3529,-764.859,7.30739,19.2232
3530,-764.989,7.30715,19.2256
3531,-765.12,7.3069,19.2281
3532,-765.25,7.30666,19.2307
3533,-765.38,7.30642,19.2332
3534,-765.511,7.30618,19.2357
3535,-765.641,7.30593,19.2382
3536,-765.771,7.30569,19.2407
3537,-765.902,7.30545,19.2432
3538,-766.032,7.30521,19.2456
3539,-766.162,7.30496,19.2482
3540,-766.293,7.30472,19.2507
3541,-766.423,7.30448,19.253
3542,-766.553,7.30424,19.2554
3543,-766.684,7.304,19.2579
3544,-766.814,7.30376,19.2604
3545,-766.944,7.30352,19.2629
3546,-767.074,7.30328,19.2654
3547,-767.205,7.30304,19.2678
3548,-767.335,7.3028,19.2703
3549,-767.465,7.30256,19.2728
3550,-767.596,7.30232,19.2751
3551,-767.726,7.30209,19.2806
3552,-767.856,7.30185,19.2827
3553,-767.986,7.30161,19.2845
3554,-768.117,7.30137,19.2867
3555,-768.247,7.30113,19.2888
3556,-768.377,7.3009,19.2908
3557,-768.508,7.30066,19.293
3558,-768.638,7.30042,19.2951
3559,-768.768,7.30019,19.2972
3560,-768.898,7.29995,19.2995
3561,-769.029,7.29972,19.3018
3562,-769.159,7.29948,19.304
3563,-769.289,7.29924,19.3064
3564,-769.419,7.29901,19.3088
3565,-769.549,7.29877,19.3112
3566,-769.68,7.29854,19.3137
3567,-769.81,7.2983,19.3162
3568,-769.94,7.29807,19.3187
3569,-770.07,7.29784,19.3211
3570,-770.2,7.2976,19.3236
3571,-770.331,7.29737,19.326
3572,-770.461,7.29714,19.3285
3573,-770.591,7.2969,19.3309
3574,-770.721,7.29667,19.3334
3575,-770.851,7.29644,19.3358
3576,-770.982,7.2962,19.3382
3577,-771.112,7.29597,19.3407
3578,-771.242,7.29574,19.3432
3579,-771.372,7.29551,19.3457
3580,-771.502,7.29528,19.3481
3581,-771.632,7.29505,19.3505
3582,-771.763,7.29482,19.353
3583,-771.893,7.29459,19.3554
3584,-772.023,7.29435,19.3578
3585,-772.153,7.29412,19.3603
3586,-772.283,7.29389,19.3627
3587,-772.413,7.29366,19.3652
3588,-772.543,7.29344,19.3676
3589,-772.673,7.29321,19.37
3590,-772.804,7.29298,19.3724
3591,-772.934,7.29275,19.3749
3592,-773.064,7.29252,19.3774
3593,-773.194,7.29229,19.3796
3594,-773.324,7.29206,19.3817
3595,-773.454,7.29184,19.3837
3596,-773.584,7.29161,19.3855
3597,-773.714,7.29138,19.3873
3598,-773.844,7.29115,19.3891
3599,-773.974,7.29093,19.391
3600,-774.105,7.2907,19.3928
3601,-774.235,7.29047,19.3996
3602,-774.365,7.29025,19.4022
3603,-774.495,7.29002,19.4043
3604,-774.625,7.2898,19.4065
3605,-774.755,7.28957,19.4087
3606,-774.885,7.28935,19.4106
3607,-775.015,7.28912,19.4129
3608,-775.145,7.2889,19.4155
3609,-775.275,7.28867,19.4175
3610,-775.405,7.28845,19.4194
3611,-775.535,7.28822,19.4217
3612,-775.665,7.288,19.4235
3613,-775.795,7.28778,19.4255
3614,-775.925,7.28755,19.4272
3615,-776.055,7.28733,19.4292
3616,-776.185,7.28711,19.4312
3617,-776.315,7.28688,19.4333
3618,-776.445,7.28666,19.4352
3619,-776.575,7.28644,19.437
3620,-776.705,7.28622,19.4392
3621,-776.835,7.28599,19.4413
3622,-776.965,7.28577,19.4434
3623,-777.095,7.28555,19.4453
3624,-777.225,7.28533,19.4474
3625,-777.355,7.28511,19.4494
3626,-777.485,7.28489,19.4517
3627,-777.615,7.28467,19.4653
3628,-777.745,7.28445,19.4695
3629,-777.875,7.28423,19.4819
3630,-778.005,7.28401,19.4843
3631,-778.135,7.28379,19.4867
3632,-778.265,7.28357,19.489
3633,-778.395,7.28335,19.4913
3634,-778.525,7.28313,19.4937
3635,-778.655,7.28291,19.4963
3636,-778.785,7.28269,19.4984
3637,-778.915,7.28248,19.5004
3638,-779.045,7.28226,19.5027
3639,-779.174,7.28204,19.5048
3640,-779.304,7.28182,19.5066
3641,-779.434,7.28161,19.5084
3642,-779.564,7.28139,19.5104
3643,-779.694,7.28117,19.5126
3644,-779.824,7.28096,19.5148
3645,-779.954,7.28074,19.5171
3646,-780.084,7.28052,19.519
3647,-780.214,7.28031,19.521
3648,-780.344,7.28009,19.5232
3649,-780.473,7.27987,19.5251
3650,-780.603,7.27966,19.527
3651,-780.733,7.27944,19.5355
3652,-780.863,7.27923,19.5377
3653,-780.993,7.27901,19.5397
3654,-781.123,7.2788,19.5418
3655,-781.253,7.27859,19.544
3656,-781.383,7.27837,19.546
3657,-781.512,7.27816,19.5484
3658,-781.642,7.27794,19.5506
3659,-781.772,7.27773,19.5528
3660,-781.902,7.27752,19.555
3661,-782.032,7.2773,19.5572
3662,-782.162,7.27709,19.5593
3663,-782.291,7.27688,19.5615
3664,-782.421,7.27667,19.5637
3665,-782.551,7.27645,19.566
3666,-782.681,7.27624,19.5681
3667,-782.811,7.27603,19.5702
3668,-782.941,7.27582,19.5723
3669,-783.07,7.27561,19.5745
3670,-783.2,7.2754,19.5769
3671,-783.33,7.27519,19.5791
3672,-783.46,7.27498,19.5812
3673,-783.59,7.27477,19.5832
3674,-783.719,7.27455,19.5852
3675,-783.849,7.27434,19.5872
3676,-783.979,7.27414,19.5893
3677,-784.109,7.27393,19.5913
3678,-784.238,7.27372,19.5935
3679,-784.368,7.27351,19.5956
3680,-784.498,7.2733,19.5977
3681,-784.628,7.27309,19.5998
3682,-784.758,7.27288,19.6019
3683,-784.887,7.27267,19.6042
3684,-785.017,7.27246,19.6066
3685,-785.147,7.27226,19.609
3686,-785.277,7.27205,19.6111
3687,-785.406,7.27184,19.613
3688,-785.536,7.27163,19.615
3689,-785.666,7.27143,19.6171
3690,-785.795,7.27122,19.6192
3691,-785.925,7.27101,19.6215
3692,-786.055,7.27081,19.6235
3693,-786.185,7.2706,19.6254
3694,-786.314,7.27039,19.6273
3695,-786.444,7.27019,19.6294
3696,-786.574,7.26998,19.6315
3697,-786.703,7.26978,19.6336
3698,-786.833,7.26957,19.6358
3699,-786.963,7.26937,19.6379
3700,-787.093,7.26916,19.6398
3701,-787.222,7.26896,19.6465
3702,-787.352,7.26875,19.649
3703,-787.482,7.26855,19.6511
3704,-787.611,7.26834,19.6533
3705,-787.741,7.26814,19.6555
3706,-787.871,7.26794,19.6576
3707,-788,7.26773,19.6596
3708,-788.13,7.26753,19.6617
3709,-788.26,7.26733,19.6636
3710,-788.389,7.26712,19.6657
3711,-788.519,7.26692,19.6678
3712,-788.649,7.26672,19.6699
3713,-788.778,7.26651,19.6719
3714,-788.908,7.26631,19.674
3715,-789.038,7.26611,19.676
3716,-789.167,7.26591,19.6781
3717,-789.297,7.26571,19.6803
3718,-789.426,7.26551,19.6823
3719,-789.556,7.2653,19.6842
3720,-789.686,7.2651,19.6862
3721,-789.815,7.2649,19.6883
3722,-789.945,7.2647,19.6904
3723,-790.074,7.2645,19.6926
3724,-790.204,7.2643,19.6947
3725,-790.334,7.2641,19.6967
3726,-790.463,7.2639,19.6989
3727,-790.593,7.2637,19.7009
3728,-790.722,7.2635,19.7031
3729,-790.852,7.2633,19.7053
3730,-790.982,7.2631,19.7073
3731,-791.111,7.26291,19.7092
3732,-791.241,7.26271,19.7113
3733,-791.37,7.26251,19.7131
3734,-791.5,7.26231,19.7149
3735,-791.63,7.26211,19.7169
3736,-791.759,7.26191,19.719
3737,-791.889,7.26172,19.7212
3738,-792.018,7.26152,19.7233
3739,-792.148,7.26132,19.7255
3740,-792.277,7.26113,19.7275
3741,-792.407,7.26093,19.7292
3742,-792.536,7.26073,19.7317
3743,-792.666,7.26053,19.7341
3744,-792.795,7.26034,19.7365
3745,-792.925,7.26014,19.7389
3746,-793.055,7.25995,19.7413
3747,-793.184,7.25975,19.7438
3748,-793.314,7.25956,19.7463
3749,-793.443,7.25936,19.7488
3750,-793.573,7.25916,19.7514
3751,-793.702,7.25897,19.7588
3752,-793.832,7.25877,19.7614
3753,-793.961,7.25858,19.7639
3754,-794.091,7.25839,19.7664
3755,-794.22,7.25819,19.7688
3756,-794.35,7.258,19.7712
3757,-794.479,7.2578,19.7736
3758,-794.609,7.25761,19.7761
3759,-794.738,7.25742,19.7786
3760,-794.868,7.25722,19.781
3761,-794.997,7.25703,19.7834
3762,-795.127,7.25684,19.7858
3763,-795.256,7.25664,19.7883
3764,-795.385,7.25645,19.7908
3765,-795.515,7.25626,19.7932
3766,-795.644,7.25607,19.7956
3767,-795.774,7.25587,19.798
3768,-795.903,7.25568,19.8005
3769,-796.033,7.25549,19.803
3770,-796.162,7.2553,19.8055
3771,-796.292,7.25511,19.8079
3772,-796.421,7.25492,19.8104
3773,-796.551,7.25473,19.8128
3774,-796.68,7.25453,19.8153
3775,-796.809,7.25434,19.8177
3776,-796.939,7.25415,19.8201
3777,-797.068,7.25396,19.8226
3778,-797.198,7.25377,19.825
3779,-797.327,7.25358,19.8274
3780,-797.456,7.25339,19.8298
3781,-797.586,7.2532,19.8322
3782,-797.715,7.25301,19.8348
3783,-797.845,7.25282,19.8372
3784,-797.974,7.25264,19.8397
3785,-798.103,7.25245,19.8421
3786,-798.233,7.25226,19.8445
3787,-798.362,7.25207,19.8469
3788,-798.492,7.25188,19.8493
3789,-798.621,7.25169,19.8517
3790,-798.75,7.25151,19.8541
3791,-798.88,7.25132,19.8566
3792,-799.009,7.25113,19.859
3793,-799.139,7.25094,19.8614
3794,-799.268,7.25076,19.8638
3795,-799.397,7.25057,19.8662
3796,-799.527,7.25038,19.8689
3797,-799.656,7.25019,19.8714
3798,-799.785,7.25001,19.8738
3799,-799.915,7.24982,19.8762
3800,-800.044,7.24964,19.8787
3801,-800.173,7.24945,19.8844
3802,-800.303,7.24926,19.8869
3803,-800.432,7.24908,19.8894
3804,-800.561,7.24889,19.8919
3805,-800.691,7.24871,19.8944
3806,-800.82,7.24852,19.8969
3807,-800.949,7.24834,19.8994
3808,-801.079,7.24815,19.9018
3809,-801.208,7.24797,19.9044
3810,-801.337,7.24778,19.9069
3811,-801.467,7.2476,19.9093
3812,-801.596,7.24741,19.9117
3813,-801.725,7.24723,19.914
3814,-801.854,7.24705,19.9164
3815,-801.984,7.24686,19.9184
3816,-802.113,7.24668,19.9209
3817,-802.242,7.2465,19.9231
3818,-802.372,7.24631,19.9256
3819,-802.501,7.24613,19.9281
3820,-802.63,7.24595,19.9308
3821,-802.759,7.24576,19.9333
3822,-802.889,7.24558,19.9358
3823,-803.018,7.2454,19.9383
3824,-803.147,7.24522,19.9407
3825,-803.277,7.24504,19.9431
3826,-803.406,7.24485,19.9456
3827,-803.535,7.24467,19.948
3828,-803.664,7.24449,19.9504
3829,-803.794,7.24431,19.9529
3830,-803.923,7.24413,19.9553
3831,-804.052,7.24395,19.9577
3832,-804.181,7.24377,19.9602
3833,-804.311,7.24359,19.9626
3834,-804.44,7.24341,19.9651
3835,-804.569,7.24323,19.9675
3836,-804.698,7.24304,19.9699
3837,-804.827,7.24286,19.9724
3838,-804.957,7.24269,19.9747
3839,-805.086,7.24251,19.9772
3840,-805.215,7.24233,19.9797
3841,-805.344,7.24215,19.9822
3842,-805.473,7.24197,19.9846
3843,-805.603,7.24179,19.9871
3844,-805.732,7.24161,19.9895
3845,-805.861,7.24143,19.9919
3846,-805.99,7.24125,19.9943
3847,-806.119,7.24107,19.9968
3848,-806.249,7.2409,19.9992
3849,-806.378,7.24072,20.0016
3850,-806.507,7.24054,20.0041
3851,-806.636,7.24036,20.0263
3852,-806.765,7.24018,20.0305
3853,-806.895,7.24001,20.0337
3854,-807.024,7.23983,20.0365
3855,-807.153,7.23965,20.039
3856,-807.282,7.23948,20.0417
3857,-807.411,7.2393,20.0442
3858,-807.54,7.23912,20.0466
3859,-807.669,7.23895,20.0491
3860,-807.799,7.23877,20.0516
3861,-807.928,7.23859,20.054
3862,-808.057,7.23842,20.0565
3863,-808.186,7.23824,20.0589
3864,-808.315,7.23807,20.0613
3865,-808.444,7.23789,20.0638
3866,-808.573,7.23772,20.0662
3867,-808.703,7.23754,20.0684
3868,-808.832,7.23737,20.0706
3869,-808.961,7.23719,20.0725
3870,-809.09,7.23702,20.0745
3871,-809.219,7.23684,20.0764
3872,-809.348,7.23667,20.0785
3873,-809.477,7.23649,20.0806
3874,-809.606,7.23632,20.0829
3875,-809.735,7.23615,20.0851
3876,-809.865,7.23597,20.0875
3877,-809.994,7.2358,20.0899
3878,-810.123,7.23562,20.0924
3879,-810.252,7.23545,20.0948
3880,-810.381,7.23528,20.0973
3881,-810.51,7.23511,20.0997
3882,-810.639,7.23493,20.1022
3883,-810.768,7.23476,20.1046
3884,-810.897,7.23459,20.107
3885,-811.026,7.23441,20.1094
3886,-811.155,7.23424,20.1119
3887,-811.284,7.23407,20.1143
3888,-811.414,7.2339,20.1167
3889,-811.543,7.23373,20.1191
3890,-811.672,7.23356,20.1215
3891,-811.801,7.23338,20.1239
3892,-811.93,7.23321,20.1263
3893,-812.059,7.23304,20.1288
3894,-812.188,7.23287,20.1312
3895,-812.317,7.2327,20.1337
3896,-812.446,7.23253,20.1361
3897,-812.575,7.23236,20.1386
3898,-812.704,7.23219,20.1558
3899,-812.833,7.23202,20.1591
3900,-812.962,7.23185,20.1617
3901,-813.091,7.23168,20.1802
3902,-813.22,7.23151,20.1843
3903,-813.349,7.23134,20.188
3904,-813.478,7.23117,20.1911
3905,-813.607,7.231,20.2077
3906,-813.736,7.23083,20.2105
3907,-813.865,7.23066,20.2131
3908,-813.994,7.23049,20.2156
3909,-814.123,7.23032,20.2181
3910,-814.252,7.23016,20.2206
3911,-814.381,7.22999,20.2232
3912,-814.51,7.22982,20.2258
3913,-814.639,7.22965,20.2284
3914,-814.768,7.22948,20.2309
3915,-814.897,7.22931,20.2335
3916,-815.026,7.22915,20.236
3917,-815.155,7.22898,20.2387
3918,-815.284,7.22881,20.2412
3919,-815.413,7.22864,20.2438
3920,-815.542,7.22848,20.2463
3921,-815.671,7.22831,20.2487
3922,-815.8,7.22814,20.2512
3923,-815.929,7.22798,20.2538
3924,-816.058,7.22781,20.2563
3925,-816.187,7.22764,20.2587
3926,-816.316,7.22748,20.2612
3927,-816.444,7.22731,20.2636
3928,-816.573,7.22715,20.2661
3929,-816.702,7.22698,20.2686
3930,-816.831,7.22681,20.2711
3931,-816.96,7.22665,20.2736
3932,-817.089,7.22648,20.2761
3933,-817.218,7.22632,20.2786
3934,-817.347,7.22615,20.281
3935,-817.476,7.22599,20.2835
3936,-817.605,7.22582,20.286
3937,-817.734,7.22566,20.2885
3938,-817.863,7.22549,20.2909
3939,-817.992,7.22533,20.2933
3940,-818.12,7.22517,20.2958
3941,-818.249,7.225,20.2983
3942,-818.378,7.22484,20.3008
3943,-818.507,7.22467,20.3032
3944,-818.636,7.22451,20.3058
3945,-818.765,7.22435,20.3082
3946,-818.894,7.22418,20.3106
3947,-819.023,7.22402,20.3131
3948,-819.152,7.22386,20.3156
3949,-819.28,7.22369,20.3181
3950,-819.409,7.22353,20.3205
3951,-819.538,7.22337,20.3379
3952,-819.667,7.22321,20.3419
3953,-819.796,7.22304,20.3452
3954,-819.925,7.22288,20.348
3955,-820.054,7.22272,20.3504
3956,-820.182,7.22256,20.3528
3957,-820.311,7.22239,20.3548
3958,-820.44,7.22223,20.357
3959,-820.569,7.22207,20.359
3960,-820.698,7.22191,20.3611
3961,-820.827,7.22175,20.3633
3962,-820.956,7.22159,20.3657
3963,-821.084,7.22143,20.3682
3964,-821.213,7.22126,20.3706
3965,-821.342,7.2211,20.373
3966,-821.471,7.22094,20.3755
3967,-821.6,7.22078,20.378
3968,-821.729,7.22062,20.3806
3969,-821.857,7.22046,20.383
3970,-821.986,7.2203,20.3855
3971,-822.115,7.22014,20.3879
3972,-822.244,7.21998,20.3903
3973,-822.373,7.21982,20.3928
3974,-822.501,7.21966,20.3953
3975,-822.63,7.2195,20.3977
3976,-822.759,7.21934,20.4002
3977,-822.888,7.21919,20.4027
3978,-823.017,7.21903,20.4051
3979,-823.145,7.21887,20.4076
3980,-823.274,7.21871,20.41
3981,-823.403,7.21855,20.4126
3982,-823.532,7.21839,20.4151
3983,-823.66,7.21823,20.4176
3984,-823.789,7.21807,20.42
3985,-823.918,7.21792,20.4225
3986,-824.047,7.21776,20.425
3987,-824.176,7.2176,20.4274
3988,-824.304,7.21744,20.4299
3989,-824.433,7.21729,20.4323
3990,-824.562,7.21713,20.4347
3991,-824.691,7.21697,20.4372
3992,-824.819,7.21681,20.4396
3993,-824.948,7.21666,20.4421
3994,-825.077,7.2165,20.4445
3995,-825.206,7.21634,20.4469
3996,-825.334,7.21619,20.4491
3997,-825.463,7.21603,20.451
3998,-825.592,7.21587,20.453
3999,-825.72,7.21572,20.4551
4000,-825.849,7.21556,20.457
4001,-825.978,7.21541,20.4636
4002,-826.107,7.21525,20.4659
4003,-826.235,7.21509,20.4685
4004,-826.364,7.21494,20.4709
4005,-826.493,7.21478,20.4734
4006,-826.621,7.21463,20.4759
4007,-826.75,7.21447,20.4783
4008,-826.879,7.21432,20.4808
4009,-827.008,7.21416,20.4832
4010,-827.136,7.21401,20.4857
4011,-827.265,7.21385,20.4881
4012,-827.394,7.2137,20.4906
4013,-827.522,7.21354,20.493
4014,-827.651,7.21339,20.4954
4015,-827.78,7.21323,20.4979
4016,-827.908,7.21308,20.5002
4017,-828.037,7.21293,20.5026
4018,-828.166,7.21277,20.511
4019,-828.294,7.21262,20.5151
4020,-828.423,7.21247,20.5188
4021,-828.552,7.21231,20.5222
4022,-828.68,7.21216,20.525
4023,-828.809,7.21201,20.5277
4024,-828.938,7.21185,20.5303
4025,-829.066,7.2117,20.5327
4026,-829.195,7.21155,20.5354
4027,-829.324,7.21139,20.538
4028,-829.452,7.21124,20.5404
4029,-829.581,7.21109,20.543
4030,-829.71,7.21094,20.5454
4031,-829.838,7.21078,20.548
4032,-829.967,7.21063,20.5505
4033,-830.096,7.21048,20.5531
4034,-830.224,7.21033,20.5555
4035,-830.353,7.21018,20.558
4036,-830.481,7.21003,20.5606
4037,-830.61,7.20987,20.563
4038,-830.739,7.20972,20.5656
4039,-830.867,7.20957,20.568
4040,-830.996,7.20942,20.5706
4041,-831.124,7.20927,20.5731
4042,-831.253,7.20912,20.5756
4043,-831.382,7.20897,20.578
4044,-831.51,7.20882,20.5805
4045,-831.639,7.20867,20.5829
4046,-831.767,7.20852,20.5853
4047,-831.896,7.20837,20.5878
4048,-832.025,7.20822,20.5902
4049,-832.153,7.20807,20.5927
4050,-832.282,7.20792,20.5952
4051,-832.41,7.20777,20.6122
4052,-832.539,7.20762,20.6164
4053,-832.668,7.20747,20.62
4054,-832.796,7.20732,20.6233
4055,-832.925,7.20717,20.6263
4056,-833.053,7.20702,20.6288
4057,-833.182,7.20687,20.6314
4058,-833.31,7.20672,20.634
4059,-833.439,7.20657,20.6367
4060,-833.568,7.20642,20.6391
4061,-833.696,7.20627,20.6416
4062,-833.825,7.20613,20.6441
4063,-833.953,7.20598,20.6465
4064,-834.082,7.20583,20.6491
4065,-834.21,7.20568,20.6516
4066,-834.339,7.20553,20.6541
4067,-834.467,7.20539,20.6565
4068,-834.596,7.20524,20.6589
4069,-834.724,7.20509,20.6613
4070,-834.853,7.20494,20.6638
4071,-834.981,7.2048,20.6663
4072,-835.11,7.20465,20.6687
4073,-835.238,7.2045,20.6712
4074,-835.367,7.20435,20.6737
4075,-835.496,7.20421,20.6761
4076,-835.624,7.20406,20.6786
4077,-835.753,7.20391,20.681
4078,-835.881,7.20377,20.6835
4079,-836.01,7.20362,20.6859
4080,-836.138,7.20347,20.6884
4081,-836.267,7.20333,20.6908
4082,-836.395,7.20318,20.6932
4083,-836.524,7.20304,20.6956
4084,-836.652,7.20289,20.6978
4085,-836.781,7.20274,20.6998
4086,-836.909,7.2026,20.7018
4087,-837.037,7.20245,20.7039
4088,-837.166,7.20231,20.7061
4089,-837.294,7.20216,20.7084
4090,-837.423,7.20202,20.7108
4091,-837.551,7.20187,20.7129
4092,-837.68,7.20173,20.7154
4093,-837.808,7.20158,20.7177
4094,-837.937,7.20144,20.7202
4095,-838.065,7.20129,20.7228
4096,-838.194,7.20115,20.7253
4097,-838.322,7.201,20.7279
4098,-838.451,7.20086,20.7303
4099,-838.579,7.20072,20.7329
4100,-838.708,7.20057,20.7354
4101,-838.836,7.20043,20.742
4102,-838.964,7.20028,20.7446
4103,-839.093,7.20014,20.747
4104,-839.221,7.2,20.749
4105,-839.35,7.19985,20.7514
4106,-839.478,7.19971,20.7535
4107,-839.607,7.19957,20.7557
4108,-839.735,7.19942,20.7579
4109,-839.863,7.19928,20.7603
4110,-839.992,7.19914,20.7625
4111,-840.12,7.19899,20.765
4112,-840.249,7.19885,20.7674
4113,-840.377,7.19871,20.7698
4114,-840.505,7.19857,20.7723
4115,-840.634,7.19842,20.7747
4116,-840.762,7.19828,20.7772
4117,-840.891,7.19814,20.7796
4118,-841.019,7.198,20.7821
4119,-841.147,7.19786,20.7846
4120,-841.276,7.19771,20.7871
4121,-841.404,7.19757,20.7895
4122,-841.533,7.19743,20.7919
4123,-841.661,7.19729,20.7943
4124,-841.789,7.19715,20.7968
4125,-841.918,7.19701,20.7992
4126,-842.046,7.19687,20.8017
4127,-842.175,7.19672,20.8041
4128,-842.303,7.19658,20.8066
4129,-842.431,7.19644,20.809
4130,-842.56,7.1963,20.8114
4131,-842.688,7.19616,20.8139
4132,-842.816,7.19602,20.8163
4133,-842.945,7.19588,20.8187
4134,-843.073,7.19574,20.8212
4135,-843.201,7.1956,20.8236
4136,-843.33,7.19546,20.8261
4137,-843.458,7.19532,20.8286
4138,-843.586,7.19518,20.831
4139,-843.715,7.19504,20.8334
4140,-843.843,7.1949,20.8359
4141,-843.972,7.19476,20.8383
4142,-844.1,7.19462,20.8408
4143,-844.228,7.19448,20.8433
4144,-844.356,7.19434,20.8457
4145,-844.485,7.1942,20.8481
4146,-844.613,7.19406,20.8505
4147,-844.741,7.19392,20.8529
4148,-844.87,7.19379,20.8553
4149,-844.998,7.19365,20.8577
4150,-845.126,7.19351,20.8602
4151,-845.255,7.19337,20.865
4152,-845.383,7.19323,20.8675
4153,-845.511,7.19309,20.8699
4154,-845.64,7.19296,20.8724
4155,-845.768,7.19282,20.8748
4156,-845.896,7.19268,20.8772
4157,-846.025,7.19254,20.8796
4158,-846.153,7.1924,20.882
4159,-846.281,7.19227,20.8845
4160,-846.409,7.19213,20.887
4161,-846.538,7.19199,20.8894
4162,-846.666,7.19185,20.8918
4163,-846.794,7.19172,20.8942
4164,-846.923,7.19158,20.8966
4165,-847.051,7.19144,20.899
4166,-847.179,7.1913,20.9013
4167,-847.307,7.19117,20.9032
4168,-847.436,7.19103,20.9053
4169,-847.564,7.19089,20.9074
4170,-847.692,7.19076,20.9094
4171,-847.82,7.19062,20.9114
4172,-847.949,7.19048,20.9137
4173,-848.077,7.19035,20.9161
4174,-848.205,7.19021,20.9183
4175,-848.333,7.19008,20.9207
4176,-848.462,7.18994,20.9232
4177,-848.59,7.1898,20.9256
4178,-848.718,7.18967,20.928
4179,-848.846,7.18953,20.9304
4180,-848.975,7.1894,20.9329
4181,-849.103,7.18926,20.9462
4182,-849.231,7.18913,20.9487
4183,-849.359,7.18899,20.9512
4184,-849.487,7.18886,20.9537
4185,-849.616,7.18872,20.9562
4186,-849.744,7.18859,20.9587
4187,-849.872,7.18845,20.9611
4188,-850,7.18832,20.9636
4189,-850.129,7.18818,20.9661
4190,-850.257,7.18805,20.9686
4191,-850.385,7.18791,20.971
4192,-850.513,7.18778,20.9734
4193,-850.641,7.18764,20.9759
4194,-850.77,7.18751,20.9784
4195,-850.898,7.18738,20.9808
4196,-851.026,7.18724,20.9833
4197,-851.154,7.18711,20.9858
4198,-851.282,7.18697,20.9883
4199,-851.411,7.18684,20.9907
4200,-851.539,7.18671,20.9933
4201,-851.667,7.18657,20.998
4202,-851.795,7.18644,21.0005
4203,-851.923,7.18631,21.0029
4204,-852.051,7.18617,21.0054
4205,-852.18,7.18604,21.0079
4206,-852.308,7.18591,21.0104
4207,-852.436,7.18577,21.0129
4208,-852.564,7.18564,21.0153
4209,-852.692,7.18551,21.0177
4210,-852.82,7.18538,21.0202
4211,-852.949,7.18524,21.0227
4212,-853.077,7.18511,21.0252
4213,-853.205,7.18498,21.0278
4214,-853.333,7.18485,21.0302
4215,-853.461,7.18471,21.0326
4216,-853.589,7.18458,21.035
4217,-853.717,7.18445,21.0374
4218,-853.846,7.18432,21.0399
4219,-853.974,7.18419,21.0424
4220,-854.102,7.18406,21.045
4221,-854.23,7.18392,21.0477
4222,-854.358,7.18379,21.0503
4223,-854.486,7.18366,21.0529
4224,-854.614,7.18353,21.0554
4225,-854.742,7.1834,21.0579
4226,-854.871,7.18327,21.0603
4227,-854.999,7.18314,21.0628
4228,-855.127,7.18301,21.0652
4229,-855.255,7.18287,21.0677
4230,-855.383,7.18274,21.0702
4231,-855.511,7.18261,21.0727
4232,-855.639,7.18248,21.0752
4233,-855.767,7.18235,21.0776
4234,-855.895,7.18222,21.0801
4235,-856.023,7.18209,21.0827
4236,-856.152,7.18196,21.0852
4237,-856.28,7.18183,21.0876
4238,-856.408,7.1817,21.09
4239,-856.536,7.18157,21.0926
4240,-856.664,7.18144,21.0951
4241,-856.792,7.18131,21.0977
4242,-856.92,7.18118,21.1001
4243,-857.048,7.18105,21.1027
4244,-857.176,7.18092,21.1051
4245,-857.304,7.18079,21.1076
4246,-857.432,7.18066,21.1102
4247,-857.56,7.18054,21.1127
4248,-857.688,7.18041,21.1152
4249,-857.817,7.18028,21.1177
4250,-857.945,7.18015,21.1202
4251,-858.073,7.18002,21.125
4252,-858.201,7.17989,21.1276
4253,-858.329,7.17976,21.1301
4254,-858.457,7.17963,21.1326
4255,-858.585,7.17951,21.1351
4256,-858.713,7.17938,21.1378
4257,-858.841,7.17925,21.1403
4258,-858.969,7.17912,21.1429
4259,-859.097,7.17899,21.1453
4260,-859.225,7.17886,21.1478
4261,-859.353,7.17874,21.1503
4262,-859.481,7.17861,21.1528
4263,-859.609,7.17848,21.1552
4264,-859.737,7.17835,21.1577
4265,-859.865,7.17823,21.1601
4266,-859.993,7.1781,21.1626
4267,-860.121,7.17797,21.1651
4268,-860.249,7.17784,21.1677
4269,-860.377,7.17772,21.17
4270,-860.505,7.17759,21.1726
4271,-860.633,7.17746,21.1753
4272,-860.761,7.17734,21.1778
4273,-860.889,7.17721,21.1803
4274,-861.017,7.17708,21.183
4275,-861.145,7.17696,21.1855
4276,-861.273,7.17683,21.188
4277,-861.401,7.1767,21.1905
4278,-861.529,7.17658,21.193
4279,-861.657,7.17645,21.1956
4280,-861.785,7.17632,21.1982
4281,-861.913,7.1762,21.2006
4282,-862.041,7.17607,21.2032
4283,-862.169,7.17595,21.2057
4284,-862.297,7.17582,21.2083
4285,-862.425,7.17569,21.2108
4286,-862.553,7.17557,21.2133
4287,-862.681,7.17544,21.2157
4288,-862.809,7.17532,21.2182
4289,-862.937,7.17519,21.2206
4290,-863.065,7.17507,21.2231
4291,-863.193,7.17494,21.2256
4292,-863.321,7.17482,21.228
4293,-863.449,7.17469,21.2305
4294,-863.577,7.17457,21.233
4295,-863.704,7.17444,21.2356
4296,-863.832,7.17432,21.2381
4297,-863.96,7.17419,21.2407
4298,-864.088,7.17407,21.2434
4299,-864.216,7.17394,21.2458
4300,-864.344,7.17382,21.2483
4301,-864.472,7.17369,21.2529
4302,-864.6,7.17357,21.2554
4303,-864.728,7.17344,21.2579
4304,-864.856,7.17332,21.2603
4305,-864.984,7.1732,21.2628
4306,-865.112,7.17307,21.2653
4307,-865.24,7.17295,21.2678
4308,-865.367,7.17282,21.2703
4309,-865.495,7.1727,21.2727
4310,-865.623,7.17258,21.2751
4311,-865.751,7.17245,21.2777
4312,-865.879,7.17233,21.2802
4313,-866.007,7.17221,21.2827
4314,-866.135,7.17208,21.2851
4315,-866.263,7.17196,21.2876
4316,-866.391,7.17184,21.2901
4317,-866.519,7.17171,21.2926
4318,-866.646,7.17159,21.2951
4319,-866.774,7.17147,21.2977
4320,-866.902,7.17134,21.3001
4321,-867.03,7.17122,21.3026
4322,-867.158,7.1711,21.3051
4323,-867.286,7.17098,21.3077
4324,-867.414,7.17085,21.3102
4325,-867.542,7.17073,21.3129
4326,-867.669,7.17061,21.3154
4327,-867.797,7.17049,21.3179
4328,-867.925,7.17037,21.3204
4329,-868.053,7.17024,21.3229
4330,-868.181,7.17012,21.3255
4331,-868.309,7.17,21.3281
4332,-868.437,7.16988,21.3307
4333,-868.564,7.16976,21.3333
4334,-868.692,7.16963,21.3357
4335,-868.82,7.16951,21.3382
4336,-868.948,7.16939,21.3406
4337,-869.076,7.16927,21.3431
4338,-869.204,7.16915,21.3456
4339,-869.332,7.16903,21.3481
4340,-869.459,7.16891,21.3506
4341,-869.587,7.16878,21.3531
4342,-869.715,7.16866,21.3556
4343,-869.843,7.16854,21.3581
4344,-869.971,7.16842,21.3605
4345,-870.098,7.1683,21.363
4346,-870.226,7.16818,21.3654
4347,-870.354,7.16806,21.3679
4348,-870.482,7.16794,21.3704
4349,-870.61,7.16782,21.3728
4350,-870.738,7.1677,21.3753
4351,-870.865,7.16758,21.38
4352,-870.993,7.16746,21.3825
4353,-871.121,7.16734,21.3849
4354,-871.249,7.16722,21.3874
4355,-871.377,7.1671,21.3899
4356,-871.504,7.16698,21.3924
4357,-871.632,7.16686,21.3949
4358,-871.76,7.16674,21.3973
4359,-871.888,7.16662,21.3998
4360,-872.015,7.1665,21.4022
4361,-872.143,7.16638,21.4047
4362,-872.271,7.16626,21.4071
4363,-872.399,7.16614,21.4096
4364,-872.527,7.16602,21.4121
4365,-872.654,7.1659,21.4146
4366,-872.782,7.16578,21.417
4367,-872.91,7.16566,21.4195
4368,-873.038,7.16554,21.4219
4369,-873.165,7.16543,21.4244
4370,-873.293,7.16531,21.4269
4371,-873.421,7.16519,21.4293
4372,-873.549,7.16507,21.4317
4373,-873.676,7.16495,21.4343
4374,-873.804,7.16483,21.4367
4375,-873.932,7.16471,21.4392
4376,-874.06,7.16459,21.4416
4377,-874.187,7.16448,21.4441
4378,-874.315,7.16436,21.4465
4379,-874.443,7.16424,21.449
4380,-874.571,7.16412,21.4515
4381,-874.698,7.164,21.4539
4382,-874.826,7.16389,21.4564
4383,-874.954,7.16377,21.4588
4384,-875.082,7.16365,21.4719
4385,-875.209,7.16353,21.4753
4386,-875.337,7.16342,21.4783
4387,-875.465,7.1633,21.481
4388,-875.592,7.16318,21.4836
4389,-875.72,7.16306,21.4861
4390,-875.848,7.16295,21.4886
4391,-875.976,7.16283,21.4911
4392,-876.103,7.16271,21.4936
4393,-876.231,7.16259,21.496
4394,-876.359,7.16248,21.4984
4395,-876.486,7.16236,21.5009
4396,-876.614,7.16224,21.5034
4397,-876.742,7.16213,21.5058
4398,-876.869,7.16201,21.5082
4399,-876.997,7.16189,21.5106
4400,-877.125,7.16178,21.513
4401,-877.253,7.16166,21.5186
4402,-877.38,7.16154,21.5212
4403,-877.508,7.16143,21.5237
4404,-877.636,7.16131,21.5261
4405,-877.763,7.16119,21.5286
4406,-877.891,7.16108,21.531
4407,-878.019,7.16096,21.5335
4408,-878.146,7.16085,21.5359
4409,-878.274,7.16073,21.5384
4410,-878.402,7.16061,21.5408
4411,-878.529,7.1605,21.5433
4412,-878.657,7.16038,21.5457
4413,-878.785,7.16027,21.5481
4414,-878.912,7.16015,21.5506
4415,-879.04,7.16004,21.553
4416,-879.168,7.15992,21.5554
4417,-879.295,7.15981,21.5579
4418,-879.423,7.15969,21.5603
4419,-879.55,7.15957,21.5627
4420,-879.678,7.15946,21.5651
4421,-879.806,7.15934,21.5675
4422,-879.933,7.15923,21.57
4423,-880.061,7.15911,21.5724
4424,-880.189,7.159,21.5748
4425,-880.316,7.15889,21.5773
4426,-880.444,7.15877,21.5797
4427,-880.572,7.15866,21.5822
4428,-880.699,7.15854,21.5846
4429,-880.827,7.15843,21.587
4430,-880.954,7.15831,21.5895
4431,-881.082,7.1582,21.5919
4432,-881.21,7.15808,21.5943
4433,-881.337,7.15797,21.5968
4434,-881.465,7.15786,21.5992
4435,-881.592,7.15774,21.6017
4436,-881.72,7.15763,21.6041
4437,-881.848,7.15751,21.6066
4438,-881.975,7.1574,21.609
4439,-882.103,7.15729,21.6115
4440,-882.23,7.15717,21.614
4441,-882.358,7.15706,21.6165
4442,-882.486,7.15694,21.6189
4443,-882.613,7.15683,21.6213
4444,-882.741,7.15672,21.6237
4445,-882.868,7.1566,21.6262
4446,-882.996,7.15649,21.6286
4447,-883.124,7.15638,21.631
4448,-883.251,7.15627,21.6336
4449,-883.379,7.15615,21.636
4450,-883.506,7.15604,21.6384
4451,-883.634,7.15593,21.6432
4452,-883.761,7.15581,21.6457
4453,-883.889,7.1557,21.6482
4454,-884.017,7.15559,21.6507
4455,-884.144,7.15547,21.6533
4456,-884.272,7.15536,21.6558
4457,-884.399,7.15525,21.6991
4458,-884.527,7.15514,21.7021
4459,-884.654,7.15502,21.7048
4460,-884.782,7.15491,21.7073
4461,-884.909,7.1548,21.7097
4462,-885.037,7.15469,21.7122
4463,-885.164,7.15458,21.7147
4464,-885.292,7.15446,21.7171
4465,-885.42,7.15435,21.7197
4466,-885.547,7.15424,21.7223
4467,-885.675,7.15413,21.7247
4468,-885.802,7.15402,21.7272
4469,-885.93,7.1539,21.7296
4470,-886.057,7.15379,21.732
4471,-886.185,7.15368,21.7345
4472,-886.312,7.15357,21.7369
4473,-886.44,7.15346,21.7393
4474,-886.567,7.15335,21.7419
4475,-886.695,7.15324,21.7443
4476,-886.822,7.15312,21.7466
4477,-886.95,7.15301,21.7491
4478,-887.077,7.1529,21.7515
4479,-887.205,7.15279,21.754
4480,-887.332,7.15268,21.7564
4481,-887.46,7.15257,21.7588
4482,-887.587,7.15246,21.7612
4483,-887.715,7.15235,21.7639
4484,-887.842,7.15224,21.7665
4485,-887.97,7.15213,21.769
4486,-888.097,7.15202,21.7714
4487,-888.225,7.15191,21.7738
4488,-888.352,7.15179,21.7763
4489,-888.48,7.15168,21.7788
4490,-888.607,7.15157,21.7812
4491,-888.735,7.15146,21.7837
4492,-888.862,7.15135,21.7861
4493,-888.99,7.15124,21.7886
4494,-889.117,7.15113,21.791
4495,-889.244,7.15102,21.7935
4496,-889.372,7.15091,21.7959
4497,-889.499,7.1508,21.7983
4498,-889.627,7.15069,21.8008
4499,-889.754,7.15058,21.8033
4500,-889.882,7.15047,21.8057
4501,-890.009,7.15036,21.8104
4502,-890.137,7.15026,21.813
4503,-890.264,7.15015,21.8156
4504,-890.392,7.15004,21.818
4505,-890.519,7.14993,21.8205
4506,-890.646,7.14982,21.823
4507,-890.774,7.14971,21.8254
4508,-890.901,7.1496,21.8279
4509,-891.029,7.14949,21.8303
4510,-891.156,7.14938,21.8328
4511,-891.284,7.14927,21.8352
4512,-891.411,7.14916,21.8376
4513,-891.538,7.14905,21.8401
4514,-891.666,7.14895,21.8425
4515,-891.793,7.14884,21.845
4516,-891.921,7.14873,21.8474
4517,-892.048,7.14862,21.8498
4518,-892.176,7.14851,21.8522
4519,-892.303,7.1484,21.8547
4520,-892.43,7.14829,21.8571
4521,-892.558,7.14819,21.8595
4522,-892.685,7.14808,21.8619
4523,-892.813,7.14797,21.8643
4524,-892.94,7.14786,21.8668
4525,-893.067,7.14775,21.8691
4526,-893.195,7.14765,21.8717
4527,-893.322,7.14754,21.8742
4528,-893.45,7.14743,21.8766
4529,-893.577,7.14732,21.8791
4530,-893.704,7.14721,21.8815
4531,-893.832,7.14711,21.8841
4532,-893.959,7.147,21.8865
4533,-894.086,7.14689,21.8889
4534,-894.214,7.14678,21.8913
4535,-894.341,7.14668,21.8938
4536,-894.469,7.14657,21.8964
4537,-894.596,7.14646,21.899
4538,-894.723,7.14635,21.9014
4539,-894.851,7.14625,21.904
4540,-894.978,7.14614,21.9064
4541,-895.105,7.14603,21.9089
4542,-895.233,7.14593,21.9113
4543,-895.36,7.14582,21.9138
4544,-895.487,7.14571,21.9162
4545,-895.615,7.1456,21.9186
4546,-895.742,7.1455,21.9207
4547,-895.869,7.14539,21.9229
4548,-895.997,7.14528,21.9251
4549,-896.124,7.14518,21.9273
4550,-896.252,7.14507,21.9295
4551,-896.379,7.14496,21.9342
4552,-896.506,7.14486,21.9367
4553,-896.634,7.14475,21.9392
4554,-896.761,7.14465,21.9417
4555,-896.888,7.14454,21.9441
4556,-897.015,7.14443,21.9466
4557,-897.143,7.14433,21.949
4558,-897.27,7.14422,21.9516
4559,-897.397,7.14411,21.9541
4560,-897.525,7.14401,21.9565
4561,-897.652,7.1439,21.959
4562,-897.779,7.1438,21.9614
4563,-897.907,7.14369,21.9638
4564,-898.034,7.14359,21.9662
4565,-898.161,7.14348,21.9687
4566,-898.289,7.14337,21.9711
4567,-898.416,7.14327,21.9736
4568,-898.543,7.14316,21.9763
4569,-898.671,7.14306,21.9787
4570,-898.798,7.14295,21.9812
4571,-898.925,7.14285,21.9838
4572,-899.052,7.14274,21.9862
4573,-899.18,7.14264,21.9887
4574,-899.307,7.14253,21.9911
4575,-899.434,7.14243,21.9936
4576,-899.562,7.14232,21.9961
4577,-899.689,7.14222,21.9985
4578,-899.816,7.14211,22.0009
4579,-899.943,7.14201,22.0035
4580,-900.071,7.1419,22.0059
4581,-900.198,7.1418,22.0084
4582,-900.325,7.14169,22.0109
4583,-900.452,7.14159,22.0134
4584,-900.58,7.14148,22.0159
4585,-900.707,7.14138,22.0184
4586,-900.834,7.14127,22.021
4587,-900.961,7.14117,22.0235
4588,-901.089,7.14107,22.0259
4589,-901.216,7.14096,22.0284
4590,-901.343,7.14086,22.0309
4591,-901.47,7.14075,22.0334
4592,-901.598,7.14065,22.0358
4593,-901.725,7.14055,22.0383
4594,-901.852,7.14044,22.0407
4595,-901.979,7.14034,22.0432
4596,-902.107,7.14023,22.0456
4597,-902.234,7.14013,22.0481
4598,-902.361,7.14003,22.0506
4599,-902.488,7.13992,22.053
4600,-902.616,7.13982,22.0554
4601,-902.743,7.13971,22.0602
4602,-902.87,7.13961,22.0626
4603,-902.997,7.13951,22.0651
4604,-903.124,7.1394,22.0675
4605,-903.252,7.1393,22.07
4606,-903.379,7.1392,22.0725
4607,-903.506,7.13909,22.0749
4608,-903.633,7.13899,22.0773
4609,-903.76,7.13889,22.0797
4610,-903.888,7.13879,22.0822
4611,-904.015,7.13868,22.0846
4612,-904.142,7.13858,22.0872
4613,-904.269,7.13848,22.0896
4614,-904.396,7.13837,22.092
4615,-904.524,7.13827,22.0944
4616,-904.651,7.13817,22.0968
4617,-904.778,7.13807,22.0992
4618,-904.905,7.13796,22.1018
4619,-905.032,7.13786,22.1043
4620,-905.16,7.13776,22.1067
4621,-905.287,7.13766,22.1092
4622,-905.414,7.13755,22.1116
4623,-905.541,7.13745,22.1141
4624,-905.668,7.13735,22.1166
4625,-905.795,7.13725,22.119
4626,-905.923,7.13714,22.1214
4627,-906.05,7.13704,22.1239
4628,-906.177,7.13694,22.1264
4629,-906.304,7.13684,22.1288
4630,-906.431,7.13674,22.1312
4631,-906.558,7.13663,22.1339
4632,-906.686,7.13653,22.1362
4633,-906.813,7.13643,22.1387
4634,-906.94,7.13633,22.1412
4635,-907.067,7.13623,22.1436
4636,-907.194,7.13612,22.1461
4637,-907.321,7.13602,22.1486
4638,-907.448,7.13592,22.151
4639,-907.576,7.13582,22.1534
4640,-907.703,7.13572,22.1558
4641,-907.83,7.13562,22.1584
4642,-907.957,7.13552,22.1609
4643,-908.084,7.13541,22.1634
4644,-908.211,7.13531,22.1658
4645,-908.338,7.13521,22.1684
4646,-908.465,7.13511,22.1709
4647,-908.593,7.13501,22.1733
4648,-908.72,7.13491,22.1758
4649,-908.847,7.13481,22.1783
4650,-908.974,7.13471,22.1808
4651,-909.101,7.13461,22.1855
4652,-909.228,7.13451,22.1881
4653,-909.355,7.13441,22.1906
4654,-909.482,7.1343,22.1933
4655,-909.609,7.1342,22.1958
4656,-909.737,7.1341,22.1982
4657,-909.864,7.134,22.2007
4658,-909.991,7.1339,22.2032
4659,-910.118,7.1338,22.2058
4660,-910.245,7.1337,22.2085
4661,-910.372,7.1336,22.2109
4662,-910.499,7.1335,22.2134
4663,-910.626,7.1334,22.2159
4664,-910.753,7.1333,22.2183
4665,-910.88,7.1332,22.2208
4666,-911.007,7.1331,22.2233
4667,-911.135,7.133,22.2258
4668,-911.262,7.1329,22.2284
4669,-911.389,7.1328,22.231
4670,-911.516,7.1327,22.2335
4671,-911.643,7.1326,22.236
4672,-911.77,7.1325,22.2385
4673,-911.897,7.1324,22.241
4674,-912.024,7.1323,22.2435
4675,-912.151,7.1322,22.2459
4676,-912.278,7.1321,22.2484
4677,-912.405,7.132,22.2508
4678,-912.532,7.1319,22.2533
4679,-912.659,7.1318,22.2557
4680,-912.786,7.1317,22.2583
4681,-912.913,7.13161,22.2607
4682,-913.04,7.13151,22.2631
4683,-913.167,7.13141,22.2657
4684,-913.294,7.13131,22.2681
4685,-913.421,7.13121,22.2705
4686,-913.549,7.13111,22.273
4687,-913.676,7.13101,22.2755
4688,-913.803,7.13091,22.2779
4689,-913.93,7.13081,22.2804
4690,-914.057,7.13071,22.2829
4691,-914.184,7.13062,22.2854
4692,-914.311,7.13052,22.2878
4693,-914.438,7.13042,22.2902
4694,-914.565,7.13032,22.2926
4695,-914.692,7.13022,22.2951
4696,-914.819,7.13012,22.2976
4697,-914.946,7.13002,22.3001
4698,-915.073,7.12993,22.3026
4699,-915.2,7.12983,22.3051
4700,-915.327,7.12973,22.3076
4701,-915.454,7.12963,22.3121
4702,-915.581,7.12953,22.3146
4703,-915.708,7.12943,22.3172
4704,-915.835,7.12934,22.3197
4705,-915.962,7.12924,22.3222
4706,-916.089,7.12914,22.3245
4707,-916.216,7.12904,22.327
4708,-916.343,7.12894,22.3294
4709,-916.47,7.12885,22.332
4710,-916.597,7.12875,22.3346
4711,-916.724,7.12865,22.3371
4712,-916.851,7.12855,22.3395
4713,-916.978,7.12845,22.342
4714,-917.105,7.12836,22.3446
4715,-917.231,7.12826,22.3471
4716,-917.358,7.12816,22.3496
4717,-917.485,7.12806,22.352
4718,-917.612,7.12797,22.3545
4719,-917.739,7.12787,22.3569
4720,-917.866,7.12777,22.3593
4721,-917.993,7.12768,22.3617
4722,-918.12,7.12758,22.3642
4723,-918.247,7.12748,22.3667
4724,-918.374,7.12738,22.3691
4725,-918.501,7.12729,22.3715
4726,-918.628,7.12719,22.374
4727,-918.755,7.12709,22.3765
4728,-918.882,7.127,22.3789
4729,-919.009,7.1269,22.3815
4730,-919.136,7.1268,22.3839
4731,-919.263,7.1267,22.3865
4732,-919.39,7.12661,22.389
4733,-919.517,7.12651,22.3916
4734,-919.643,7.12641,22.3992
4735,-919.77,7.12632,22.4018
4736,-919.897,7.12622,22.4044
4737,-920.024,7.12612,22.407
4738,-920.151,7.12603,22.4094
4739,-920.278,7.12593,22.4119
4740,-920.405,7.12584,22.4145
4741,-920.532,7.12574,22.4171
4742,-920.659,7.12564,22.4196
4743,-920.786,7.12555,22.4222
4744,-920.913,7.12545,22.4247
4745,-921.04,7.12535,22.4273
4746,-921.166,7.12526,22.4298
4747,-921.293,7.12516,22.4323
4748,-921.42,7.12507,22.4348
4749,-921.547,7.12497,22.4372
4750,-921.674,7.12487,22.4397
4751,-921.801,7.12478,22.4443
4752,-921.928,7.12468,22.4468
4753,-922.055,7.12459,22.4493
4754,-922.182,7.12449,22.4518
4755,-922.308,7.1244,22.4543
4756,-922.435,7.1243,22.4569
4757,-922.562,7.1242,22.4595
4758,-922.689,7.12411,22.462
4759,-922.816,7.12401,22.4645
4760,-922.943,7.12392,22.467
4761,-923.07,7.12382,22.4696
4762,-923.197,7.12373,22.472
4763,-923.323,7.12363,22.4746
4764,-923.45,7.12354,22.4771
4765,-923.577,7.12344,22.4795
4766,-923.704,7.12335,22.4819
4767,-923.831,7.12325,22.4845
4768,-923.958,7.12316,22.4871
4769,-924.085,7.12306,22.4894
4770,-924.211,7.12297,22.4919
4771,-924.338,7.12287,22.4944
4772,-924.465,7.12278,22.497
4773,-924.592,7.12268,22.4995
4774,-924.719,7.12259,22.502
4775,-924.846,7.12249,22.5044
4776,-924.972,7.1224,22.5068
4777,-925.099,7.1223,22.5092
4778,-925.226,7.12221,22.5117
4779,-925.353,7.12211,22.5143
4780,-925.48,7.12202,22.5167
4781,-925.607,7.12192,22.5194
4782,-925.733,7.12183,22.5219
4783,-925.86,7.12173,22.5243
4784,-925.987,7.12164,22.5268
4785,-926.114,7.12155,22.5292
4786,-926.241,7.12145,22.5317
4787,-926.367,7.12136,22.5342
4788,-926.494,7.12126,22.5366
4789,-926.621,7.12117,22.539
4790,-926.748,7.12107,22.5414
4791,-926.875,7.12098,22.5439
4792,-927.001,7.12089,22.5464
4793,-927.128,7.12079,22.5489
4794,-927.255,7.1207,22.5514
4795,-927.382,7.1206,22.5538
4796,-927.509,7.12051,22.5563
4797,-927.635,7.12042,22.5587
4798,-927.762,7.12032,22.5612
4799,-927.889,7.12023,22.5636
4800,-928.016,7.12014,22.5661
4801,-928.143,7.12004,22.5708
4802,-928.269,7.11995,22.5733
4803,-928.396,7.11986,22.5759
4804,-928.523,7.11976,22.5784
4805,-928.65,7.11967,22.5808
4806,-928.776,7.11957,22.5833
4807,-928.903,7.11948,22.5857
4808,-929.03,7.11939,22.5881
4809,-929.157,7.11929,22.5905
4810,-929.283,7.1192,22.593
4811,-929.41,7.11911,22.5955
4812,-929.537,7.11902,22.5979
4813,-929.664,7.11892,22.6004
4814,-929.79,7.11883,22.603
4815,-929.917,7.11874,22.6055
4816,-930.044,7.11864,22.608
4817,-930.171,7.11855,22.6105
4818,-930.297,7.11846,22.613
4819,-930.424,7.11836,22.6155
4820,-930.551,7.11827,22.618
4821,-930.678,7.11818,22.6204
4822,-930.804,7.11809,22.6229
4823,-930.931,7.11799,22.6253
4824,-931.058,7.1179,22.6278
4825,-931.185,7.11781,22.6303
4826,-931.311,7.11772,22.6328
4827,-931.438,7.11762,22.6353
4828,-931.565,7.11753,22.6377
4829,-931.691,7.11744,22.6402
4830,-931.818,7.11735,22.6427
4831,-931.945,7.11725,22.6451
4832,-932.072,7.11716,22.6479
4833,-932.198,7.11707,22.6503
4834,-932.325,7.11698,22.653
4835,-932.452,7.11688,22.6554
4836,-932.578,7.11679,22.6579
4837,-932.705,7.1167,22.6604
4838,-932.832,7.11661,22.663
4839,-932.959,7.11652,22.6655
4840,-933.085,7.11642,22.6679
4841,-933.212,7.11633,22.6703
4842,-933.339,7.11624,22.6729
4843,-933.465,7.11615,22.6753
4844,-933.592,7.11606,22.6777
4845,-933.719,7.11597,22.6802
4846,-933.845,7.11587,22.6826
4847,-933.972,7.11578,22.6851
4848,-934.099,7.11569,22.6875
4849,-934.225,7.1156,22.69
4850,-934.352,7.11551,22.6924
4851,-934.479,7.11542,22.6973
4852,-934.605,7.11532,22.6999
4853,-934.732,7.11523,22.7024
4854,-934.859,7.11514,22.7052
4855,-934.985,7.11505,22.7078
4856,-935.112,7.11496,22.7103
4857,-935.239,7.11487,22.7128
4858,-935.365,7.11478,22.7154
4859,-935.492,7.11469,22.7178
4860,-935.619,7.11459,22.721
4861,-935.745,7.1145,22.7236
4862,-935.872,7.11441,22.7261
4863,-935.999,7.11432,22.7287
4864,-936.125,7.11423,22.7313
4865,-936.252,7.11414,22.7339
4866,-936.379,7.11405,22.7364
4867,-936.505,7.11396,22.7389
4868,-936.632,7.11387,22.7415
4869,-936.758,7.11378,22.744
4870,-936.885,7.11368,22.7466
4871,-937.012,7.11359,22.7491
4872,-937.138,7.1135,22.7516
4873,-937.265,7.11341,22.7541
4874,-937.392,7.11332,22.7566
4875,-937.518,7.11323,22.7592
4876,-937.645,7.11314,22.7619
4877,-937.771,7.11305,22.7643
4878,-937.898,7.11296,22.7667
4879,-938.025,7.11287,22.7691
4880,-938.151,7.11278,22.7718
4881,-938.278,7.11269,22.7742
4882,-938.405,7.1126,22.7766
4883,-938.531,7.11251,22.7792
4884,-938.658,7.11242,22.7821
4885,-938.784,7.11233,22.7846
4886,-938.911,7.11224,22.7871
4887,-939.037,7.11215,22.7896
4888,-939.164,7.11206,22.7921
4889,-939.291,7.11197,22.7947
4890,-939.417,7.11188,22.7972
4891,-939.544,7.11179,22.7996
4892,-939.67,7.1117,22.8021
4893,-939.797,7.11161,22.8047
4894,-939.924,7.11152,22.8072
4895,-940.05,7.11143,22.8097
4896,-940.177,7.11134,22.8121
4897,-940.303,7.11125,22.8146
4898,-940.43,7.11116,22.817
4899,-940.556,7.11107,22.8195
4900,-940.683,7.11098,22.822
4901,-940.81,7.11089,22.8268
4902,-940.936,7.1108,22.8294
4903,-941.063,7.11071,22.8321
4904,-941.189,7.11062,22.8347
4905,-941.316,7.11053,22.8372
4906,-941.442,7.11044,22.8399
4907,-941.569,7.11036,22.8424
4908,-941.695,7.11027,22.8448
4909,-941.822,7.11018,22.8473
4910,-941.949,7.11009,22.8498
4911,-942.075,7.11,22.8523
4912,-942.202,7.10991,22.8548
4913,-942.328,7.10982,22.8572
4914,-942.455,7.10973,22.8597
4915,-942.581,7.10964,22.862
4916,-942.708,7.10955,22.8645
4917,-942.834,7.10946,22.8669
4918,-942.961,7.10938,22.8693
4919,-943.087,7.10929,22.8718
4920,-943.214,7.1092,22.8743
4921,-943.34,7.10911,22.8767
4922,-943.467,7.10902,22.8792
4923,-943.593,7.10893,22.8816
4924,-943.72,7.10884,22.8844
4925,-943.846,7.10875,22.8868
4926,-943.973,7.10867,22.8892
4927,-944.099,7.10858,22.8916
4928,-944.226,7.10849,22.8941
4929,-944.352,7.1084,22.8967
4930,-944.479,7.10831,22.8991
4931,-944.605,7.10822,22.9016
4932,-944.732,7.10814,22.904
4933,-944.858,7.10805,22.9065
4934,-944.985,7.10796,22.909
4935,-945.111,7.10787,22.9115
4936,-945.238,7.10778,22.9141
4937,-945.364,7.10769,22.9166
4938,-945.491,7.10761,22.9191
4939,-945.617,7.10752,22.9215
4940,-945.744,7.10743,22.924
4941,-945.87,7.10734,22.9265
4942,-945.997,7.10725,22.929
4943,-946.123,7.10717,22.9314
4944,-946.25,7.10708,22.9339
4945,-946.376,7.10699,22.9364
4946,-946.503,7.1069,22.9389
4947,-946.629,7.10681,22.9413
4948,-946.756,7.10673,22.9438
4949,-946.882,7.10664,22.9462
4950,-947.009,7.10655,22.9487
4951,-947.135,7.10646,22.9537
4952,-947.261,7.10638,22.9562
4953,-947.388,7.10629,22.9587
4954,-947.514,7.1062,22.9611
4955,-947.641,7.10611,22.9635
4956,-947.767,7.10603,22.9659
4957,-947.894,7.10594,22.9684
4958,-948.02,7.10585,22.9708
4959,-948.147,7.10576,22.9733
4960,-948.273,7.10568,22.9757
4961,-948.399,7.10559,22.9782
4962,-948.526,7.1055,22.9807
4963,-948.652,7.10542,22.9831
4964,-948.779,7.10533,22.9856
4965,-948.905,7.10524,22.988
4966,-949.032,7.10515,22.9904
4967,-949.158,7.10507,22.9929
4968,-949.284,7.10498,22.9953
4969,-949.411,7.10489,22.9978
4970,-949.537,7.10481,23.0002
4971,-949.664,7.10472,23.0027
4972,-949.79,7.10463,23.0052
4973,-949.917,7.10455,23.0076
4974,-950.043,7.10446,23.0101
4975,-950.169,7.10437,23.0125
4976,-950.296,7.10428,23.0151
4977,-950.422,7.1042,23.0175
4978,-950.549,7.10411,23.0199
4979,-950.675,7.10402,23.0224
4980,-950.801,7.10394,23.0249
4981,-950.928,7.10385,23.0274
4982,-951.054,7.10377,23.0298
4983,-951.18,7.10368,23.0322
4984,-951.307,7.10359,23.0346
4985,-951.433,7.10351,23.0371
4986,-951.56,7.10342,23.0397
4987,-951.686,7.10333,23.0422
4988,-951.812,7.10325,23.0447
4989,-951.939,7.10316,23.0471
4990,-952.065,7.10307,23.0495
4991,-952.192,7.10299,23.052
4992,-952.318,7.1029,23.0546
4993,-952.444,7.10282,23.057
4994,-952.571,7.10273,23.0595
4995,-952.697,7.10264,23.0619
4996,-952.823,7.10256,23.0644
4997,-952.95,7.10247,23.0669
4998,-953.076,7.10239,23.0693
4999,-953.202,7.1023,23.0718
5000,-953.329,7.10221,23.0742
5001,-953.455,7.10213,23.079
5002,-953.581,7.10204,23.0817
5003,-953.708,7.10196,23.0842
5004,-953.834,7.10187,23.0866
5005,-953.96,7.10178,23.0891
5006,-954.087,7.1017,23.0915
5007,-954.213,7.10161,23.094
5008,-954.339,7.10153,23.0964
5009,-954.466,7.10144,23.0989
5010,-954.592,7.10136,23.1065
5011,-954.718,7.10127,23.109
5012,-954.845,7.10119,23.1115
5013,-954.971,7.1011,23.114
5014,-955.097,7.10101,23.1166
5015,-955.224,7.10093,23.1191
5016,-955.35,7.10084,23.1217
5017,-955.476,7.10076,23.1241
5018,-955.603,7.10067,23.1266
5019,-955.729,7.10059,23.1291
5020,-955.855,7.1005,23.1315
5021,-955.982,7.10042,23.134
5022,-956.108,7.10033,23.1365
5023,-956.234,7.10025,23.139
5024,-956.361,7.10016,23.1414
5025,-956.487,7.10008,23.1439
5026,-956.613,7.09999,23.1463
5027,-956.739,7.09991,23.1487
5028,-956.866,7.09982,23.1511
5029,-956.992,7.09974,23.1536
5030,-957.118,7.09965,23.1561
5031,-957.245,7.09957,23.1586
5032,-957.371,7.09948,23.161
5033,-957.497,7.0994,23.1635
5034,-957.623,7.09931,23.166
5035,-957.75,7.09923,23.1686
5036,-957.876,7.09914,23.1711
5037,-958.002,7.09906,23.1736
5038,-958.129,7.09897,23.1761
5039,-958.255,7.09889,23.1786
5040,-958.381,7.0988,23.1811
5041,-958.507,7.09872,23.1836
5042,-958.634,7.09864,23.1861
5043,-958.76,7.09855,23.1886
5044,-958.886,7.09847,23.1909
5045,-959.012,7.09838,23.1934
5046,-959.139,7.0983,23.1958
5047,-959.265,7.09821,23.1985
5048,-959.391,7.09813,23.201
5049,-959.517,7.09804,23.2035
5050,-959.644,7.09796,23.2061
5051,-959.77,7.09788,23.2111
5052,-959.896,7.09779,23.2136
5053,-960.022,7.09771,23.2161
5054,-960.149,7.09762,23.2187
5055,-960.275,7.09754,23.2215
5056,-960.401,7.09746,23.2239
5057,-960.527,7.09737,23.2264
5058,-960.653,7.09729,23.2288
5059,-960.78,7.0972,23.2312
5060,-960.906,7.09712,23.2337
5061,-961.032,7.09704,23.2361
5062,-961.158,7.09695,23.2386
5063,-961.285,7.09687,23.241
5064,-961.411,7.09678,23.2435
5065,-961.537,7.0967,23.246
5066,-961.663,7.09662,23.2485
5067,-961.789,7.09653,23.251
5068,-961.916,7.09645,23.2534
5069,-962.042,7.09637,23.2559
5070,-962.168,7.09628,23.2583
5071,-962.294,7.0962,23.2607
5072,-962.42,7.09612,23.2631
5073,-962.547,7.09603,23.2656
5074,-962.673,7.09595,23.268
5075,-962.799,7.09586,23.2704
5076,-962.925,7.09578,23.2727
5077,-963.051,7.0957,23.2751
5078,-963.178,7.09561,23.2776
5079,-963.304,7.09553,23.2801
5080,-963.43,7.09544,23.2826
5081,-963.556,7.09533,23.2851
5082,-963.682,7.09522,23.2875
5083,-963.809,7.09512,23.2899
5084,-963.935,7.09501,23.2924
5085,-964.061,7.09492,23.2948
5086,-964.187,7.09483,23.2974
5087,-964.313,7.09474,23.2998
5088,-964.439,7.09466,23.3022
5089,-964.565,7.09458,23.3047
5090,-964.692,7.0945,23.3071
5091,-964.818,7.09441,23.3095
5092,-964.944,7.09432,23.312
5093,-965.07,7.09423,23.3144
5094,-965.196,7.09413,23.3169
5095,-965.322,7.09403,23.3193
5096,-965.449,7.09393,23.3218
5097,-965.575,7.09383,23.3243
5098,-965.701,7.09374,23.3267
5099,-965.827,7.09366,23.3291
5100,-965.953,7.09358,23.3316
5101,-966.079,7.09349,23.3363
5102,-966.205,7.09341,23.3388
5103,-966.331,7.09333,23.3413
5104,-966.458,7.09324,23.3438
5105,-966.584,7.09315,23.3463
5106,-966.71,7.09305,23.3488
5107,-966.836,7.09296,23.3513
5108,-966.962,7.09287,23.3538
5109,-967.088,7.09277,23.3562
5110,-967.214,7.09268,23.3586
5111,-967.34,7.09259,23.361
5112,-967.466,7.0925,23.3636
5113,-967.592,7.09242,23.3661
5114,-967.719,7.09233,23.3686
5115,-967.845,7.09224,23.3711
5116,-967.971,7.09215,23.3735
5117,-968.097,7.09206,23.376
5118,-968.223,7.09197,23.3785
5119,-968.349,7.09187,23.3809
5120,-968.475,7.09178,23.3835
5121,-968.601,7.09169,23.3859
5122,-968.727,7.0916,23.3883
5123,-968.853,7.09151,23.3908
5124,-968.979,7.09142,23.3932
5125,-969.105,7.09133,23.3957
5126,-969.231,7.09124,23.3982
5127,-969.357,7.09115,23.4006
5128,-969.484,7.09106,23.4031
5129,-969.61,7.09097,23.4055
5130,-969.736,7.09088,23.408
5131,-969.862,7.09079,23.4105
5132,-969.988,7.0907,23.413
5133,-970.114,7.09061,23.4155
5134,-970.24,7.09052,23.4179
5135,-970.366,7.09042,23.4204
5136,-970.492,7.09033,23.4228
5137,-970.618,7.09025,23.4253
5138,-970.744,7.09016,23.4277
5139,-970.87,7.09007,23.4301
5140,-970.996,7.08998,23.4326
5141,-971.122,7.08989,23.4351
5142,-971.248,7.0898,23.4375
5143,-971.374,7.08971,23.4399
5144,-971.5,7.08962,23.4424
5145,-971.626,7.08952,23.4448
5146,-971.752,7.08943,23.4472
5147,-971.878,7.08934,23.4496
5148,-972.004,7.08925,23.452
5149,-972.13,7.08916,23.4545
5150,-972.256,7.08907,23.457
5151,-972.382,7.08898,23.4615
5152,-972.508,7.08889,23.4725
5153,-972.634,7.0888,23.4765
5154,-972.76,7.08871,23.48
5155,-972.886,7.08862,23.4833
5156,-973.012,7.08853,23.4862
5157,-973.138,7.08844,23.4889
5158,-973.264,7.08835,23.4914
5159,-973.39,7.08826,23.4938
5160,-973.516,7.08817,23.4965
5161,-973.642,7.08808,23.499
5162,-973.768,7.08799,23.5015
5163,-973.894,7.08791,23.504
5164,-974.02,7.08782,23.5066
5165,-974.146,7.08773,23.5092
5166,-974.272,7.08764,23.5118
5167,-974.397,7.08755,23.5144
5168,-974.523,7.08746,23.5171
5169,-974.649,7.08737,23.5196
5170,-974.775,7.08728,23.5221
5171,-974.901,7.08719,23.5247
5172,-975.027,7.0871,23.5272
5173,-975.153,7.08701,23.5297
5174,-975.279,7.08692,23.5323
5175,-975.405,7.08683,23.5347
5176,-975.531,7.08674,23.5372
5177,-975.657,7.08665,23.5397
5178,-975.783,7.08656,23.5421
5179,-975.909,7.08647,23.5446
5180,-976.035,7.08638,23.547
5181,-976.16,7.08629,23.5494
5182,-976.286,7.0862,23.5519
5183,-976.412,7.08612,23.5544
5184,-976.538,7.08603,23.5569
5185,-976.664,7.08594,23.5594
5186,-976.79,7.08585,23.5619
5187,-976.916,7.08576,23.5644
5188,-977.042,7.08567,23.5668
5189,-977.168,7.08558,23.5693
5190,-977.294,7.08549,23.5717
5191,-977.419,7.0854,23.5741
5192,-977.545,7.08531,23.5766
5193,-977.671,7.08523,23.5791
5194,-977.797,7.08514,23.5816
5195,-977.923,7.08505,23.584
5196,-978.049,7.08496,23.5865
5197,-978.175,7.08487,23.589
5198,-978.301,7.08478,23.5915
5199,-978.426,7.08469,23.594
5200,-978.552,7.0846,23.5965
5201,-978.678,7.08451,30.0696
5202,-978.804,7.08443,30.083
5203,-978.93,7.08434,30.0872
5204,-979.056,7.08425,30.091
5205,-979.182,7.08416,30.0946
5206,-979.307,7.08407,30.0983
5207,-979.433,7.08398,30.1018
5208,-979.559,7.08389,30.1053
5209,-979.685,7.08381,30.1088
5210,-979.811,7.08372,30.1124
5211,-979.937,7.08363,30.1159
5212,-980.062,7.08354,30.1194
5213,-980.188,7.08345,30.1229
5214,-980.314,7.08336,30.1263
5215,-980.44,7.08328,30.1298
5216,-980.566,7.08319,30.1333
5217,-980.692,7.0831,30.1367
5218,-980.817,7.08301,30.1402
5219,-980.943,7.08292,30.1437
5220,-981.069,7.08283,30.1471
5221,-981.195,7.08275,30.1506
5222,-981.321,7.08266,30.1541
5223,-981.446,7.08257,30.1577
5224,-981.572,7.08248,30.1612
5225,-981.698,7.08239,30.1646
5226,-981.824,7.08231,30.1681
5227,-981.95,7.08222,30.1716
5228,-982.075,7.08213,30.1751
5229,-982.201,7.08204,30.1786
5230,-982.327,7.08196,30.182
5231,-982.453,7.08187,30.1855
5232,-982.578,7.08178,30.189
5233,-982.704,7.08169,30.1924
5234,-982.83,7.0816,30.1957
5235,-982.956,7.08152,30.1992
5236,-983.082,7.08143,30.2027
5237,-983.207,7.08134,30.2063
5238,-983.333,7.08125,30.2097
5239,-983.459,7.08117,30.2132
5240,-983.585,7.08108,30.2166
5241,-983.71,7.08099,30.2201
5242,-983.836,7.0809,30.2237
5243,-983.962,7.08082,30.2272
5244,-984.088,7.08073,30.2307
5245,-984.213,7.08064,30.2342
5246,-984.339,7.08055,30.2377
5247,-984.465,7.08047,30.2411
5248,-984.591,7.08038,30.2446
5249,-984.716,7.08029,30.2481
5250,-984.842,7.0802,30.2521
5251,-984.968,7.08012,30.2779
5252,-985.093,7.08003,30.2816
5253,-985.219,7.07994,30.2847
5254,-985.345,7.07986,30.2873
5255,-985.471,7.07977,30.2898
5256,-985.596,7.07968,30.2924
5257,-985.722,7.07959,30.2951
5258,-985.848,7.07951,30.2976
5259,-985.973,7.07942,30.3001
5260,-986.099,7.07933,30.3026
5261,-986.225,7.07925,30.3051
5262,-986.351,7.07916,30.3075
5263,-986.476,7.07907,30.31
5264,-986.602,7.07899,30.3125
5265,-986.728,7.0789,30.315
5266,-986.853,7.07881,30.3175
5267,-986.979,7.07873,30.3199
5268,-987.105,7.07864,30.3224
5269,-987.23,7.07855,30.3249
5270,-987.356,7.07847,30.3274
5271,-987.482,7.07838,30.3299
5272,-987.607,7.07829,30.3323
5273,-987.733,7.07821,30.3348
5274,-987.859,7.07812,30.3373
5275,-987.984,7.07803,30.3397
5276,-988.11,7.07795,30.3422
5277,-988.236,7.07786,30.3448
5278,-988.361,7.07777,30.3473
5279,-988.487,7.07769,30.3497
5280,-988.613,7.0776,30.3522
5281,-988.738,7.07751,30.3547
5282,-988.864,7.07743,30.3571
5283,-988.99,7.07734,30.3596
5284,-989.115,7.07725,30.362
5285,-989.241,7.07717,30.3645
5286,-989.367,7.07708,30.3863
5287,-989.492,7.077,30.3888
5288,-989.618,7.07691,30.3914
5289,-989.743,7.07682,30.3939
5290,-989.869,7.07674,30.3963
5291,-989.995,7.07665,30.3987
5292,-990.12,7.07657,30.4011
5293,-990.246,7.07648,30.4037
5294,-990.372,7.07639,30.4062
5295,-990.497,7.07631,30.4087
5296,-990.623,7.07622,30.4112
5297,-990.748,7.07614,30.4136
5298,-990.874,7.07605,30.4161
5299,-991,7.07596,30.4186
5300,-991.125,7.07588,30.4215
5301,-991.251,7.07579,30.4392
5302,-991.376,7.07571,30.443
5303,-991.502,7.07562,30.4465
5304,-991.628,7.07554,30.4497
5305,-991.753,7.07545,30.4526
5306,-991.879,7.07536,30.4552
5307,-992.004,7.07528,30.4577
5308,-992.13,7.07519,30.4603
5309,-992.256,7.07511,30.4629
5310,-992.381,7.07502,30.4653
5311,-992.507,7.07494,30.4678
5312,-992.632,7.07485,30.4703
5313,-992.758,7.07477,30.4728
5314,-992.883,7.07468,30.4753
5315,-993.009,7.07459,30.4778
5316,-993.135,7.07451,30.4802
5317,-993.26,7.07442,30.4827
5318,-993.386,7.07434,30.4852
5319,-993.511,7.07425,30.4878
5320,-993.637,7.07417,30.4902
5321,-993.762,7.07408,30.4927
5322,-993.888,7.074,30.4951
5323,-994.013,7.07391,30.4976
5324,-994.139,7.07383,30.5
5325,-994.264,7.07374,30.5024
5326,-994.39,7.07366,30.5048
5327,-994.515,7.07357,30.5073
5328,-994.641,7.07349,30.5098
5329,-994.767,7.0734,30.5124
5330,-994.892,7.07332,30.5148
5331,-995.018,7.07323,30.5173
5332,-995.143,7.07315,30.5197
5333,-995.269,7.07306,30.5222
5334,-995.394,7.07298,30.5246
5335,-995.52,7.07289,30.5271
5336,-995.645,7.07281,30.5295
5337,-995.771,7.07272,30.5319
5338,-995.896,7.07264,30.5344
5339,-996.022,7.07255,30.5368
5340,-996.147,7.07247,30.5392
5341,-996.273,7.07238,30.5417
5342,-996.398,7.0723,30.544
5343,-996.524,7.07222,30.5465
5344,-996.649,7.07213,30.549
5345,-996.775,7.07205,30.5515
5346,-996.9,7.07196,30.554
5347,-997.026,7.07188,30.5565
5348,-997.151,7.07179,30.5589
5349,-997.277,7.07171,30.5613
5350,-997.402,7.07162,30.5638
5351,-997.527,7.07154,30.572
5352,-997.653,7.07145,30.5749
5353,-997.778,7.07137,30.5773
5354,-997.904,7.07129,30.5797
5355,-998.029,7.0712,30.5822
5356,-998.155,7.07112,30.5845
5357,-998.28,7.07103,30.5867
5358,-998.406,7.07095,30.5887
5359,-998.531,7.07087,30.5906
5360,-998.657,7.07078,30.5928
5361,-998.782,7.0707,30.595
5362,-998.907,7.07061,30.5971
5363,-999.033,7.07053,30.5994
5364,-999.158,7.07044,30.6018
5365,-999.284,7.07036,30.6042
5366,-999.409,7.07028,30.6067
5367,-999.535,7.07019,30.6092
5368,-999.66,7.07011,30.6117
5369,-999.785,7.07002,30.6142
5370,-999.911,7.06994,30.6166
5371,-1000.04,7.06986,30.6192
5372,-1000.16,7.06977,30.6217
5373,-1000.29,7.06969,30.6241
5374,-1000.41,7.06961,30.6265
5375,-1000.54,7.06952,30.629
5376,-1000.66,7.06944,30.6315
5377,-1000.79,7.06935,30.6339
5378,-1000.91,7.06927,30.6363
5379,-1001.04,7.06919,30.6388
5380,-1001.16,7.0691,30.6413
5381,-1001.29,7.06902,30.6438
5382,-1001.42,7.06894,30.6463
5383,-1001.54,7.06885,30.6487
5384,-1001.67,7.06877,30.6512
5385,-1001.79,7.06869,30.6536
5386,-1001.92,7.0686,30.656
5387,-1002.04,7.06852,30.6585
5388,-1002.17,7.06844,30.6609
5389,-1002.29,7.06835,30.6633
5390,-1002.42,7.06827,30.6657
5391,-1002.54,7.06819,30.6682
5392,-1002.67,7.0681,30.6706
5393,-1002.79,7.06802,30.6731
5394,-1002.92,7.06794,30.6756
5395,-1003.05,7.06785,30.678
5396,-1003.17,7.06777,30.6804
5397,-1003.3,7.06769,30.6829
5398,-1003.42,7.0676,30.6853
5399,-1003.55,7.06752,30.6877
5400,-1003.67,7.06744,30.6902
5401,-1003.8,7.06735,30.6959
5402,-1003.92,7.06727,30.6984
5403,-1004.05,7.06719,30.7008
5404,-1004.17,7.06711,30.7033
5405,-1004.3,7.06702,30.7058
5406,-1004.42,7.06694,30.7082
5407,-1004.55,7.06686,30.7107
5408,-1004.67,7.06677,30.7132
5409,-1004.8,7.06669,30.7157
5410,-1004.93,7.06661,30.7182
5411,-1005.05,7.06653,30.7206
5412,-1005.18,7.06644,30.7232
5413,-1005.3,7.06636,30.7256
5414,-1005.43,7.06628,30.7467
5415,-1005.55,7.06619,30.7502
5416,-1005.68,7.06611,30.7537
5417,-1005.8,7.06603,30.7567
5418,-1005.93,7.06595,30.7595
5419,-1006.05,7.06586,30.7621
5420,-1006.18,7.06578,30.7646
5421,-1006.3,7.0657,30.7671
5422,-1006.43,7.06562,30.7697
5423,-1006.55,7.06553,30.7722
5424,-1006.68,7.06545,30.7747
5425,-1006.81,7.06537,30.7771
5426,-1006.93,7.06529,30.7796
5427,-1007.06,7.0652,30.7821
5428,-1007.18,7.06512,30.8027
5429,-1007.31,7.06504,30.8067
5430,-1007.43,7.06496,30.8099
5431,-1007.56,7.06487,30.8124
5432,-1007.68,7.06479,30.8149
5433,-1007.81,7.06471,30.8171
5434,-1007.93,7.06463,30.8193
5435,-1008.06,7.06455,30.8215
5436,-1008.18,7.06446,30.8238
5437,-1008.31,7.06438,30.8262
5438,-1008.43,7.0643,30.8286
5439,-1008.56,7.06422,30.8312
5440,-1008.68,7.06414,30.8336
5441,-1008.81,7.06405,30.836
5442,-1008.93,7.06397,30.8384
5443,-1009.06,7.06389,30.8408
5444,-1009.18,7.06381,30.8432
5445,-1009.31,7.06373,30.8457
5446,-1009.44,7.06364,30.8482
5447,-1009.56,7.06356,30.8506
5448,-1009.69,7.06348,30.853
5449,-1009.81,7.0634,30.8552
5450,-1009.94,7.06332,30.8574
5451,-1010.06,7.06323,30.8739
5452,-1010.19,7.06315,30.8779
5453,-1010.31,7.06307,30.8812
5454,-1010.44,7.06299,30.8845
5455,-1010.56,7.06291,30.8876
5456,-1010.69,7.06283,30.8902
5457,-1010.81,7.06274,30.8928
5458,-1010.94,7.06266,30.8953
5459,-1011.06,7.06258,30.8979
5460,-1011.19,7.0625,30.9003
5461,-1011.31,7.06242,30.9028
5462,-1011.44,7.06234,30.9053
5463,-1011.56,7.06226,30.9079
5464,-1011.69,7.06217,30.9104
5465,-1011.81,7.06209,30.9129
5466,-1011.94,7.06201,30.9153
5467,-1012.06,7.06193,30.9178
5468,-1012.19,7.06185,30.9202
5469,-1012.31,7.06177,30.9227
5470,-1012.44,7.06169,30.9252
5471,-1012.57,7.0616,30.9277
5472,-1012.69,7.06152,30.9301
5473,-1012.82,7.06144,30.9326
5474,-1012.94,7.06136,30.9351
5475,-1013.07,7.06128,30.9376
5476,-1013.19,7.0612,30.9401
5477,-1013.32,7.06112,30.9425
5478,-1013.44,7.06104,30.945
5479,-1013.57,7.06096,30.9475
5480,-1013.69,7.06087,30.95
5481,-1013.82,7.06079,30.9525
5482,-1013.94,7.06071,30.9549
5483,-1014.07,7.06063,30.9573
5484,-1014.19,7.06055,30.9597
5485,-1014.32,7.06047,30.9621
5486,-1014.44,7.06039,30.9646
5487,-1014.57,7.06031,30.967
5488,-1014.69,7.06023,30.9695
5489,-1014.82,7.06015,30.9837
5490,-1014.94,7.06007,30.9875
5491,-1015.07,7.05998,30.9908
5492,-1015.19,7.0599,30.9934
5493,-1015.32,7.05982,30.9957
5494,-1015.44,7.05974,30.9981
5495,-1015.57,7.05966,31.0006
5496,-1015.69,7.05958,31.0029
5497,-1015.82,7.0595,31.0054
5498,-1015.94,7.05942,31.0079
5499,-1016.07,7.05934,31.0105
5500,-1016.19,7.05926,31.0302
5501,-1016.32,7.05918,31.0378
5502,-1016.44,7.0591,31.0415
5503,-1016.57,7.05902,31.0447
5504,-1016.69,7.05894,31.0476
5505,-1016.82,7.05886,31.05
5506,-1016.94,7.05878,31.0523
5507,-1017.07,7.0587,31.0546
5508,-1017.19,7.05862,31.0573
5509,-1017.32,7.05854,31.0598
5510,-1017.44,7.05846,31.0623
5511,-1017.57,7.05837,31.0648
5512,-1017.69,7.05829,31.0674
5513,-1017.82,7.05821,31.0699
5514,-1017.94,7.05813,31.0724
5515,-1018.07,7.05805,31.0748
5516,-1018.19,7.05797,31.0773
5517,-1018.32,7.05789,31.0798
5518,-1018.45,7.05781,31.0822
5519,-1018.57,7.05773,31.0846
5520,-1018.7,7.05765,31.0871
5521,-1018.82,7.05757,31.0897
5522,-1018.95,7.05749,31.0921
5523,-1019.07,7.05741,31.0945
5524,-1019.2,7.05733,31.0969
5525,-1019.32,7.05725,31.0993
5526,-1019.45,7.05717,31.1017
5527,-1019.57,7.05709,31.1042
5528,-1019.7,7.05701,31.1066
5529,-1019.82,7.05693,31.1092
5530,-1019.95,7.05685,31.1116
5531,-1020.07,7.05677,31.1141
5532,-1020.2,7.05669,31.1165
5533,-1020.32,7.05661,31.119
5534,-1020.45,7.05654,31.1214
5535,-1020.57,7.05646,31.1239
5536,-1020.7,7.05638,31.1263
5537,-1020.82,7.0563,31.1288
5538,-1020.95,7.05622,31.1313
5539,-1021.07,7.05614,31.1337
5540,-1021.2,7.05606,31.1361
5541,-1021.32,7.05598,31.1386
5542,-1021.45,7.0559,31.1411
5543,-1021.57,7.05582,31.1436
5544,-1021.7,7.05574,31.1461
5545,-1021.82,7.05566,31.1485
5546,-1021.95,7.05558,31.151
5547,-1022.07,7.0555,31.1535
5548,-1022.2,7.05542,31.156
5549,-1022.32,7.05534,31.1584
5550,-1022.45,7.05526,31.1608
5551,-1022.57,7.05518,31.1655
5552,-1022.7,7.0551,31.168
5553,-1022.82,7.05502,31.1819
5554,-1022.95,7.05495,31.1858
5555,-1023.07,7.05487,31.1892
5556,-1023.19,7.05479,31.1927
5557,-1023.32,7.05471,31.1955
5558,-1023.44,7.05463,31.1983
5559,-1023.57,7.05455,31.2008
5560,-1023.69,7.05447,31.2156
5561,-1023.82,7.05439,31.2196
5562,-1023.94,7.05431,31.2311
5563,-1024.07,7.05423,31.234
5564,-1024.19,7.05415,31.2367
5565,-1024.32,7.05408,31.2392
5566,-1024.44,7.054,31.2417
5567,-1024.57,7.05392,31.2442
5568,-1024.69,7.05384,31.2468
5569,-1024.82,7.05376,31.2493
5570,-1024.94,7.05368,31.2518
5571,-1025.07,7.0536,31.2544
5572,-1025.19,7.05352,31.2568
5573,-1025.32,7.05344,31.2593
5574,-1025.44,7.05337,31.2618
5575,-1025.57,7.05329,31.2643
5576,-1025.69,7.05321,31.2669
5577,-1025.82,7.05313,31.2693
5578,-1025.94,7.05305,31.2718
5579,-1026.07,7.05297,31.2743
5580,-1026.19,7.05289,31.2768
5581,-1026.32,7.05281,31.2792
5582,-1026.44,7.05274,31.2816
5583,-1026.57,7.05266,31.284
5584,-1026.69,7.05258,31.2864
5585,-1026.82,7.0525,31.2889
5586,-1026.94,7.05242,31.2913
5587,-1027.07,7.05234,31.2938
5588,-1027.19,7.05226,31.2963
5589,-1027.32,7.05219,31.2988
5590,-1027.44,7.05211,31.3013
5591,-1027.57,7.05203,31.3038
5592,-1027.69,7.05195,31.3063
5593,-1027.82,7.05187,31.3087
5594,-1027.94,7.05179,31.3112
5595,-1028.07,7.05172,31.3136
5596,-1028.19,7.05164,31.3161
5597,-1028.32,7.05156,31.3186
5598,-1028.44,7.05148,31.321
5599,-1028.57,7.0514,31.3235
5600,-1028.69,7.05132,31.326
5601,-1028.82,7.05125,31.3327
5602,-1028.94,7.05117,31.3352
5603,-1029.06,7.05109,31.3378
5604,-1029.19,7.05101,31.3402
5605,-1029.31,7.05093,31.3427
5606,-1029.44,7.05086,31.3452
5607,-1029.56,7.05078,31.3476
5608,-1029.69,7.0507,31.3501
5609,-1029.81,7.05062,31.3526
5610,-1029.94,7.05054,31.355
5611,-1030.06,7.05047,31.3575
5612,-1030.19,7.05039,31.3598
5613,-1030.31,7.05031,31.3623
5614,-1030.44,7.05023,31.3648
5615,-1030.56,7.05015,31.3672
5616,-1030.69,7.05008,31.3696
5617,-1030.81,7.05,31.3721
5618,-1030.94,7.04992,31.3746
5619,-1031.06,7.04984,31.377
5620,-1031.19,7.04977,31.3793
5621,-1031.31,7.04969,31.3818
5622,-1031.44,7.04961,31.3843
5623,-1031.56,7.04953,31.3867
5624,-1031.69,7.04946,31.3892
5625,-1031.81,7.04938,31.3916
5626,-1031.94,7.0493,31.3941
5627,-1032.06,7.04922,31.3966
5628,-1032.18,7.04914,31.3991
5629,-1032.31,7.04907,31.4015
5630,-1032.43,7.04899,31.404
5631,-1032.56,7.04891,31.4066
5632,-1032.68,7.04883,31.409
5633,-1032.81,7.04876,31.4115
5634,-1032.93,7.04868,31.414
5635,-1033.06,7.0486,31.4164
5636,-1033.18,7.04852,31.4189
5637,-1033.31,7.04845,31.4213
5638,-1033.43,7.04837,31.4238
5639,-1033.56,7.04829,31.4262
5640,-1033.68,7.04822,31.4287
5641,-1033.81,7.04814,31.4311
5642,-1033.93,7.04806,31.4336
5643,-1034.06,7.04798,31.436
5644,-1034.18,7.04791,31.4384
5645,-1034.31,7.04783,31.4476
5646,-1034.43,7.04775,31.4514
5647,-1034.56,7.04768,31.4547
5648,-1034.68,7.0476,31.4574
5649,-1034.8,7.04752,31.4601
5650,-1034.93,7.04744,31.4629
5651,-1035.05,7.04737,31.4871
5652,-1035.18,7.04729,31.4897
5653,-1035.3,7.04721,31.4922
5654,-1035.43,7.04714,31.4947
5655,-1035.55,7.04706,31.4971
5656,-1035.68,7.04698,31.4996
5657,-1035.8,7.0469,31.5021
5658,-1035.93,7.04683,31.5045
5659,-1036.05,7.04675,31.5069
5660,-1036.18,7.04667,31.5093
5661,-1036.3,7.0466,31.5117
5662,-1036.43,7.04652,31.5142
5663,-1036.55,7.04644,31.5167
5664,-1036.68,7.04637,31.5191
5665,-1036.8,7.04629,31.5216
5666,-1036.92,7.04621,31.524
5667,-1037.05,7.04614,31.5265
5668,-1037.17,7.04606,31.5291
5669,-1037.3,7.04598,31.5315
5670,-1037.42,7.04591,31.5339
5671,-1037.55,7.04583,31.5363
5672,-1037.67,7.04575,31.5388
5673,-1037.8,7.04568,31.5411
5674,-1037.92,7.0456,31.5436
5675,-1038.05,7.04552,31.5461
5676,-1038.17,7.04545,31.5485
5677,-1038.3,7.04537,31.5509
5678,-1038.42,7.04529,31.5534
5679,-1038.55,7.04522,31.5558
5680,-1038.67,7.04514,31.5583
5681,-1038.79,7.04506,31.5608
5682,-1038.92,7.04499,31.5633
5683,-1039.04,7.04491,31.5658
5684,-1039.17,7.04484,31.5681
5685,-1039.29,7.04476,31.5706
5686,-1039.42,7.04468,31.573
5687,-1039.54,7.04461,31.5755
5688,-1039.67,7.04453,31.5779
5689,-1039.79,7.04445,31.5803
5690,-1039.92,7.04438,31.5827
5691,-1040.04,7.0443,31.5852
5692,-1040.17,7.04423,31.5877
5693,-1040.29,7.04415,31.5902
5694,-1040.41,7.04407,31.5926
5695,-1040.54,7.044,31.5951
5696,-1040.66,7.04392,31.5976
5697,-1040.79,7.04385,31.6
5698,-1040.91,7.04377,31.6025
5699,-1041.04,7.04369,31.605
5700,-1041.16,7.04362,31.6074
5701,-1041.29,7.04354,31.6129
5702,-1041.41,7.04347,31.6155
5703,-1041.54,7.04339,31.6179
5704,-1041.66,7.04331,31.6204
5705,-1041.79,7.04324,31.6229
5706,-1041.91,7.04316,31.6253
5707,-1042.03,7.04309,31.6278
5708,-1042.16,7.04301,31.6302
5709,-1042.28,7.04293,31.6327
5710,-1042.41,7.04286,31.6352
5711,-1042.53,7.04278,31.6599
5712,-1042.66,7.04271,31.6639
5713,-1042.78,7.04263,31.679
5714,-1042.91,7.04256,31.6822
5715,-1043.03,7.04248,31.685
5716,-1043.16,7.0424,31.6878
5717,-1043.28,7.04233,31.6902
5718,-1043.4,7.04225,31.693
5719,-1043.53,7.04218,31.6958
5720,-1043.65,7.0421,31.6983
5721,-1043.78,7.04203,31.7009
5722,-1043.9,7.04195,31.7164
5723,-1044.03,7.04187,31.7202
5724,-1044.15,7.0418,31.8756
5725,-1044.28,7.04172,31.8808
5726,-1044.4,7.04165,31.8841
5727,-1044.53,7.04157,31.887
5728,-1044.65,7.0415,31.8897
5729,-1044.77,7.04142,31.8923
5730,-1044.9,7.04135,31.8948
5731,-1045.02,7.04127,31.8973
5732,-1045.15,7.0412,31.8998
5733,-1045.27,7.04112,31.9023
5734,-1045.4,7.04105,31.9048
5735,-1045.52,7.04097,31.9073
5736,-1045.65,7.04089,31.9098
5737,-1045.77,7.04082,31.9122
5738,-1045.89,7.04074,31.9147
5739,-1046.02,7.04067,31.9171
5740,-1046.14,7.04059,31.9196
5741,-1046.27,7.04052,31.9221
5742,-1046.39,7.04044,31.9246
5743,-1046.52,7.04037,31.9271
5744,-1046.64,7.04029,31.9296
5745,-1046.77,7.04022,31.932
5746,-1046.89,7.04014,31.9345
5747,-1047.02,7.04007,31.9369
5748,-1047.14,7.03999,31.9394
5749,-1047.26,7.03992,31.9418
5750,-1047.39,7.03984,31.9442
5751,-1047.51,7.03977,31.9517
5752,-1047.64,7.03969,31.9543
5753,-1047.76,7.03962,31.9567
5754,-1047.89,7.03954,31.9592
5755,-1048.01,7.03947,31.9616
5756,-1048.14,7.03939,31.9641
5757,-1048.26,7.03932,31.9666
5758,-1048.38,7.03924,31.969
5759,-1048.51,7.03917,31.9714
5760,-1048.63,7.03909,31.9739
5761,-1048.76,7.03902,31.9763
5762,-1048.88,7.03895,31.9788
5763,-1049.01,7.03887,31.9812
5764,-1049.13,7.0388,31.9837
5765,-1049.26,7.03872,31.9861
5766,-1049.38,7.03865,31.9886
5767,-1049.5,7.03857,31.991
5768,-1049.63,7.0385,31.9934
5769,-1049.75,7.03842,31.9958
5770,-1049.88,7.03835,31.9982
5771,-1050,7.03827,32.0006
5772,-1050.13,7.0382,32.0032
5773,-1050.25,7.03812,32.0056
5774,-1050.38,7.03805,32.0081
5775,-1050.5,7.03798,32.0106
5776,-1050.62,7.0379,32.0131
5777,-1050.75,7.03783,32.0155
5778,-1050.87,7.03775,32.0179
5779,-1051,7.03768,32.0204
5780,-1051.12,7.0376,32.0229
5781,-1051.25,7.03753,32.0248
5782,-1051.37,7.03745,32.0271
5783,-1051.5,7.03738,32.0291
5784,-1051.62,7.03731,32.0313
5785,-1051.74,7.03723,32.0336
5786,-1051.87,7.03716,32.0356
5787,-1051.99,7.03708,32.0381
5788,-1052.12,7.03701,32.0406
5789,-1052.24,7.03694,32.0431
5790,-1052.37,7.03686,32.0456
5791,-1052.49,7.03679,32.048
5792,-1052.61,7.03671,32.0504
5793,-1052.74,7.03664,32.0528
5794,-1052.86,7.03656,32.0553
5795,-1052.99,7.03649,32.0577
5796,-1053.11,7.03642,32.0601
5797,-1053.24,7.03634,32.0626
5798,-1053.36,7.03627,32.065
5799,-1053.49,7.03619,32.0675
5800,-1053.61,7.03612,32.0699
5801,-1053.73,7.03605,32.0794
5802,-1053.86,7.03597,32.0823
5803,-1053.98,7.0359,32.0848
5804,-1054.11,7.03582,32.0873
5805,-1054.23,7.03575,32.0897
5806,-1054.36,7.03568,32.0921
5807,-1054.48,7.0356,32.0946
5808,-1054.6,7.03553,32.097
5809,-1054.73,7.03546,32.0995
5810,-1054.85,7.03538,32.102
5811,-1054.98,7.03531,32.1044
5812,-1055.1,7.03523,32.1069
5813,-1055.23,7.03516,32.1094
5814,-1055.35,7.03509,32.1118
5815,-1055.47,7.03501,32.1142
5816,-1055.6,7.03494,32.1167
5817,-1055.72,7.03487,32.1192
5818,-1055.85,7.03479,32.1216
5819,-1055.97,7.03472,32.1241
5820,-1056.1,7.03464,32.1265
5821,-1056.22,7.03457,32.129
5822,-1056.34,7.0345,32.1314
5823,-1056.47,7.03442,32.1338
5824,-1056.59,7.03435,32.1362
5825,-1056.72,7.03428,32.1387
5826,-1056.84,7.0342,34.2512
5827,-1056.97,7.03413,34.2586
5828,-1057.09,7.03406,34.2622
5829,-1057.21,7.03398,34.2656
5830,-1057.34,7.03391,34.2686
5831,-1057.46,7.03384,34.2713
5832,-1057.59,7.03376,34.2739
5833,-1057.71,7.03369,34.2766
5834,-1057.84,7.03362,34.2792
5835,-1057.96,7.03354,34.2817
5836,-1058.08,7.03347,34.2843
5837,-1058.21,7.0334,34.2868
5838,-1058.33,7.03332,34.306
5839,-1058.46,7.03325,34.3086
5840,-1058.58,7.03318,34.3111
5841,-1058.71,7.0331,34.3136
5842,-1058.83,7.03303,34.3161
5843,-1058.95,7.03296,34.3186
5844,-1059.08,7.03288,34.3211
5845,-1059.2,7.03281,34.3236
5846,-1059.33,7.03274,34.3262
5847,-1059.45,7.03267,34.3286
5848,-1059.58,7.03259,34.3312
5849,-1059.7,7.03252,34.3336
5850,-1059.82,7.03245,34.3362
5851,-1059.95,7.03237,34.3468
5852,-1060.07,7.0323,34.3498
5853,-1060.2,7.03223,34.3523
5854,-1060.32,7.03215,34.3548
5855,-1060.45,7.03208,34.3572
5856,-1060.57,7.03201,34.3596
5857,-1060.69,7.03194,34.3622
5858,-1060.82,7.03186,34.3646
5859,-1060.94,7.03179,34.367
5860,-1061.07,7.03172,34.3695
5861,-1061.19,7.03164,34.372
5862,-1061.31,7.03157,34.3744
5863,-1061.44,7.0315,34.3768
5864,-1061.56,7.03143,34.3793
5865,-1061.69,7.03135,34.3817
5866,-1061.81,7.03128,34.3841
5867,-1061.94,7.03121,34.3865
5868,-1062.06,7.03114,34.3889
5869,-1062.18,7.03106,34.3914
5870,-1062.31,7.03099,34.3938
5871,-1062.43,7.03092,34.3962
5872,-1062.56,7.03085,34.3987
5873,-1062.68,7.03077,34.4012
5874,-1062.81,7.0307,34.4037
5875,-1062.93,7.03063,34.4062
5876,-1063.05,7.03056,34.4086
5877,-1063.18,7.03048,34.4111
5878,-1063.3,7.03041,34.4136
5879,-1063.43,7.03034,34.4161
5880,-1063.55,7.03027,34.4185
5881,-1063.67,7.03019,34.421
5882,-1063.8,7.03012,34.4235
5883,-1063.92,7.03005,34.4259
5884,-1064.05,7.02998,34.4283
5885,-1064.17,7.0299,34.4308
5886,-1064.3,7.02983,34.4332
5887,-1064.42,7.02976,34.4357
5888,-1064.54,7.02969,34.4381
5889,-1064.67,7.02961,34.4406
5890,-1064.79,7.02954,34.443
5891,-1064.92,7.02947,34.4455
5892,-1065.04,7.0294,34.448
5893,-1065.16,7.02933,34.4504
5894,-1065.29,7.02925,34.4528
5895,-1065.41,7.02918,34.4553
5896,-1065.54,7.02911,34.4578
5897,-1065.66,7.02904,34.4602
5898,-1065.78,7.02896,34.4627
5899,-1065.91,7.02889,34.4651
5900,-1066.03,7.02882,34.4676
5901,-1066.16,7.02875,34.475
5902,-1066.28,7.02868,34.4776
5903,-1066.41,7.0286,34.4801
5904,-1066.53,7.02853,34.4827
5905,-1066.65,7.02846,34.4851
5906,-1066.78,7.02839,34.4876
5907,-1066.9,7.02832,34.4901
5908,-1067.03,7.02824,34.4925
5909,-1067.15,7.02817,34.4949
5910,-1067.27,7.0281,34.4974
5911,-1067.4,7.02803,34.4998
5912,-1067.52,7.02796,34.5022
5913,-1067.65,7.02789,34.5047
5914,-1067.77,7.02781,34.5071
5915,-1067.89,7.02774,34.5097
5916,-1068.02,7.02767,34.5121
5917,-1068.14,7.0276,34.5146
5918,-1068.27,7.02753,34.5165
5919,-1068.39,7.02745,34.5187
5920,-1068.51,7.02738,34.5207
5921,-1068.64,7.02731,34.5229
5922,-1068.76,7.02724,34.5251
5923,-1068.89,7.02717,34.5273
5924,-1069.01,7.0271,34.5296
5925,-1069.14,7.02702,34.5321
5926,-1069.26,7.02695,34.5346
5927,-1069.38,7.02688,34.5371
5928,-1069.51,7.02681,34.5395
5929,-1069.63,7.02674,34.5421
5930,-1069.76,7.02667,34.5445
5931,-1069.88,7.0266,34.5469
5932,-1070,7.02652,34.5494
5933,-1070.13,7.02645,34.552
5934,-1070.25,7.02638,34.5545
5935,-1070.38,7.02631,34.557
5936,-1070.5,7.02624,34.5596
5937,-1070.62,7.02617,34.562
5938,-1070.75,7.0261,34.5645
5939,-1070.87,7.02602,34.5669
5940,-1071,7.02595,34.5693
5941,-1071.12,7.02588,34.5719
5942,-1071.24,7.02581,34.5744
5943,-1071.37,7.02574,34.5768
5944,-1071.49,7.02567,34.5793
5945,-1071.62,7.0256,34.5818
5946,-1071.74,7.02553,34.5841
5947,-1071.86,7.02545,34.5867
5948,-1071.99,7.02538,34.5891
5949,-1072.11,7.02531,34.5916
5950,-1072.24,7.02524,34.5941
5951,-1072.36,7.02517,34.5988
5952,-1072.48,7.0251,34.6013
5953,-1072.61,7.02503,34.6038
5954,-1072.73,7.02496,34.6063
5955,-1072.86,7.02488,34.6087
5956,-1072.98,7.02481,34.6111
5957,-1073.1,7.02474,34.6135
5958,-1073.23,7.02467,34.616
5959,-1073.35,7.0246,34.6184
5960,-1073.48,7.02453,34.6209
5961,-1073.6,7.02446,34.6234
5962,-1073.72,7.02439,34.6258
5963,-1073.85,7.02432,34.6282
5964,-1073.97,7.02425,34.6306
5965,-1074.1,7.02418,34.6331
5966,-1074.22,7.0241,34.6355
5967,-1074.34,7.02403,34.638
5968,-1074.47,7.02396,34.6404
5969,-1074.59,7.02389,34.6428
5970,-1074.72,7.02382,34.6452
5971,-1074.84,7.02375,34.6476
5972,-1074.96,7.02368,34.65
5973,-1075.09,7.02361,34.6525
5974,-1075.21,7.02354,34.6549
5975,-1075.34,7.02347,34.6573
5976,-1075.46,7.0234,34.6598
5977,-1075.58,7.02333,34.6622
5978,-1075.71,7.02326,34.6646
5979,-1075.83,7.02318,34.6671
5980,-1075.95,7.02311,34.6696
5981,-1076.08,7.02304,34.672
5982,-1076.2,7.02297,34.6745
5983,-1076.33,7.0229,34.6769
5984,-1076.45,7.02283,34.6794
5985,-1076.57,7.02276,34.696
5986,-1076.7,7.02269,34.7002
5987,-1076.82,7.02262,34.7143
5988,-1076.95,7.02255,34.7177
5989,-1077.07,7.02248,34.7205
5990,-1077.19,7.02241,34.7232
5991,-1077.32,7.02234,34.7258
5992,-1077.44,7.02227,34.7282
5993,-1077.57,7.0222,34.7307
5994,-1077.69,7.02213,34.7333
5995,-1077.81,7.02206,34.7358
5996,-1077.94,7.02199,34.7383
5997,-1078.06,7.02192,34.7407
5998,-1078.19,7.02185,34.7432
5999,-1078.31,7.02178,34.7458
6000,-1078.43,7.02171,34.7482
6001,-1078.56,7.02163,34.7536
6002,-1078.68,7.02156,34.7561
6003,-1078.8,7.02149,34.7586
6004,-1078.93,7.02142,34.7612
6005,-1079.05,7.02135,34.7636
6006,-1079.18,7.02128,34.7661
6007,-1079.3,7.02121,34.7685
6008,-1079.42,7.02114,34.771
6009,-1079.55,7.02107,34.7734
6010,-1079.67,7.021,34.7759
6011,-1079.8,7.02093,34.7783
6012,-1079.92,7.02086,34.7808
6013,-1080.04,7.02079,34.7832
6014,-1080.17,7.02072,34.7857
6015,-1080.29,7.02065,34.7881
6016,-1080.41,7.02058,34.7906
6017,-1080.54,7.02051,34.793
6018,-1080.66,7.02044,34.7954
6019,-1080.79,7.02037,34.7978
6020,-1080.91,7.0203,34.8002
6021,-1081.03,7.02023,34.8026
6022,-1081.16,7.02016,34.805
6023,-1081.28,7.02009,34.8075
6024,-1081.41,7.02002,34.8099
6025,-1081.53,7.01995,34.8124
6026,-1081.65,7.01988,34.8148
6027,-1081.78,7.01981,34.8172
6028,-1081.9,7.01974,34.8195
6029,-1082.02,7.01967,34.8218
6030,-1082.15,7.0196,34.8239
6031,-1082.27,7.01953,34.8262
6032,-1082.4,7.01947,34.8282
6033,-1082.52,7.0194,34.8308
6034,-1082.64,7.01933,34.8333
6035,-1082.77,7.01926,34.8357
6036,-1082.89,7.01919,34.8381
6037,-1083.02,7.01912,34.8406
6038,-1083.14,7.01905,34.8431
6039,-1083.26,7.01898,34.8455
6040,-1083.39,7.01891,34.8479
6041,-1083.51,7.01884,34.8504
6042,-1083.63,7.01877,34.8528
6043,-1083.76,7.0187,34.8552
6044,-1083.88,7.01863,34.8577
6045,-1084.01,7.01856,34.8602
6046,-1084.13,7.01849,34.8628
6047,-1084.25,7.01842,34.8652
6048,-1084.38,7.01835,34.8676
6049,-1084.5,7.01828,34.8701
6050,-1084.62,7.01821,34.8725
6051,-1084.75,7.01814,34.8771
6052,-1084.87,7.01807,34.8796
6053,-1085,7.018,34.8821
6054,-1085.12,7.01794,34.8848
6055,-1085.24,7.01787,34.8873
6056,-1085.37,7.0178,34.8897
6057,-1085.49,7.01773,34.8921
6058,-1085.61,7.01766,34.8946
6059,-1085.74,7.01759,34.897
6060,-1085.86,7.01752,34.8995
6061,-1085.99,7.01745,34.9019
6062,-1086.11,7.01738,34.9044
6063,-1086.23,7.01731,34.907
6064,-1086.36,7.01724,34.9094
6065,-1086.48,7.01717,34.9119
6066,-1086.6,7.0171,34.9144
6067,-1086.73,7.01704,34.9169
6068,-1086.85,7.01697,34.9195
6069,-1086.98,7.0169,34.922
6070,-1087.1,7.01683,34.9244
6071,-1087.22,7.01676,34.9269
6072,-1087.35,7.01669,34.9294
6073,-1087.47,7.01662,34.9319
6074,-1087.59,7.01655,34.9343
6075,-1087.72,7.01648,34.9368
6076,-1087.84,7.01641,34.9392
6077,-1087.97,7.01634,34.9416
6078,-1088.09,7.01628,34.944
6079,-1088.21,7.01621,34.9465
6080,-1088.34,7.01614,34.9489
6081,-1088.46,7.01607,34.9513
6082,-1088.58,7.016,34.9538
6083,-1088.71,7.01593,34.9563
6084,-1088.83,7.01586,34.9587
6085,-1088.95,7.01579,34.9611
6086,-1089.08,7.01572,34.9636
6087,-1089.2,7.01566,34.966
6088,-1089.33,7.01559,34.9684
6089,-1089.45,7.01552,34.9709
6090,-1089.57,7.01545,34.9733
6091,-1089.7,7.01538,34.9758
6092,-1089.82,7.01531,34.9782
6093,-1089.94,7.01524,34.9806
6094,-1090.07,7.01517,34.983
6095,-1090.19,7.01511,34.9855
6096,-1090.32,7.01504,34.9879
6097,-1090.44,7.01497,34.9904
6098,-1090.56,7.0149,34.9928
6099,-1090.69,7.01483,34.9953
6100,-1090.81,7.01476,34.9977
6101,-1090.93,7.01469,35.0023
6102,-1091.06,7.01463,35.0048
6103,-1091.18,7.01456,35.0074
6104,-1091.3,7.01449,35.0099
6105,-1091.43,7.01442,35.0123
6106,-1091.55,7.01435,35.0149
6107,-1091.68,7.01428,35.0173
6108,-1091.8,7.01421,35.0199
6109,-1091.92,7.01415,35.0308
6110,-1092.05,7.01408,35.0348
6111,-1092.17,7.01401,35.0383
6112,-1092.29,7.01394,35.0415
6113,-1092.42,7.01387,35.0442
6114,-1092.54,7.0138,35.0546
6115,-1092.66,7.01374,35.0573
6116,-1092.79,7.01367,35.0599
6117,-1092.91,7.0136,35.0624
6118,-1093.04,7.01353,35.0649
6119,-1093.16,7.01346,35.0674
6120,-1093.28,7.01339,35.07
6121,-1093.41,7.01333,35.0725
6122,-1093.53,7.01326,35.075
6123,-1093.65,7.01319,35.0775
6124,-1093.78,7.01312,35.0799
6125,-1093.9,7.01305,35.0823
6126,-1094.02,7.01298,35.0849
6127,-1094.15,7.01292,35.0873
6128,-1094.27,7.01285,35.0897
6129,-1094.39,7.01278,35.0922
6130,-1094.52,7.01271,35.0946
6131,-1094.64,7.01264,35.097
6132,-1094.77,7.01258,35.0994
6133,-1094.89,7.01251,35.1019
6134,-1095.01,7.01244,35.1044
6135,-1095.14,7.01237,35.1069
6136,-1095.26,7.0123,35.1093
6137,-1095.38,7.01224,35.1118
6138,-1095.51,7.01217,35.1142
6139,-1095.63,7.0121,35.1167
6140,-1095.75,7.01203,35.1191
6141,-1095.88,7.01196,35.1216
6142,-1096,7.0119,35.124
6143,-1096.12,7.01183,35.1266
6144,-1096.25,7.01176,35.129
6145,-1096.37,7.01169,35.1315
6146,-1096.5,7.01162,35.1339
6147,-1096.62,7.01156,35.1365
6148,-1096.74,7.01149,35.1389
6149,-1096.87,7.01142,35.1413
6150,-1096.99,7.01135,35.1438
6151,-1097.11,7.01129,35.1491
6152,-1097.24,7.01122,35.1516
6153,-1097.36,7.01115,35.154
6154,-1097.48,7.01108,35.1565
6155,-1097.61,7.01101,35.1589
6156,-1097.73,7.01095,35.1614
6157,-1097.85,7.01088,35.1638
6158,-1097.98,7.01081,35.1663
6159,-1098.1,7.01074,35.1687
6160,-1098.23,7.01068,35.1712
6161,-1098.35,7.01061,35.1738
6162,-1098.47,7.01054,35.1763
6163,-1098.6,7.01047,35.1787
6164,-1098.72,7.01041,35.1812
6165,-1098.84,7.01034,35.1837
6166,-1098.97,7.01027,35.1862
6167,-1099.09,7.0102,35.1886
6168,-1099.21,7.01014,35.1911
6169,-1099.34,7.01007,35.1935
6170,-1099.46,7.01,35.196
6171,-1099.58,7.00993,35.1985
6172,-1099.71,7.00987,35.2009
6173,-1099.83,7.0098,35.2034
6174,-1099.95,7.00973,35.2059
6175,-1100.08,7.00966,35.2083
6176,-1100.2,7.0096,35.2108
6177,-1100.32,7.00953,35.2133
6178,-1100.45,7.00946,35.2158
6179,-1100.57,7.00939,35.2182
6180,-1100.7,7.00933,35.2207
6181,-1100.82,7.00926,35.2232
6182,-1100.94,7.00919,35.2257
6183,-1101.07,7.00912,35.2281
6184,-1101.19,7.00906,35.2305
6185,-1101.31,7.00899,35.233
6186,-1101.44,7.00892,35.2355
6187,-1101.56,7.00886,35.2379
6188,-1101.68,7.00879,35.2404
6189,-1101.81,7.00872,35.2428
6190,-1101.93,7.00865,35.2452
6191,-1102.05,7.00859,35.2476
6192,-1102.18,7.00852,35.2501
6193,-1102.3,7.00845,35.2525
6194,-1102.42,7.00839,35.2549
6195,-1102.55,7.00832,35.2573
6196,-1102.67,7.00825,35.2598
6197,-1102.79,7.00818,35.2622
6198,-1102.92,7.00812,35.2646
6199,-1103.04,7.00805,35.267
6200,-1103.16,7.00798,35.2695
6201,-1103.29,7.00792,35.2741
6202,-1103.41,7.00785,35.2767
6203,-1103.53,7.00778,35.2791
6204,-1103.66,7.00772,35.2815
6205,-1103.78,7.00765,35.284
6206,-1103.9,7.00758,35.2865
6207,-1104.03,7.00751,35.2889
6208,-1104.15,7.00745,35.2914
6209,-1104.27,7.00738,35.294
6210,-1104.4,7.00731,35.2964
6211,-1104.52,7.00725,35.299
6212,-1104.64,7.00718,35.3014
6213,-1104.77,7.00711,35.3039
6214,-1104.89,7.00705,35.3064
6215,-1105.02,7.00698,35.3088
6216,-1105.14,7.00691,35.3113
6217,-1105.26,7.00685,35.3138
6218,-1105.39,7.00678,35.3163
6219,-1105.51,7.00671,35.3187
6220,-1105.63,7.00665,35.3212
6221,-1105.76,7.00658,35.3236
6222,-1105.88,7.00651,35.3261
6223,-1106,7.00645,35.3286
6224,-1106.13,7.00638,35.3312
6225,-1106.25,7.00631,35.3337
6226,-1106.37,7.00625,35.3361
6227,-1106.5,7.00618,35.3386
6228,-1106.62,7.00611,35.341
6229,-1106.74,7.00605,35.3435
6230,-1106.87,7.00598,35.346
6231,-1106.99,7.00591,35.3485
6232,-1107.11,7.00585,35.3509
6233,-1107.24,7.00578,35.3534
6234,-1107.36,7.00571,35.3559
6235,-1107.48,7.00565,35.3583
6236,-1107.61,7.00558,35.3607
6237,-1107.73,7.00551,35.3633
6238,-1107.85,7.00545,35.3658
6239,-1107.98,7.00538,35.3682
6240,-1108.1,7.00532,35.3707
6241,-1108.22,7.00525,35.3732
6242,-1108.35,7.00518,35.3756
6243,-1108.47,7.00512,35.3781
6244,-1108.59,7.00505,35.3806
6245,-1108.72,7.00498,35.383
6246,-1108.84,7.00492,35.3855
6247,-1108.96,7.00485,35.388
6248,-1109.09,7.00478,35.3905
6249,-1109.21,7.00472,35.3929
6250,-1109.33,7.00465,35.3954
6251,-1109.46,7.00459,35.3999
6252,-1109.58,7.00452,35.4025
6253,-1109.7,7.00445,35.4051
6254,-1109.83,7.00439,35.4076
6255,-1109.95,7.00432,35.41
6256,-1110.07,7.00425,35.4125
6257,-1110.2,7.00419,35.4149
6258,-1110.32,7.00412,35.4173
6259,-1110.44,7.00406,35.4197
6260,-1110.57,7.00399,35.4219
6261,-1110.69,7.00392,35.4243
6262,-1110.81,7.00386,35.4269
6263,-1110.94,7.00379,35.4293
6264,-1111.06,7.00373,35.4317
6265,-1111.18,7.00366,35.4342
6266,-1111.31,7.00359,35.4367
6267,-1111.43,7.00353,35.4392
6268,-1111.55,7.00346,35.4417
6269,-1111.68,7.0034,35.4441
6270,-1111.8,7.00333,35.4466
6271,-1111.92,7.00326,35.449
6272,-1112.05,7.0032,35.4514
6273,-1112.17,7.00313,35.454
6274,-1112.29,7.00307,35.4565
6275,-1112.41,7.003,35.4589
6276,-1112.54,7.00293,35.4615
6277,-1112.66,7.00287,35.464
6278,-1112.78,7.0028,35.4664
6279,-1112.91,7.00274,35.4689
6280,-1113.03,7.00267,35.4714
6281,-1113.15,7.00261,35.4739
6282,-1113.28,7.00254,35.4764
6283,-1113.4,7.00247,35.4788
6284,-1113.52,7.00241,35.4813
6285,-1113.65,7.00234,35.4838
6286,-1113.77,7.00228,35.4862
6287,-1113.89,7.00221,35.4887
6288,-1114.02,7.00215,35.4912
6289,-1114.14,7.00208,35.4937
6290,-1114.26,7.00201,35.4962
6291,-1114.39,7.00195,35.4987
6292,-1114.51,7.00188,35.5011
6293,-1114.63,7.00182,35.5036
6294,-1114.76,7.00175,35.506
6295,-1114.88,7.00169,35.5085
6296,-1115,7.00162,35.511
6297,-1115.13,7.00155,35.5135
6298,-1115.25,7.00149,35.5159
6299,-1115.37,7.00142,35.5184
6300,-1115.5,7.00136,35.5208
6301,-1115.62,7.00129,35.5254
6302,-1115.74,7.00123,35.5279
6303,-1115.87,7.00116,35.5304
6304,-1115.99,7.0011,35.5329
6305,-1116.11,7.00103,35.5353
6306,-1116.23,7.00097,35.5378
6307,-1116.36,7.0009,35.5403
6308,-1116.48,7.00083,35.5429
6309,-1116.6,7.00077,35.5453
6310,-1116.73,7.0007,35.5479
6311,-1116.85,7.00064,35.5505
6312,-1116.97,7.00057,35.553
6313,-1117.1,7.00051,35.5555
6314,-1117.22,7.00044,35.558
6315,-1117.34,7.00038,35.5605
6316,-1117.47,7.00031,35.563
6317,-1117.59,7.00025,35.5654
6318,-1117.71,7.00018,35.5679
6319,-1117.84,7.00012,35.5703
6320,-1117.96,7.00005,35.5728
6321,-1118.08,6.99999,35.5752
6322,-1118.21,6.99992,35.5777
6323,-1118.33,6.99985,35.5801
6324,-1118.45,6.99979,35.5826
6325,-1118.58,6.99972,35.585
6326,-1118.7,6.99966,35.5874
6327,-1118.82,6.99959,35.5899
6328,-1118.94,6.99953,35.5923
6329,-1119.07,6.99946,35.5947
6330,-1119.19,6.9994,35.5971
6331,-1119.31,6.99933,35.5996
6332,-1119.44,6.99927,35.602
6333,-1119.56,6.9992,35.6045
6334,-1119.68,6.99914,35.6069
6335,-1119.81,6.99907,35.6093
6336,-1119.93,6.99901,35.6118
6337,-1120.05,6.99894,35.6143
6338,-1120.18,6.99888,35.6167
6339,-1120.3,6.99881,35.6193
6340,-1120.42,6.99875,35.6219
6341,-1120.55,6.99868,35.6244
6342,-1120.67,6.99862,35.6268
6343,-1120.79,6.99855,35.6293
6344,-1120.91,6.99849,35.6318
6345,-1121.04,6.99842,35.6343
6346,-1121.16,6.99836,35.6368
6347,-1121.28,6.99829,35.6392
6348,-1121.41,6.99823,35.6416
6349,-1121.53,6.99817,35.6441
6350,-1121.65,6.9981,35.6466
6351,-1121.78,6.99804,35.6512
6352,-1121.9,6.99797,35.6538
6353,-1122.02,6.99791,35.6563
6354,-1122.15,6.99784,35.6587
6355,-1122.27,6.99778,35.6612
6356,-1122.39,6.99771,35.6636
6357,-1122.51,6.99765,35.666
6358,-1122.64,6.99758,35.6684
6359,-1122.76,6.99752,35.6709
6360,-1122.88,6.99745,35.6733
6361,-1123.01,6.99739,35.6757
6362,-1123.13,6.99732,35.6782
6363,-1123.25,6.99726,35.6806
6364,-1123.38,6.99719,35.683
6365,-1123.5,6.99713,35.6854
6366,-1123.62,6.99707,35.6878
6367,-1123.75,6.997,35.6903
6368,-1123.87,6.99694,35.6928
6369,-1123.99,6.99687,35.6952
6370,-1124.11,6.99681,35.6976
6371,-1124.24,6.99674,35.7
6372,-1124.36,6.99668,35.7025
6373,-1124.48,6.99661,35.7049
6374,-1124.61,6.99655,35.7074
6375,-1124.73,6.99648,35.7099
6376,-1124.85,6.99642,35.7123
6377,-1124.98,6.99636,35.7147
6378,-1125.1,6.99629,35.7171
6379,-1125.22,6.99623,35.7195
6380,-1125.34,6.99616,35.722
6381,-1125.47,6.9961,35.7244
6382,-1125.59,6.99603,35.7268
6383,-1125.71,6.99597,35.7293
6384,-1125.84,6.99591,35.7317
6385,-1125.96,6.99584,35.7341
6386,-1126.08,6.99578,35.7366
6387,-1126.21,6.99571,35.7391
6388,-1126.33,6.99565,35.7416
6389,-1126.45,6.99558,35.744
6390,-1126.58,6.99552,35.7464
6391,-1126.7,6.99546,35.7543
6392,-1126.82,6.99539,35.7568
6393,-1126.94,6.99533,35.7593
6394,-1127.07,6.99526,35.7617
6395,-1127.19,6.9952,35.7642
6396,-1127.31,6.99513,35.7668
6397,-1127.44,6.99507,35.7692
6398,-1127.56,6.99501,35.7717
6399,-1127.68,6.99494,35.7741
6400,-1127.81,6.99488,35.7765
6401,-1127.93,6.99481,35.781
6402,-1128.05,6.99475,35.7835
6403,-1128.17,6.99469,35.7859
6404,-1128.3,6.99462,35.7883
6405,-1128.42,6.99456,35.7907
6406,-1128.54,6.99449,35.7931
6407,-1128.67,6.99443,35.7955
6408,-1128.79,6.99437,35.798
6409,-1128.91,6.9943,35.8004
6410,-1129.03,6.99424,35.8029
6411,-1129.16,6.99417,35.8054
6412,-1129.28,6.99411,35.8078
6413,-1129.4,6.99405,35.8102
6414,-1129.53,6.99398,35.8127
6415,-1129.65,6.99392,35.8151
6416,-1129.77,6.99385,35.8175
6417,-1129.9,6.99379,35.8199
6418,-1130.02,6.99373,35.8225
6419,-1130.14,6.99366,35.8249
6420,-1130.26,6.9936,35.8273
6421,-1130.39,6.99353,35.8298
6422,-1130.51,6.99347,35.8322
6423,-1130.63,6.99341,35.8346
6424,-1130.76,6.99334,35.837
6425,-1130.88,6.99328,35.8394
6426,-1131,6.99322,35.8418
6427,-1131.12,6.99315,35.8443
6428,-1131.25,6.99309,35.8466
6429,-1131.37,6.99302,35.8491
6430,-1131.49,6.99296,35.8515
6431,-1131.62,6.9929,35.854
6432,-1131.74,6.99283,35.8564
6433,-1131.86,6.99277,35.8589
6434,-1131.99,6.99271,35.8614
6435,-1132.11,6.99264,35.8638
6436,-1132.23,6.99258,35.8662
6437,-1132.35,6.99252,35.8687
6438,-1132.48,6.99245,35.8711
6439,-1132.6,6.99239,35.8736
6440,-1132.72,6.99232,35.876
6441,-1132.85,6.99226,35.8784
6442,-1132.97,6.9922,35.8808
6443,-1133.09,6.99213,35.8833
6444,-1133.21,6.99207,35.8857
6445,-1133.34,6.99201,35.8881
6446,-1133.46,6.99194,35.8905
6447,-1133.58,6.99188,35.893
6448,-1133.71,6.99182,35.8955
6449,-1133.83,6.99175,35.8979
6450,-1133.95,6.99169,35.9004
6451,-1134.07,6.99163,35.9049
6452,-1134.2,6.99156,35.9074
6453,-1134.32,6.9915,35.9099
6454,-1134.44,6.99144,35.9123
6455,-1134.57,6.99137,35.9147
6456,-1134.69,6.99131,35.9172
6457,-1134.81,6.99125,35.9197
6458,-1134.93,6.99118,35.9221
6459,-1135.06,6.99112,35.9246
6460,-1135.18,6.99106,35.927
6461,-1135.3,6.99099,35.9295
6462,-1135.43,6.99093,35.932
6463,-1135.55,6.99087,35.9344
6464,-1135.67,6.9908,35.9369
6465,-1135.79,6.99074,35.9393
6466,-1135.92,6.99068,35.9417
6467,-1136.04,6.99061,35.9442
6468,-1136.16,6.99055,35.9466
6469,-1136.29,6.99049,35.949
6470,-1136.41,6.99042,35.9514
6471,-1136.53,6.99036,35.9539
6472,-1136.65,6.9903,35.9563
6473,-1136.78,6.99023,35.9588
6474,-1136.9,6.99017,35.9612
6475,-1137.02,6.99011,35.9637
6476,-1137.15,6.99005,35.9662
6477,-1137.27,6.98998,35.9687
6478,-1137.39,6.98992,35.9712
6479,-1137.51,6.98986,35.9737
6480,-1137.64,6.98979,35.9761
6481,-1137.76,6.98973,35.9785
6482,-1137.88,6.98967,35.9809
6483,-1138.01,6.9896,35.9834
6484,-1138.13,6.98954,35.9859
6485,-1138.25,6.98948,35.9883
6486,-1138.37,6.98941,35.9907
6487,-1138.5,6.98935,35.9931
6488,-1138.62,6.98929,35.9956
6489,-1138.74,6.98923,35.998
6490,-1138.87,6.98916,36.0005
6491,-1138.99,6.9891,36.003
6492,-1139.11,6.98904,36.0055
6493,-1139.23,6.98897,36.0079
6494,-1139.36,6.98891,36.0104
6495,-1139.48,6.98885,36.0129
6496,-1139.6,6.98879,36.0153
6497,-1139.72,6.98872,36.0177
6498,-1139.85,6.98866,36.0202
6499,-1139.97,6.9886,36.0226
6500,-1140.09,6.98853,36.0251
6501,-1140.22,6.98847,36.0297
6502,-1140.34,6.98841,36.0322
6503,-1140.46,6.98835,36.0347
6504,-1140.58,6.98828,36.0371
6505,-1140.71,6.98822,36.0396
6506,-1140.83,6.98816,36.042
6507,-1140.95,6.9881,36.0445
6508,-1141.08,6.98803,36.0469
6509,-1141.2,6.98797,36.0494
6510,-1141.32,6.98791,36.0519
6511,-1141.44,6.98785,36.0543
6512,-1141.57,6.98778,36.0568
6513,-1141.69,6.98772,36.0592
6514,-1141.81,6.98766,36.0616
6515,-1141.93,6.98759,36.064
6516,-1142.06,6.98753,36.0664
6517,-1142.18,6.98747,36.0689
6518,-1142.3,6.98741,36.0713
6519,-1142.43,6.98734,36.0738
6520,-1142.55,6.98728,36.0762
6521,-1142.67,6.98722,36.0787
6522,-1142.79,6.98716,36.0811
6523,-1142.92,6.98709,36.0836
6524,-1143.04,6.98703,36.086
6525,-1143.16,6.98697,36.0885
6526,-1143.28,6.98691,36.0909
6527,-1143.41,6.98685,36.0933
6528,-1143.53,6.98678,36.0958
6529,-1143.65,6.98672,36.0982
6530,-1143.78,6.98666,36.1006
6531,-1143.9,6.9866,36.103
6532,-1144.02,6.98653,36.1055
6533,-1144.14,6.98647,36.1079
6534,-1144.27,6.98641,36.1104
6535,-1144.39,6.98635,36.1128
6536,-1144.51,6.98628,36.1153
6537,-1144.63,6.98622,36.1177
6538,-1144.76,6.98616,36.1202
6539,-1144.88,6.9861,36.1226
6540,-1145,6.98603,36.1251
6541,-1145.12,6.98597,36.1276
6542,-1145.25,6.98591,36.13
6543,-1145.37,6.98585,36.1325
6544,-1145.49,6.98579,36.135
6545,-1145.62,6.98572,36.1375
6546,-1145.74,6.98566,36.1399
6547,-1145.86,6.9856,38.0625
6548,-1145.98,6.98554,38.0665
6549,-1146.11,6.98548,38.0696
6550,-1146.23,6.98541,38.0723
6551,-1146.35,6.98535,38.1052
6552,-1146.47,6.98529,38.1083
6553,-1146.6,6.98523,38.1108
6554,-1146.72,6.98516,38.1135
6555,-1146.84,6.9851,38.116
6556,-1146.96,6.98504,38.1185
6557,-1147.09,6.98498,38.121
6558,-1147.21,6.98492,38.1235
6559,-1147.33,6.98485,38.126
6560,-1147.46,6.98479,38.1285
6561,-1147.58,6.98473,38.131
6562,-1147.7,6.98467,38.1335
6563,-1147.82,6.98461,38.1361
6564,-1147.95,6.98454,38.1385
6565,-1148.07,6.98448,38.1409
6566,-1148.19,6.98442,38.1434
6567,-1148.31,6.98436,38.1458
6568,-1148.44,6.9843,38.1482
6569,-1148.56,6.98423,38.1507
6570,-1148.68,6.98417,38.1532
6571,-1148.8,6.98411,38.1555
6572,-1148.93,6.98405,38.158
6573,-1149.05,6.98399,38.1604
6574,-1149.17,6.98393,38.1629
6575,-1149.29,6.98386,38.1653
6576,-1149.42,6.9838,38.1677
6577,-1149.54,6.98374,38.1701
6578,-1149.66,6.98368,38.1727
6579,-1149.79,6.98362,38.1751
6580,-1149.91,6.98356,38.1775
6581,-1150.03,6.98349,38.18
6582,-1150.15,6.98343,38.1825
6583,-1150.28,6.98337,38.1848
6584,-1150.4,6.98331,38.1873
6585,-1150.52,6.98325,38.1897
6586,-1150.64,6.98318,38.1922
6587,-1150.77,6.98312,38.1946
6588,-1150.89,6.98306,38.1971
6589,-1151.01,6.983,38.1995
6590,-1151.13,6.98294,38.2021
6591,-1151.26,6.98288,38.2045
6592,-1151.38,6.98282,38.207
6593,-1151.5,6.98275,38.2094
6594,-1151.62,6.98269,38.2119
6595,-1151.75,6.98263,38.2143
6596,-1151.87,6.98257,38.2168
6597,-1151.99,6.98251,38.2192
6598,-1152.11,6.98245,38.2216
6599,-1152.24,6.98238,38.224
6600,-1152.36,6.98232,38.2265
6601,-1152.48,6.98226,38.3701
6602,-1152.6,6.9822,38.3723
6603,-1152.73,6.98214,38.3744
6604,-1152.85,6.98208,38.3768
6605,-1152.97,6.98202,38.3791
6606,-1153.09,6.98195,38.3817
6607,-1153.22,6.98189,38.384
6608,-1153.34,6.98183,38.3865
6609,-1153.46,6.98177,38.3889
6610,-1153.58,6.98171,38.3913
6611,-1153.71,6.98165,38.3938
6612,-1153.83,6.98159,38.3963
6613,-1153.95,6.98152,38.3988
6614,-1154.08,6.98146,38.4012
6615,-1154.2,6.9814,38.4037
6616,-1154.32,6.98134,38.4062
6617,-1154.44,6.98128,38.4086
6618,-1154.57,6.98122,38.411
6619,-1154.69,6.98116,38.4135
6620,-1154.81,6.9811,38.416
6621,-1154.93,6.98103,38.4185
6622,-1155.06,6.98097,38.4209
6623,-1155.18,6.98091,38.4234
6624,-1155.3,6.98085,38.4258
6625,-1155.42,6.98079,38.4284
6626,-1155.55,6.98073,38.4307
6627,-1155.67,6.98067,38.4329
6628,-1155.79,6.98061,38.435
6629,-1155.91,6.98054,38.4373
6630,-1156.04,6.98048,38.4394
6631,-1156.16,6.98042,38.4418
6632,-1156.28,6.98036,38.4443
6633,-1156.4,6.9803,38.4467
6634,-1156.53,6.98024,38.4492
6635,-1156.65,6.98018,38.4516
6636,-1156.77,6.98012,38.4541
6637,-1156.89,6.98006,38.4565
6638,-1157.02,6.97999,38.459
6639,-1157.14,6.97993,38.4614
6640,-1157.26,6.97987,38.464
6641,-1157.38,6.97981,38.4664
6642,-1157.51,6.97975,38.4688
6643,-1157.63,6.97969,38.4713
6644,-1157.75,6.97963,38.4739
6645,-1157.87,6.97957,38.4763
6646,-1157.99,6.97951,38.4787
6647,-1158.12,6.97945,38.4812
6648,-1158.24,6.97939,38.4836
6649,-1158.36,6.97932,38.486
6650,-1158.48,6.97926,38.4884
6651,-1158.61,6.9792,38.6806
6652,-1158.73,6.97914,38.6843
6653,-1158.85,6.97908,38.6862
6654,-1158.97,6.97902,38.6881
6655,-1159.1,6.97896,38.69
6656,-1159.22,6.9789,38.6919
6657,-1159.34,6.97884,38.6938
6658,-1159.46,6.97878,38.6956
6659,-1159.59,6.97872,38.6974
6660,-1159.71,6.97866,38.6993
6661,-1159.83,6.97859,38.7014
6662,-1159.95,6.97853,38.7033
6663,-1160.08,6.97847,38.705
6664,-1160.2,6.97841,38.7068
6665,-1160.32,6.97835,38.7091
6666,-1160.44,6.97829,38.7113
6667,-1160.57,6.97823,38.727
6668,-1160.69,6.97817,38.7292
6669,-1160.81,6.97811,38.7312
6670,-1160.93,6.97805,38.7335
6671,-1161.06,6.97799,38.7353
6672,-1161.18,6.97793,38.7369
6673,-1161.3,6.97787,38.7387
6674,-1161.42,6.97781,38.7407
6675,-1161.55,6.97775,38.7428
6676,-1161.67,6.97768,38.745
6677,-1161.79,6.97762,38.7473
6678,-1161.91,6.97756,38.7497
6679,-1162.04,6.9775,38.7522
6680,-1162.16,6.97744,38.7546
6681,-1162.28,6.97738,38.757
6682,-1162.4,6.97732,38.7592
6683,-1162.52,6.97726,38.7612
6684,-1162.65,6.9772,38.7633
6685,-1162.77,6.97714,38.7657
6686,-1162.89,6.97708,38.768
6687,-1163.01,6.97702,38.7813
6688,-1163.14,6.97696,38.7856
6689,-1163.26,6.9769,38.7891
6690,-1163.38,6.97684,38.7922
6691,-1163.5,6.97678,38.7952
6692,-1163.63,6.97672,38.7973
6693,-1163.75,6.97666,38.7999
6694,-1163.87,6.9766,38.8024
6695,-1163.99,6.97654,38.805
6696,-1164.12,6.97648,38.8075
6697,-1164.24,6.97642,38.8101
6698,-1164.36,6.97636,38.8126
6699,-1164.48,6.97629,38.8149
6700,-1164.6,6.97623,38.8172
6701,-1164.73,6.97617,38.8396
6702,-1164.85,6.97611,38.8434
6703,-1164.97,6.97605,38.8466
6704,-1165.09,6.97599,38.8496
6705,-1165.22,6.97593,38.8523
6706,-1165.34,6.97587,38.8549
6707,-1165.46,6.97581,38.8575
6708,-1165.58,6.97575,38.8599
6709,-1165.71,6.97569,38.8623
6710,-1165.83,6.97563,38.8648
6711,-1165.95,6.97557,38.8672
6712,-1166.07,6.97551,39.1516
6713,-1166.2,6.97545,39.1594
6714,-1166.32,6.97539,39.1632
6715,-1166.44,6.97533,39.1662
6716,-1166.56,6.97527,39.169
6717,-1166.68,6.97521,39.1718
6718,-1166.81,6.97515,39.1743
6719,-1166.93,6.97509,39.1767
6720,-1167.05,6.97503,39.1791
6721,-1167.17,6.97497,39.1814
6722,-1167.3,6.97491,39.1833
6723,-1167.42,6.97485,39.1858
6724,-1167.54,6.97479,39.1881
6725,-1167.66,6.97473,39.1906
6726,-1167.79,6.97467,39.1929
6727,-1167.91,6.97461,39.1948
6728,-1168.03,6.97455,39.1966
6729,-1168.15,6.97449,39.1986
6730,-1168.27,6.97443,39.201
6731,-1168.4,6.97437,39.2031
6732,-1168.52,6.97431,39.205
6733,-1168.64,6.97425,39.207
6734,-1168.76,6.97419,39.2089
6735,-1168.89,6.97413,39.2107
6736,-1169.01,6.97407,39.2128
6737,-1169.13,6.97401,39.2148
6738,-1169.25,6.97395,39.2169
6739,-1169.37,6.97389,39.2191
6740,-1169.5,6.97383,39.2209
6741,-1169.62,6.97377,39.2229
6742,-1169.74,6.97371,39.2254
6743,-1169.86,6.97365,39.2278
6744,-1169.99,6.97359,39.2302
6745,-1170.11,6.97353,39.2329
6746,-1170.23,6.97347,39.2355
6747,-1170.35,6.97341,39.238
6748,-1170.48,6.97335,39.2406
6749,-1170.6,6.97329,39.243
6750,-1170.72,6.97324,39.2455
6751,-1170.84,6.97318,39.2583
6752,-1170.96,6.97312,39.2614
6753,-1171.09,6.97306,39.4073
6754,-1171.21,6.973,39.4126
6755,-1171.33,6.97294,39.4161
6756,-1171.45,6.97288,39.4193
6757,-1171.58,6.97282,39.4222
6758,-1171.7,6.97276,39.4248
6759,-1171.82,6.9727,39.4275
6760,-1171.94,6.97264,39.4303
6761,-1172.06,6.97258,39.4329
6762,-1172.19,6.97252,39.4356
6763,-1172.31,6.97246,39.4381
6764,-1172.43,6.9724,39.4406
6765,-1172.55,6.97234,39.4433
6766,-1172.68,6.97228,39.4458
6767,-1172.8,6.97222,39.4485
6768,-1172.92,6.97216,39.4514
6769,-1173.04,6.9721,39.454
6770,-1173.16,6.97204,39.4567
6771,-1173.29,6.97198,39.4593
6772,-1173.41,6.97192,39.4618
6773,-1173.53,6.97187,39.4644
6774,-1173.65,6.97181,39.467
6775,-1173.78,6.97175,39.4695
6776,-1173.9,6.97169,39.4721
6777,-1174.02,6.97163,39.4747
6778,-1174.14,6.97157,39.4772
6779,-1174.26,6.97151,39.4798
6780,-1174.39,6.97145,39.4823
6781,-1174.51,6.97139,39.4848
6782,-1174.63,6.97133,39.4873
6783,-1174.75,6.97127,39.4898
6784,-1174.88,6.97121,39.4924
6785,-1175,6.97115,39.4951
6786,-1175.12,6.97109,39.4979
6787,-1175.24,6.97103,39.5006
6788,-1175.36,6.97097,39.5032
6789,-1175.49,6.97092,39.5058
6790,-1175.61,6.97086,39.5084
6791,-1175.73,6.9708,39.5109
6792,-1175.85,6.97074,39.5135
6793,-1175.97,6.97068,39.5161
6794,-1176.1,6.97062,39.5186
6795,-1176.22,6.97056,39.5213
6796,-1176.34,6.9705,39.5238
6797,-1176.46,6.97044,39.5264
6798,-1176.59,6.97038,39.5289
6799,-1176.71,6.97032,39.5314
6800,-1176.83,6.97026,39.5339
6801,-1176.95,6.97021,39.5419
6802,-1177.07,6.97015,39.5445
6803,-1177.2,6.97009,39.547
6804,-1177.32,6.97003,39.5496
6805,-1177.44,6.96997,39.5521
6806,-1177.56,6.96991,39.5547
6807,-1177.68,6.96985,39.5573
6808,-1177.81,6.96979,39.5598
6809,-1177.93,6.96973,39.5623
6810,-1178.05,6.96967,39.5648
6811,-1178.17,6.96961,39.5675
6812,-1178.3,6.96956,39.57
6813,-1178.42,6.9695,39.5724
6814,-1178.54,6.96944,39.5747
6815,-1178.66,6.96938,39.5768
6816,-1178.78,6.96932,39.5791
6817,-1178.91,6.96926,39.7948
6818,-1179.03,6.9692,39.7994
6819,-1179.15,6.96914,39.8027
6820,-1179.27,6.96908,39.8057
6821,-1179.39,6.96903,39.8084
6822,-1179.52,6.96897,39.811
6823,-1179.64,6.96891,39.8138
6824,-1179.76,6.96885,39.8165
6825,-1179.88,6.96879,39.8189
6826,-1180,6.96873,39.8212
6827,-1180.13,6.96867,39.8236
6828,-1180.25,6.96861,39.8263
6829,-1180.37,6.96855,39.8286
6830,-1180.49,6.9685,39.8312
6831,-1180.62,6.96844,39.8338
6832,-1180.74,6.96838,39.8362
6833,-1180.86,6.96832,39.8383
6834,-1180.98,6.96826,39.8406
6835,-1181.1,6.9682,39.8429
6836,-1181.23,6.96814,39.8453
6837,-1181.35,6.96808,39.8479
6838,-1181.47,6.96803,39.8505
6839,-1181.59,6.96797,39.8531
6840,-1181.71,6.96791,39.8556
6841,-1181.84,6.96785,39.8582
6842,-1181.96,6.96779,39.8608
6843,-1182.08,6.96773,39.8633
6844,-1182.2,6.96767,39.866
6845,-1182.32,6.96761,39.8687
6846,-1182.45,6.96756,39.8713
6847,-1182.57,6.9675,39.8739
6848,-1182.69,6.96744,39.8766
6849,-1182.81,6.96738,39.8791
6850,-1182.93,6.96732,39.8816
6851,-1183.06,6.96726,39.9002
6852,-1183.18,6.9672,39.9043
6853,-1183.3,6.96715,39.9081
6854,-1183.42,6.96709,39.9115
6855,-1183.54,6.96703,39.9146
6856,-1183.67,6.96697,39.9174
6857,-1183.79,6.96691,39.9202
6858,-1183.91,6.96685,39.923
6859,-1184.03,6.9668,39.9257
6860,-1184.15,6.96674,39.9285
6861,-1184.28,6.96668,39.9312
6862,-1184.4,6.96662,40.0965
6863,-1184.52,6.96656,40.0995
6864,-1184.64,6.9665,40.1021
6865,-1184.76,6.96644,40.1048
6866,-1184.89,6.96639,40.1074
6867,-1185.01,6.96633,40.11
6868,-1185.13,6.96627,40.1127
6869,-1185.25,6.96621,40.1152
6870,-1185.37,6.96615,40.1178
6871,-1185.5,6.96609,40.1204
6872,-1185.62,6.96604,40.1231
6873,-1185.74,6.96598,40.1257
6874,-1185.86,6.96592,40.1282
6875,-1185.98,6.96586,40.1308
6876,-1186.11,6.9658,40.1334
6877,-1186.23,6.96574,40.136
6878,-1186.35,6.96569,40.1387
6879,-1186.47,6.96563,40.1487
6880,-1186.59,6.96557,40.1517
6881,-1186.72,6.96551,40.1542
6882,-1186.84,6.96545,40.1568
6883,-1186.96,6.96539,40.1594
6884,-1187.08,6.96534,40.1619
6885,-1187.2,6.96528,40.1645
6886,-1187.33,6.96522,40.1671
6887,-1187.45,6.96516,40.1697
6888,-1187.57,6.9651,40.1722
6889,-1187.69,6.96505,40.1747
6890,-1187.81,6.96499,40.1772
6891,-1187.94,6.96493,40.1797
6892,-1188.06,6.96487,40.2493
6893,-1188.18,6.96481,40.2527
6894,-1188.3,6.96476,40.2558
6895,-1188.42,6.9647,40.2587
6896,-1188.55,6.96464,40.2614
6897,-1188.67,6.96458,40.2639
6898,-1188.79,6.96452,40.266
6899,-1188.91,6.96446,40.2681
6900,-1189.03,6.96441,40.2702
6901,-1189.16,6.96435,40.2789
6902,-1189.28,6.96429,40.2813
6903,-1189.4,6.96423,40.2837
6904,-1189.52,6.96417,40.2858
6905,-1189.64,6.96412,40.288
6906,-1189.77,6.96406,40.2904
6907,-1189.89,6.964,40.2927
6908,-1190.01,6.96394,40.2949
6909,-1190.13,6.96389,40.2973
6910,-1190.25,6.96383,40.2994
6911,-1190.38,6.96377,40.3016
6912,-1190.5,6.96371,40.3038
6913,-1190.62,6.96365,40.306
6914,-1190.74,6.9636,40.3078
6915,-1190.86,6.96354,40.3098
6916,-1190.98,6.96348,40.3116
6917,-1191.11,6.96342,40.3135
6918,-1191.23,6.96336,40.3157
6919,-1191.35,6.96331,40.5611
6920,-1191.47,6.96325,40.5644
6921,-1191.59,6.96319,40.5671
6922,-1191.72,6.96313,40.5696
6923,-1191.84,6.96308,40.5723
6924,-1191.96,6.96302,40.5747
6925,-1192.08,6.96296,40.5772
6926,-1192.2,6.9629,40.5795
6927,-1192.33,6.96284,40.5819
6928,-1192.45,6.96279,40.5841
6929,-1192.57,6.96273,40.5866
6930,-1192.69,6.96267,40.5892
6931,-1192.81,6.96261,40.5918
6932,-1192.94,6.96256,40.5943
6933,-1193.06,6.9625,40.5969
6934,-1193.18,6.96244,40.5994
6935,-1193.3,6.96238,40.602
6936,-1193.42,6.96232,40.6046
6937,-1193.54,6.96227,40.6072
6938,-1193.67,6.96221,40.6098
6939,-1193.79,6.96215,40.6124
6940,-1193.91,6.96209,40.615
6941,-1194.03,6.96204,40.6176
6942,-1194.15,6.96198,40.6202
6943,-1194.28,6.96192,40.6389
6944,-1194.4,6.96186,40.6415
6945,-1194.52,6.96181,40.644
6946,-1194.64,6.96175,40.6466
6947,-1194.76,6.96169,40.649
6948,-1194.89,6.96163,40.6516
6949,-1195.01,6.96158,40.6541
6950,-1195.13,6.96152,40.6566
6951,-1195.25,6.96146,40.6776
6952,-1195.37,6.9614,40.6818
6953,-1195.49,6.96135,40.6856
6954,-1195.62,6.96129,40.689
6955,-1195.74,6.96123,40.6919
6956,-1195.86,6.96117,40.6946
6957,-1195.98,6.96112,40.8621
6958,-1196.1,6.96106,40.8659
6959,-1196.23,6.961,40.8693
6960,-1196.35,6.96094,40.8724
6961,-1196.47,6.96089,40.8751
6962,-1196.59,6.96083,40.8778
6963,-1196.71,6.96077,40.8804
6964,-1196.83,6.96071,40.883
6965,-1196.96,6.96066,40.8855
6966,-1197.08,6.9606,40.8881
6967,-1197.2,6.96054,40.8907
6968,-1197.32,6.96049,40.8933
6969,-1197.44,6.96043,40.8959
6970,-1197.57,6.96037,40.8984
6971,-1197.69,6.96031,40.901
6972,-1197.81,6.96026,40.9035
6973,-1197.93,6.9602,40.9061
6974,-1198.05,6.96014,40.9086
6975,-1198.17,6.96008,40.9111
6976,-1198.3,6.96003,40.9137
6977,-1198.42,6.95997,40.9163
6978,-1198.54,6.95991,40.9189
6979,-1198.66,6.95986,40.9213
6980,-1198.78,6.9598,40.9237
6981,-1198.9,6.95974,40.9259
6982,-1199.03,6.95968,40.9284
6983,-1199.15,6.95963,40.9311
6984,-1199.27,6.95957,40.9336
6985,-1199.39,6.95951,40.9362
6986,-1199.51,6.95946,40.9387
6987,-1199.64,6.9594,40.9412
6988,-1199.76,6.95934,40.9437
6989,-1199.88,6.95928,40.9462
6990,-1200,6.95923,40.9486
6991,-1200.12,6.95917,40.9513
6992,-1200.24,6.95911,40.9538
6993,-1200.37,6.95906,40.9563
6994,-1200.49,6.959,40.9588
6995,-1200.61,6.95894,40.9612
6996,-1200.73,6.95888,40.9638
6997,-1200.85,6.95883,40.9663
6998,-1200.98,6.95877,40.9688
6999,-1201.1,6.95871,40.9713
7000,-1201.22,6.95866,40.9739
7001,-1201.34,6.9586,40.9921
7002,-1201.46,6.95854,40.9963
7003,-1201.58,6.95849,40.9997
7004,-1201.71,6.95843,41.0025
7005,-1201.83,6.95837,41.0052
7006,-1201.95,6.95832,41.0079
7007,-1202.07,6.95826,41.0104
7008,-1202.19,6.9582,41.189
7009,-1202.31,6.95814,41.1924
7010,-1202.44,6.95809,41.1951
7011,-1202.56,6.95803,41.1978
7012,-1202.68,6.95797,41.2003
7013,-1202.8,6.95792,41.2029
7014,-1202.92,6.95786,41.2056
7015,-1203.04,6.9578,41.2082
7016,-1203.17,6.95775,41.2107
7017,-1203.29,6.95769,41.2132
7018,-1203.41,6.95763,41.2158
7019,-1203.53,6.95758,41.2182
7020,-1203.65,6.95752,41.2207
7021,-1203.77,6.95746,41.2233
7022,-1203.9,6.95741,41.2258
7023,-1204.02,6.95735,41.2283
7024,-1204.14,6.95729,41.2309
7025,-1204.26,6.95724,41.2336
7026,-1204.38,6.95718,41.2361
7027,-1204.5,6.95712,41.2387
7028,-1204.63,6.95707,41.2413
7029,-1204.75,6.95701,41.2439
7030,-1204.87,6.95695,41.2464
7031,-1204.99,6.9569,41.2489
7032,-1205.11,6.95684,41.2514
7033,-1205.24,6.95678,41.2539
7034,-1205.36,6.95673,41.2565
7035,-1205.48,6.95667,41.259
7036,-1205.6,6.95661,41.2615
7037,-1205.72,6.95656,41.2641
7038,-1205.84,6.9565,41.2666
7039,-1205.97,6.95644,41.2691
7040,-1206.09,6.95639,41.2717
7041,-1206.21,6.95633,41.2742
7042,-1206.33,6.95627,41.2767
7043,-1206.45,6.95622,41.2793
7044,-1206.57,6.95616,41.2818
7045,-1206.7,6.9561,41.2843
7046,-1206.82,6.95605,41.2869
7047,-1206.94,6.95599,41.2894
7048,-1207.06,6.95593,41.2919
7049,-1207.18,6.95588,41.2945
7050,-1207.3,6.95582,41.2969
7051,-1207.42,6.95576,41.3139
7052,-1207.55,6.95571,41.318
7053,-1207.67,6.95565,41.3219
7054,-1207.79,6.95559,41.3253
7055,-1207.91,6.95554,41.3283
7056,-1208.03,6.95548,41.3312
7057,-1208.15,6.95543,41.334
7058,-1208.28,6.95537,41.3367
7059,-1208.4,6.95531,41.3395
7060,-1208.52,6.95526,41.342
7061,-1208.64,6.9552,41.519
7062,-1208.76,6.95514,41.5218
7063,-1208.88,6.95509,41.5244
7064,-1209.01,6.95503,41.527
7065,-1209.13,6.95497,41.5296
7066,-1209.25,6.95492,41.5322
7067,-1209.37,6.95486,41.5348
7068,-1209.49,6.95481,41.5373
7069,-1209.61,6.95475,41.5401
7070,-1209.74,6.95469,41.5426
7071,-1209.86,6.95464,41.5453
7072,-1209.98,6.95458,41.5479
7073,-1210.1,6.95452,41.5505
7074,-1210.22,6.95447,41.5531
7075,-1210.34,6.95441,41.5557
7076,-1210.47,6.95436,41.5582
7077,-1210.59,6.9543,41.5608
7078,-1210.71,6.95424,41.5634
7079,-1210.83,6.95419,41.5659
7080,-1210.95,6.95413,41.5684
7081,-1211.07,6.95407,41.5709
7082,-1211.2,6.95402,41.5734
7083,-1211.32,6.95396,41.576
7084,-1211.44,6.95391,41.5785
7085,-1211.56,6.95385,41.581
7086,-1211.68,6.95379,41.5834
7087,-1211.8,6.95374,41.5859
7088,-1211.92,6.95368,41.5885
7089,-1212.05,6.95363,41.5909
7090,-1212.17,6.95357,41.5935
7091,-1212.29,6.95351,41.5961
7092,-1212.41,6.95346,41.5986
7093,-1212.53,6.9534,41.6011
7094,-1212.65,6.95335,41.6036
7095,-1212.78,6.95329,41.6059
7096,-1212.9,6.95323,41.6084
7097,-1213.02,6.95318,41.6109
7098,-1213.14,6.95312,41.6134
7099,-1213.26,6.95307,41.6159
7100,-1213.38,6.95301,41.6184
7101,-1213.5,6.95295,41.6348
7102,-1213.63,6.9529,41.6389
7103,-1213.75,6.95284,41.6423
7104,-1213.87,6.95279,41.6451
7105,-1213.99,6.95273,41.6477
7106,-1214.11,6.95267,41.6503
7107,-1214.23,6.95262,41.6529
7108,-1214.36,6.95256,41.6555
7109,-1214.48,6.95251,41.658
7110,-1214.6,6.95245,41.6606
7111,-1214.72,6.95239,41.6632
7112,-1214.84,6.95234,41.6657
7113,-1214.96,6.95228,41.6682
7114,-1215.08,6.95223,41.6706
7115,-1215.21,6.95217,41.6731
7116,-1215.33,6.95212,41.6756
7117,-1215.45,6.95206,41.6781
7118,-1215.57,6.952,41.6805
7119,-1215.69,6.95195,41.683
7120,-1215.81,6.95189,41.6856
7121,-1215.94,6.95184,41.6879
7122,-1216.06,6.95178,41.6904
7123,-1216.18,6.95172,41.6929
7124,-1216.3,6.95167,41.6953
7125,-1216.42,6.95161,41.6978
7126,-1216.54,6.95156,41.7002
7127,-1216.66,6.9515,41.7027
7128,-1216.79,6.95145,41.9378
7129,-1216.91,6.95139,41.9419
7130,-1217.03,6.95133,41.9455
7131,-1217.15,6.95128,41.9488
7132,-1217.27,6.95122,41.9518
7133,-1217.39,6.95117,41.9545
7134,-1217.51,6.95111,41.9573
7135,-1217.64,6.95106,41.96
7136,-1217.76,6.951,41.9626
7137,-1217.88,6.95094,41.9651
7138,-1218,6.95089,41.9675
7139,-1218.12,6.95083,41.9702
7140,-1218.24,6.95078,41.9726
7141,-1218.37,6.95072,41.975
7142,-1218.49,6.95067,41.9774
7143,-1218.61,6.95061,41.9801
7144,-1218.73,6.95055,41.9826
7145,-1218.85,6.9505,41.9851
7146,-1218.97,6.95044,41.9876
7147,-1219.09,6.95039,41.9901
7148,-1219.22,6.95033,41.9926
7149,-1219.34,6.95028,41.9951
7150,-1219.46,6.95022,41.9976
7151,-1219.58,6.95017,42.0165
7152,-1219.7,6.95011,42.0206
7153,-1219.82,6.95005,42.0244
7154,-1219.94,6.95,42.1862
7155,-1220.07,6.94994,42.1904
7156,-1220.19,6.94989,42.1934
7157,-1220.31,6.94983,42.1962
7158,-1220.43,6.94978,42.1988
7159,-1220.55,6.94972,42.2014
7160,-1220.67,6.94967,42.204
7161,-1220.79,6.94961,42.2065
7162,-1220.92,6.94955,42.2089
7163,-1221.04,6.9495,42.2114
7164,-1221.16,6.94944,42.214
7165,-1221.28,6.94939,42.2165
7166,-1221.4,6.94933,42.2191
7167,-1221.52,6.94928,42.2217
7168,-1221.64,6.94922,42.2243
7169,-1221.77,6.94917,42.2268
7170,-1221.89,6.94911,42.2292
7171,-1222.01,6.94906,42.2316
7172,-1222.13,6.949,42.2341
7173,-1222.25,6.94894,42.2366
7174,-1222.37,6.94889,42.239
7175,-1222.49,6.94883,42.2414
7176,-1222.62,6.94878,42.2439
7177,-1222.74,6.94872,42.2464
7178,-1222.86,6.94867,42.2488
7179,-1222.98,6.94861,42.2512
7180,-1223.1,6.94856,42.2537
7181,-1223.22,6.9485,42.2563
7182,-1223.34,6.94845,42.2587
7183,-1223.47,6.94839,42.2607
7184,-1223.59,6.94833,42.2631
7185,-1223.71,6.94828,42.2654
7186,-1223.83,6.94822,42.2676
7187,-1223.95,6.94817,42.2698
7188,-1224.07,6.94811,42.2723
7189,-1224.19,6.94806,42.2748
7190,-1224.31,6.948,42.2773
7191,-1224.44,6.94795,42.2799
7192,-1224.56,6.94789,42.2824
7193,-1224.68,6.94784,42.2848
7194,-1224.8,6.94778,42.2873
7195,-1224.92,6.94773,42.2897
7196,-1225.04,6.94767,42.2922
7197,-1225.16,6.94762,42.2946
7198,-1225.29,6.94756,42.2971
7199,-1225.41,6.9475,42.2996
7200,-1225.53,6.94745,42.3021
7201,-1225.65,6.94739,42.3204
7202,-1225.77,6.94734,42.3244
7203,-1225.89,6.94728,42.328
7204,-1226.01,6.94723,42.3307
7205,-1226.14,6.94717,42.3335
7206,-1226.26,6.94712,42.3363
7207,-1226.38,6.94706,42.3389
7208,-1226.5,6.94701,42.3415
7209,-1226.62,6.94695,42.3441
7210,-1226.74,6.9469,42.5312
7211,-1226.86,6.94684,42.5356
7212,-1226.98,6.94679,42.5393
7213,-1227.11,6.94673,42.5426
7214,-1227.23,6.94668,42.5458
7215,-1227.35,6.94662,42.5487
7216,-1227.47,6.94657,42.5513
7217,-1227.59,6.94651,42.5538
7218,-1227.71,6.94646,42.5564
7219,-1227.83,6.9464,42.5677
7220,-1227.96,6.94634,42.5702
7221,-1228.08,6.94629,42.5729
7222,-1228.2,6.94623,42.5754
7223,-1228.32,6.94618,42.578
7224,-1228.44,6.94612,42.5803
7225,-1228.56,6.94607,42.5828
7226,-1228.68,6.94601,42.5852
7227,-1228.8,6.94596,42.5875
7228,-1228.93,6.9459,42.5899
7229,-1229.05,6.94585,42.5924
7230,-1229.17,6.94579,42.5949
7231,-1229.29,6.94574,42.5974
7232,-1229.41,6.94568,42.5998
7233,-1229.53,6.94563,42.6023
7234,-1229.65,6.94557,42.6048
7235,-1229.77,6.94552,42.6073
7236,-1229.9,6.94546,42.6097
7237,-1230.02,6.94541,42.6122
7238,-1230.14,6.94535,42.6148
7239,-1230.26,6.9453,42.6173
7240,-1230.38,6.94524,42.6199
7241,-1230.5,6.94519,42.6224
7242,-1230.62,6.94513,42.6248
7243,-1230.75,6.94508,42.6273
7244,-1230.87,6.94502,42.6298
7245,-1230.99,6.94497,42.6323
7246,-1231.11,6.94491,42.6347
7247,-1231.23,6.94486,42.6373
7248,-1231.35,6.9448,42.6397
7249,-1231.47,6.94475,42.6422
7250,-1231.59,6.94469,42.6448
7251,-1231.72,6.94464,42.6644
7252,-1231.84,6.94458,42.6777
7253,-1231.96,6.94453,42.6818
7254,-1232.08,6.94447,42.6852
7255,-1232.2,6.94442,42.6884
7256,-1232.32,6.94436,42.6913
7257,-1232.44,6.94431,42.6941
7258,-1232.56,6.94425,42.6967
7259,-1232.69,6.9442,42.6992
7260,-1232.81,6.94414,42.7019
7261,-1232.93,6.94409,42.7044
7262,-1233.05,6.94403,42.7071
7263,-1233.17,6.94398,42.7097
7264,-1233.29,6.94392,42.7123
7265,-1233.41,6.94387,42.92
7266,-1233.53,6.94381,42.9239
7267,-1233.66,6.94376,42.9274
7268,-1233.78,6.9437,42.9308
7269,-1233.9,6.94365,42.9337
7270,-1234.02,6.94359,42.9365
7271,-1234.14,6.94354,42.9392
7272,-1234.26,6.94348,42.9418
7273,-1234.38,6.94343,42.9442
7274,-1234.5,6.94337,42.9467
7275,-1234.62,6.94332,42.9493
7276,-1234.75,6.94326,42.9517
7277,-1234.87,6.94321,42.9542
7278,-1234.99,6.94316,42.9568
7279,-1235.11,6.9431,42.9593
7280,-1235.23,6.94305,42.9618
7281,-1235.35,6.94299,42.9643
7282,-1235.47,6.94294,42.9668
7283,-1235.59,6.94288,42.9692
7284,-1235.72,6.94283,42.9716
7285,-1235.84,6.94277,42.9742
7286,-1235.96,6.94272,42.9766
7287,-1236.08,6.94266,42.9791
7288,-1236.2,6.94261,42.9816
7289,-1236.32,6.94255,42.9842
7290,-1236.44,6.9425,42.9866
7291,-1236.56,6.94244,42.9891
7292,-1236.69,6.94239,42.9916
7293,-1236.81,6.94233,42.9941
7294,-1236.93,6.94228,42.9965
7295,-1237.05,6.94222,42.999
7296,-1237.17,6.94217,43.0015
7297,-1237.29,6.94211,43.004
7298,-1237.41,6.94206,43.0065
7299,-1237.53,6.942,43.009
7300,-1237.65,6.94195,43.0114
7301,-1237.78,6.9419,43.0287
7302,-1237.9,6.94184,43.0328
7303,-1238.02,6.94179,43.0362
7304,-1238.14,6.94173,43.0392
7305,-1238.26,6.94168,43.042
7306,-1238.38,6.94162,43.0447
7307,-1238.5,6.94157,43.2284
7308,-1238.62,6.94151,43.2323
7309,-1238.74,6.94146,43.2358
7310,-1238.87,6.9414,43.2386
7311,-1238.99,6.94135,43.2414
7312,-1239.11,6.94129,43.2439
7313,-1239.23,6.94124,43.2462
7314,-1239.35,6.94118,43.2487
7315,-1239.47,6.94113,43.2513
7316,-1239.59,6.94108,43.2538
7317,-1239.71,6.94102,43.2562
7318,-1239.84,6.94097,43.2587
7319,-1239.96,6.94091,43.2613
7320,-1240.08,6.94086,43.2638
7321,-1240.2,6.9408,43.2664
7322,-1240.32,6.94075,43.3085
7323,-1240.44,6.94069,43.3128
7324,-1240.56,6.94064,43.3165
7325,-1240.68,6.94058,43.32
7326,-1240.8,6.94053,43.3227
7327,-1240.93,6.94048,43.3254
7328,-1241.05,6.94042,43.328
7329,-1241.17,6.94037,43.3306
7330,-1241.29,6.94031,43.3334
7331,-1241.41,6.94026,43.3359
7332,-1241.53,6.9402,43.3385
7333,-1241.65,6.94015,43.3411
7334,-1241.77,6.94009,43.3438
7335,-1241.89,6.94004,43.3463
7336,-1242.02,6.93998,43.3489
7337,-1242.14,6.93993,43.3514
7338,-1242.26,6.93988,43.354
7339,-1242.38,6.93982,43.3565
7340,-1242.5,6.93977,43.359
7341,-1242.62,6.93971,43.3615
7342,-1242.74,6.93966,43.364
7343,-1242.86,6.9396,43.3665
7344,-1242.98,6.93955,43.369
7345,-1243.11,6.93949,43.3714
7346,-1243.23,6.93944,43.3739
7347,-1243.35,6.93938,43.3896
7348,-1243.47,6.93933,43.3938
7349,-1243.59,6.93928,43.4074
7350,-1243.71,6.93922,43.4109
7351,-1243.83,6.93917,43.4182
7352,-1243.95,6.93911,43.4212
7353,-1244.07,6.93906,43.4238
7354,-1244.19,6.939,43.4264
7355,-1244.32,6.93895,43.4289
7356,-1244.44,6.9389,43.4315
7357,-1244.56,6.93884,43.4341
7358,-1244.68,6.93879,43.4367
7359,-1244.8,6.93873,43.4391
7360,-1244.92,6.93868,43.4418
7361,-1245.04,6.93862,43.4443
7362,-1245.16,6.93857,43.4467
7363,-1245.28,6.93851,43.4493
7364,-1245.41,6.93846,43.4517
7365,-1245.53,6.93841,43.4542
7366,-1245.65,6.93835,43.4568
7367,-1245.77,6.9383,43.4592
7368,-1245.89,6.93824,43.4616
7369,-1246.01,6.93819,43.4641
7370,-1246.13,6.93813,43.4666
7371,-1246.25,6.93808,43.469
7372,-1246.37,6.93803,43.4714
7373,-1246.49,6.93797,43.474
7374,-1246.62,6.93792,43.4764
7375,-1246.74,6.93786,43.4789
7376,-1246.86,6.93781,43.4813
7377,-1246.98,6.93775,43.4839
7378,-1247.1,6.9377,43.4864
7379,-1247.22,6.93765,43.4889
7380,-1247.34,6.93759,43.4914
7381,-1247.46,6.93754,43.4938
7382,-1247.58,6.93748,43.4963
7383,-1247.7,6.93743,43.4987
7384,-1247.83,6.93737,43.7935
7385,-1247.95,6.93732,43.7975
7386,-1248.07,6.93727,43.8011
7387,-1248.19,6.93721,43.8043
7388,-1248.31,6.93716,43.807
7389,-1248.43,6.9371,43.8097
7390,-1248.55,6.93705,43.8123
7391,-1248.67,6.93699,43.8148
7392,-1248.79,6.93694,43.8175
7393,-1248.91,6.93689,43.8201
7394,-1249.04,6.93683,43.8226
7395,-1249.16,6.93678,43.8252
7396,-1249.28,6.93672,43.8278
7397,-1249.4,6.93667,43.8303
7398,-1249.52,6.93661,43.833
7399,-1249.64,6.93656,43.8355
7400,-1249.76,6.93651,43.838
7401,-1249.88,6.93645,43.852
7402,-1250,6.9364,43.8561
7403,-1250.12,6.93634,43.8601
7404,-1250.25,6.93629,43.8637
7405,-1250.37,6.93624,43.8669
7406,-1250.49,6.93618,43.8696
7407,-1250.61,6.93613,43.8722
7408,-1250.73,6.93607,43.8748
7409,-1250.85,6.93602,43.9861
7410,-1250.97,6.93597,43.9905
7411,-1251.09,6.93591,43.9941
7412,-1251.21,6.93586,43.9975
7413,-1251.33,6.9358,44.0004
7414,-1251.45,6.93575,44.003
7415,-1251.58,6.93569,44.0055
7416,-1251.7,6.93564,44.0081
7417,-1251.82,6.93559,44.0108
7418,-1251.94,6.93553,44.0133
7419,-1252.06,6.93548,44.0158
7420,-1252.18,6.93542,44.0184
7421,-1252.3,6.93537,44.0208
7422,-1252.42,6.93532,44.0236
7423,-1252.54,6.93526,44.0258
7424,-1252.66,6.93521,44.0283
7425,-1252.79,6.93515,44.0307
7426,-1252.91,6.9351,44.0331
7427,-1253.03,6.93505,44.0356
7428,-1253.15,6.93499,44.0383
7429,-1253.27,6.93494,44.041
7430,-1253.39,6.93488,44.0436
7431,-1253.51,6.93483,44.0462
7432,-1253.63,6.93478,44.0489
7433,-1253.75,6.93472,44.0514
7434,-1253.87,6.93467,44.0539
7435,-1253.99,6.93461,44.0565
7436,-1254.12,6.93456,44.0591
7437,-1254.24,6.93451,44.0617
7438,-1254.36,6.93445,44.0644
7439,-1254.48,6.9344,44.0669
7440,-1254.6,6.93434,44.0696
7441,-1254.72,6.93429,44.0722
7442,-1254.84,6.93424,44.0748
7443,-1254.96,6.93418,44.0774
7444,-1255.08,6.93413,44.0799
7445,-1255.2,6.93407,44.0825
7446,-1255.32,6.93402,44.0851
7447,-1255.45,6.93397,44.0876
7448,-1255.57,6.93391,44.0902
7449,-1255.69,6.93386,44.0929
7450,-1255.81,6.9338,44.0955
7451,-1255.93,6.93375,44.1137
7452,-1256.05,6.9337,44.1183
7453,-1256.17,6.93364,44.1223
7454,-1256.29,6.93359,44.1261
7455,-1256.41,6.93354,44.1296
7456,-1256.53,6.93348,44.1323
7457,-1256.65,6.93343,44.1352
7458,-1256.77,6.93337,44.1378
7459,-1256.9,6.93332,44.3301
7460,-1257.02,6.93327,44.3349
7461,-1257.14,6.93321,44.3387
7462,-1257.26,6.93316,44.3417
7463,-1257.38,6.9331,44.3443
7464,-1257.5,6.93305,44.347
7465,-1257.62,6.933,44.3497
7466,-1257.74,6.93294,44.3524
7467,-1257.86,6.93289,44.355
7468,-1257.98,6.93284,44.3576
7469,-1258.1,6.93278,44.36
7470,-1258.22,6.93273,44.3626
7471,-1258.35,6.93267,44.365
7472,-1258.47,6.93262,44.3675
7473,-1258.59,6.93257,44.37
7474,-1258.71,6.93251,44.3725
7475,-1258.83,6.93246,44.375
7476,-1258.95,6.93241,44.3775
7477,-1259.07,6.93235,44.3799
7478,-1259.19,6.9323,44.3825
7479,-1259.31,6.93224,44.385
7480,-1259.43,6.93219,44.3875
7481,-1259.55,6.93214,44.39
7482,-1259.67,6.93208,44.3925
7483,-1259.8,6.93203,44.395
7484,-1259.92,6.93198,44.3974
7485,-1260.04,6.93192,44.3999
7486,-1260.16,6.93187,44.4023
7487,-1260.28,6.93181,44.4048
7488,-1260.4,6.93176,44.4073
7489,-1260.52,6.93171,44.4098
7490,-1260.64,6.93165,44.4124
7491,-1260.76,6.9316,44.4149
7492,-1260.88,6.93155,44.4174
7493,-1261,6.93149,44.4199
7494,-1261.12,6.93144,44.4223
7495,-1261.25,6.93138,44.4348
7496,-1261.37,6.93133,44.4374
7497,-1261.49,6.93128,44.4398
7498,-1261.61,6.93122,44.4423
7499,-1261.73,6.93117,44.4447
7500,-1261.85,6.93112,44.4471
7501,-1261.97,6.93106,44.4548
7502,-1262.09,6.93101,44.4578
7503,-1262.21,6.93096,44.4604
7504,-1262.33,6.9309,44.463
7505,-1262.45,6.93085,44.4654
7506,-1262.57,6.93079,44.4679
7507,-1262.69,6.93074,44.4704
7508,-1262.82,6.93069,44.4728
7509,-1262.94,6.93063,44.6486
7510,-1263.06,6.93058,44.6532
7511,-1263.18,6.93053,44.6569
7512,-1263.3,6.93047,44.6598
7513,-1263.42,6.93042,44.6624
7514,-1263.54,6.93037,44.6647
7515,-1263.66,6.93031,44.6669
7516,-1263.78,6.93026,44.6694
7517,-1263.9,6.9302,44.672
7518,-1264.02,6.93015,44.6746
7519,-1264.14,6.9301,44.6771
7520,-1264.26,6.93004,44.6797
7521,-1264.39,6.92999,44.6822
7522,-1264.51,6.92994,44.6847
7523,-1264.63,6.92988,44.6872
7524,-1264.75,6.92983,44.6898
7525,-1264.87,6.92978,44.6925
7526,-1264.99,6.92972,44.6951
7527,-1265.11,6.92967,44.6976
7528,-1265.23,6.92962,44.7002
7529,-1265.35,6.92956,44.7026
7530,-1265.47,6.92951,44.7051
7531,-1265.59,6.92946,44.7076
7532,-1265.71,6.9294,44.7101
7533,-1265.83,6.92935,44.7125
7534,-1265.95,6.92929,44.7151
7535,-1266.08,6.92924,44.7175
7536,-1266.2,6.92919,44.72
7537,-1266.32,6.92913,44.7226
7538,-1266.44,6.92908,44.725
7539,-1266.56,6.92903,44.7274
7540,-1266.68,6.92897,44.7299
7541,-1266.8,6.92892,44.7323
7542,-1266.92,6.92887,44.7348
7543,-1267.04,6.92881,44.7372
7544,-1267.16,6.92876,44.7397
7545,-1267.28,6.92871,44.7421
7546,-1267.4,6.92865,44.7446
7547,-1267.52,6.9286,44.7471
7548,-1267.64,6.92855,44.7495
7549,-1267.77,6.92849,44.7519
7550,-1267.89,6.92844,44.7544
7551,-1268.01,6.92839,44.772
7552,-1268.13,6.92833,44.7762
7553,-1268.25,6.92828,44.7798
7554,-1268.37,6.92823,44.7832
7555,-1268.49,6.92817,44.968
7556,-1268.61,6.92812,44.9721
7557,-1268.73,6.92807,44.9754
7558,-1268.85,6.92801,44.9782
7559,-1268.97,6.92796,44.9808
7560,-1269.09,6.92791,44.9834
7561,-1269.21,6.92785,44.9858
7562,-1269.33,6.9278,44.9883
7563,-1269.45,6.92775,44.9908
7564,-1269.58,6.92769,44.9933
7565,-1269.7,6.92764,44.9958
7566,-1269.82,6.92759,44.9984
7567,-1269.94,6.92753,45.0008
7568,-1270.06,6.92748,45.0033
7569,-1270.18,6.92743,45.0058
7570,-1270.3,6.92737,45.0084
7571,-1270.42,6.92732,45.0109
7572,-1270.54,6.92727,45.0133
7573,-1270.66,6.92721,45.0158
7574,-1270.78,6.92716,45.0183
7575,-1270.9,6.92711,45.0207
7576,-1271.02,6.92705,45.0232
7577,-1271.14,6.927,45.0254
7578,-1271.26,6.92695,45.0277
7579,-1271.39,6.92689,45.0301
7580,-1271.51,6.92684,45.0323
7581,-1271.63,6.92679,45.0345
7582,-1271.75,6.92673,45.0371
7583,-1271.87,6.92668,45.0396
7584,-1271.99,6.92663,45.0421
7585,-1272.11,6.92657,45.0446
7586,-1272.23,6.92652,45.047
7587,-1272.35,6.92647,45.0494
7588,-1272.47,6.92641,45.0519
7589,-1272.59,6.92636,45.0542
7590,-1272.71,6.92631,45.0566
7591,-1272.83,6.92625,45.0591
7592,-1272.95,6.9262,45.0615
7593,-1273.07,6.92615,45.064
7594,-1273.19,6.92609,45.0664
7595,-1273.32,6.92604,45.0689
7596,-1273.44,6.92599,45.0714
7597,-1273.56,6.92594,45.0738
7598,-1273.68,6.92588,45.0763
7599,-1273.8,6.92583,45.0787
7600,-1273.92,6.92578,45.0812
7601,-1274.04,6.92572,45.0981
7602,-1274.16,6.92567,45.1022
7603,-1274.28,6.92562,45.1058
7604,-1274.4,6.92556,45.109
7605,-1274.52,6.92551,45.112
7606,-1274.64,6.92546,45.1146
7607,-1274.76,6.9254,45.3379
7608,-1274.88,6.92535,45.342
7609,-1275,6.9253,45.3454
7610,-1275.12,6.92524,45.3485
7611,-1275.24,6.92519,45.3511
7612,-1275.36,6.92514,45.3537
7613,-1275.49,6.92509,45.3561
7614,-1275.61,6.92503,45.3588
7615,-1275.73,6.92498,45.3614
7616,-1275.85,6.92493,45.364
7617,-1275.97,6.92487,45.3665
7618,-1276.09,6.92482,45.369
7619,-1276.21,6.92477,45.3714
7620,-1276.33,6.92471,45.3739
7621,-1276.45,6.92466,45.3764
7622,-1276.57,6.92461,45.3789
7623,-1276.69,6.92455,45.3814
7624,-1276.81,6.9245,45.3839
7625,-1276.93,6.92445,45.3863
7626,-1277.05,6.9244,45.3887
7627,-1277.17,6.92434,45.3913
7628,-1277.29,6.92429,45.3937
7629,-1277.41,6.92424,45.3962
7630,-1277.53,6.92418,45.3986
7631,-1277.66,6.92413,45.4011
7632,-1277.78,6.92408,45.4036
7633,-1277.9,6.92402,45.406
7634,-1278.02,6.92397,45.4085
7635,-1278.14,6.92392,45.411
7636,-1278.26,6.92387,45.4136
7637,-1278.38,6.92381,45.4161
7638,-1278.5,6.92376,45.4185
7639,-1278.62,6.92371,45.4336
7640,-1278.74,6.92365,45.4378
7641,-1278.86,6.9236,45.4414
7642,-1278.98,6.92355,45.4448
7643,-1279.1,6.92349,45.4479
7644,-1279.22,6.92344,45.4506
7645,-1279.34,6.92339,45.4636
7646,-1279.46,6.92334,45.4677
7647,-1279.58,6.92328,45.4712
7648,-1279.7,6.92323,45.4744
7649,-1279.82,6.92318,45.4772
7650,-1279.95,6.92312,45.4797
7651,-1280.07,6.92307,45.4877
7652,-1280.19,6.92302,45.4903
7653,-1280.31,6.92297,45.4928
7654,-1280.43,6.92291,45.4955
7655,-1280.55,6.92286,45.498
7656,-1280.67,6.92281,45.5006
7657,-1280.79,6.92275,45.5032
7658,-1280.91,6.9227,45.5056
7659,-1281.03,6.92265,45.5082
7660,-1281.15,6.92259,45.5107
7661,-1281.27,6.92254,45.8116
7662,-1281.39,6.92249,45.8179
7663,-1281.51,6.92244,45.8217
7664,-1281.63,6.92238,45.8254
7665,-1281.75,6.92233,45.8287
7666,-1281.87,6.92228,45.8315
7667,-1281.99,6.92222,45.8341
7668,-1282.11,6.92217,45.8367
7669,-1282.23,6.92212,45.8392
7670,-1282.35,6.92207,45.8418
7671,-1282.48,6.92201,45.8444
7672,-1282.6,6.92196,45.8469
7673,-1282.72,6.92191,45.8496
7674,-1282.84,6.92186,45.8522
7675,-1282.96,6.9218,45.8548
7676,-1283.08,6.92175,45.8574
7677,-1283.2,6.9217,45.86
7678,-1283.32,6.92164,45.8625
7679,-1283.44,6.92159,45.865
7680,-1283.56,6.92154,45.8675
7681,-1283.68,6.92149,45.87
7682,-1283.8,6.92143,45.8725
7683,-1283.92,6.92138,45.8749
7684,-1284.04,6.92133,45.8774
7685,-1284.16,6.92127,45.8798
7686,-1284.28,6.92122,45.8822
7687,-1284.4,6.92117,45.8847
7688,-1284.52,6.92112,45.8872
7689,-1284.64,6.92106,45.8896
7690,-1284.76,6.92101,45.8921
7691,-1284.88,6.92096,45.8945
7692,-1285,6.92091,45.897
7693,-1285.12,6.92085,45.8996
7694,-1285.25,6.9208,45.9021
7695,-1285.37,6.92075,45.9046
7696,-1285.49,6.92069,45.9071
7697,-1285.61,6.92064,45.9097
7698,-1285.73,6.92059,45.9121
7699,-1285.85,6.92054,45.9147
7700,-1285.97,6.92048,45.9173
7701,-1286.09,6.92043,45.9255
7702,-1286.21,6.92038,45.9281
7703,-1286.33,6.92033,45.9305
7704,-1286.45,6.92027,45.933
7705,-1286.57,6.92022,45.9355
7706,-1286.69,6.92017,45.938
7707,-1286.81,6.92011,45.9404
7708,-1286.93,6.92006,45.9429
7709,-1287.05,6.92001,45.9454
7710,-1287.17,6.91996,45.9477
7711,-1287.29,6.9199,45.9502
7712,-1287.41,6.91985,45.9527
7713,-1287.53,6.9198,45.9552
7714,-1287.65,6.91975,45.9576
7715,-1287.77,6.91969,45.9601
7716,-1287.89,6.91964,45.9626
7717,-1288.01,6.91959,45.9652
7718,-1288.13,6.91954,45.9677
7719,-1288.26,6.91948,45.9702
7720,-1288.38,6.91943,45.9727
7721,-1288.5,6.91938,45.9751
7722,-1288.62,6.91933,45.9777
7723,-1288.74,6.91927,45.9802
7724,-1288.86,6.91922,45.9826
7725,-1288.98,6.91917,45.9851
7726,-1289.1,6.91912,45.9876
7727,-1289.22,6.91906,45.9901
7728,-1289.34,6.91901,45.9925
7729,-1289.46,6.91896,45.9949
7730,-1289.58,6.91891,45.9973
7731,-1289.7,6.91885,45.9998
7732,-1289.82,6.9188,46.0022
7733,-1289.94,6.91875,46.0046
7734,-1290.06,6.91869,46.0071
7735,-1290.18,6.91864,46.0096
7736,-1290.3,6.91859,46.0122
7737,-1290.42,6.91854,46.0146
7738,-1290.54,6.91848,46.0171
7739,-1290.66,6.91843,46.0195
7740,-1290.78,6.91838,46.022
7741,-1290.9,6.91833,46.0244
7742,-1291.02,6.91827,46.027
7743,-1291.14,6.91822,46.0294
7744,-1291.26,6.91817,46.0319
7745,-1291.38,6.91812,46.0343
7746,-1291.5,6.91806,46.0367
7747,-1291.62,6.91801,46.0392
7748,-1291.75,6.91796,46.0417
7749,-1291.87,6.91791,46.0441
7750,-1291.99,6.91785,46.0466
7751,-1292.11,6.9178,46.064
7752,-1292.23,6.91775,46.0681
7753,-1292.35,6.9177,46.0715
7754,-1292.47,6.91765,46.0742
7755,-1292.59,6.91759,46.0768
7756,-1292.71,6.91754,46.0794
7757,-1292.83,6.91749,46.082
7758,-1292.95,6.91744,46.0846
7759,-1293.07,6.91738,46.0871
7760,-1293.19,6.91733,46.0896
7761,-1293.31,6.91728,46.0921
7762,-1293.43,6.91723,46.0947
7763,-1293.55,6.91717,46.0972
7764,-1293.67,6.91712,46.0996
7765,-1293.79,6.91707,46.102
7766,-1293.91,6.91702,46.1045
7767,-1294.03,6.91696,46.107
7768,-1294.15,6.91691,46.1096
7769,-1294.27,6.91686,46.1121
7770,-1294.39,6.91681,46.1148
7771,-1294.51,6.91675,46.7577
7772,-1294.63,6.9167,46.7663
7773,-1294.75,6.91665,46.77
7774,-1294.87,6.9166,46.7737
7775,-1294.99,6.91654,46.7772
7776,-1295.11,6.91649,46.7806
7777,-1295.23,6.91644,46.7841
7778,-1295.35,6.91639,46.7876
7779,-1295.47,6.91634,46.791
7780,-1295.59,6.91628,46.7947
7781,-1295.71,6.91623,46.7982
7782,-1295.83,6.91618,46.8016
7783,-1295.95,6.91613,46.8051
7784,-1296.08,6.91607,46.8086
7785,-1296.2,6.91602,46.8123
7786,-1296.32,6.91597,46.8158
7787,-1296.44,6.91592,46.8192
7788,-1296.56,6.91586,46.8226
7789,-1296.68,6.91581,46.8261
7790,-1296.8,6.91576,46.8295
7791,-1296.92,6.91571,46.833
7792,-1297.04,6.91566,46.8365
7793,-1297.16,6.9156,46.8401
7794,-1297.28,6.91555,46.8435
7795,-1297.4,6.9155,46.8469
7796,-1297.52,6.91545,46.8503
7797,-1297.64,6.91539,46.8538
7798,-1297.76,6.91534,46.8572
7799,-1297.88,6.91529,46.8606
7800,-1298,6.91524,46.864
7801,-1298.12,6.91519,46.8767
7802,-1298.24,6.91513,46.8803
7803,-1298.36,6.91508,46.8838
7804,-1298.48,6.91503,46.8873
7805,-1298.6,6.91498,46.8907
7806,-1298.72,6.91492,46.8941
7807,-1298.84,6.91487,46.8976
7808,-1298.96,6.91482,46.901
7809,-1299.08,6.91477,46.9045
7810,-1299.2,6.91472,46.9079
7811,-1299.32,6.91466,46.9117
7812,-1299.44,6.91461,46.9141
7813,-1299.56,6.91456,46.9166
7814,-1299.68,6.91451,46.919
7815,-1299.8,6.91445,46.9215
7816,-1299.92,6.9144,46.924
7817,-1300.04,6.91435,46.9264
7818,-1300.16,6.9143,46.9289
7819,-1300.28,6.91425,46.9313
7820,-1300.4,6.91419,46.9338
7821,-1300.52,6.91414,46.9362
7822,-1300.64,6.91409,46.9387
7823,-1300.76,6.91404,46.9411
7824,-1300.88,6.91398,46.9436
7825,-1301,6.91393,46.9459
7826,-1301.12,6.91388,46.9485
7827,-1301.24,6.91383,46.9509
7828,-1301.36,6.91378,46.9534
7829,-1301.48,6.91372,46.9559
7830,-1301.6,6.91367,46.9583
7831,-1301.72,6.91362,46.9608
7832,-1301.84,6.91357,46.9632
7833,-1301.97,6.91352,46.9657
7834,-1302.09,6.91346,46.9682
7835,-1302.21,6.91341,46.9708
7836,-1302.33,6.91336,46.9733
7837,-1302.45,6.91331,46.9757
7838,-1302.57,6.91326,46.9782
7839,-1302.69,6.9132,46.9806
7840,-1302.81,6.91315,46.9831
7841,-1302.93,6.9131,46.9856
7842,-1303.05,6.91305,46.9881
7843,-1303.17,6.913,46.9907
7844,-1303.29,6.91294,46.9932
7845,-1303.41,6.91289,46.9954
7846,-1303.53,6.91284,46.9974
7847,-1303.65,6.91279,46.9994
7848,-1303.77,6.91273,47.0017
7849,-1303.89,6.91268,47.004
7850,-1304.01,6.91263,47.0061
7851,-1304.13,6.91258,47.011
7852,-1304.25,6.91253,47.0137
7853,-1304.37,6.91247,47.0163
7854,-1304.49,6.91242,47.0187
7855,-1304.61,6.91237,47.0211
7856,-1304.73,6.91232,47.0236
7857,-1304.85,6.91227,47.0261
7858,-1304.97,6.91221,47.0285
7859,-1305.09,6.91216,47.031
7860,-1305.21,6.91211,47.0335
7861,-1305.33,6.91206,47.0359
7862,-1305.45,6.91201,47.0384
7863,-1305.57,6.91195,47.0409
7864,-1305.69,6.9119,47.0435
7865,-1305.81,6.91185,47.0459
7866,-1305.93,6.9118,47.0484
7867,-1306.05,6.91175,47.0508
7868,-1306.17,6.9117,47.0532
7869,-1306.29,6.91164,47.0556
7870,-1306.41,6.91159,47.0581
7871,-1306.53,6.91154,47.0605
7872,-1306.65,6.91149,47.0629
7873,-1306.77,6.91144,47.0654
7874,-1306.89,6.91138,47.0679
7875,-1307.01,6.91133,47.0703
7876,-1307.13,6.91128,47.0727
7877,-1307.25,6.91123,47.0752
7878,-1307.37,6.91118,47.0777
7879,-1307.49,6.91112,47.0802
7880,-1307.61,6.91107,47.0827
7881,-1307.73,6.91102,47.0852
7882,-1307.85,6.91097,47.0876
7883,-1307.97,6.91092,47.1031
7884,-1308.09,6.91086,47.1067
7885,-1308.21,6.91081,47.1094
7886,-1308.33,6.91076,47.112
7887,-1308.45,6.91071,47.1146
7888,-1308.57,6.91066,47.1171
7889,-1308.69,6.91061,47.1196
7890,-1308.81,6.91055,47.1221
7891,-1308.93,6.9105,47.1245
7892,-1309.05,6.91045,47.127
7893,-1309.17,6.9104,47.1295
7894,-1309.29,6.91035,47.132
7895,-1309.41,6.91029,47.1344
7896,-1309.53,6.91024,47.1369
7897,-1309.65,6.91019,47.1394
7898,-1309.77,6.91014,47.1418
7899,-1309.89,6.91009,47.1443
7900,-1310.01,6.91004,47.1467
7901,-1310.13,6.90998,47.1519
7902,-1310.25,6.90993,47.1544
7903,-1310.37,6.90988,47.1569
7904,-1310.49,6.90983,47.1593
7905,-1310.61,6.90978,47.1617
7906,-1310.73,6.90972,47.1642
7907,-1310.85,6.90967,47.1666
7908,-1310.97,6.90962,47.169
7909,-1311.09,6.90957,47.1715
7910,-1311.21,6.90952,47.174
7911,-1311.33,6.90947,47.2886
7912,-1311.45,6.90941,47.2936
7913,-1311.57,6.90936,47.2966
7914,-1311.69,6.90931,47.2993
7915,-1311.81,6.90926,47.3019
7916,-1311.93,6.90921,47.3044
7917,-1312.05,6.90916,47.3069
7918,-1312.17,6.9091,47.3095
7919,-1312.29,6.90905,47.312
7920,-1312.41,6.909,47.3145
7921,-1312.53,6.90895,47.317
7922,-1312.65,6.9089,47.3195
7923,-1312.77,6.90884,47.322
7924,-1312.89,6.90879,47.3245
7925,-1313.01,6.90874,47.327
7926,-1313.13,6.90869,47.3295
7927,-1313.25,6.90864,47.3319
7928,-1313.37,6.90859,47.3344
7929,-1313.49,6.90853,47.3369
7930,-1313.61,6.90848,47.3394
7931,-1313.73,6.90843,47.3418
7932,-1313.85,6.90838,47.3442
7933,-1313.97,6.90833,47.3466
7934,-1314.09,6.90828,47.349
7935,-1314.21,6.90822,47.3515
7936,-1314.33,6.90817,47.354
7937,-1314.45,6.90812,47.3564
7938,-1314.57,6.90807,47.3589
7939,-1314.69,6.90802,47.3614
7940,-1314.81,6.90797,47.3639
7941,-1314.93,6.90791,47.3664
7942,-1315.05,6.90786,47.3689
7943,-1315.17,6.90781,47.3713
7944,-1315.29,6.90776,47.3737
7945,-1315.41,6.90771,47.3761
7946,-1315.53,6.90766,47.3785
7947,-1315.65,6.9076,47.381
7948,-1315.77,6.90755,47.3834
7949,-1315.89,6.9075,47.3858
7950,-1316.01,6.90745,47.3883
7951,-1316.13,6.9074,47.3951
7952,-1316.25,6.90735,47.3977
7953,-1316.37,6.9073,47.4001
7954,-1316.49,6.90724,47.4027
7955,-1316.61,6.90719,47.4052
7956,-1316.73,6.90714,47.4077
7957,-1316.85,6.90709,47.4102
7958,-1316.97,6.90704,47.4127
7959,-1317.09,6.90699,47.4152
7960,-1317.21,6.90693,47.4177
7961,-1317.33,6.90688,47.4202
7962,-1317.45,6.90683,47.4226
7963,-1317.57,6.90678,47.4251
7964,-1317.69,6.90673,47.4276
7965,-1317.81,6.90668,47.4301
7966,-1317.93,6.90662,47.4326
7967,-1318.05,6.90657,47.4351
7968,-1318.17,6.90652,47.4376
7969,-1318.29,6.90647,47.4401
7970,-1318.41,6.90642,47.4426
7971,-1318.53,6.90637,47.4451
7972,-1318.65,6.90632,47.4475
7973,-1318.77,6.90626,47.45
7974,-1318.89,6.90621,47.4524
7975,-1319.01,6.90616,47.4549
7976,-1319.13,6.90611,47.4573
7977,-1319.25,6.90606,47.4598
7978,-1319.37,6.90601,47.4622
7979,-1319.49,6.90596,47.4647
7980,-1319.61,6.9059,47.4672
7981,-1319.73,6.90585,47.4697
7982,-1319.85,6.9058,47.4721
7983,-1319.97,6.90575,47.4746
7984,-1320.09,6.9057,47.477
7985,-1320.21,6.90565,47.4795
7986,-1320.33,6.9056,47.482
7987,-1320.45,6.90554,47.4846
7988,-1320.57,6.90549,47.4871
7989,-1320.69,6.90544,47.4896
7990,-1320.81,6.90539,47.4921
7991,-1320.93,6.90534,47.4946
7992,-1321.05,6.90529,47.4972
7993,-1321.17,6.90524,47.4996
7994,-1321.29,6.90518,47.5022
7995,-1321.41,6.90513,47.5047
7996,-1321.53,6.90508,47.5071
7997,-1321.65,6.90503,47.5096
7998,-1321.77,6.90498,47.5121
7999,-1321.89,6.90493,47.5146
8000,-1322,6.90488,47.5171
8001,-1322.12,6.90482,47.5218
8002,-1322.24,6.90477,47.5243
8003,-1322.36,6.90472,47.5268
8004,-1322.48,6.90467,47.5292
8005,-1322.6,6.90462,47.5316
8006,-1322.72,6.90457,47.5341
8007,-1322.84,6.90452,47.5366
8008,-1322.96,6.90446,47.539
8009,-1323.08,6.90441,47.5414
8010,-1323.2,6.90436,47.5439
8011,-1323.32,6.90431,47.5464
8012,-1323.44,6.90426,47.5489
8013,-1323.56,6.90421,47.5513
8014,-1323.68,6.90416,47.5537
8015,-1323.8,6.9041,47.5562
8016,-1323.92,6.90405,47.5587
8017,-1324.04,6.904,47.5611
8018,-1324.16,6.90395,47.5636
8019,-1324.28,6.9039,47.566
8020,-1324.4,6.90385,47.5685
8021,-1324.52,6.9038,47.5709
8022,-1324.64,6.90375,47.5734
8023,-1324.76,6.90369,47.5759
8024,-1324.88,6.90364,47.5783
8025,-1325,6.90359,47.5807
8026,-1325.12,6.90354,47.5832
8027,-1325.24,6.90349,47.5856
8028,-1325.36,6.90344,47.5881
8029,-1325.48,6.90339,47.5905
8030,-1325.6,6.90334,47.593
8031,-1325.72,6.90328,47.5954
8032,-1325.84,6.90323,47.5979
8033,-1325.96,6.90318,47.6003
8034,-1326.08,6.90313,47.6027
8035,-1326.2,6.90308,47.6052
8036,-1326.32,6.90303,47.6077
8037,-1326.44,6.90298,47.6102
8038,-1326.56,6.90293,47.6127
8039,-1326.68,6.90287,47.6152
8040,-1326.8,6.90282,47.6176
8041,-1326.92,6.90277,47.6201
8042,-1327.04,6.90272,47.6226
8043,-1327.16,6.90267,47.625
8044,-1327.28,6.90262,47.6275
8045,-1327.4,6.90257,47.63
8046,-1327.52,6.90252,47.6325
8047,-1327.64,6.90246,47.635
8048,-1327.76,6.90241,47.6514
8049,-1327.87,6.90236,47.6539
8050,-1327.99,6.90231,47.6563
8051,-1328.11,6.90226,47.6609
8052,-1328.23,6.90221,47.6635
8053,-1328.35,6.90216,47.666
8054,-1328.47,6.90211,47.6684
8055,-1328.59,6.90205,47.6708
8056,-1328.71,6.902,47.6733
8057,-1328.83,6.90195,47.6758
8058,-1328.95,6.9019,47.6782
8059,-1329.07,6.90185,47.6806
8060,-1329.19,6.9018,47.6831
8061,-1329.31,6.90175,47.6855
8062,-1329.43,6.9017,47.688
8063,-1329.55,6.90165,47.6904
8064,-1329.67,6.90159,47.6928
8065,-1329.79,6.90154,47.6952
8066,-1329.91,6.90149,47.6976
8067,-1330.03,6.90144,47.7
8068,-1330.15,6.90139,47.7027
8069,-1330.27,6.90134,47.7051
8070,-1330.39,6.90129,47.7076
8071,-1330.51,6.90124,47.71
8072,-1330.63,6.90119,47.7125
8073,-1330.75,6.90113,47.715
8074,-1330.87,6.90108,47.7175
8075,-1330.99,6.90103,47.7199
8076,-1331.11,6.90098,47.7223
8077,-1331.23,6.90093,47.7248
8078,-1331.35,6.90088,47.7273
8079,-1331.47,6.90083,47.7298
8080,-1331.59,6.90078,47.7322
8081,-1331.71,6.90073,47.7347
8082,-1331.83,6.90067,47.7371
8083,-1331.95,6.90062,47.7397
8084,-1332.07,6.90057,47.7422
8085,-1332.18,6.90052,47.7446
8086,-1332.3,6.90047,47.7471
8087,-1332.42,6.90042,47.7496
8088,-1332.54,6.90037,47.752
8089,-1332.66,6.90032,47.7544
8090,-1332.78,6.90027,47.7569
8091,-1332.9,6.90021,47.7594
8092,-1333.02,6.90016,47.7618
8093,-1333.14,6.90011,47.7643
8094,-1333.26,6.90006,47.7667
8095,-1333.38,6.90001,47.7691
8096,-1333.5,6.89996,47.7716
8097,-1333.62,6.89991,47.774
8098,-1333.74,6.89986,47.7765
8099,-1333.86,6.89981,47.779
8100,-1333.98,6.89976,47.7814
8101,-1334.1,6.8997,47.7861
8102,-1334.22,6.89965,47.7887
8103,-1334.34,6.8996,47.7912
8104,-1334.46,6.89955,47.7937
8105,-1334.58,6.8995,47.7962
8106,-1334.7,6.89945,47.7986
8107,-1334.82,6.8994,47.801
8108,-1334.94,6.89935,47.8035
8109,-1335.06,6.8993,47.806
8110,-1335.18,6.89925,47.8085
8111,-1335.3,6.8992,47.8109
8112,-1335.42,6.89914,47.8134
8113,-1335.54,6.89909,47.8158
8114,-1335.65,6.89904,47.8182
8115,-1335.77,6.89899,47.8207
8116,-1335.89,6.89894,47.823
8117,-1336.01,6.89889,47.8255
8118,-1336.13,6.89884,47.828
8119,-1336.25,6.89879,47.8305
8120,-1336.37,6.89874,47.8329
8121,-1336.49,6.89869,47.8353
8122,-1336.61,6.89863,47.8377
8123,-1336.73,6.89858,47.8401
8124,-1336.85,6.89853,47.8425
8125,-1336.97,6.89848,47.845
8126,-1337.09,6.89843,47.8474
8127,-1337.21,6.89838,47.8498
8128,-1337.33,6.89833,47.8522
8129,-1337.45,6.89828,47.8547
8130,-1337.57,6.89823,47.8571
8131,-1337.69,6.89818,47.8596
8132,-1337.81,6.89813,47.862
8133,-1337.93,6.89808,47.8645
8134,-1338.05,6.89802,47.867
8135,-1338.17,6.89797,47.8695
8136,-1338.29,6.89792,47.8719
8137,-1338.41,6.89787,47.8743
8138,-1338.53,6.89782,47.8766
8139,-1338.65,6.89777,47.8791
8140,-1338.76,6.89772,47.8815
8141,-1338.88,6.89767,47.884
8142,-1339,6.89762,47.8864
8143,-1339.12,6.89757,47.8889
8144,-1339.24,6.89752,47.8913
8145,-1339.36,6.89746,47.8938
8146,-1339.48,6.89741,47.8962
8147,-1339.6,6.89736,47.8986
8148,-1339.72,6.89731,47.9011
8149,-1339.84,6.89726,47.9035
8150,-1339.96,6.89721,47.9059
8151,-1340.08,6.89716,47.9105
8152,-1340.2,6.89711,47.913
8153,-1340.32,6.89706,47.9156
8154,-1340.44,6.89701,47.9181
8155,-1340.56,6.89696,47.9206
8156,-1340.68,6.89691,47.923
8157,-1340.8,6.89686,47.9255
8158,-1340.92,6.8968,47.928
8159,-1341.04,6.89675,47.9305
8160,-1341.16,6.8967,47.9329
8161,-1341.28,6.89665,47.9354
8162,-1341.4,6.8966,47.9378
8163,-1341.51,6.89655,47.9403
8164,-1341.63,6.8965,47.9427
8165,-1341.75,6.89645,47.9451
8166,-1341.87,6.8964,47.9476
8167,-1341.99,6.89635,47.9501
8168,-1342.11,6.8963,47.9526
8169,-1342.23,6.89625,47.955
8170,-1342.35,6.8962,47.9575
8171,-1342.47,6.89614,47.9599
8172,-1342.59,6.89609,47.9623
8173,-1342.71,6.89604,47.9647
8174,-1342.83,6.89599,47.9672
8175,-1342.95,6.89594,47.9696
8176,-1343.07,6.89589,47.972
8177,-1343.19,6.89584,47.9745
8178,-1343.31,6.89579,47.9769
8179,-1343.43,6.89574,47.9793
8180,-1343.55,6.89569,47.9818
8181,-1343.67,6.89564,47.9842
8182,-1343.79,6.89559,47.9866
8183,-1343.91,6.89554,47.989
8184,-1344.02,6.89549,47.9915
8185,-1344.14,6.89544,47.9939
8186,-1344.26,6.89538,47.9964
8187,-1344.38,6.89533,47.9988
8188,-1344.5,6.89528,48.0012
8189,-1344.62,6.89523,48.0037
8190,-1344.74,6.89518,48.0062
8191,-1344.86,6.89513,48.0086
8192,-1344.98,6.89508,48.011
8193,-1345.1,6.89503,48.0135
8194,-1345.22,6.89498,48.016
8195,-1345.34,6.89493,48.0185
8196,-1345.46,6.89488,48.021
8197,-1345.58,6.89483,48.0234
8198,-1345.7,6.89478,48.0259
8199,-1345.82,6.89473,48.0284
8200,-1345.94,6.89468,48.0308
8201,-1346.06,6.89462,48.0353
8202,-1346.18,6.89457,48.0378
8203,-1346.29,6.89452,48.0403
8204,-1346.41,6.89447,48.0428
8205,-1346.53,6.89442,48.0452
8206,-1346.65,6.89437,48.0476
8207,-1346.77,6.89432,48.0501
8208,-1346.89,6.89427,48.0526
8209,-1347.01,6.89422,48.055
8210,-1347.13,6.89417,48.0575
8211,-1347.25,6.89412,48.0599
8212,-1347.37,6.89407,48.0624
8213,-1347.49,6.89402,48.0648
8214,-1347.61,6.89397,48.0672
8215,-1347.73,6.89392,48.0696
8216,-1347.85,6.89387,48.0721
8217,-1347.97,6.89382,48.0746
8218,-1348.09,6.89377,48.077
8219,-1348.21,6.89371,48.0795
8220,-1348.33,6.89366,48.0819
8221,-1348.45,6.89361,48.0844
8222,-1348.56,6.89356,48.0868
8223,-1348.68,6.89351,48.0893
8224,-1348.8,6.89346,48.0917
8225,-1348.92,6.89341,48.0941
8226,-1349.04,6.89336,48.0966
8227,-1349.16,6.89331,48.099
8228,-1349.28,6.89326,48.1015
8229,-1349.4,6.89321,48.104
8230,-1349.52,6.89316,48.1065
8231,-1349.64,6.89311,48.109
8232,-1349.76,6.89306,48.1115
8233,-1349.88,6.89301,48.114
8234,-1350,6.89296,48.1165
8235,-1350.12,6.89291,48.1191
8236,-1350.24,6.89286,48.1216
8237,-1350.36,6.89281,48.1241
8238,-1350.48,6.89276,48.1265
8239,-1350.59,6.8927,48.129
8240,-1350.71,6.89265,48.1314
8241,-1350.83,6.8926,48.1339
8242,-1350.95,6.89255,48.1363
8243,-1351.07,6.8925,48.1387
8244,-1351.19,6.89245,48.1483
8245,-1351.31,6.8924,48.1514
8246,-1351.43,6.89235,48.1539
8247,-1351.55,6.8923,48.1563
8248,-1351.67,6.89225,48.1587
8249,-1351.79,6.8922,48.1611
8250,-1351.91,6.89215,48.1635
8251,-1352.03,6.8921,48.1684
8252,-1352.15,6.89205,48.1709
8253,-1352.27,6.892,48.1734
8254,-1352.39,6.89195,48.1759
8255,-1352.5,6.8919,48.1784
8256,-1352.62,6.89185,48.1808
8257,-1352.74,6.8918,48.1833
8258,-1352.86,6.89175,48.1857
8259,-1352.98,6.8917,48.1881
8260,-1353.1,6.89165,48.1905
8261,-1353.22,6.8916,48.1931
8262,-1353.34,6.89154,48.1956
8263,-1353.46,6.89149,48.198
8264,-1353.58,6.89144,48.2005
8265,-1353.7,6.89139,48.203
8266,-1353.82,6.89134,48.2054
8267,-1353.94,6.89129,48.2079
8268,-1354.06,6.89124,48.2103
8269,-1354.18,6.89119,48.2128
8270,-1354.3,6.89114,48.2151
8271,-1354.41,6.89109,48.2176
8272,-1354.53,6.89104,48.2201
8273,-1354.65,6.89099,48.2226
8274,-1354.77,6.89094,48.2251
8275,-1354.89,6.89089,48.2275
8276,-1355.01,6.89084,48.23
8277,-1355.13,6.89079,48.2324
8278,-1355.25,6.89074,48.2348
8279,-1355.37,6.89069,48.2373
8280,-1355.49,6.89064,48.2397
8281,-1355.61,6.89059,48.2422
8282,-1355.73,6.89054,48.2447
8283,-1355.85,6.89049,48.2471
8284,-1355.97,6.89044,48.2496
8285,-1356.09,6.89039,48.252
8286,-1356.2,6.89034,48.2544
8287,-1356.32,6.89029,48.2569
8288,-1356.44,6.89024,48.2593
8289,-1356.56,6.89019,48.2618
8290,-1356.68,6.89014,48.2642
8291,-1356.8,6.89009,48.2667
8292,-1356.92,6.89004,48.2692
8293,-1357.04,6.88998,48.2716
8294,-1357.16,6.88993,48.274
8295,-1357.28,6.88988,48.2765
8296,-1357.4,6.88983,48.2789
8297,-1357.52,6.88978,48.2814
8298,-1357.64,6.88973,48.2838
8299,-1357.76,6.88968,48.2863
8300,-1357.87,6.88963,48.2887
8301,-1357.99,6.88958,48.2932
8302,-1358.11,6.88953,48.2957
8303,-1358.23,6.88948,48.2981
8304,-1358.35,6.88943,48.3006
8305,-1358.47,6.88938,48.303
8306,-1358.59,6.88933,48.3054
8307,-1358.71,6.88928,48.3078
8308,-1358.83,6.88923,48.3103
8309,-1358.95,6.88918,48.3127
8310,-1359.07,6.88913,48.3151
8311,-1359.19,6.88908,48.3176
8312,-1359.31,6.88903,48.32
8313,-1359.43,6.88898,48.3225
8314,-1359.54,6.88893,48.3249
8315,-1359.66,6.88888,48.3273
8316,-1359.78,6.88883,48.3298
8317,-1359.9,6.88878,48.3323
8318,-1360.02,6.88873,48.3347
8319,-1360.14,6.88868,48.3371
8320,-1360.26,6.88863,48.3396
8321,-1360.38,6.88858,48.342
8322,-1360.5,6.88853,48.3445
8323,-1360.62,6.88848,48.3469
8324,-1360.74,6.88843,48.3589
8325,-1360.86,6.88838,48.3613
8326,-1360.98,6.88833,48.3638
8327,-1361.09,6.88828,48.3663
8328,-1361.21,6.88823,48.3687
8329,-1361.33,6.88818,48.3712
8330,-1361.45,6.88813,48.3736
8331,-1361.57,6.88808,48.376
8332,-1361.69,6.88803,48.3784
8333,-1361.81,6.88798,48.3809
8334,-1361.93,6.88793,48.3833
8335,-1362.05,6.88788,48.3858
8336,-1362.17,6.88783,48.3882
8337,-1362.29,6.88778,48.3907
8338,-1362.41,6.88773,48.3931
8339,-1362.53,6.88768,48.3956
8340,-1362.64,6.88763,48.398
8341,-1362.76,6.88758,48.4004
8342,-1362.88,6.88753,48.4029
8343,-1363,6.88748,48.4053
8344,-1363.12,6.88743,48.4078
8345,-1363.24,6.88738,48.4102
8346,-1363.36,6.88733,48.4127
8347,-1363.48,6.88728,48.4151
8348,-1363.6,6.88723,48.4176
8349,-1363.72,6.88718,48.42
8350,-1363.84,6.88713,48.4225
8351,-1363.96,6.88708,48.4272
8352,-1364.08,6.88703,48.4297
8353,-1364.19,6.88698,48.4322
8354,-1364.31,6.88693,48.4347
8355,-1364.43,6.88688,48.4371
8356,-1364.55,6.88683,48.4395
8357,-1364.67,6.88678,48.4419
8358,-1364.79,6.88673,48.4443
8359,-1364.91,6.88668,48.4468
8360,-1365.03,6.88663,48.4493
8361,-1365.15,6.88658,48.4517
8362,-1365.27,6.88653,48.4541
8363,-1365.39,6.88648,48.4566
8364,-1365.51,6.88643,48.459
8365,-1365.62,6.88638,48.4614
8366,-1365.74,6.88633,48.4638
8367,-1365.86,6.88628,48.4663
8368,-1365.98,6.88623,48.4687
8369,-1366.1,6.88618,48.4711
8370,-1366.22,6.88613,48.4737
8371,-1366.34,6.88608,48.4761
8372,-1366.46,6.88603,48.4786
8373,-1366.58,6.88598,48.4811
8374,-1366.7,6.88593,48.4837
8375,-1366.82,6.88588,48.4862
8376,-1366.94,6.88583,48.4887
8377,-1367.05,6.88578,48.4912
8378,-1367.17,6.88573,48.4936
8379,-1367.29,6.88568,48.4961
8380,-1367.41,6.88563,48.4986
8381,-1367.53,6.88558,48.5011
8382,-1367.65,6.88553,48.5036
8383,-1367.77,6.88548,48.506
8384,-1367.89,6.88543,48.5085
8385,-1368.01,6.88538,48.5109
8386,-1368.13,6.88533,48.5135
8387,-1368.25,6.88528,48.516
8388,-1368.37,6.88523,48.5185
8389,-1368.48,6.88518,48.5211
8390,-1368.6,6.88513,48.5236
8391,-1368.72,6.88508,48.5261
8392,-1368.84,6.88503,48.5285
8393,-1368.96,6.88498,48.531
8394,-1369.08,6.88493,48.5334
8395,-1369.2,6.88488,48.5359
8396,-1369.32,6.88483,48.5385
8397,-1369.44,6.88478,48.5409
8398,-1369.56,6.88473,48.5434
8399,-1369.68,6.88468,48.5458
8400,-1369.79,6.88463,48.5482
8401,-1369.91,6.88458,48.5529
8402,-1370.03,6.88453,48.5554
8403,-1370.15,6.88448,48.5579
8404,-1370.27,6.88443,48.5603
8405,-1370.39,6.88438,48.5628
8406,-1370.51,6.88433,48.5652
8407,-1370.63,6.88428,48.5678
8408,-1370.75,6.88423,48.5703
8409,-1370.87,6.88418,48.5728
8410,-1370.99,6.88413,48.5752
8411,-1371.1,6.88408,48.5778
8412,-1371.22,6.88403,48.5803
8413,-1371.34,6.88398,48.5828
8414,-1371.46,6.88393,48.5852
8415,-1371.58,6.88388,48.5877
8416,-1371.7,6.88383,48.5902
8417,-1371.82,6.88378,48.5926
8418,-1371.94,6.88373,48.5951
8419,-1372.06,6.88368,48.5975
8420,-1372.18,6.88363,48.6
8421,-1372.3,6.88358,48.6025
8422,-1372.41,6.88353,48.6049
8423,-1372.53,6.88348,48.6073
8424,-1372.65,6.88343,48.6098
8425,-1372.77,6.88338,48.6122
8426,-1372.89,6.88333,48.6147
8427,-1373.01,6.88328,48.6171
8428,-1373.13,6.88323,48.6196
8429,-1373.25,6.88318,48.6221
8430,-1373.37,6.88313,48.6245
8431,-1373.49,6.88308,48.627
8432,-1373.61,6.88303,48.6295
8433,-1373.72,6.88298,48.632
8434,-1373.84,6.88293,48.6344
8435,-1373.96,6.88288,48.6369
8436,-1374.08,6.88283,48.6393
8437,-1374.2,6.88278,48.6417
8438,-1374.32,6.88273,48.6441
8439,-1374.44,6.88268,48.6466
8440,-1374.56,6.88263,48.649
8441,-1374.68,6.88258,48.6514
8442,-1374.8,6.88254,48.6539
8443,-1374.91,6.88249,48.6563
8444,-1375.03,6.88244,48.6587
8445,-1375.15,6.88239,48.6611
8446,-1375.27,6.88234,48.6637
8447,-1375.39,6.88229,48.6661
8448,-1375.51,6.88224,48.6686
8449,-1375.63,6.88219,48.6711
8450,-1375.75,6.88214,48.6736
8451,-1375.87,6.88209,48.6783
8452,-1375.99,6.88204,48.6918
8453,-1376.1,6.88199,48.6954
8454,-1376.22,6.88194,48.6989
8455,-1376.34,6.88189,48.7019
8456,-1376.46,6.88184,48.7046
8457,-1376.58,6.88179,48.7072
8458,-1376.7,6.88174,48.7098
8459,-1376.82,6.88169,48.7123
8460,-1376.94,6.88164,48.7149
8461,-1377.06,6.88159,48.7173
8462,-1377.18,6.88154,48.7198
8463,-1377.29,6.88149,48.7224
8464,-1377.41,6.88144,48.7248
8465,-1377.53,6.88139,48.7273
8466,-1377.65,6.88134,48.7298
8467,-1377.77,6.88129,48.7323
8468,-1377.89,6.88124,48.7347
8469,-1378.01,6.88119,48.7372
8470,-1378.13,6.88114,48.7396
8471,-1378.25,6.88109,48.7421
8472,-1378.37,6.88104,48.7446
8473,-1378.48,6.88099,48.7471
8474,-1378.6,6.88095,48.7496
8475,-1378.72,6.8809,48.7521
8476,-1378.84,6.88085,48.7545
8477,-1378.96,6.8808,48.7569
8478,-1379.08,6.88075,48.7594
8479,-1379.2,6.8807,48.7618
8480,-1379.32,6.88065,48.7643
8481,-1379.44,6.8806,48.7668
8482,-1379.56,6.88055,48.7692
8483,-1379.67,6.8805,48.7717
8484,-1379.79,6.88045,48.7742
8485,-1379.91,6.8804,48.7766
8486,-1380.03,6.88035,48.779
8487,-1380.15,6.8803,48.7815
8488,-1380.27,6.88025,48.784
8489,-1380.39,6.8802,48.7865
8490,-1380.51,6.88015,48.789
8491,-1380.63,6.8801,48.7915
8492,-1380.75,6.88005,48.794
8493,-1380.86,6.88,48.7965
8494,-1380.98,6.87995,48.799
8495,-1381.1,6.8799,48.8014
8496,-1381.22,6.87985,48.8039
8497,-1381.34,6.8798,48.8064
8498,-1381.46,6.87976,48.8088
8499,-1381.58,6.87971,48.8113
8500,-1381.7,6.87966,48.8137
8501,-1381.82,6.87961,48.8191
8502,-1381.93,6.87956,48.8216
8503,-1382.05,6.87951,48.824
8504,-1382.17,6.87946,48.8266
8505,-1382.29,6.87941,48.829
8506,-1382.41,6.87936,48.8315
8507,-1382.53,6.87931,48.8339
8508,-1382.65,6.87926,48.8364
8509,-1382.77,6.87921,48.8388
8510,-1382.89,6.87916,48.8412
8511,-1383,6.87911,48.8437
8512,-1383.12,6.87906,48.8462
8513,-1383.24,6.87901,48.8487
8514,-1383.36,6.87896,48.8511
8515,-1383.48,6.87891,48.8536
8516,-1383.6,6.87886,48.856
8517,-1383.72,6.87881,48.8584
8518,-1383.84,6.87877,48.8609
8519,-1383.96,6.87872,48.8633
8520,-1384.07,6.87867,48.8658
8521,-1384.19,6.87862,48.8683
8522,-1384.31,6.87857,48.8707
8523,-1384.43,6.87852,48.8731
8524,-1384.55,6.87847,48.8756
8525,-1384.67,6.87842,48.878
8526,-1384.79,6.87837,48.8804
8527,-1384.91,6.87832,48.8829
8528,-1385.03,6.87827,48.8853
8529,-1385.14,6.87822,48.8878
8530,-1385.26,6.87817,48.8903
8531,-1385.38,6.87812,48.8927
8532,-1385.5,6.87807,48.8952
8533,-1385.62,6.87802,48.8976
8534,-1385.74,6.87797,48.9001
8535,-1385.86,6.87792,48.9026
8536,-1385.98,6.87788,48.9051
8537,-1386.1,6.87783,48.9076
8538,-1386.21,6.87778,48.91
8539,-1386.33,6.87773,48.9125
8540,-1386.45,6.87768,48.9149
8541,-1386.57,6.87763,48.9174
8542,-1386.69,6.87758,48.9198
8543,-1386.81,6.87753,48.9222
8544,-1386.93,6.87748,48.9247
8545,-1387.05,6.87743,48.9271
8546,-1387.17,6.87738,48.9296
8547,-1387.28,6.87733,48.932
8548,-1387.4,6.87728,48.9345
8549,-1387.52,6.87723,48.937
8550,-1387.64,6.87718,48.9394
8551,-1387.76,6.87713,48.9441
8552,-1387.88,6.87709,48.9466
8553,-1388,6.87704,48.9491
8554,-1388.12,6.87699,48.9516
8555,-1388.23,6.87694,48.9541
8556,-1388.35,6.87689,48.9566
8557,-1388.47,6.87684,48.959
8558,-1388.59,6.87679,48.9613
8559,-1388.71,6.87674,48.9638
8560,-1388.83,6.87669,48.9662
8561,-1388.95,6.87664,48.9688
8562,-1389.07,6.87659,48.9712
8563,-1389.19,6.87654,48.9736
8564,-1389.3,6.87649,48.976
8565,-1389.42,6.87644,48.9785
8566,-1389.54,6.87639,48.981
8567,-1389.66,6.87635,48.9835
8568,-1389.78,6.8763,48.986
8569,-1389.9,6.87625,48.9884
8570,-1390.02,6.8762,48.9908
8571,-1390.14,6.87615,48.9933
8572,-1390.25,6.8761,48.9958
8573,-1390.37,6.87605,48.9983
8574,-1390.49,6.876,49.0007
8575,-1390.61,6.87595,49.0027
8576,-1390.73,6.8759,49.005
8577,-1390.85,6.87585,49.0073
8578,-1390.97,6.8758,49.0093
8579,-1391.09,6.87575,49.0117
8580,-1391.2,6.8757,49.0142
8581,-1391.32,6.87566,49.0167
8582,-1391.44,6.87561,49.0192
8583,-1391.56,6.87556,49.0217
8584,-1391.68,6.87551,49.0242
8585,-1391.8,6.87546,49.0266
8586,-1391.92,6.87541,49.0291
8587,-1392.04,6.87536,49.0315
8588,-1392.16,6.87531,49.034
8589,-1392.27,6.87526,49.0365
8590,-1392.39,6.87521,49.0389
8591,-1392.51,6.87516,49.0413
8592,-1392.63,6.87511,49.0438
8593,-1392.75,6.87506,49.0462
8594,-1392.87,6.87501,49.0486
8595,-1392.99,6.87497,49.0511
8596,-1393.11,6.87492,49.0537
8597,-1393.22,6.87487,49.0562
8598,-1393.34,6.87482,49.0586
8599,-1393.46,6.87477,49.0611
8600,-1393.58,6.87472,49.0685
8601,-1393.7,6.87467,49.0731
8602,-1393.82,6.87462,49.0757
8603,-1393.94,6.87457,49.0782
8604,-1394.06,6.87452,49.0807
8605,-1394.17,6.87447,49.0831
8606,-1394.29,6.87442,49.0856
8607,-1394.41,6.87438,49.0881
8608,-1394.53,6.87433,49.0906
8609,-1394.65,6.87428,49.093
8610,-1394.77,6.87423,49.0954
8611,-1394.89,6.87418,49.0979
8612,-1395,6.87413,49.1004
8613,-1395.12,6.87408,49.103
8614,-1395.24,6.87403,49.1055
8615,-1395.36,6.87398,49.1081
8616,-1395.48,6.87393,49.1106
8617,-1395.6,6.87388,49.113
8618,-1395.72,6.87383,49.1155
8619,-1395.84,6.87379,49.118
8620,-1395.95,6.87374,49.1205
8621,-1396.07,6.87369,49.1231
8622,-1396.19,6.87364,49.1255
8623,-1396.31,6.87359,49.128
8624,-1396.43,6.87354,49.1306
8625,-1396.55,6.87349,49.1331
8626,-1396.67,6.87344,49.1355
8627,-1396.79,6.87339,49.1379
8628,-1396.9,6.87334,49.1403
8629,-1397.02,6.87329,49.1429
8630,-1397.14,6.87325,49.1454
8631,-1397.26,6.8732,49.1479
8632,-1397.38,6.87315,49.1504
8633,-1397.5,6.8731,49.1529
8634,-1397.62,6.87305,49.1554
8635,-1397.74,6.873,49.1578
8636,-1397.85,6.87295,49.1603
8637,-1397.97,6.8729,49.1628
8638,-1398.09,6.87285,49.1652
8639,-1398.21,6.8728,49.1677
8640,-1398.33,6.87275,49.1701
8641,-1398.45,6.87271,49.1726
8642,-1398.57,6.87266,49.1752
8643,-1398.68,6.87261,49.1776
8644,-1398.8,6.87256,49.18
8645,-1398.92,6.87251,49.1826
8646,-1399.04,6.87246,49.1851
8647,-1399.16,6.87241,49.1875
8648,-1399.28,6.87236,49.19
8649,-1399.4,6.87231,49.1924
8650,-1399.52,6.87226,49.1949
8651,-1399.63,6.87221,49.1995
8652,-1399.75,6.87217,49.2019
8653,-1399.87,6.87212,49.2045
8654,-1399.99,6.87207,49.2069
8655,-1400.11,6.87202,49.2093
8656,-1400.23,6.87197,49.2118
8657,-1400.35,6.87192,49.2143
8658,-1400.46,6.87187,49.2167
8659,-1400.58,6.87182,49.2192
8660,-1400.7,6.87177,49.2216
8661,-1400.82,6.87172,49.2241
8662,-1400.94,6.87168,49.2265
8663,-1401.06,6.87163,49.2289
8664,-1401.18,6.87158,49.2314
8665,-1401.29,6.87153,49.2339
8666,-1401.41,6.87148,49.2363
8667,-1401.53,6.87143,49.2387
8668,-1401.65,6.87138,49.2412
8669,-1401.77,6.87133,49.2436
8670,-1401.89,6.87128,49.246
8671,-1402.01,6.87123,49.2485
8672,-1402.13,6.87119,49.2509
8673,-1402.24,6.87114,49.2534
8674,-1402.36,6.87109,49.2558
8675,-1402.48,6.87104,49.2583
8676,-1402.6,6.87099,49.2607
8677,-1402.72,6.87094,49.2632
8678,-1402.84,6.87089,49.2656
8679,-1402.96,6.87084,49.2681
8680,-1403.07,6.87079,49.2705
8681,-1403.19,6.87075,49.2729
8682,-1403.31,6.8707,49.2754
8683,-1403.43,6.87065,49.2779
8684,-1403.55,6.8706,49.2803
8685,-1403.67,6.87055,49.2827
8686,-1403.79,6.8705,49.2851
8687,-1403.9,6.87045,49.2876
8688,-1404.02,6.8704,49.29
8689,-1404.14,6.87035,49.2925
8690,-1404.26,6.87031,49.2949
8691,-1404.38,6.87026,49.2974
8692,-1404.5,6.87021,49.2999
8693,-1404.62,6.87016,49.3023
8694,-1404.73,6.87011,49.3048
8695,-1404.85,6.87006,49.3072
8696,-1404.97,6.87001,49.3096
8697,-1405.09,6.86996,49.3121
8698,-1405.21,6.86991,49.3145
8699,-1405.33,6.86987,49.317
8700,-1405.45,6.86982,49.3194
8701,-1405.56,6.86977,49.3239
8702,-1405.68,6.86972,49.3264
8703,-1405.8,6.86967,49.3289
8704,-1405.92,6.86962,49.3314
8705,-1406.04,6.86957,49.3339
8706,-1406.16,6.86952,49.3364
8707,-1406.28,6.86947,49.3389
8708,-1406.39,6.86943,49.3413
8709,-1406.51,6.86938,49.3438
8710,-1406.63,6.86933,49.3461
8711,-1406.75,6.86928,49.3487
8712,-1406.87,6.86923,49.3512
8713,-1406.99,6.86918,49.3536
8714,-1407.11,6.86913,49.3561
8715,-1407.22,6.86908,49.3586
8716,-1407.34,6.86903,49.361
8717,-1407.46,6.86899,49.3635
8718,-1407.58,6.86894,49.366
8719,-1407.7,6.86889,49.3684
8720,-1407.82,6.86884,49.3709
8721,-1407.94,6.86879,49.3734
8722,-1408.05,6.86874,49.3759
8723,-1408.17,6.86869,49.3784
8724,-1408.29,6.86864,49.3809
8725,-1408.41,6.8686,49.3833
8726,-1408.53,6.86855,49.3858
8727,-1408.65,6.8685,49.3882
8728,-1408.76,6.86845,49.3907
8729,-1408.88,6.8684,49.3931
8730,-1409,6.86835,49.3955
8731,-1409.12,6.8683,49.398
8732,-1409.24,6.86825,49.4005
8733,-1409.36,6.86821,49.403
8734,-1409.48,6.86816,49.4054
8735,-1409.59,6.86811,49.4079
8736,-1409.71,6.86806,49.4104
8737,-1409.83,6.86801,49.4128
8738,-1409.95,6.86796,49.4153
8739,-1410.07,6.86791,49.4177
8740,-1410.19,6.86786,49.4203
8741,-1410.31,6.86782,49.4228
8742,-1410.42,6.86777,49.4253
8743,-1410.54,6.86772,49.4278
8744,-1410.66,6.86767,49.4302
8745,-1410.78,6.86762,49.4327
8746,-1410.9,6.86757,49.4351
8747,-1411.02,6.86752,49.4377
8748,-1411.13,6.86747,49.4402
8749,-1411.25,6.86743,49.4427
8750,-1411.37,6.86738,49.4452
8751,-1411.49,6.86733,49.4498
8752,-1411.61,6.86728,49.4523
8753,-1411.73,6.86723,49.4547
8754,-1411.85,6.86718,49.4572
8755,-1411.96,6.86713,49.4596
8756,-1412.08,6.86708,49.462
8757,-1412.2,6.86704,49.4645
8758,-1412.32,6.86699,49.4669
8759,-1412.44,6.86694,49.4694
8760,-1412.56,6.86689,49.4718
8761,-1412.68,6.86684,49.4743
8762,-1412.79,6.86679,49.4768
8763,-1412.91,6.86674,49.4792
8764,-1413.03,6.86669,49.4815
8765,-1413.15,6.86665,49.4839
8766,-1413.27,6.8666,49.4864
8767,-1413.39,6.86655,49.4889
8768,-1413.5,6.8665,49.4914
8769,-1413.62,6.86645,49.4938
8770,-1413.74,6.8664,49.4962
8771,-1413.86,6.86635,49.4986
8772,-1413.98,6.86631,49.5011
8773,-1414.1,6.86626,49.5036
8774,-1414.21,6.86621,49.506
8775,-1414.33,6.86616,49.5084
8776,-1414.45,6.86611,49.5108
8777,-1414.57,6.86606,49.5133
8778,-1414.69,6.86601,49.5158
8779,-1414.81,6.86597,49.5182
8780,-1414.93,6.86592,49.5207
8781,-1415.04,6.86587,49.5232
8782,-1415.16,6.86582,49.5256
8783,-1415.28,6.86577,49.528
8784,-1415.4,6.86572,49.5304
8785,-1415.52,6.86567,49.5329
8786,-1415.64,6.86562,49.5353
8787,-1415.75,6.86558,49.5377
8788,-1415.87,6.86553,49.5401
8789,-1415.99,6.86548,49.5425
8790,-1416.11,6.86543,49.5449
8791,-1416.23,6.86538,49.5474
8792,-1416.35,6.86533,49.5498
8793,-1416.46,6.86528,49.5523
8794,-1416.58,6.86524,49.5547
8795,-1416.7,6.86519,49.5571
8796,-1416.82,6.86514,49.5596
8797,-1416.94,6.86509,49.562
8798,-1417.06,6.86504,49.5645
8799,-1417.18,6.86499,49.5669
8800,-1417.29,6.86494,49.5693
8801,-1417.41,6.8649,49.5738
8802,-1417.53,6.86485,49.5763
8803,-1417.65,6.8648,49.5788
8804,-1417.77,6.86475,49.5813
8805,-1417.89,6.8647,49.5839
8806,-1418,6.86465,49.5864
8807,-1418.12,6.86461,49.5888
8808,-1418.24,6.86456,49.5913
8809,-1418.36,6.86451,49.5937
8810,-1418.48,6.86446,49.5963
8811,-1418.6,6.86441,49.5988
8812,-1418.71,6.86436,49.6013
8813,-1418.83,6.86431,49.6037
8814,-1418.95,6.86427,49.6061
8815,-1419.07,6.86422,49.6086
8816,-1419.19,6.86417,49.6111
8817,-1419.31,6.86412,49.6136
8818,-1419.42,6.86407,49.616
8819,-1419.54,6.86402,49.6184
8820,-1419.66,6.86397,49.6209
8821,-1419.78,6.86393,49.6234
8822,-1419.9,6.86388,49.6258
8823,-1420.02,6.86383,49.6283
8824,-1420.13,6.86378,49.6308
8825,-1420.25,6.86373,49.6333
8826,-1420.37,6.86368,49.6358
8827,-1420.49,6.86363,49.6383
8828,-1420.61,6.86359,49.6407
8829,-1420.73,6.86354,49.6432
8830,-1420.84,6.86349,49.6457
8831,-1420.96,6.86344,49.6482
8832,-1421.08,6.86339,49.6506
8833,-1421.2,6.86334,49.6531
8834,-1421.32,6.8633,49.6556
8835,-1421.44,6.86325,49.658
8836,-1421.55,6.8632,49.6606
8837,-1421.67,6.86315,49.663
8838,-1421.79,6.8631,49.6656
8839,-1421.91,6.86305,49.6681
8840,-1422.03,6.86301,49.6706
8841,-1422.15,6.86296,49.6731
8842,-1422.26,6.86291,49.6756
8843,-1422.38,6.86286,49.6782
8844,-1422.5,6.86281,49.6808
8845,-1422.62,6.86276,49.6832
8846,-1422.74,6.86271,49.6857
8847,-1422.86,6.86267,49.6883
8848,-1422.97,6.86262,49.6908
8849,-1423.09,6.86257,49.6933
8850,-1423.21,6.86252,49.6958
8851,-1423.33,6.86247,49.7003
8852,-1423.45,6.86242,49.7028
8853,-1423.57,6.86238,49.7053
8854,-1423.68,6.86233,49.7078
8855,-1423.8,6.86228,49.7102
8856,-1423.92,6.86223,49.7127
8857,-1424.04,6.86218,49.7152
8858,-1424.16,6.86213,49.7177
8859,-1424.28,6.86209,49.7201
8860,-1424.39,6.86204,49.7226
8861,-1424.51,6.86199,49.7251
8862,-1424.63,6.86194,49.7275
8863,-1424.75,6.86189,49.7299
8864,-1424.87,6.86184,49.7323
8865,-1424.98,6.8618,49.7347
8866,-1425.1,6.86175,49.7372
8867,-1425.22,6.8617,49.7397
8868,-1425.34,6.86165,49.7421
8869,-1425.46,6.8616,49.7446
8870,-1425.58,6.86155,49.7471
8871,-1425.69,6.86151,49.7495
8872,-1425.81,6.86146,49.7519
8873,-1425.93,6.86141,49.7544
8874,-1426.05,6.86136,49.7568
8875,-1426.17,6.86131,49.7593
8876,-1426.29,6.86126,49.7683
8877,-1426.4,6.86122,49.7708
8878,-1426.52,6.86117,49.7733
8879,-1426.64,6.86112,49.7757
8880,-1426.76,6.86107,49.7782
8881,-1426.88,6.86102,49.7807
8882,-1427,6.86097,49.7833
8883,-1427.11,6.86093,49.7858
8884,-1427.23,6.86088,49.7882
8885,-1427.35,6.86083,49.7907
8886,-1427.47,6.86078,49.7931
8887,-1427.59,6.86073,49.7957
8888,-1427.7,6.86068,49.7981
8889,-1427.82,6.86064,49.8006
8890,-1427.94,6.86059,49.803
8891,-1428.06,6.86054,49.8055
8892,-1428.18,6.86049,49.808
8893,-1428.3,6.86044,49.8104
8894,-1428.41,6.86039,49.8129
8895,-1428.53,6.86035,49.8154
8896,-1428.65,6.8603,49.8179
8897,-1428.77,6.86025,49.8204
8898,-1428.89,6.8602,49.8229
8899,-1429.01,6.86015,49.8254
8900,-1429.12,6.8601,49.828
8901,-1429.24,6.86006,49.8328
8902,-1429.36,6.86001,49.8353
8903,-1429.48,6.85996,49.8378
8904,-1429.6,6.85991,49.8402
8905,-1429.71,6.85986,49.8427
8906,-1429.83,6.85982,49.8451
8907,-1429.95,6.85977,49.8475
8908,-1430.07,6.85972,49.8499
8909,-1430.19,6.85967,49.8523
8910,-1430.31,6.85962,49.8548
8911,-1430.42,6.85957,49.8572
8912,-1430.54,6.85953,49.8596
8913,-1430.66,6.85948,49.8621
8914,-1430.78,6.85943,49.8645
8915,-1430.9,6.85938,49.8669
8916,-1431.01,6.85933,49.8693
8917,-1431.13,6.85929,49.8717
8918,-1431.25,6.85924,49.8742
8919,-1431.37,6.85919,49.8766
8920,-1431.49,6.85914,49.8791
8921,-1431.61,6.85909,49.8815
8922,-1431.72,6.85904,49.884
8923,-1431.84,6.859,49.8863
8924,-1431.96,6.85895,49.8888
8925,-1432.08,6.8589,49.8912
8926,-1432.2,6.85885,49.8938
8927,-1432.31,6.8588,49.8963
8928,-1432.43,6.85876,49.8987
8929,-1432.55,6.85871,49.9011
8930,-1432.67,6.85866,49.9035
8931,-1432.79,6.85861,49.906
8932,-1432.91,6.85856,49.9084
8933,-1433.02,6.85851,49.9109
8934,-1433.14,6.85847,49.9134
8935,-1433.26,6.85842,49.9158
8936,-1433.38,6.85837,49.9183
8937,-1433.5,6.85832,49.9207
8938,-1433.61,6.85827,49.9233
8939,-1433.73,6.85823,49.9257
8940,-1433.85,6.85818,49.9281
8941,-1433.97,6.85813,49.9306
8942,-1434.09,6.85808,49.933
8943,-1434.2,6.85803,49.9355
8944,-1434.32,6.85798,49.9379
8945,-1434.44,6.85794,49.9404
8946,-1434.56,6.85789,49.9429
8947,-1434.68,6.85784,49.9453
8948,-1434.8,6.85779,49.9477
8949,-1434.91,6.85774,49.9502
8950,-1435.03,6.8577,49.9526
8951,-1435.15,6.85765,49.9572
8952,-1435.27,6.8576,49.9598
8953,-1435.39,6.85755,49.9623
8954,-1435.5,6.8575,49.9648
8955,-1435.62,6.85746,49.9673
8956,-1435.74,6.85741,49.9698
8957,-1435.86,6.85736,49.9723
8958,-1435.98,6.85731,49.9748
8959,-1436.09,6.85726,49.9773
8960,-1436.21,6.85722,49.9798
8961,-1436.33,6.85717,49.9823
8962,-1436.45,6.85712,49.9849
8963,-1436.57,6.85707,49.9875
8964,-1436.69,6.85702,49.99
8965,-1436.8,6.85698,49.9926
8966,-1436.92,6.85693,49.995
8967,-1437.04,6.85688,49.9976
8968,-1437.16,6.85683,50
8969,-1437.28,6.85678,50.0028
8970,-1437.39,6.85673,50.0055
8971,-1437.51,6.85669,50.0081
8972,-1437.63,6.85664,50.0106
8973,-1437.75,6.85659,50.0131
8974,-1437.87,6.85654,50.0156
8975,-1437.98,6.85649,50.0182
8976,-1438.1,6.85645,50.0207
8977,-1438.22,6.8564,50.0232
8978,-1438.34,6.85635,50.0257
8979,-1438.46,6.8563,50.0283
8980,-1438.57,6.85625,50.0308
8981,-1438.69,6.85621,50.0333
8982,-1438.81,6.85616,50.0358
8983,-1438.93,6.85611,50.0383
8984,-1439.05,6.85606,50.0408
8985,-1439.16,6.85601,50.0433
8986,-1439.28,6.85597,50.0459
8987,-1439.4,6.85592,50.0484
8988,-1439.52,6.85587,50.0509
8989,-1439.64,6.85582,50.0535
8990,-1439.76,6.85577,50.056
8991,-1439.87,6.85573,50.0586
8992,-1439.99,6.85568,50.0611
8993,-1440.11,6.85563,50.0636
8994,-1440.23,6.85558,50.0661
8995,-1440.35,6.85553,50.0687
8996,-1440.46,6.85549,50.0712
8997,-1440.58,6.85544,50.0737
8998,-1440.7,6.85539,50.0763
8999,-1440.82,6.85534,50.0788
9000,-1440.94,6.8553,50.0813
9001,-1441.05,6.85525,50.0859
9002,-1441.17,6.8552,50.0884
9003,-1441.29,6.85515,50.091
9004,-1441.41,6.8551,50.0935
9005,-1441.53,6.85506,50.0961
9006,-1441.64,6.85501,50.0986
9007,-1441.76,6.85496,50.101
9008,-1441.88,6.85491,50.1032
9009,-1442,6.85486,50.1053
9010,-1442.12,6.85482,50.1077
9011,-1442.23,6.85477,50.1102
9012,-1442.35,6.85472,50.1126
9013,-1442.47,6.85467,50.1151
9014,-1442.59,6.85462,50.1176
9015,-1442.71,6.85458,50.12
9016,-1442.82,6.85453,50.1225
9017,-1442.94,6.85448,50.125
9018,-1443.06,6.85443,50.1275
9019,-1443.18,6.85438,50.1299
9020,-1443.3,6.85434,50.1324
9021,-1443.41,6.85429,50.1349
9022,-1443.53,6.85424,50.1374
9023,-1443.65,6.85419,50.1398
9024,-1443.77,6.85415,50.1422
9025,-1443.89,6.8541,50.1447
9026,-1444,6.85405,50.1472
9027,-1444.12,6.854,50.1497
9028,-1444.24,6.85395,50.1521
9029,-1444.36,6.85391,50.1546
9030,-1444.48,6.85386,50.157
9031,-1444.59,6.85381,50.1595
9032,-1444.71,6.85376,50.1619
9033,-1444.83,6.85371,50.1644
9034,-1444.95,6.85367,50.1668
9035,-1445.07,6.85362,50.1693
9036,-1445.18,6.85357,50.1717
9037,-1445.3,6.85352,50.1741
9038,-1445.42,6.85348,50.1766
9039,-1445.54,6.85343,50.179
9040,-1445.66,6.85338,50.1815
9041,-1445.77,6.85333,50.1839
9042,-1445.89,6.85328,50.1863
9043,-1446.01,6.85324,50.1888
9044,-1446.13,6.85319,50.1912
9045,-1446.25,6.85314,50.1937
9046,-1446.36,6.85309,50.1962
9047,-1446.48,6.85304,50.1986
9048,-1446.6,6.853,50.201
9049,-1446.72,6.85295,50.2035
9050,-1446.83,6.8529,50.2059
9051,-1446.95,6.85285,50.2104
9052,-1447.07,6.85281,50.2129
9053,-1447.19,6.85276,50.2154
9054,-1447.31,6.85271,50.2178
9055,-1447.42,6.85266,50.2203
9056,-1447.54,6.85261,50.2227
9057,-1447.66,6.85257,50.2252
9058,-1447.78,6.85252,50.2276
9059,-1447.9,6.85247,50.23
9060,-1448.01,6.85242,50.2325
9061,-1448.13,6.85238,50.235
9062,-1448.25,6.85233,50.2374
9063,-1448.37,6.85228,50.2399
9064,-1448.49,6.85223,50.2424
9065,-1448.6,6.85218,50.2448
9066,-1448.72,6.85214,50.2473
9067,-1448.84,6.85209,50.2497
9068,-1448.96,6.85204,50.2521
9069,-1449.08,6.85199,50.2545
9070,-1449.19,6.85195,50.257
9071,-1449.31,6.8519,50.2595
9072,-1449.43,6.85185,50.2618
9073,-1449.55,6.8518,50.2643
9074,-1449.67,6.85176,50.2667
9075,-1449.78,6.85171,50.2692
9076,-1449.9,6.85166,50.2716
9077,-1450.02,6.85161,50.2741
9078,-1450.14,6.85156,50.2765
9079,-1450.25,6.85152,50.279
9080,-1450.37,6.85147,50.2815
9081,-1450.49,6.85142,50.284
9082,-1450.61,6.85137,50.2865
9083,-1450.73,6.85133,50.2889
9084,-1450.84,6.85128,50.2914
9085,-1450.96,6.85123,50.2939
9086,-1451.08,6.85118,50.2963
9087,-1451.2,6.85113,50.2987
9088,-1451.32,6.85109,50.3011
9089,-1451.43,6.85104,50.3036
9090,-1451.55,6.85099,50.3061
9091,-1451.67,6.85094,50.3086
9092,-1451.79,6.8509,50.311
9093,-1451.9,6.85085,50.3135
9094,-1452.02,6.8508,50.316
9095,-1452.14,6.85075,50.3185
9096,-1452.26,6.85071,50.321
9097,-1452.38,6.85066,50.3234
9098,-1452.49,6.85061,50.3259
9099,-1452.61,6.85056,50.3283
9100,-1452.73,6.85052,50.3308
9101,-1452.85,6.85047,50.3354
9102,-1452.97,6.85042,50.3379
9103,-1453.08,6.85037,50.3404
9104,-1453.2,6.85032,50.3429
9105,-1453.32,6.85028,50.3453
9106,-1453.44,6.85023,50.3478
9107,-1453.55,6.85018,50.3503
9108,-1453.67,6.85013,50.3527
9109,-1453.79,6.85009,50.3551
9110,-1453.91,6.85004,50.3576
9111,-1454.03,6.84999,50.3601
9112,-1454.14,6.84994,50.3625
9113,-1454.26,6.8499,50.365
9114,-1454.38,6.84985,50.3675
9115,-1454.5,6.8498,50.37
9116,-1454.62,6.84975,50.3725
9117,-1454.73,6.84971,50.3749
9118,-1454.85,6.84966,50.3774
9119,-1454.97,6.84961,50.3798
9120,-1455.09,6.84956,50.3822
9121,-1455.2,6.84952,50.3847
9122,-1455.32,6.84947,50.3872
9123,-1455.44,6.84942,50.3896
9124,-1455.56,6.84937,50.3921
9125,-1455.68,6.84932,50.3946
9126,-1455.79,6.84928,50.3971
9127,-1455.91,6.84923,50.3995
9128,-1456.03,6.84918,50.402
9129,-1456.15,6.84913,50.4045
9130,-1456.26,6.84909,50.407
9131,-1456.38,6.84904,50.4094
9132,-1456.5,6.84899,50.4119
9133,-1456.62,6.84894,50.4143
9134,-1456.74,6.8489,50.4168
9135,-1456.85,6.84885,50.4193
9136,-1456.97,6.8488,50.4217
9137,-1457.09,6.84875,50.4242
9138,-1457.21,6.84871,50.4266
9139,-1457.33,6.84866,50.4291
9140,-1457.44,6.84861,50.4316
9141,-1457.56,6.84856,50.434
9142,-1457.68,6.84852,50.4364
9143,-1457.8,6.84847,50.4389
9144,-1457.91,6.84842,50.4414
9145,-1458.03,6.84837,50.4438
9146,-1458.15,6.84833,50.4463
9147,-1458.27,6.84828,50.4487
9148,-1458.39,6.84823,50.4512
9149,-1458.5,6.84818,50.4537
9150,-1458.62,6.84814,50.4561
9151,-1458.74,6.84809,50.4607
9152,-1458.86,6.84804,50.4632
9153,-1458.97,6.84799,50.4708
9154,-1459.09,6.84795,50.4733
9155,-1459.21,6.8479,50.4757
9156,-1459.33,6.84785,50.4782
9157,-1459.44,6.8478,50.4806
9158,-1459.56,6.84776,50.4831
9159,-1459.68,6.84771,50.4855
9160,-1459.8,6.84766,50.488
9161,-1459.92,6.84761,50.4903
9162,-1460.03,6.84757,50.4928
9163,-1460.15,6.84752,50.4952
9164,-1460.27,6.84747,50.4976
9165,-1460.39,6.84742,50.5
9166,-1460.5,6.84738,50.5025
9167,-1460.62,6.84733,50.5049
9168,-1460.74,6.84728,50.5073
9169,-1460.86,6.84723,50.5098
9170,-1460.98,6.84719,50.5122
9171,-1461.09,6.84714,50.5146
9172,-1461.21,6.84709,50.5171
9173,-1461.33,6.84704,50.5195
9174,-1461.45,6.847,50.522
9175,-1461.56,6.84695,50.5244
9176,-1461.68,6.8469,50.5269
9177,-1461.8,6.84685,50.5294
9178,-1461.92,6.84681,50.5318
9179,-1462.04,6.84676,50.5342
9180,-1462.15,6.84671,50.5366
9181,-1462.27,6.84666,50.539
9182,-1462.39,6.84662,50.5414
9183,-1462.51,6.84657,50.5439
9184,-1462.62,6.84652,50.5464
9185,-1462.74,6.84647,50.5488
9186,-1462.86,6.84643,50.5513
9187,-1462.98,6.84638,50.5538
9188,-1463.09,6.84633,50.5562
9189,-1463.21,6.84629,50.5587
9190,-1463.33,6.84624,50.5611
9191,-1463.45,6.84619,50.5635
9192,-1463.57,6.84614,50.566
9193,-1463.68,6.8461,50.5684
9194,-1463.8,6.84605,50.5708
9195,-1463.92,6.846,50.5733
9196,-1464.04,6.84595,50.5758
9197,-1464.15,6.84591,50.5782
9198,-1464.27,6.84586,50.5806
9199,-1464.39,6.84581,50.583
9200,-1464.51,6.84576,50.5854
9201,-1464.62,6.84572,50.59
9202,-1464.74,6.84567,50.5925
9203,-1464.86,6.84562,50.5949
9204,-1464.98,6.84557,50.5974
9205,-1465.1,6.84553,50.5998
9206,-1465.21,6.84548,50.6023
9207,-1465.33,6.84543,50.6048
9208,-1465.45,6.84539,50.6072
9209,-1465.57,6.84534,50.6097
9210,-1465.68,6.84529,50.6122
9211,-1465.8,6.84524,50.6147
9212,-1465.92,6.8452,50.6172
9213,-1466.04,6.84515,50.6197
9214,-1466.15,6.8451,50.6222
9215,-1466.27,6.84505,50.6246
9216,-1466.39,6.84501,50.627
9217,-1466.51,6.84496,50.6295
9218,-1466.62,6.84491,50.632
9219,-1466.74,6.84486,50.6345
9220,-1466.86,6.84482,50.6369
9221,-1466.98,6.84477,50.6393
9222,-1467.1,6.84472,50.6418
9223,-1467.21,6.84468,50.6442
9224,-1467.33,6.84463,50.6467
9225,-1467.45,6.84458,50.6491
9226,-1467.57,6.84453,50.6516
9227,-1467.68,6.84449,50.6541
9228,-1467.8,6.84444,50.6565
9229,-1467.92,6.84439,50.659
9230,-1468.04,6.84434,50.6614
9231,-1468.15,6.8443,50.6638
9232,-1468.27,6.84425,50.6662
9233,-1468.39,6.8442,50.6686
9234,-1468.51,6.84416,50.6711
9235,-1468.62,6.84411,50.6736
9236,-1468.74,6.84406,50.676
9237,-1468.86,6.84401,50.6785
9238,-1468.98,6.84397,50.6809
9239,-1469.1,6.84392,50.6834
9240,-1469.21,6.84387,50.6945
9241,-1469.33,6.84382,50.6982
9242,-1469.45,6.84378,50.7013
9243,-1469.57,6.84373,50.7041
9244,-1469.68,6.84368,50.7068
9245,-1469.8,6.84364,50.7094
9246,-1469.92,6.84359,50.7119
9247,-1470.04,6.84354,50.7145
9248,-1470.15,6.84349,50.717
9249,-1470.27,6.84345,50.7196
9250,-1470.39,6.8434,50.722
9251,-1470.51,6.84335,50.7276
9252,-1470.62,6.8433,50.7301
9253,-1470.74,6.84326,50.7326
9254,-1470.86,6.84321,50.7351
9255,-1470.98,6.84316,50.7375
9256,-1471.09,6.84312,50.74
9257,-1471.21,6.84307,50.7425
9258,-1471.33,6.84302,50.745
9259,-1471.45,6.84297,50.7474
9260,-1471.56,6.84293,50.7499
9261,-1471.68,6.84288,50.7523
9262,-1471.8,6.84283,50.7548
9263,-1471.92,6.84279,50.7573
9264,-1472.03,6.84274,50.7597
9265,-1472.15,6.84269,50.7621
9266,-1472.27,6.84264,50.7646
9267,-1472.39,6.8426,50.767
9268,-1472.51,6.84255,50.7695
9269,-1472.62,6.8425,50.7719
9270,-1472.74,6.84246,50.7743
9271,-1472.86,6.84241,50.7767
9272,-1472.98,6.84236,50.7792
9273,-1473.09,6.84231,50.7816
9274,-1473.21,6.84227,50.7841
9275,-1473.33,6.84222,50.7865
9276,-1473.45,6.84217,50.789
9277,-1473.56,6.84212,50.7915
9278,-1473.68,6.84208,50.794
9279,-1473.8,6.84203,50.7964
9280,-1473.92,6.84198,50.7989
9281,-1474.03,6.84194,50.8013
9282,-1474.15,6.84189,50.8038
9283,-1474.27,6.84184,50.8062
9284,-1474.39,6.84179,50.8087
9285,-1474.5,6.84175,50.8111
9286,-1474.62,6.8417,50.8136
9287,-1474.74,6.84165,50.8161
9288,-1474.86,6.84161,50.8185
9289,-1474.97,6.84156,50.821
9290,-1475.09,6.84151,50.8235
9291,-1475.21,6.84147,50.826
9292,-1475.33,6.84142,50.8285
9293,-1475.44,6.84137,50.8309
9294,-1475.56,6.84132,50.8333
9295,-1475.68,6.84128,50.8357
9296,-1475.8,6.84123,50.8381
9297,-1475.91,6.84118,50.8406
9298,-1476.03,6.84114,50.843
9299,-1476.15,6.84109,50.8455
9300,-1476.27,6.84104,50.848
9301,-1476.38,6.84099,50.8528
9302,-1476.5,6.84095,50.8553
9303,-1476.62,6.8409,50.8579
9304,-1476.74,6.84085,50.8605
9305,-1476.85,6.84081,50.8629
9306,-1476.97,6.84076,50.8654
9307,-1477.09,6.84071,50.8679
9308,-1477.21,6.84066,50.8703
9309,-1477.32,6.84062,50.8728
9310,-1477.44,6.84057,50.8753
9311,-1477.56,6.84052,50.8777
9312,-1477.68,6.84048,50.8803
9313,-1477.79,6.84043,50.8827
9314,-1477.91,6.84038,50.8851
9315,-1478.03,6.84034,50.8876
9316,-1478.15,6.84029,50.8901
9317,-1478.26,6.84024,50.8927
9318,-1478.38,6.84019,50.8951
9319,-1478.5,6.84015,50.8975
9320,-1478.62,6.8401,50.9
9321,-1478.73,6.84005,50.9024
9322,-1478.85,6.84001,50.905
9323,-1478.97,6.83996,50.9075
9324,-1479.09,6.83991,50.91
9325,-1479.2,6.83986,50.9126
9326,-1479.32,6.83982,50.9151
9327,-1479.44,6.83977,50.9175
9328,-1479.56,6.83972,50.92
9329,-1479.67,6.83968,50.9224
9330,-1479.79,6.83963,50.9249
9331,-1479.91,6.83958,50.9274
9332,-1480.03,6.83954,50.9298
9333,-1480.14,6.83949,50.9324
9334,-1480.26,6.83944,50.9349
9335,-1480.38,6.83939,50.9374
9336,-1480.5,6.83935,50.94
9337,-1480.61,6.8393,50.9425
9338,-1480.73,6.83925,50.9449
9339,-1480.85,6.83921,50.9473
9340,-1480.97,6.83916,50.9498
9341,-1481.08,6.83911,50.9522
9342,-1481.2,6.83907,50.9546
9343,-1481.32,6.83902,50.9571
9344,-1481.43,6.83897,50.9596
9345,-1481.55,6.83892,50.962
9346,-1481.67,6.83888,50.9645
9347,-1481.79,6.83883,50.9672
9348,-1481.9,6.83878,50.9696
9349,-1482.02,6.83874,50.972
9350,-1482.14,6.83869,50.9747
9351,-1482.26,6.83864,50.9793
9352,-1482.37,6.8386,50.9818
9353,-1482.49,6.83855,50.9844
9354,-1482.61,6.8385,50.9869
9355,-1482.73,6.83846,50.9893
9356,-1482.84,6.83841,50.9918
9357,-1482.96,6.83836,50.9942
9358,-1483.08,6.83831,50.9966
9359,-1483.2,6.83827,50.999
9360,-1483.31,6.83822,51.0014
9361,-1483.43,6.83817,51.0039
9362,-1483.55,6.83813,51.0063
9363,-1483.67,6.83808,51.0085
9364,-1483.78,6.83803,51.0108
9365,-1483.9,6.83799,51.013
9366,-1484.02,6.83794,51.0153
9367,-1484.14,6.83789,51.0178
9368,-1484.25,6.83785,51.0202
9369,-1484.37,6.8378,51.0226
9370,-1484.49,6.83775,51.0251
9371,-1484.6,6.8377,51.0276
9372,-1484.72,6.83766,51.03
9373,-1484.84,6.83761,51.0325
9374,-1484.96,6.83756,51.035
9375,-1485.07,6.83752,51.0375
9376,-1485.19,6.83747,51.04
9377,-1485.31,6.83742,51.0425
9378,-1485.43,6.83738,51.0449
9379,-1485.54,6.83733,51.0473
9380,-1485.66,6.83728,51.0497
9381,-1485.78,6.83724,51.0521
9382,-1485.9,6.83719,51.0545
9383,-1486.01,6.83714,51.057
9384,-1486.13,6.8371,51.0594
9385,-1486.25,6.83705,51.0619
9386,-1486.37,6.837,51.0644
9387,-1486.48,6.83695,51.0669
9388,-1486.6,6.83691,51.0693
9389,-1486.72,6.83686,51.0718
9390,-1486.83,6.83681,51.0742
9391,-1486.95,6.83677,51.0767
9392,-1487.07,6.83672,51.0792
9393,-1487.19,6.83667,51.0817
9394,-1487.3,6.83663,51.0841
9395,-1487.42,6.83658,51.0867
9396,-1487.54,6.83653,51.0891
9397,-1487.66,6.83649,51.0917
9398,-1487.77,6.83644,51.0942
9399,-1487.89,6.83639,51.0966
9400,-1488.01,6.83635,51.099
9401,-1488.13,6.8363,51.1038
9402,-1488.24,6.83625,51.1063
9403,-1488.36,6.83621,51.1088
9404,-1488.48,6.83616,51.1113
9405,-1488.59,6.83611,51.1138
9406,-1488.71,6.83606,51.1163
9407,-1488.83,6.83602,51.1188
9408,-1488.95,6.83597,51.1212
9409,-1489.06,6.83592,51.1237
9410,-1489.18,6.83588,51.1261
9411,-1489.3,6.83583,51.1286
9412,-1489.42,6.83578,51.131
9413,-1489.53,6.83574,51.1335
9414,-1489.65,6.83569,51.136
9415,-1489.77,6.83564,51.1385
9416,-1489.89,6.8356,51.1409
9417,-1490,6.83555,51.1434
9418,-1490.12,6.8355,51.1459
9419,-1490.24,6.83546,51.1483
9420,-1490.35,6.83541,51.1508
9421,-1490.47,6.83536,51.1532
9422,-1490.59,6.83532,51.1556
9423,-1490.71,6.83527,51.1581
9424,-1490.82,6.83522,51.1605
9425,-1490.94,6.83518,51.163
9426,-1491.06,6.83513,51.1654
9427,-1491.18,6.83508,51.1679
9428,-1491.29,6.83504,51.1704
9429,-1491.41,6.83499,51.1729
9430,-1491.53,6.83494,51.1803
9431,-1491.64,6.8349,51.1828
9432,-1491.76,6.83485,51.1853
9433,-1491.88,6.8348,51.1878
9434,-1492,6.83476,51.1902
9435,-1492.11,6.83471,51.1927
9436,-1492.23,6.83466,51.1952
9437,-1492.35,6.83462,51.1976
9438,-1492.47,6.83457,51.2
9439,-1492.58,6.83452,51.2025
9440,-1492.7,6.83448,51.2049
9441,-1492.82,6.83443,51.2074
9442,-1492.93,6.83438,51.2098
9443,-1493.05,6.83434,51.2122
9444,-1493.17,6.83429,51.2147
9445,-1493.29,6.83424,51.2172
9446,-1493.4,6.83419,51.2196
9447,-1493.52,6.83415,51.222
9448,-1493.64,6.8341,51.2245
9449,-1493.76,6.83405,51.2269
9450,-1493.87,6.83401,51.2294
9451,-1493.99,6.83396,51.2341
9452,-1494.11,6.83391,51.2366
9453,-1494.22,6.83387,51.239
9454,-1494.34,6.83382,51.2415
9455,-1494.46,6.83377,51.2439
9456,-1494.58,6.83373,51.2463
9457,-1494.69,6.83368,51.2487
9458,-1494.81,6.83363,51.2512
9459,-1494.93,6.83359,51.2536
9460,-1495.05,6.83354,51.256
9461,-1495.16,6.83349,51.2585
9462,-1495.28,6.83345,51.2609
9463,-1495.4,6.8334,51.2634
9464,-1495.51,6.83335,51.2658
9465,-1495.63,6.83331,51.2682
9466,-1495.75,6.83326,51.2707
9467,-1495.87,6.83321,51.2732
9468,-1495.98,6.83317,51.2757
9469,-1496.1,6.83312,51.2781
9470,-1496.22,6.83308,51.2806
9471,-1496.33,6.83303,51.2831
9472,-1496.45,6.83298,51.2856
9473,-1496.57,6.83294,51.288
9474,-1496.69,6.83289,51.2904
9475,-1496.8,6.83284,51.2928
9476,-1496.92,6.8328,51.2953
9477,-1497.04,6.83275,51.2977
9478,-1497.16,6.8327,51.3002
9479,-1497.27,6.83266,51.3027
9480,-1497.39,6.83261,51.3051
9481,-1497.51,6.83256,51.3076
9482,-1497.62,6.83252,51.31
9483,-1497.74,6.83247,51.3125
9484,-1497.86,6.83242,51.3149
9485,-1497.98,6.83238,51.3174
9486,-1498.09,6.83233,51.3198
9487,-1498.21,6.83228,51.3224
9488,-1498.33,6.83224,51.3248
9489,-1498.44,6.83219,51.3273
9490,-1498.56,6.83214,51.3297
9491,-1498.68,6.8321,51.3322
9492,-1498.8,6.83205,51.3347
9493,-1498.91,6.832,51.3372
9494,-1499.03,6.83196,51.3396
9495,-1499.15,6.83191,51.3421
9496,-1499.26,6.83186,51.3445
9497,-1499.38,6.83182,51.3469
9498,-1499.5,6.83177,51.3494
9499,-1499.62,6.83172,51.3518
9500,-1499.73,6.83168,51.3543
9501,-1499.85,6.83163,51.3589
9502,-1499.97,6.83158,51.3614
9503,-1500.08,6.83154,51.3639
9504,-1500.2,6.83149,51.3664
9505,-1500.32,6.83144,51.3688
9506,-1500.44,6.8314,51.3713
9507,-1500.55,6.83135,51.3738
9508,-1500.67,6.8313,51.3762
9509,-1500.79,6.83126,51.3787
9510,-1500.9,6.83121,51.3811
9511,-1501.02,6.83117,51.3836
9512,-1501.14,6.83112,51.3861
9513,-1501.26,6.83107,51.3885
9514,-1501.37,6.83103,51.3909
9515,-1501.49,6.83098,51.3935
9516,-1501.61,6.83093,51.3961
9517,-1501.72,6.83089,51.3985
9518,-1501.84,6.83084,51.401
9519,-1501.96,6.83079,51.4034
9520,-1502.08,6.83075,51.4059
9521,-1502.19,6.8307,51.4084
9522,-1502.31,6.83065,51.4108
9523,-1502.43,6.83061,51.4133
9524,-1502.54,6.83056,51.4158
9525,-1502.66,6.83051,51.4182
9526,-1502.78,6.83047,51.4207
9527,-1502.9,6.83042,51.4231
9528,-1503.01,6.83037,51.4256
9529,-1503.13,6.83033,51.428
9530,-1503.25,6.83028,51.4305
9531,-1503.36,6.83024,51.433
9532,-1503.48,6.83019,51.4354
9533,-1503.6,6.83014,51.4379
9534,-1503.72,6.8301,51.4403
9535,-1503.83,6.83005,51.4429
9536,-1503.95,6.83,51.4453
9537,-1504.07,6.82996,51.4478
9538,-1504.18,6.82991,51.4503
9539,-1504.3,6.82986,51.4528
9540,-1504.42,6.82982,51.4552
9541,-1504.54,6.82977,51.4576
9542,-1504.65,6.82972,51.46
9543,-1504.77,6.82968,51.4625
9544,-1504.89,6.82963,51.4649
9545,-1505,6.82959,51.4673
9546,-1505.12,6.82954,51.4697
9547,-1505.24,6.82949,51.4721
9548,-1505.35,6.82945,51.4746
9549,-1505.47,6.8294,51.477
9550,-1505.59,6.82935,51.4795
9551,-1505.71,6.82931,51.4842
9552,-1505.82,6.82926,51.4867
9553,-1505.94,6.82921,51.4892
9554,-1506.06,6.82917,51.4916
9555,-1506.17,6.82912,51.4941
9556,-1506.29,6.82907,51.4966
9557,-1506.41,6.82903,51.5045
9558,-1506.53,6.82898,51.5087
9559,-1506.64,6.82894,51.5121
9560,-1506.76,6.82889,51.515
9561,-1506.88,6.82884,51.5177
9562,-1506.99,6.8288,51.5202
9563,-1507.11,6.82875,51.5228
9564,-1507.23,6.8287,51.5254
9565,-1507.34,6.82866,51.5279
9566,-1507.46,6.82861,51.5304
9567,-1507.58,6.82856,51.5329
9568,-1507.7,6.82852,51.5354
9569,-1507.81,6.82847,51.538
9570,-1507.93,6.82843,51.5406
9571,-1508.05,6.82838,51.5432
9572,-1508.16,6.82833,51.5456
9573,-1508.28,6.82829,51.548
9574,-1508.4,6.82824,51.5504
9575,-1508.52,6.82819,51.553
9576,-1508.63,6.82815,51.5555
9577,-1508.75,6.8281,51.558
9578,-1508.87,6.82805,51.5605
9579,-1508.98,6.82801,51.5629
9580,-1509.1,6.82796,51.5654
9581,-1509.22,6.82792,51.5679
9582,-1509.33,6.82787,51.5704
9583,-1509.45,6.82782,51.5729
9584,-1509.57,6.82778,51.5754
9585,-1509.69,6.82773,51.5778
9586,-1509.8,6.82768,51.5803
9587,-1509.92,6.82764,51.5828
9588,-1510.04,6.82759,51.5852
9589,-1510.15,6.82754,51.5878
9590,-1510.27,6.8275,51.5902
9591,-1510.39,6.82745,51.5927
9592,-1510.5,6.82741,51.5952
9593,-1510.62,6.82736,51.5977
9594,-1510.74,6.82731,51.6001
9595,-1510.86,6.82727,51.6026
9596,-1510.97,6.82722,51.6052
9597,-1511.09,6.82717,51.6077
9598,-1511.21,6.82713,51.6102
9599,-1511.32,6.82708,51.6128
9600,-1511.44,6.82704,51.6153
9601,-1511.56,6.82699,51.6209
9602,-1511.67,6.82694,51.6235
9603,-1511.79,6.8269,51.626
9604,-1511.91,6.82685,51.6285
9605,-1512.03,6.8268,51.631
9606,-1512.14,6.82676,51.6336
9607,-1512.26,6.82671,51.636
9608,-1512.38,6.82666,51.6385
9609,-1512.49,6.82662,51.641
9610,-1512.61,6.82657,51.6435
9611,-1512.73,6.82653,51.646
9612,-1512.84,6.82648,51.6485
9613,-1512.96,6.82643,51.6509
9614,-1513.08,6.82639,51.6534
9615,-1513.2,6.82634,51.6558
9616,-1513.31,6.82629,51.6583
9617,-1513.43,6.82625,51.6608
9618,-1513.55,6.8262,51.6633
9619,-1513.66,6.82616,51.6658
9620,-1513.78,6.82611,51.6683
9621,-1513.9,6.82606,51.6708
9622,-1514.01,6.82602,51.6733
9623,-1514.13,6.82597,51.6759
9624,-1514.25,6.82592,51.6783
9625,-1514.36,6.82588,51.6808
9626,-1514.48,6.82583,51.6832
9627,-1514.6,6.82579,51.6856
9628,-1514.72,6.82574,51.6881
9629,-1514.83,6.82569,51.6906
9630,-1514.95,6.82565,51.693
9631,-1515.07,6.8256,51.6955
9632,-1515.18,6.82556,51.698
9633,-1515.3,6.82551,51.7005
9634,-1515.42,6.82546,51.703
9635,-1515.53,6.82542,51.7056
9636,-1515.65,6.82537,51.708
9637,-1515.77,6.82532,51.7104
9638,-1515.88,6.82528,51.7129
9639,-1516,6.82523,51.7153
9640,-1516.12,6.82519,51.7178
9641,-1516.24,6.82514,51.7203
9642,-1516.35,6.82509,51.7228
9643,-1516.47,6.82505,51.7252
9644,-1516.59,6.825,51.7276
9645,-1516.7,6.82495,51.7301
9646,-1516.82,6.82491,51.7326
9647,-1516.94,6.82486,51.735
9648,-1517.05,6.82482,51.7375
9649,-1517.17,6.82477,51.7399
9650,-1517.29,6.82472,51.7424
9651,-1517.4,6.82468,51.7474
9652,-1517.52,6.82463,51.75
9653,-1517.64,6.82459,51.7524
9654,-1517.76,6.82454,51.7549
9655,-1517.87,6.82449,51.7573
9656,-1517.99,6.82445,51.7598
9657,-1518.11,6.8244,51.7623
9658,-1518.22,6.82435,51.7648
9659,-1518.34,6.82431,51.7672
9660,-1518.46,6.82426,51.7697
9661,-1518.57,6.82422,51.7722
9662,-1518.69,6.82417,51.7747
9663,-1518.81,6.82412,51.7771
9664,-1518.92,6.82408,51.7796
9665,-1519.04,6.82403,51.782
9666,-1519.16,6.82399,51.7844
9667,-1519.28,6.82394,51.7869
9668,-1519.39,6.82389,51.7893
9669,-1519.51,6.82385,51.7917
9670,-1519.63,6.8238,51.7942
9671,-1519.74,6.82375,51.7967
9672,-1519.86,6.82371,51.7991
9673,-1519.98,6.82366,51.8016
9674,-1520.09,6.82362,51.804
9675,-1520.21,6.82357,51.8065
9676,-1520.33,6.82352,51.809
9677,-1520.44,6.82348,51.8115
9678,-1520.56,6.82343,51.8139
9679,-1520.68,6.82339,51.8164
9680,-1520.79,6.82334,51.8188
9681,-1520.91,6.82329,51.8213
9682,-1521.03,6.82325,51.8237
9683,-1521.14,6.8232,51.8262
9684,-1521.26,6.82316,51.8287
9685,-1521.38,6.82311,51.8312
9686,-1521.5,6.82306,51.8336
9687,-1521.61,6.82302,51.8361
9688,-1521.73,6.82297,51.8386
9689,-1521.85,6.82293,51.841
9690,-1521.96,6.82288,51.8435
9691,-1522.08,6.82283,51.846
9692,-1522.2,6.82279,51.8485
9693,-1522.31,6.82274,51.8509
9694,-1522.43,6.8227,51.8534
9695,-1522.55,6.82265,51.8559
9696,-1522.66,6.8226,51.8584
9697,-1522.78,6.82256,51.8609
9698,-1522.9,6.82251,51.8634
9699,-1523.01,6.82246,51.866
9700,-1523.13,6.82242,51.8685
9701,-1523.25,6.82237,51.8731
9702,-1523.36,6.82233,51.8756
9703,-1523.48,6.82228,51.8781
9704,-1523.6,6.82223,51.8806
9705,-1523.72,6.82219,51.8831
9706,-1523.83,6.82214,51.8908
9707,-1523.95,6.8221,51.8933
9708,-1524.07,6.82205,51.8958
9709,-1524.18,6.822,51.8984
9710,-1524.3,6.82196,51.9009
9711,-1524.42,6.82191,51.9034
9712,-1524.53,6.82187,51.9059
9713,-1524.65,6.82182,51.9084
9714,-1524.77,6.82177,51.9109
9715,-1524.88,6.82173,51.9134
9716,-1525,6.82168,51.9159
9717,-1525.12,6.82164,51.9185
9718,-1525.23,6.82159,51.9211
9719,-1525.35,6.82154,51.9237
9720,-1525.47,6.8215,51.9263
9721,-1525.58,6.82145,51.9289
9722,-1525.7,6.82141,51.9313
9723,-1525.82,6.82136,51.9338
9724,-1525.93,6.82131,51.9365
9725,-1526.05,6.82127,51.939
9726,-1526.17,6.82122,51.9415
9727,-1526.28,6.82118,51.944
9728,-1526.4,6.82113,51.9465
9729,-1526.52,6.82108,51.9491
9730,-1526.63,6.82104,51.9517
9731,-1526.75,6.82099,51.9542
9732,-1526.87,6.82095,51.9567
9733,-1526.99,6.8209,51.9591
9734,-1527.1,6.82085,51.9616
9735,-1527.22,6.82081,51.9642
9736,-1527.34,6.82076,51.9667
9737,-1527.45,6.82072,51.9692
9738,-1527.57,6.82067,51.9717
9739,-1527.69,6.82063,51.974
9740,-1527.8,6.82058,51.9765
9741,-1527.92,6.82053,51.9791
9742,-1528.04,6.82049,51.9816
9743,-1528.15,6.82044,51.9841
9744,-1528.27,6.8204,51.9867
9745,-1528.39,6.82035,51.9891
9746,-1528.5,6.8203,51.9917
9747,-1528.62,6.82026,51.9941
9748,-1528.74,6.82021,51.9966
9749,-1528.85,6.82017,51.999
9750,-1528.97,6.82012,52.0014
9751,-1529.09,6.82007,52.0061
9752,-1529.2,6.82003,52.0087
9753,-1529.32,6.81998,52.0112
9754,-1529.44,6.81994,52.0138
9755,-1529.55,6.81989,52.0163
9756,-1529.67,6.81984,52.0188
9757,-1529.79,6.8198,52.0213
9758,-1529.9,6.81975,52.0238
9759,-1530.02,6.81971,52.0263
9760,-1530.14,6.81966,52.0287
9761,-1530.25,6.81962,52.0312
9762,-1530.37,6.81957,52.0336
9763,-1530.49,6.81952,52.036
9764,-1530.6,6.81948,52.0385
9765,-1530.72,6.81943,52.041
9766,-1530.84,6.81939,52.0434
9767,-1530.95,6.81934,52.0458
9768,-1531.07,6.81929,52.0482
9769,-1531.19,6.81925,52.0506
9770,-1531.3,6.8192,52.0531
9771,-1531.42,6.81916,52.0555
9772,-1531.54,6.81911,52.058
9773,-1531.65,6.81906,52.0605
9774,-1531.77,6.81902,52.0629
9775,-1531.89,6.81897,52.0653
9776,-1532,6.81893,52.0679
9777,-1532.12,6.81888,52.0703
9778,-1532.24,6.81884,52.0727
9779,-1532.35,6.81879,52.0752
9780,-1532.47,6.81874,52.0776
9781,-1532.59,6.8187,52.08
9782,-1532.7,6.81865,52.0824
9783,-1532.82,6.81861,52.0849
9784,-1532.94,6.81856,52.0873
9785,-1533.05,6.81851,52.0897
9786,-1533.17,6.81847,52.0921
9787,-1533.29,6.81842,52.0945
9788,-1533.4,6.81838,52.097
9789,-1533.52,6.81833,52.0994
9790,-1533.64,6.81829,52.1018
9791,-1533.75,6.81824,52.1043
9792,-1533.87,6.81819,52.1068
9793,-1533.99,6.81815,52.1093
9794,-1534.1,6.8181,52.1117
9795,-1534.22,6.81806,52.1141
9796,-1534.34,6.81801,52.1165
9797,-1534.45,6.81796,52.119
9798,-1534.57,6.81792,52.1214
9799,-1534.69,6.81787,52.1239
9800,-1534.8,6.81783,52.1264
9801,-1534.92,6.81778,52.2184
9802,-1535.04,6.81774,52.2231
9803,-1535.15,6.81769,52.2264
9804,-1535.27,6.81764,52.2292
9805,-1535.39,6.8176,52.2318
9806,-1535.5,6.81755,52.2344
9807,-1535.62,6.81751,52.237
9808,-1535.74,6.81746,52.2395
9809,-1535.85,6.81742,52.2421
9810,-1535.97,6.81737,52.2447
9811,-1536.09,6.81732,52.2472
9812,-1536.2,6.81728,52.2497
9813,-1536.32,6.81723,52.2522
9814,-1536.44,6.81719,52.2546
9815,-1536.55,6.81714,52.2572
9816,-1536.67,6.8171,52.2597
9817,-1536.79,6.81705,52.2621
9818,-1536.9,6.817,52.2646
9819,-1537.02,6.81696,52.2671
9820,-1537.14,6.81691,52.2696
9821,-1537.25,6.81687,52.272
9822,-1537.37,6.81682,52.2745
9823,-1537.49,6.81678,52.2769
9824,-1537.6,6.81673,52.2794
9825,-1537.72,6.81668,52.2818
9826,-1537.84,6.81664,52.2842
9827,-1537.95,6.81659,52.2865
9828,-1538.07,6.81655,52.2983
9829,-1538.19,6.8165,52.3008
9830,-1538.3,6.81646,52.3033
9831,-1538.42,6.81641,52.3057
9832,-1538.54,6.81636,52.3082
9833,-1538.65,6.81632,52.3106
9834,-1538.77,6.81627,52.3131
9835,-1538.89,6.81623,52.3155
9836,-1539,6.81618,52.318
9837,-1539.12,6.81614,52.3205
9838,-1539.24,6.81609,52.323
9839,-1539.35,6.81604,52.3255
9840,-1539.47,6.816,52.328
9841,-1539.59,6.81595,52.3305
9842,-1539.7,6.81591,52.333
9843,-1539.82,6.81586,52.3354
9844,-1539.94,6.81582,52.3378
9845,-1540.05,6.81577,52.3403
9846,-1540.17,6.81572,52.3428
9847,-1540.28,6.81568,52.3452
9848,-1540.4,6.81563,52.3476
9849,-1540.52,6.81559,52.35
9850,-1540.63,6.81554,52.3526
9851,-1540.75,6.8155,52.3728
9852,-1540.87,6.81545,52.3807
9853,-1540.98,6.8154,52.3832
9854,-1541.1,6.81536,52.3857
9855,-1541.22,6.81531,52.3882
9856,-1541.33,6.81527,52.3906
9857,-1541.45,6.81522,52.3932
9858,-1541.57,6.81518,52.3957
9859,-1541.68,6.81513,52.3981
9860,-1541.8,6.81508,52.4006
9861,-1541.92,6.81504,52.4031
9862,-1542.03,6.81499,52.4055
9863,-1542.15,6.81495,52.4079
9864,-1542.27,6.8149,52.4104
9865,-1542.38,6.81486,52.4129
9866,-1542.5,6.81481,52.4154
9867,-1542.62,6.81477,52.4179
9868,-1542.73,6.81472,52.4204
9869,-1542.85,6.81467,52.4228
9870,-1542.97,6.81463,52.4253
9871,-1543.08,6.81458,52.4279
9872,-1543.2,6.81454,52.4304
9873,-1543.32,6.81449,52.4328
9874,-1543.43,6.81445,52.4353
9875,-1543.55,6.8144,52.4378
9876,-1543.66,6.81435,52.4403
9877,-1543.78,6.81431,52.4428
9878,-1543.9,6.81426,52.4452
9879,-1544.01,6.81422,52.4477
9880,-1544.13,6.81417,52.4501
9881,-1544.25,6.81413,52.4525
9882,-1544.36,6.81408,52.4549
9883,-1544.48,6.81404,52.4574
9884,-1544.6,6.81399,52.4599
9885,-1544.71,6.81394,52.4624
9886,-1544.83,6.8139,52.4648
9887,-1544.95,6.81385,52.4673
9888,-1545.06,6.81381,52.4697
9889,-1545.18,6.81376,52.4721
9890,-1545.3,6.81372,52.4745
9891,-1545.41,6.81367,52.4769
9892,-1545.53,6.81363,52.4794
9893,-1545.65,6.81358,52.4819
9894,-1545.76,6.81353,52.4845
9895,-1545.88,6.81349,52.487
9896,-1545.99,6.81344,52.4894
9897,-1546.11,6.8134,52.4919
9898,-1546.23,6.81335,52.4943
9899,-1546.34,6.81331,52.4967
9900,-1546.46,6.81326,52.4991
9901,-1546.58,6.81322,52.5132
9902,-1546.69,6.81317,52.5161
9903,-1546.81,6.81312,52.5187
9904,-1546.93,6.81308,52.5212
9905,-1547.04,6.81303,52.5236
9906,-1547.16,6.81299,52.5261
9907,-1547.28,6.81294,52.5286
9908,-1547.39,6.8129,52.531
9909,-1547.51,6.81285,52.5334
9910,-1547.63,6.81281,52.536
9911,-1547.74,6.81276,52.5384
9912,-1547.86,6.81271,52.5408
9913,-1547.97,6.81267,52.5481
9914,-1548.09,6.81262,52.5506
9915,-1548.21,6.81258,52.553
9916,-1548.32,6.81253,52.5555
9917,-1548.44,6.81249,52.5579
9918,-1548.56,6.81244,52.5603
9919,-1548.67,6.8124,52.5628
9920,-1548.79,6.81235,52.5652
9921,-1548.91,6.81231,52.5676
9922,-1549.02,6.81226,52.5701
9923,-1549.14,6.81221,52.5725
9924,-1549.26,6.81217,52.5749
9925,-1549.37,6.81212,52.5774
9926,-1549.49,6.81208,52.5798
9927,-1549.61,6.81203,52.5822
9928,-1549.72,6.81199,52.5847
9929,-1549.84,6.81194,52.5871
9930,-1549.95,6.8119,52.5895
9931,-1550.07,6.81185,52.5919
9932,-1550.19,6.81181,52.5944
9933,-1550.3,6.81176,52.5969
9934,-1550.42,6.81171,52.5992
9935,-1550.54,6.81167,52.6017
9936,-1550.65,6.81162,52.6041
9937,-1550.77,6.81158,52.6065
9938,-1550.89,6.81153,52.6089
9939,-1551,6.81149,52.6113
9940,-1551.12,6.81144,52.6139
9941,-1551.23,6.8114,52.6163
9942,-1551.35,6.81135,52.6188
9943,-1551.47,6.81131,52.6212
9944,-1551.58,6.81126,52.6237
9945,-1551.7,6.81121,52.6261
9946,-1551.82,6.81117,52.6285
9947,-1551.93,6.81112,52.631
9948,-1552.05,6.81108,52.6334
9949,-1552.17,6.81103,52.6358
9950,-1552.28,6.81099,52.6382
9951,-1552.4,6.81094,52.6735
9952,-1552.52,6.8109,52.6766
9953,-1552.63,6.81085,52.6791
9954,-1552.75,6.81081,52.6816
9955,-1552.86,6.81076,52.684
9956,-1552.98,6.81071,52.6866
9957,-1553.1,6.81067,52.7041
9958,-1553.21,6.81062,52.708
9959,-1553.33,6.81058,52.7115
9960,-1553.45,6.81053,52.7147
9961,-1553.56,6.81049,52.7175
9962,-1553.68,6.81044,52.7201
9963,-1553.8,6.8104,52.7227
9964,-1553.91,6.81035,52.7252
9965,-1554.03,6.81031,52.7277
9966,-1554.14,6.81026,52.7303
9967,-1554.26,6.81022,52.7327
9968,-1554.38,6.81017,52.7352
9969,-1554.49,6.81012,52.7376
9970,-1554.61,6.81008,52.7401
9971,-1554.73,6.81003,52.7426
9972,-1554.84,6.80999,52.7451
9973,-1554.96,6.80994,52.7476
9974,-1555.08,6.8099,52.7501
9975,-1555.19,6.80985,52.7526
9976,-1555.31,6.80981,52.755
9977,-1555.42,6.80976,52.7575
9978,-1555.54,6.80972,52.7599
9979,-1555.66,6.80967,52.7623
9980,-1555.77,6.80963,52.7649
9981,-1555.89,6.80958,52.7673
9982,-1556.01,6.80953,52.7698
9983,-1556.12,6.80949,52.7817
9984,-1556.24,6.80944,52.7842
9985,-1556.36,6.8094,52.7867
9986,-1556.47,6.80935,52.7891
9987,-1556.59,6.80931,52.7916
9988,-1556.7,6.80926,52.794
9989,-1556.82,6.80922,52.7966
9990,-1556.94,6.80917,52.799
9991,-1557.05,6.80913,52.8014
9992,-1557.17,6.80908,52.8039
9993,-1557.29,6.80904,52.8064
9994,-1557.4,6.80899,52.8088
9995,-1557.52,6.80895,52.8113
9996,-1557.63,6.8089,52.8137
9997,-1557.75,6.80885,52.8161
9998,-1557.87,6.80881,52.8185
9999,-1557.98,6.80876,52.821
10000,-1558.1,6.80872,52.8235
10001,-1558.22,6.80867,52.8386
10002,-1558.33,6.80863,52.8459
10003,-1558.45,6.80858,52.8484
10004,-1558.57,6.80854,52.8509
10005,-1558.68,6.80849,52.8535
10006,-1558.8,6.80845,52.8559
10007,-1558.91,6.8084,52.8585
10008,-1559.03,6.80836,52.861
10009,-1559.15,6.80831,52.8635
10010,-1559.26,6.80827,52.8659
10011,-1559.38,6.80822,52.8683
10012,-1559.5,6.80818,52.8708
10013,-1559.61,6.80813,52.8733
10014,-1559.73,6.80808,52.8758
10015,-1559.84,6.80804,52.8782
10016,-1559.96,6.80799,52.8807
10017,-1560.08,6.80795,52.8831
10018,-1560.19,6.8079,52.8855
10019,-1560.31,6.80786,52.8879
10020,-1560.43,6.80781,52.8903
10021,-1560.54,6.80777,52.8928
10022,-1560.66,6.80772,52.8952
10023,-1560.77,6.80768,52.8977
10024,-1560.89,6.80763,52.9001
10025,-1561.01,6.80759,52.9027
10026,-1561.12,6.80754,52.9052
10027,-1561.24,6.8075,52.9076
10028,-1561.36,6.80745,52.9101
10029,-1561.47,6.80741,52.9125
10030,-1561.59,6.80736,52.915
10031,-1561.71,6.80732,52.9174
10032,-1561.82,6.80727,52.9198
10033,-1561.94,6.80723,52.9222
10034,-1562.05,6.80718,52.9247
10035,-1562.17,6.80713,52.9271
10036,-1562.29,6.80709,52.9296
10037,-1562.4,6.80704,52.9321
10038,-1562.52,6.807,52.9345
10039,-1562.64,6.80695,52.937
10040,-1562.75,6.80691,52.9395
10041,-1562.87,6.80686,52.9419
10042,-1562.98,6.80682,52.9444
10043,-1563.1,6.80677,52.9471
10044,-1563.22,6.80673,52.9496
10045,-1563.33,6.80668,52.9521
10046,-1563.45,6.80664,52.9546
10047,-1563.57,6.80659,52.9571
10048,-1563.68,6.80655,52.9596
10049,-1563.8,6.8065,52.962
10050,-1563.91,6.80646,52.9645
10051,-1564.03,6.80641,52.9832
10052,-1564.15,6.80637,52.9862
10053,-1564.26,6.80632,52.9887
10054,-1564.38,6.80628,52.9911
10055,-1564.49,6.80623,52.9937
10056,-1564.61,6.80619,52.9962
10057,-1564.73,6.80614,52.9987
10058,-1564.84,6.8061,53.0013
10059,-1564.96,6.80605,53.0038
10060,-1565.08,6.80601,53.0063
10061,-1565.19,6.80596,53.0087
10062,-1565.31,6.80591,53.011
10063,-1565.42,6.80587,53.0134
10064,-1565.54,6.80582,53.0156
10065,-1565.66,6.80578,53.0179
10066,-1565.77,6.80573,53.02
10067,-1565.89,6.80569,53.0225
10068,-1566.01,6.80564,53.025
10069,-1566.12,6.8056,53.0275
10070,-1566.24,6.80555,53.03
10071,-1566.35,6.80551,53.0325
10072,-1566.47,6.80546,53.0349
10073,-1566.59,6.80542,53.0374
10074,-1566.7,6.80537,53.0398
10075,-1566.82,6.80533,53.0424
10076,-1566.94,6.80528,53.0448
10077,-1567.05,6.80524,53.0473
10078,-1567.17,6.80519,53.0497
10079,-1567.28,6.80515,53.0522
10080,-1567.4,6.8051,53.0547
10081,-1567.52,6.80506,53.0571
10082,-1567.63,6.80501,53.0596
10083,-1567.75,6.80497,53.0621
10084,-1567.86,6.80492,53.0646
10085,-1567.98,6.80488,53.067
10086,-1568.1,6.80483,53.0695
10087,-1568.21,6.80479,53.0719
10088,-1568.33,6.80474,53.0743
10089,-1568.45,6.8047,53.0768
10090,-1568.56,6.80465,53.0792
10091,-1568.68,6.80461,53.0817
10092,-1568.79,6.80456,53.0842
10093,-1568.91,6.80452,53.0867
10094,-1569.03,6.80447,53.0893
10095,-1569.14,6.80443,53.0918
10096,-1569.26,6.80438,53.0943
10097,-1569.37,6.80434,53.0969
10098,-1569.49,6.80429,53.0994
10099,-1569.61,6.80425,53.1018
10100,-1569.72,6.8042,53.1043
10101,-1569.84,6.80416,53.1184
10102,-1569.96,6.80411,53.1257
10103,-1570.07,6.80407,53.1282
10104,-1570.19,6.80402,53.1307
10105,-1570.3,6.80398,53.1332
10106,-1570.42,6.80393,53.1358
10107,-1570.54,6.80389,53.1382
10108,-1570.65,6.80384,53.1407
10109,-1570.77,6.8038,53.1432
10110,-1570.88,6.80375,53.1456
10111,-1571,6.8037,53.1481
10112,-1571.12,6.80366,53.1506
10113,-1571.23,6.80361,53.1531
10114,-1571.35,6.80357,53.1555
10115,-1571.46,6.80352,53.158
10116,-1571.58,6.80348,53.1604
10117,-1571.7,6.80343,53.1629
10118,-1571.81,6.80339,53.1653
10119,-1571.93,6.80334,53.1677
10120,-1572.05,6.8033,53.1701
10121,-1572.16,6.80325,53.1726
10122,-1572.28,6.80321,53.175
10123,-1572.39,6.80316,53.1775
10124,-1572.51,6.80312,53.1799
10125,-1572.63,6.80307,53.1824
10126,-1572.74,6.80303,53.1849
10127,-1572.86,6.80298,53.1874
10128,-1572.97,6.80294,53.1898
10129,-1573.09,6.80289,53.1922
10130,-1573.21,6.80285,53.1946
10131,-1573.32,6.8028,53.197
10132,-1573.44,6.80276,53.1995
10133,-1573.55,6.80271,53.2019
10134,-1573.67,6.80267,53.2044
10135,-1573.79,6.80262,53.2068
10136,-1573.9,6.80258,53.2093
10137,-1574.02,6.80253,53.2117
10138,-1574.14,6.80249,53.2142
10139,-1574.25,6.80244,53.2167
10140,-1574.37,6.8024,53.2191
10141,-1574.48,6.80235,53.2215
10142,-1574.6,6.80231,53.2239
10143,-1574.72,6.80226,53.2264
10144,-1574.83,6.80222,53.2288
10145,-1574.95,6.80217,53.2313
10146,-1575.06,6.80213,53.2338
10147,-1575.18,6.80208,53.2362
10148,-1575.3,6.80204,53.2387
10149,-1575.41,6.802,53.2411
10150,-1575.53,6.80195,53.2436
10151,-1575.64,6.80191,53.2577
10152,-1575.76,6.80186,53.265
10153,-1575.88,6.80182,53.2675
10154,-1575.99,6.80177,53.27
10155,-1576.11,6.80173,53.2724
10156,-1576.22,6.80168,53.2748
10157,-1576.34,6.80164,53.2773
10158,-1576.46,6.80159,53.2797
10159,-1576.57,6.80155,53.2821
10160,-1576.69,6.8015,53.2845
10161,-1576.8,6.80146,53.287
10162,-1576.92,6.80141,53.2894
10163,-1577.04,6.80137,53.2918
10164,-1577.15,6.80132,53.2943
10165,-1577.27,6.80128,53.2967
10166,-1577.38,6.80123,53.2991
10167,-1577.5,6.80119,53.3016
10168,-1577.62,6.80114,53.3041
10169,-1577.73,6.8011,53.3066
10170,-1577.85,6.80105,53.3091
10171,-1577.96,6.80101,53.3116
10172,-1578.08,6.80096,53.314
10173,-1578.2,6.80092,53.3165
10174,-1578.31,6.80087,53.3189
10175,-1578.43,6.80083,53.3213
10176,-1578.55,6.80078,53.3238
10177,-1578.66,6.80074,53.3262
10178,-1578.78,6.80069,53.3286
10179,-1578.89,6.80065,53.331
10180,-1579.01,6.8006,53.3335
10181,-1579.13,6.80056,53.336
10182,-1579.24,6.80051,53.3385
10183,-1579.36,6.80047,53.3409
10184,-1579.47,6.80042,53.3433
10185,-1579.59,6.80038,53.3457
10186,-1579.71,6.80033,53.3481
10187,-1579.82,6.80029,53.3506
10188,-1579.94,6.80024,53.353
10189,-1580.05,6.8002,53.3555
10190,-1580.17,6.80015,53.3579
10191,-1580.29,6.80011,53.3603
10192,-1580.4,6.80006,53.3627
10193,-1580.52,6.80002,53.3652
10194,-1580.63,6.79997,53.3676
10195,-1580.75,6.79993,53.3701
10196,-1580.87,6.79988,53.3725
10197,-1580.98,6.79984,53.375
10198,-1581.1,6.7998,53.3775
10199,-1581.21,6.79975,53.38
10200,-1581.33,6.79971,53.3824
10201,-1581.44,6.79966,53.3963
10202,-1581.56,6.79962,53.4035
10203,-1581.68,6.79957,53.406
10204,-1581.79,6.79953,53.4085
10205,-1581.91,6.79948,53.411
10206,-1582.02,6.79944,53.4135
10207,-1582.14,6.79939,53.416
10208,-1582.26,6.79935,53.4184
10209,-1582.37,6.7993,53.4208
10210,-1582.49,6.79926,53.4232
10211,-1582.6,6.79921,53.4256
10212,-1582.72,6.79917,53.4281
10213,-1582.84,6.79912,53.4305
10214,-1582.95,6.79908,53.4329
10215,-1583.07,6.79903,53.4353
10216,-1583.18,6.79899,53.4378
10217,-1583.3,6.79894,53.4402
10218,-1583.42,6.7989,53.4427
10219,-1583.53,6.79885,53.4451
10220,-1583.65,6.79881,53.4475
10221,-1583.76,6.79876,53.4499
10222,-1583.88,6.79872,53.4523
10223,-1584,6.79867,53.4548
10224,-1584.11,6.79863,53.4573
10225,-1584.23,6.79859,53.4596
10226,-1584.34,6.79854,53.4621
10227,-1584.46,6.7985,53.4646
10228,-1584.58,6.79845,53.467
10229,-1584.69,6.79841,53.4695
10230,-1584.81,6.79836,53.4719
10231,-1584.92,6.79832,53.4743
10232,-1585.04,6.79827,53.4768
10233,-1585.16,6.79823,53.4792
10234,-1585.27,6.79818,53.4817
10235,-1585.39,6.79814,53.4841
10236,-1585.5,6.79809,53.4866
10237,-1585.62,6.79805,53.489
10238,-1585.73,6.798,53.4915
10239,-1585.85,6.79796,53.494
10240,-1585.97,6.79791,53.4965
10241,-1586.08,6.79787,53.4989
10242,-1586.2,6.79782,53.5013
10243,-1586.31,6.79778,53.5038
10244,-1586.43,6.79773,53.5062
10245,-1586.55,6.79769,53.5086
10246,-1586.66,6.79765,53.511
10247,-1586.78,6.7976,53.5135
10248,-1586.89,6.79756,53.516
10249,-1587.01,6.79751,53.5184
10250,-1587.13,6.79747,53.5209
10251,-1587.24,6.79742,53.5488
10252,-1587.36,6.79738,53.5573
10253,-1587.47,6.79733,53.5607
10254,-1587.59,6.79729,53.5635
10255,-1587.71,6.79724,53.5662
10256,-1587.82,6.7972,53.5686
10257,-1587.94,6.79715,53.5712
10258,-1588.05,6.79711,53.5735
10259,-1588.17,6.79706,53.576
10260,-1588.28,6.79702,53.5786
10261,-1588.4,6.79697,53.5811
10262,-1588.52,6.79693,53.5837
10263,-1588.63,6.79689,53.5862
10264,-1588.75,6.79684,53.5887
10265,-1588.86,6.7968,53.5912
10266,-1588.98,6.79675,53.5939
10267,-1589.1,6.79671,53.5965
10268,-1589.21,6.79666,53.5991
10269,-1589.33,6.79662,53.6016
10270,-1589.44,6.79657,53.6041
10271,-1589.56,6.79653,53.6066
10272,-1589.68,6.79648,53.6091
10273,-1589.79,6.79644,53.6118
10274,-1589.91,6.79639,53.6144
10275,-1590.02,6.79635,53.6168
10276,-1590.14,6.7963,53.6192
10277,-1590.25,6.79626,53.6217
10278,-1590.37,6.79622,53.6241
10279,-1590.49,6.79617,53.6265
10280,-1590.6,6.79613,53.629
10281,-1590.72,6.79608,53.6315
10282,-1590.83,6.79604,53.634
10283,-1590.95,6.79599,53.6364
10284,-1591.07,6.79595,53.6388
10285,-1591.18,6.7959,53.6412
10286,-1591.3,6.79586,53.6437
10287,-1591.41,6.79581,53.6461
10288,-1591.53,6.79577,53.6486
10289,-1591.64,6.79572,53.651
10290,-1591.76,6.79568,53.6535
10291,-1591.88,6.79563,53.656
10292,-1591.99,6.79559,53.6584
10293,-1592.11,6.79555,53.6608
10294,-1592.22,6.7955,53.6632
10295,-1592.34,6.79546,53.6656
10296,-1592.46,6.79541,53.6681
10297,-1592.57,6.79537,53.6706
10298,-1592.69,6.79532,53.6732
10299,-1592.8,6.79528,53.6757
10300,-1592.92,6.79523,53.6782
10301,-1593.03,6.79519,53.693
10302,-1593.15,6.79514,53.7003
10303,-1593.27,6.7951,53.7031
10304,-1593.38,6.79505,53.7057
10305,-1593.5,6.79501,53.7082
10306,-1593.61,6.79497,53.7107
10307,-1593.73,6.79492,53.7132
10308,-1593.84,6.79488,53.7157
10309,-1593.96,6.79483,53.7181
10310,-1594.08,6.79479,53.7206
10311,-1594.19,6.79474,53.7232
10312,-1594.31,6.7947,53.7256
10313,-1594.42,6.79465,53.7281
10314,-1594.54,6.79461,53.7306
10315,-1594.66,6.79456,53.7331
10316,-1594.77,6.79452,53.7356
10317,-1594.89,6.79448,53.7381
10318,-1595,6.79443,53.7407
10319,-1595.12,6.79439,53.7433
10320,-1595.23,6.79434,53.7458
10321,-1595.35,6.7943,53.7483
10322,-1595.47,6.79425,53.7508
10323,-1595.58,6.79421,53.7532
10324,-1595.7,6.79416,53.7557
10325,-1595.81,6.79412,53.7583
10326,-1595.93,6.79407,53.7607
10327,-1596.04,6.79403,53.7632
10328,-1596.16,6.79399,53.7657
10329,-1596.28,6.79394,53.7682
10330,-1596.39,6.7939,53.7706
10331,-1596.51,6.79385,53.7731
10332,-1596.62,6.79381,53.7756
10333,-1596.74,6.79376,53.778
10334,-1596.86,6.79372,53.7804
10335,-1596.97,6.79367,53.783
10336,-1597.09,6.79363,53.7854
10337,-1597.2,6.79358,53.7879
10338,-1597.32,6.79354,53.7904
10339,-1597.43,6.7935,53.7929
10340,-1597.55,6.79345,53.7953
10341,-1597.67,6.79341,53.7978
10342,-1597.78,6.79336,53.8002
10343,-1597.9,6.79332,53.8027
10344,-1598.01,6.79327,53.8052
10345,-1598.13,6.79323,53.8078
10346,-1598.24,6.79318,53.8103
10347,-1598.36,6.79314,53.8128
10348,-1598.48,6.79309,53.8153
10349,-1598.59,6.79305,53.8178
10350,-1598.71,6.79301,53.8203
10351,-1598.82,6.79296,53.8343
10352,-1598.94,6.79292,53.8414
10353,-1599.05,6.79287,53.8438
10354,-1599.17,6.79283,53.8462
10355,-1599.29,6.79278,53.8487
10356,-1599.4,6.79274,53.8511
10357,-1599.52,6.79269,53.8536
10358,-1599.63,6.79265,53.856
10359,-1599.75,6.79261,53.8584
10360,-1599.86,6.79256,53.8609
10361,-1599.98,6.79252,53.8634
10362,-1600.1,6.79247,53.8658
10363,-1600.21,6.79243,53.8682
10364,-1600.33,6.79238,53.8707
10365,-1600.44,6.79234,53.8732
10366,-1600.56,6.79229,53.8755
10367,-1600.67,6.79225,53.8779
10368,-1600.79,6.79221,53.8803
10369,-1600.91,6.79216,53.8828
10370,-1601.02,6.79212,53.8852
10371,-1601.14,6.79207,53.8876
10372,-1601.25,6.79203,53.89
10373,-1601.37,6.79198,53.8925
10374,-1601.48,6.79194,53.895
10375,-1601.6,6.79189,53.8974
10376,-1601.72,6.79185,53.8998
10377,-1601.83,6.79181,53.9022
10378,-1601.95,6.79176,53.9046
10379,-1602.06,6.79172,53.9071
10380,-1602.18,6.79167,53.9095
10381,-1602.29,6.79163,53.912
10382,-1602.41,6.79158,53.9144
10383,-1602.53,6.79154,53.9169
10384,-1602.64,6.79149,53.9193
10385,-1602.76,6.79145,53.9218
10386,-1602.87,6.79141,53.9242
10387,-1602.99,6.79136,53.9266
10388,-1603.1,6.79132,53.9291
10389,-1603.22,6.79127,53.9315
10390,-1603.33,6.79123,53.934
10391,-1603.45,6.79118,53.9364
10392,-1603.57,6.79114,53.9388
10393,-1603.68,6.79109,53.9412
10394,-1603.8,6.79105,53.9437
10395,-1603.91,6.79101,53.9461
10396,-1604.03,6.79096,53.9486
10397,-1604.14,6.79092,53.9511
10398,-1604.26,6.79087,53.9535
10399,-1604.38,6.79083,53.9559
10400,-1604.49,6.79078,53.9584
10401,-1604.61,6.79074,53.9722
10402,-1604.72,6.79069,53.9795
10403,-1604.84,6.79065,53.982
10404,-1604.95,6.79061,53.9844
10405,-1605.07,6.79056,53.9869
10406,-1605.19,6.79052,53.9892
10407,-1605.3,6.79047,53.9917
10408,-1605.42,6.79043,53.9941
10409,-1605.53,6.79038,53.9965
10410,-1605.65,6.79034,53.9989
10411,-1605.76,6.7903,54.0014
10412,-1605.88,6.79025,54.0038
10413,-1605.99,6.79021,54.0063
10414,-1606.11,6.79016,54.0087
10415,-1606.23,6.79012,54.0112
10416,-1606.34,6.79007,54.0136
10417,-1606.46,6.79003,54.0161
10418,-1606.57,6.78999,54.0185
10419,-1606.69,6.78994,54.021
10420,-1606.8,6.7899,54.0235
10421,-1606.92,6.78985,54.0259
10422,-1607.04,6.78981,54.0284
10423,-1607.15,6.78976,54.0308
10424,-1607.27,6.78972,54.0332
10425,-1607.38,6.78967,54.0356
10426,-1607.5,6.78963,54.038
10427,-1607.61,6.78959,54.0405
10428,-1607.73,6.78954,54.0429
10429,-1607.84,6.7895,54.0455
10430,-1607.96,6.78945,54.048
10431,-1608.08,6.78941,54.0504
10432,-1608.19,6.78936,54.0529
10433,-1608.31,6.78932,54.0553
10434,-1608.42,6.78928,54.0577
10435,-1608.54,6.78923,54.0602
10436,-1608.65,6.78919,54.0626
10437,-1608.77,6.78914,54.065
10438,-1608.88,6.7891,54.0675
10439,-1609,6.78905,54.0699
10440,-1609.12,6.78901,54.0724
10441,-1609.23,6.78897,54.0748
10442,-1609.35,6.78892,54.0773
10443,-1609.46,6.78888,54.0797
10444,-1609.58,6.78883,54.0822
10445,-1609.69,6.78879,54.0846
10446,-1609.81,6.78874,54.087
10447,-1609.92,6.7887,54.0895
10448,-1610.04,6.78866,54.0919
10449,-1610.16,6.78861,54.0944
10450,-1610.27,6.78857,54.0968
10451,-1610.39,6.78852,54.1536
10452,-1610.5,6.78848,54.1565
10453,-1610.62,6.78843,54.159
10454,-1610.73,6.78839,54.1615
10455,-1610.85,6.78835,54.1639
10456,-1610.96,6.7883,54.1663
10457,-1611.08,6.78826,54.1736
10458,-1611.2,6.78821,54.1761
10459,-1611.31,6.78817,54.1786
10460,-1611.43,6.78812,54.181
10461,-1611.54,6.78808,54.1835
10462,-1611.66,6.78804,54.1862
10463,-1611.77,6.78799,54.1887
10464,-1611.89,6.78795,54.1912
10465,-1612,6.7879,54.1937
10466,-1612.12,6.78786,54.1962
10467,-1612.24,6.78781,54.1989
10468,-1612.35,6.78777,54.2013
10469,-1612.47,6.78773,54.2039
10470,-1612.58,6.78768,54.2064
10471,-1612.7,6.78764,54.2088
10472,-1612.81,6.78759,54.2114
10473,-1612.93,6.78755,54.2141
10474,-1613.04,6.78751,54.2166
10475,-1613.16,6.78746,54.2191
10476,-1613.28,6.78742,54.2216
10477,-1613.39,6.78737,54.224
10478,-1613.51,6.78733,54.2265
10479,-1613.62,6.78728,54.229
10480,-1613.74,6.78724,54.2315
10481,-1613.85,6.7872,54.2341
10482,-1613.97,6.78715,54.2365
10483,-1614.08,6.78711,54.239
10484,-1614.2,6.78706,54.2414
10485,-1614.32,6.78702,54.2439
10486,-1614.43,6.78697,54.2464
10487,-1614.55,6.78693,54.2487
10488,-1614.66,6.78689,54.2512
10489,-1614.78,6.78684,54.2537
10490,-1614.89,6.7868,54.2562
10491,-1615.01,6.78675,54.2587
10492,-1615.12,6.78671,54.2612
10493,-1615.24,6.78667,54.2637
10494,-1615.35,6.78662,54.2662
10495,-1615.47,6.78658,54.2686
10496,-1615.59,6.78653,54.2711
10497,-1615.7,6.78649,54.2737
10498,-1615.82,6.78644,54.2763
10499,-1615.93,6.7864,54.2788
10500,-1616.05,6.78636,54.2813
10501,-1616.16,6.78631,54.2953
10502,-1616.28,6.78627,54.3027
10503,-1616.39,6.78622,54.3053
10504,-1616.51,6.78618,54.3077
10505,-1616.63,6.78614,54.3102
10506,-1616.74,6.78609,54.3127
10507,-1616.86,6.78605,54.3151
10508,-1616.97,6.786,54.3175
10509,-1617.09,6.78596,54.32
10510,-1617.2,6.78591,54.3225
10511,-1617.32,6.78587,54.3249
10512,-1617.43,6.78583,54.3274
10513,-1617.55,6.78578,54.3298
10514,-1617.66,6.78574,54.3322
10515,-1617.78,6.78569,54.3346
10516,-1617.9,6.78565,54.3371
10517,-1618.01,6.78561,54.3396
10518,-1618.13,6.78556,54.3477
10519,-1618.24,6.78552,54.3502
10520,-1618.36,6.78547,54.3527
10521,-1618.47,6.78543,54.3551
10522,-1618.59,6.78539,54.3575
10523,-1618.7,6.78534,54.36
10524,-1618.82,6.7853,54.3624
10525,-1618.93,6.78525,54.3649
10526,-1619.05,6.78521,54.3673
10527,-1619.17,6.78516,54.3698
10528,-1619.28,6.78512,54.3722
10529,-1619.4,6.78508,54.3746
10530,-1619.51,6.78503,54.377
10531,-1619.63,6.78499,54.3794
10532,-1619.74,6.78494,54.3818
10533,-1619.86,6.7849,54.3841
10534,-1619.97,6.78486,54.3866
10535,-1620.09,6.78481,54.389
10536,-1620.2,6.78477,54.3914
10537,-1620.32,6.78472,54.394
10538,-1620.43,6.78468,54.3964
10539,-1620.55,6.78464,54.3989
10540,-1620.67,6.78459,54.4014
10541,-1620.78,6.78455,54.4039
10542,-1620.9,6.7845,54.4063
10543,-1621.01,6.78446,54.4087
10544,-1621.13,6.78441,54.4112
10545,-1621.24,6.78437,54.4136
10546,-1621.36,6.78433,54.416
10547,-1621.47,6.78428,54.4185
10548,-1621.59,6.78424,54.4209
10549,-1621.7,6.78419,54.4233
10550,-1621.82,6.78415,54.4258
10551,-1621.94,6.78411,54.444
10552,-1622.05,6.78406,54.4469
10553,-1622.17,6.78402,54.4493
10554,-1622.28,6.78397,54.4518
10555,-1622.4,6.78393,54.4542
10556,-1622.51,6.78389,54.4612
10557,-1622.63,6.78384,54.4637
10558,-1622.74,6.7838,54.4661
10559,-1622.86,6.78375,54.4686
10560,-1622.97,6.78371,54.471
10561,-1623.09,6.78367,54.4736
10562,-1623.2,6.78362,54.476
10563,-1623.32,6.78358,54.4784
10564,-1623.44,6.78353,54.4808
10565,-1623.55,6.78349,54.4833
10566,-1623.67,6.78345,54.4857
10567,-1623.78,6.7834,54.4881
10568,-1623.9,6.78336,54.4905
10569,-1624.01,6.78331,54.4929
10570,-1624.13,6.78327,54.4953
10571,-1624.24,6.78323,54.4978
10572,-1624.36,6.78318,54.5002
10573,-1624.47,6.78314,54.5027
10574,-1624.59,6.78309,54.5051
10575,-1624.7,6.78305,54.5076
10576,-1624.82,6.78301,54.51
10577,-1624.94,6.78296,54.5125
10578,-1625.05,6.78292,54.515
10579,-1625.17,6.78287,54.5174
10580,-1625.28,6.78283,54.5198
10581,-1625.4,6.78279,54.5222
10582,-1625.51,6.78274,54.5247
10583,-1625.63,6.7827,54.5271
10584,-1625.74,6.78265,54.5296
10585,-1625.86,6.78261,54.532
10586,-1625.97,6.78257,54.5344
10587,-1626.09,6.78252,54.5368
10588,-1626.2,6.78248,54.5392
10589,-1626.32,6.78243,54.5416
10590,-1626.43,6.78239,54.5441
10591,-1626.55,6.78235,54.5465
10592,-1626.67,6.7823,54.549
10593,-1626.78,6.78226,54.5515
10594,-1626.9,6.78221,54.5539
10595,-1627.01,6.78217,54.5563
10596,-1627.13,6.78213,54.5588
10597,-1627.24,6.78208,54.5612
10598,-1627.36,6.78204,54.5636
10599,-1627.47,6.78199,54.566
10600,-1627.59,6.78195,54.5685
10601,-1627.7,6.78191,54.5868
10602,-1627.82,6.78186,54.5899
10603,-1627.93,6.78182,54.5924
10604,-1628.05,6.78177,54.5949
10605,-1628.16,6.78173,54.5974
10606,-1628.28,6.78169,54.6
10607,-1628.39,6.78164,54.6025
10608,-1628.51,6.7816,54.6049
10609,-1628.63,6.78155,54.6074
10610,-1628.74,6.78151,54.6099
10611,-1628.86,6.78147,54.6125
10612,-1628.97,6.78142,54.615
10613,-1629.09,6.78138,54.6175
10614,-1629.2,6.78134,54.62
10615,-1629.32,6.78129,54.6226
10616,-1629.43,6.78125,54.625
10617,-1629.55,6.7812,54.6275
10618,-1629.66,6.78116,54.63
10619,-1629.78,6.78112,54.6325
10620,-1629.89,6.78107,54.6349
10621,-1630.01,6.78103,54.6373
10622,-1630.12,6.78098,54.6397
10623,-1630.24,6.78094,54.6422
10624,-1630.35,6.7809,54.6446
10625,-1630.47,6.78085,54.6471
10626,-1630.59,6.78081,54.6496
10627,-1630.7,6.78076,54.652
10628,-1630.82,6.78072,54.6545
10629,-1630.93,6.78068,54.6569
10630,-1631.05,6.78063,54.6594
10631,-1631.16,6.78059,54.6618
10632,-1631.28,6.78055,54.6642
10633,-1631.39,6.7805,54.6667
10634,-1631.51,6.78046,54.6691
10635,-1631.62,6.78041,54.6716
10636,-1631.74,6.78037,54.674
10637,-1631.85,6.78033,54.6765
10638,-1631.97,6.78028,54.679
10639,-1632.08,6.78024,54.6815
10640,-1632.2,6.78019,54.684
10641,-1632.31,6.78015,54.6865
10642,-1632.43,6.78011,54.6889
10643,-1632.54,6.78006,54.6912
10644,-1632.66,6.78002,54.7022
10645,-1632.78,6.77997,54.7064
10646,-1632.89,6.77993,54.7101
10647,-1633.01,6.77989,54.7134
10648,-1633.12,6.77984,54.7164
10649,-1633.24,6.7798,54.7191
10650,-1633.35,6.77976,54.7218
10651,-1633.47,6.77971,54.7496
10652,-1633.58,6.77967,54.7537
10653,-1633.7,6.77962,54.7573
10654,-1633.81,6.77958,54.7606
10655,-1633.93,6.77954,54.7635
10656,-1634.04,6.77949,54.7661
10657,-1634.16,6.77945,54.7687
10658,-1634.27,6.7794,54.7713
10659,-1634.39,6.77936,54.7738
10660,-1634.5,6.77932,54.7763
10661,-1634.62,6.77927,54.7789
10662,-1634.73,6.77923,54.7814
10663,-1634.85,6.77919,54.7839
10664,-1634.96,6.77914,54.7863
10665,-1635.08,6.7791,54.7887
10666,-1635.2,6.77905,54.7913
10667,-1635.31,6.77901,54.7939
10668,-1635.43,6.77897,54.7963
10669,-1635.54,6.77892,54.7989
10670,-1635.66,6.77888,54.8013
10671,-1635.77,6.77884,54.8038
10672,-1635.89,6.77879,54.8063
10673,-1636,6.77875,54.8089
10674,-1636.12,6.7787,54.8114
10675,-1636.23,6.77866,54.814
10676,-1636.35,6.77862,54.8165
10677,-1636.46,6.77857,54.8191
10678,-1636.58,6.77853,54.8216
10679,-1636.69,6.77849,54.824
10680,-1636.81,6.77844,54.8265
10681,-1636.92,6.7784,54.8289
10682,-1637.04,6.77835,54.8314
10683,-1637.15,6.77831,54.8338
10684,-1637.27,6.77827,54.8363
10685,-1637.38,6.77822,54.8388
10686,-1637.5,6.77818,54.8413
10687,-1637.61,6.77813,54.8438
10688,-1637.73,6.77809,54.8462
10689,-1637.84,6.77805,54.8487
10690,-1637.96,6.778,54.8511
10691,-1638.08,6.77796,54.8537
10692,-1638.19,6.77792,54.8561
10693,-1638.31,6.77787,54.8587
10694,-1638.42,6.77783,54.8612
10695,-1638.54,6.77778,54.8637
10696,-1638.65,6.77774,54.8661
10697,-1638.77,6.7777,54.8686
10698,-1638.88,6.77765,54.8712
10699,-1639,6.77761,54.8736
10700,-1639.11,6.77757,54.8762
10701,-1639.23,6.77752,54.8913
10702,-1639.34,6.77748,54.8986
10703,-1639.46,6.77743,54.9011
10704,-1639.57,6.77739,54.9036
10705,-1639.69,6.77735,54.9061
10706,-1639.8,6.7773,54.9087
10707,-1639.92,6.77726,54.9112
10708,-1640.03,6.77722,54.9137
10709,-1640.15,6.77717,54.9162
10710,-1640.26,6.77713,54.9186
10711,-1640.38,6.77709,54.9211
10712,-1640.49,6.77704,54.9236
10713,-1640.61,6.777,54.926
10714,-1640.72,6.77695,54.9286
10715,-1640.84,6.77691,54.931
10716,-1640.95,6.77687,54.9335
10717,-1641.07,6.77682,54.9359
10718,-1641.18,6.77678,54.9384
10719,-1641.3,6.77674,54.9408
10720,-1641.41,6.77669,54.9433
10721,-1641.53,6.77665,54.9457
10722,-1641.64,6.7766,54.9482
10723,-1641.76,6.77656,54.9506
10724,-1641.87,6.77652,54.9531
10725,-1641.99,6.77647,54.9555
10726,-1642.11,6.77643,54.958
10727,-1642.22,6.77639,54.9604
10728,-1642.34,6.77634,54.9629
10729,-1642.45,6.7763,54.9653
10730,-1642.57,6.77625,54.9677
10731,-1642.68,6.77621,54.9702
10732,-1642.8,6.77617,54.9726
10733,-1642.91,6.77612,54.9751
10734,-1643.03,6.77608,54.9775
10735,-1643.14,6.77604,54.98
10736,-1643.26,6.77599,54.9824
10737,-1643.37,6.77595,54.9848
10738,-1643.49,6.77591,54.9873
10739,-1643.6,6.77586,54.9898
10740,-1643.72,6.77582,54.9922
10741,-1643.83,6.77577,54.9946
10742,-1643.95,6.77573,54.997
10743,-1644.06,6.77569,54.9994
10744,-1644.18,6.77564,55.0018
10745,-1644.29,6.7756,55.0042
10746,-1644.41,6.77556,55.0067
10747,-1644.52,6.77551,55.0092
10748,-1644.64,6.77547,55.0117
10749,-1644.75,6.77543,55.0142
10750,-1644.87,6.77538,55.0166
10751,-1644.98,6.77534,55.0306
10752,-1645.1,6.77529,55.0381
10753,-1645.21,6.77525,55.0406
10754,-1645.33,6.77521,55.0431
10755,-1645.44,6.77516,55.0455
10756,-1645.56,6.77512,55.048
10757,-1645.67,6.77508,55.0506
10758,-1645.79,6.77503,55.0531
10759,-1645.9,6.77499,55.0556
10760,-1646.02,6.77495,55.0581
10761,-1646.13,6.7749,55.0605
10762,-1646.25,6.77486,55.063
10763,-1646.36,6.77481,55.0654
10764,-1646.48,6.77477,55.0677
10765,-1646.59,6.77473,55.0702
10766,-1646.71,6.77468,55.0727
10767,-1646.82,6.77464,55.0752
10768,-1646.94,6.7746,55.0777
10769,-1647.05,6.77455,55.0802
10770,-1647.17,6.77451,55.0827
10771,-1647.28,6.77447,55.0852
10772,-1647.4,6.77442,55.0876
10773,-1647.51,6.77438,55.0902
10774,-1647.63,6.77434,55.0926
10775,-1647.74,6.77429,55.0951
10776,-1647.86,6.77425,55.0976
10777,-1647.97,6.7742,55.1
10778,-1648.09,6.77416,55.1025
10779,-1648.2,6.77412,55.105
10780,-1648.32,6.77407,55.1075
10781,-1648.43,6.77403,55.11
10782,-1648.55,6.77399,55.1124
10783,-1648.66,6.77394,55.115
10784,-1648.78,6.7739,55.1175
10785,-1648.89,6.77386,55.1257
10786,-1649.01,6.77381,55.1283
10787,-1649.12,6.77377,55.1308
10788,-1649.24,6.77373,55.1332
10789,-1649.35,6.77368,55.1357
10790,-1649.47,6.77364,55.1381
10791,-1649.58,6.77359,55.1406
10792,-1649.7,6.77355,55.143
10793,-1649.81,6.77351,55.1455
10794,-1649.93,6.77346,55.1479
10795,-1650.04,6.77342,55.1504
10796,-1650.16,6.77338,55.1529
10797,-1650.27,6.77333,55.1553
10798,-1650.39,6.77329,55.1577
10799,-1650.5,6.77325,55.1601
10800,-1650.62,6.7732,55.1626
10801,-1650.73,6.77316,55.1768
10802,-1650.85,6.77312,55.184
10803,-1650.96,6.77307,55.1866
10804,-1651.08,6.77303,55.189
10805,-1651.19,6.77299,55.1915
10806,-1651.31,6.77294,55.1939
10807,-1651.42,6.7729,55.1964
10808,-1651.54,6.77285,55.1988
10809,-1651.65,6.77281,55.2014
10810,-1651.77,6.77277,55.2039
10811,-1651.88,6.77272,55.2064
10812,-1652,6.77268,55.2089
10813,-1652.11,6.77264,55.2114
10814,-1652.23,6.77259,55.2139
10815,-1652.34,6.77255,55.2165
10816,-1652.46,6.77251,55.2189
10817,-1652.57,6.77246,55.2214
10818,-1652.69,6.77242,55.2238
10819,-1652.8,6.77238,55.2264
10820,-1652.92,6.77233,55.2288
10821,-1653.03,6.77229,55.2312
10822,-1653.15,6.77225,55.2338
10823,-1653.26,6.7722,55.2362
10824,-1653.38,6.77216,55.2387
10825,-1653.49,6.77212,55.2411
10826,-1653.61,6.77207,55.2435
10827,-1653.72,6.77203,55.246
10828,-1653.84,6.77198,55.2486
10829,-1653.95,6.77194,55.251
10830,-1654.07,6.7719,55.2535
10831,-1654.18,6.77185,55.2561
10832,-1654.3,6.77181,55.2586
10833,-1654.41,6.77177,55.2612
10834,-1654.53,6.77172,55.2637
10835,-1654.64,6.77168,55.2661
10836,-1654.76,6.77164,55.2686
10837,-1654.87,6.77159,55.2711
10838,-1654.99,6.77155,55.2736
10839,-1655.1,6.77151,55.2761
10840,-1655.22,6.77146,55.2785
10841,-1655.33,6.77142,55.281
10842,-1655.45,6.77138,55.2835
10843,-1655.56,6.77133,55.2859
10844,-1655.68,6.77129,55.2883
10845,-1655.79,6.77125,55.2907
10846,-1655.91,6.7712,55.2932
10847,-1656.02,6.77116,55.2957
10848,-1656.14,6.77112,55.2981
10849,-1656.25,6.77107,55.3006
10850,-1656.37,6.77103,55.3032
10851,-1656.48,6.77099,55.3173
10852,-1656.6,6.77094,55.3246
10853,-1656.71,6.7709,55.3271
10854,-1656.83,6.77086,55.3296
10855,-1656.94,6.77081,55.3321
10856,-1657.06,6.77077,55.3345
10857,-1657.17,6.77073,55.3369
10858,-1657.29,6.77068,55.3394
10859,-1657.4,6.77064,55.3418
10860,-1657.52,6.77059,55.3442
10861,-1657.63,6.77055,55.3466
10862,-1657.75,6.77051,55.349
10863,-1657.86,6.77046,55.3514
10864,-1657.98,6.77042,55.3539
10865,-1658.09,6.77038,55.3563
10866,-1658.21,6.77033,55.3587
10867,-1658.32,6.77029,55.3611
10868,-1658.44,6.77025,55.3635
10869,-1658.55,6.7702,55.366
10870,-1658.66,6.77016,55.3684
10871,-1658.78,6.77012,55.3708
10872,-1658.89,6.77007,55.3733
10873,-1659.01,6.77003,55.3758
10874,-1659.12,6.76999,55.3782
10875,-1659.24,6.76994,55.3806
10876,-1659.35,6.7699,55.383
10877,-1659.47,6.76986,55.3855
10878,-1659.58,6.76981,55.3879
10879,-1659.7,6.76977,55.3903
10880,-1659.81,6.76973,55.3928
10881,-1659.93,6.76968,55.3952
10882,-1660.04,6.76964,55.3976
10883,-1660.16,6.7696,55.4001
10884,-1660.27,6.76955,55.4025
10885,-1660.39,6.76951,55.405
10886,-1660.5,6.76947,55.4074
10887,-1660.62,6.76942,55.4099
10888,-1660.73,6.76938,55.4123
10889,-1660.85,6.76934,55.4148
10890,-1660.96,6.76929,55.4172
10891,-1661.08,6.76925,55.4197
10892,-1661.19,6.76921,55.4221
10893,-1661.31,6.76916,55.4246
10894,-1661.42,6.76912,55.427
10895,-1661.54,6.76908,55.4294
10896,-1661.65,6.76903,55.4318
10897,-1661.77,6.76899,55.4342
10898,-1661.88,6.76895,55.4367
10899,-1662,6.7689,55.4392
10900,-1662.11,6.76886,55.4416
10901,-1662.23,6.76882,55.4556
10902,-1662.34,6.76877,55.4627
10903,-1662.46,6.76873,55.4651
10904,-1662.57,6.76869,55.4675
10905,-1662.68,6.76864,55.4699
10906,-1662.8,6.7686,55.4724
10907,-1662.91,6.76856,55.4748
10908,-1663.03,6.76851,55.4772
10909,-1663.14,6.76847,55.4797
10910,-1663.26,6.76843,55.4821
10911,-1663.37,6.76838,55.4845
10912,-1663.49,6.76834,55.4869
10913,-1663.6,6.7683,55.4893
10914,-1663.72,6.76825,55.4917
10915,-1663.83,6.76821,55.4941
10916,-1663.95,6.76817,55.4965
10917,-1664.06,6.76812,55.499
10918,-1664.18,6.76808,55.5014
10919,-1664.29,6.76804,55.5039
10920,-1664.41,6.76799,55.5063
10921,-1664.52,6.76795,55.5088
10922,-1664.64,6.76791,55.5112
10923,-1664.75,6.76786,55.5137
10924,-1664.87,6.76782,55.5161
10925,-1664.98,6.76778,55.5186
10926,-1665.1,6.76773,55.521
10927,-1665.21,6.76769,55.5235
10928,-1665.33,6.76765,55.5259
10929,-1665.44,6.7676,55.5283
10930,-1665.55,6.76756,55.5308
10931,-1665.67,6.76752,55.5332
10932,-1665.78,6.76747,55.5356
10933,-1665.9,6.76743,55.538
10934,-1666.01,6.76739,55.5403
10935,-1666.13,6.76735,55.5428
10936,-1666.24,6.7673,55.5453
10937,-1666.36,6.76726,55.5478
10938,-1666.47,6.76722,55.5502
10939,-1666.59,6.76717,55.5527
10940,-1666.7,6.76713,55.5552
10941,-1666.82,6.76709,55.5577
10942,-1666.93,6.76704,55.5601
10943,-1667.05,6.767,55.5625
10944,-1667.16,6.76696,55.5649
10945,-1667.28,6.76691,55.5673
10946,-1667.39,6.76687,55.5697
10947,-1667.51,6.76683,55.5722
10948,-1667.62,6.76678,55.5746
10949,-1667.74,6.76674,55.577
10950,-1667.85,6.7667,55.5794
10951,-1667.96,6.76665,55.5934
10952,-1668.08,6.76661,55.6006
10953,-1668.19,6.76657,55.6031
10954,-1668.31,6.76652,55.6055
10955,-1668.42,6.76648,55.608
10956,-1668.54,6.76644,55.6105
10957,-1668.65,6.76639,55.6129
10958,-1668.77,6.76635,55.6153
10959,-1668.88,6.76631,55.6177
10960,-1669,6.76626,55.6201
10961,-1669.11,6.76622,55.6225
10962,-1669.23,6.76618,55.6249
10963,-1669.34,6.76613,55.6274
10964,-1669.46,6.76609,55.6298
10965,-1669.57,6.76605,55.6322
10966,-1669.69,6.76601,55.6346
10967,-1669.8,6.76596,55.637
10968,-1669.92,6.76592,55.6395
10969,-1670.03,6.76588,55.6419
10970,-1670.14,6.76583,55.6444
10971,-1670.26,6.76579,55.6468
10972,-1670.37,6.76575,55.6492
10973,-1670.49,6.7657,55.6516
10974,-1670.6,6.76566,55.654
10975,-1670.72,6.76562,55.6564
10976,-1670.83,6.76557,55.6587
10977,-1670.95,6.76553,55.6611
10978,-1671.06,6.76549,55.6636
10979,-1671.18,6.76544,55.666
10980,-1671.29,6.7654,55.6685
10981,-1671.41,6.76536,55.671
10982,-1671.52,6.76531,55.6734
10983,-1671.64,6.76527,55.6758
10984,-1671.75,6.76523,55.6781
10985,-1671.87,6.76519,55.6806
10986,-1671.98,6.76514,55.683
10987,-1672.09,6.7651,55.6854
10988,-1672.21,6.76506,55.6878
10989,-1672.32,6.76501,55.6902
10990,-1672.44,6.76497,55.6926
10991,-1672.55,6.76493,55.6951
10992,-1672.67,6.76488,55.6975
10993,-1672.78,6.76484,55.7
10994,-1672.9,6.7648,55.7024
10995,-1673.01,6.76475,55.705
10996,-1673.13,6.76471,55.7074
10997,-1673.24,6.76467,55.7098
10998,-1673.36,6.76462,55.7123
10999,-1673.47,6.76458,55.7147
11000,-1673.59,6.76454,55.7171
11001,-1673.7,6.76449,55.7313
11002,-1673.82,6.76445,55.7387
11003,-1673.93,6.76441,55.7411
11004,-1674.04,6.76437,55.7436
11005,-1674.16,6.76432,55.7461
11006,-1674.27,6.76428,55.7484
11007,-1674.39,6.76424,55.7508
11008,-1674.5,6.76419,55.7532
11009,-1674.62,6.76415,55.7557
11010,-1674.73,6.76411,55.758
11011,-1674.85,6.76406,55.7604
11012,-1674.96,6.76402,55.7629
11013,-1675.08,6.76398,55.7653
11014,-1675.19,6.76393,55.7678
11015,-1675.31,6.76389,55.7703
11016,-1675.42,6.76385,55.7727
11017,-1675.54,6.76381,55.7751
11018,-1675.65,6.76376,55.7776
11019,-1675.76,6.76372,55.7801
11020,-1675.88,6.76368,55.7825
11021,-1675.99,6.76363,55.7849
11022,-1676.11,6.76359,55.7873
11023,-1676.22,6.76355,55.7897
11024,-1676.34,6.7635,55.7921
11025,-1676.45,6.76346,55.7945
11026,-1676.57,6.76342,55.7969
11027,-1676.68,6.76337,55.7995
11028,-1676.8,6.76333,55.8019
11029,-1676.91,6.76329,55.8043
11030,-1677.03,6.76325,55.8067
11031,-1677.14,6.7632,55.8092
11032,-1677.25,6.76316,55.8116
11033,-1677.37,6.76312,55.814
11034,-1677.48,6.76307,55.8165
11035,-1677.6,6.76303,55.8189
11036,-1677.71,6.76299,55.8213
11037,-1677.83,6.76294,55.8237
11038,-1677.94,6.7629,55.8261
11039,-1678.06,6.76286,55.8286
11040,-1678.17,6.76281,55.831
11041,-1678.29,6.76277,55.8334
11042,-1678.4,6.76273,55.8359
11043,-1678.52,6.76269,55.8383
11044,-1678.63,6.76264,55.8476
11045,-1678.74,6.7626,55.8514
11046,-1678.86,6.76256,55.855
11047,-1678.97,6.76251,55.8583
11048,-1679.09,6.76247,55.8614
11049,-1679.2,6.76243,55.8641
11050,-1679.32,6.76238,55.8669
11051,-1679.43,6.76234,55.8815
11052,-1679.55,6.7623,55.8937
11053,-1679.66,6.76226,55.8964
11054,-1679.78,6.76221,55.8989
11055,-1679.89,6.76217,55.9014
11056,-1680.01,6.76213,55.904
11057,-1680.12,6.76208,55.9065
11058,-1680.23,6.76204,55.909
11059,-1680.35,6.762,55.9115
11060,-1680.46,6.76195,55.914
11061,-1680.58,6.76191,55.9164
11062,-1680.69,6.76187,55.9188
11063,-1680.81,6.76183,55.9212
11064,-1680.92,6.76178,55.9237
11065,-1681.04,6.76174,55.9261
11066,-1681.15,6.7617,55.9285
11067,-1681.27,6.76165,55.931
11068,-1681.38,6.76161,55.9335
11069,-1681.49,6.76157,55.936
11070,-1681.61,6.76152,55.9384
11071,-1681.72,6.76148,55.9409
11072,-1681.84,6.76144,55.9433
11073,-1681.95,6.7614,55.9457
11074,-1682.07,6.76135,55.9482
11075,-1682.18,6.76131,55.9506
11076,-1682.3,6.76127,55.9531
11077,-1682.41,6.76122,55.9557
11078,-1682.53,6.76118,55.9581
11079,-1682.64,6.76114,55.9606
11080,-1682.75,6.76109,55.963
11081,-1682.87,6.76105,55.9654
11082,-1682.98,6.76101,55.9679
11083,-1683.1,6.76097,55.9703
11084,-1683.21,6.76092,55.9729
11085,-1683.33,6.76088,55.9754
11086,-1683.44,6.76084,55.9778
11087,-1683.56,6.76079,55.9802
11088,-1683.67,6.76075,55.9826
11089,-1683.79,6.76071,55.9851
11090,-1683.9,6.76067,55.9875
11091,-1684.01,6.76062,55.99
11092,-1684.13,6.76058,55.9925
11093,-1684.24,6.76054,55.9949
11094,-1684.36,6.76049,55.9973
11095,-1684.47,6.76045,55.9997
11096,-1684.59,6.76041,56.0021
11097,-1684.7,6.76036,56.0046
11098,-1684.82,6.76032,56.007
11099,-1684.93,6.76028,56.0095
11100,-1685.05,6.76024,56.0119
11101,-1685.16,6.76019,56.0378
11102,-1685.27,6.76015,56.0423
11103,-1685.39,6.76011,56.0457
11104,-1685.5,6.76006,56.0484
11105,-1685.62,6.76002,56.0511
11106,-1685.73,6.75998,56.0537
11107,-1685.85,6.75994,56.0563
11108,-1685.96,6.75989,56.0587
11109,-1686.08,6.75985,56.0612
11110,-1686.19,6.75981,56.0638
11111,-1686.3,6.75976,56.0663
11112,-1686.42,6.75972,56.0688
11113,-1686.53,6.75968,56.0712
11114,-1686.65,6.75964,56.0736
11115,-1686.76,6.75959,56.0761
11116,-1686.88,6.75955,56.0786
11117,-1686.99,6.75951,56.081
11118,-1687.11,6.75946,56.0835
11119,-1687.22,6.75942,56.086
11120,-1687.34,6.75938,56.0885
11121,-1687.45,6.75934,56.091
11122,-1687.56,6.75929,56.0935
11123,-1687.68,6.75925,56.0959
11124,-1687.79,6.75921,56.0984
11125,-1687.91,6.75916,56.1007
11126,-1688.02,6.75912,56.1032
11127,-1688.14,6.75908,56.1057
11128,-1688.25,6.75904,56.1081
11129,-1688.37,6.75899,56.1106
11130,-1688.48,6.75895,56.1131
11131,-1688.59,6.75891,56.1156
11132,-1688.71,6.75886,56.118
11133,-1688.82,6.75882,56.1205
11134,-1688.94,6.75878,56.1229
11135,-1689.05,6.75874,56.1253
11136,-1689.17,6.75869,56.1278
11137,-1689.28,6.75865,56.1303
11138,-1689.4,6.75861,56.1327
11139,-1689.51,6.75856,56.1352
11140,-1689.62,6.75852,56.1376
11141,-1689.74,6.75848,56.14
11142,-1689.85,6.75844,56.1477
11143,-1689.97,6.75839,56.1504
11144,-1690.08,6.75835,56.1529
11145,-1690.2,6.75831,56.1553
11146,-1690.31,6.75826,56.1578
11147,-1690.43,6.75822,56.1602
11148,-1690.54,6.75818,56.1627
11149,-1690.65,6.75814,56.1651
11150,-1690.77,6.75809,56.1675
11151,-1690.88,6.75805,56.1831
11152,-1691,6.75801,56.1861
11153,-1691.11,6.75796,56.1889
11154,-1691.23,6.75792,56.1913
11155,-1691.34,6.75788,56.1937
11156,-1691.46,6.75784,56.1962
11157,-1691.57,6.75779,56.1986
11158,-1691.68,6.75775,56.201
11159,-1691.8,6.75771,56.2034
11160,-1691.91,6.75766,56.206
11161,-1692.03,6.75762,56.2084
11162,-1692.14,6.75758,56.2109
11163,-1692.26,6.75754,56.2133
11164,-1692.37,6.75749,56.2158
11165,-1692.49,6.75745,56.2181
11166,-1692.6,6.75741,56.2206
11167,-1692.71,6.75736,56.223
11168,-1692.83,6.75732,56.2254
11169,-1692.94,6.75728,56.2279
11170,-1693.06,6.75724,56.2303
11171,-1693.17,6.75719,56.2327
11172,-1693.29,6.75715,56.2351
11173,-1693.4,6.75711,56.2376
11174,-1693.51,6.75707,56.2401
11175,-1693.63,6.75702,56.2425
11176,-1693.74,6.75698,56.2449
11177,-1693.86,6.75694,56.2473
11178,-1693.97,6.75689,56.2498
11179,-1694.09,6.75685,56.2523
11180,-1694.2,6.75681,56.2547
11181,-1694.32,6.75677,56.2571
11182,-1694.43,6.75672,56.2595
11183,-1694.54,6.75668,56.2619
11184,-1694.66,6.75664,56.2643
11185,-1694.77,6.75659,56.2667
11186,-1694.89,6.75655,56.2691
11187,-1695,6.75651,56.2715
11188,-1695.12,6.75647,56.274
11189,-1695.23,6.75642,56.2764
11190,-1695.35,6.75638,56.2789
11191,-1695.46,6.75634,56.2813
11192,-1695.57,6.7563,56.2837
11193,-1695.69,6.75625,56.2862
11194,-1695.8,6.75621,56.2886
11195,-1695.92,6.75617,56.291
11196,-1696.03,6.75612,56.2935
11197,-1696.15,6.75608,56.2959
11198,-1696.26,6.75604,56.2983
11199,-1696.37,6.756,56.3008
11200,-1696.49,6.75595,56.3033
11201,-1696.6,6.75591,56.3173
11202,-1696.72,6.75587,56.3202
11203,-1696.83,6.75583,56.3226
11204,-1696.95,6.75578,56.3251
11205,-1697.06,6.75574,56.3275
11206,-1697.17,6.7557,56.3299
11207,-1697.29,6.75565,56.3323
11208,-1697.4,6.75561,56.3347
11209,-1697.52,6.75557,56.3372
11210,-1697.63,6.75553,56.3396
11211,-1697.75,6.75548,56.342
11212,-1697.86,6.75544,56.3445
11213,-1697.98,6.7554,56.347
11214,-1698.09,6.75536,56.3495
11215,-1698.2,6.75531,56.3519
11216,-1698.32,6.75527,56.3542
11217,-1698.43,6.75523,56.3566
11218,-1698.55,6.75519,56.359
11219,-1698.66,6.75514,56.3615
11220,-1698.78,6.7551,56.3639
11221,-1698.89,6.75506,56.3663
11222,-1699,6.75501,56.3687
11223,-1699.12,6.75497,56.3711
11224,-1699.23,6.75493,56.3736
11225,-1699.35,6.75489,56.3761
11226,-1699.46,6.75484,56.3785
11227,-1699.58,6.7548,56.3809
11228,-1699.69,6.75476,56.3833
11229,-1699.8,6.75472,56.3857
11230,-1699.92,6.75467,56.3882
11231,-1700.03,6.75463,56.3906
11232,-1700.15,6.75459,56.3931
11233,-1700.26,6.75454,56.3955
11234,-1700.38,6.7545,56.3979
11235,-1700.49,6.75446,56.4004
11236,-1700.6,6.75442,56.4029
11237,-1700.72,6.75437,56.4053
11238,-1700.83,6.75433,56.4077
11239,-1700.95,6.75429,56.4101
11240,-1701.06,6.75425,56.4126
11241,-1701.18,6.7542,56.415
11242,-1701.29,6.75416,56.4174
11243,-1701.4,6.75412,56.4199
11244,-1701.52,6.75408,56.4223
11245,-1701.63,6.75403,56.4248
11246,-1701.75,6.75399,56.4272
11247,-1701.86,6.75395,56.4296
11248,-1701.98,6.75391,56.432
11249,-1702.09,6.75386,56.4345
11250,-1702.2,6.75382,56.4369
11251,-1702.32,6.75378,56.4506
11252,-1702.43,6.75373,56.4536
11253,-1702.55,6.75369,56.456
11254,-1702.66,6.75365,56.4584
11255,-1702.78,6.75361,56.4609
11256,-1702.89,6.75356,56.4633
11257,-1703,6.75352,56.4658
11258,-1703.12,6.75348,56.4683
11259,-1703.23,6.75344,56.4707
11260,-1703.35,6.75339,56.4732
11261,-1703.46,6.75335,56.4757
11262,-1703.58,6.75331,56.4781
11263,-1703.69,6.75327,56.4806
11264,-1703.8,6.75322,56.483
11265,-1703.92,6.75318,56.4855
11266,-1704.03,6.75314,56.488
11267,-1704.15,6.7531,56.4905
11268,-1704.26,6.75305,56.4931
11269,-1704.38,6.75301,56.4956
11270,-1704.49,6.75297,56.498
11271,-1704.6,6.75293,56.5007
11272,-1704.72,6.75288,56.5032
11273,-1704.83,6.75284,56.5056
11274,-1704.95,6.7528,56.5081
11275,-1705.06,6.75275,56.5105
11276,-1705.18,6.75271,56.5131
11277,-1705.29,6.75267,56.5156
11278,-1705.4,6.75263,56.518
11279,-1705.52,6.75258,56.5205
11280,-1705.63,6.75254,56.5229
11281,-1705.75,6.7525,56.5254
11282,-1705.86,6.75246,56.5278
11283,-1705.97,6.75241,56.5303
11284,-1706.09,6.75237,56.5326
11285,-1706.2,6.75233,56.5351
11286,-1706.32,6.75229,56.5376
11287,-1706.43,6.75224,56.54
11288,-1706.55,6.7522,56.5425
11289,-1706.66,6.75216,56.545
11290,-1706.77,6.75212,56.5476
11291,-1706.89,6.75207,56.55
11292,-1707,6.75203,56.5525
11293,-1707.12,6.75199,56.555
11294,-1707.23,6.75195,56.5575
11295,-1707.35,6.7519,56.56
11296,-1707.46,6.75186,56.5624
11297,-1707.57,6.75182,56.5648
11298,-1707.69,6.75178,56.5672
11299,-1707.8,6.75173,56.5696
11300,-1707.92,6.75169,56.572
11301,-1708.03,6.75165,56.5857
11302,-1708.14,6.75161,56.5886
11303,-1708.26,6.75156,56.591
11304,-1708.37,6.75152,56.5935
11305,-1708.49,6.75148,56.5959
11306,-1708.6,6.75144,56.5983
11307,-1708.72,6.75139,56.6008
11308,-1708.83,6.75135,56.6032
11309,-1708.94,6.75131,56.6056
11310,-1709.06,6.75127,56.6081
11311,-1709.17,6.75122,56.6105
11312,-1709.29,6.75118,56.613
11313,-1709.4,6.75114,56.6154
11314,-1709.52,6.7511,56.6179
11315,-1709.63,6.75105,56.6204
11316,-1709.74,6.75101,56.6228
11317,-1709.86,6.75097,56.6252
11318,-1709.97,6.75093,56.6277
11319,-1710.09,6.75088,56.6301
11320,-1710.2,6.75084,56.6397
11321,-1710.31,6.7508,56.6422
11322,-1710.43,6.75076,56.6447
11323,-1710.54,6.75071,56.6471
11324,-1710.66,6.75067,56.6496
11325,-1710.77,6.75063,56.6521
11326,-1710.89,6.75059,56.6545
11327,-1711,6.75054,56.657
11328,-1711.11,6.7505,56.6594
11329,-1711.23,6.75046,56.6619
11330,-1711.34,6.75042,56.6644
11331,-1711.46,6.75037,56.6668
11332,-1711.57,6.75033,56.6692
11333,-1711.68,6.75029,56.6716
11334,-1711.8,6.75025,56.674
11335,-1711.91,6.7502,56.6765
11336,-1712.03,6.75016,56.6789
11337,-1712.14,6.75012,56.6813
11338,-1712.25,6.75008,56.6838
11339,-1712.37,6.75003,56.6862
11340,-1712.48,6.74999,56.6887
11341,-1712.6,6.74995,56.6911
11342,-1712.71,6.74991,56.6935
11343,-1712.83,6.74986,56.6959
11344,-1712.94,6.74982,56.707
11345,-1713.05,6.74978,56.7109
11346,-1713.17,6.74974,56.7146
11347,-1713.28,6.74969,56.718
11348,-1713.4,6.74965,56.721
11349,-1713.51,6.74961,56.7238
11350,-1713.62,6.74957,56.7265
11351,-1713.74,6.74952,56.7414
11352,-1713.85,6.74948,56.7444
11353,-1713.97,6.74944,56.7471
11354,-1714.08,6.7494,56.7497
11355,-1714.19,6.74935,56.7523
11356,-1714.31,6.74931,56.7548
11357,-1714.42,6.74927,56.7573
11358,-1714.54,6.74923,56.7598
11359,-1714.65,6.74919,56.7619
11360,-1714.77,6.74914,56.7644
11361,-1714.88,6.7491,56.7666
11362,-1714.99,6.74906,56.7688
11363,-1715.11,6.74902,56.7712
11364,-1715.22,6.74897,56.7739
11365,-1715.34,6.74893,56.7762
11366,-1715.45,6.74889,56.7788
11367,-1715.56,6.74885,56.7814
11368,-1715.68,6.7488,56.7839
11369,-1715.79,6.74876,56.7864
11370,-1715.91,6.74872,56.7888
11371,-1716.02,6.74868,56.7913
11372,-1716.13,6.74863,56.7939
11373,-1716.25,6.74859,56.7963
11374,-1716.36,6.74855,56.7987
11375,-1716.48,6.74851,56.8012
11376,-1716.59,6.74846,56.8037
11377,-1716.7,6.74842,56.8061
11378,-1716.82,6.74838,56.8087
11379,-1716.93,6.74834,56.8112
11380,-1717.05,6.74829,56.8137
11381,-1717.16,6.74825,56.8161
11382,-1717.28,6.74821,56.8185
11383,-1717.39,6.74817,56.8209
11384,-1717.5,6.74813,56.8234
11385,-1717.62,6.74808,56.826
11386,-1717.73,6.74804,56.8285
11387,-1717.85,6.748,56.831
11388,-1717.96,6.74796,56.8336
11389,-1718.07,6.74791,56.8359
11390,-1718.19,6.74787,56.8384
11391,-1718.3,6.74783,56.8408
11392,-1718.42,6.74779,56.8433
11393,-1718.53,6.74774,56.8457
11394,-1718.64,6.7477,56.8481
11395,-1718.76,6.74766,56.8506
11396,-1718.87,6.74762,56.853
11397,-1718.99,6.74757,56.8554
11398,-1719.1,6.74753,56.8579
11399,-1719.21,6.74749,56.8604
11400,-1719.33,6.74745,56.8629
11401,-1719.44,6.74741,56.8936
11402,-1719.56,6.74736,56.8979
11403,-1719.67,6.74732,56.9016
11404,-1719.78,6.74728,56.905
11405,-1719.9,6.74724,56.9081
11406,-1720.01,6.74719,56.9109
11407,-1720.13,6.74715,56.9136
11408,-1720.24,6.74711,56.9161
11409,-1720.35,6.74707,56.9187
11410,-1720.47,6.74702,56.9213
11411,-1720.58,6.74698,56.9238
11412,-1720.7,6.74694,56.9263
11413,-1720.81,6.7469,56.9289
11414,-1720.92,6.74686,56.9314
11415,-1721.04,6.74681,56.9339
11416,-1721.15,6.74677,56.9364
11417,-1721.27,6.74673,56.9388
11418,-1721.38,6.74669,56.9414
11419,-1721.49,6.74664,56.9439
11420,-1721.61,6.7466,56.9463
11421,-1721.72,6.74656,56.9488
11422,-1721.84,6.74652,56.9513
11423,-1721.95,6.74647,56.9538
11424,-1722.06,6.74643,56.9562
11425,-1722.18,6.74639,56.9587
11426,-1722.29,6.74635,56.9612
11427,-1722.41,6.74631,56.9637
11428,-1722.52,6.74626,56.9663
11429,-1722.63,6.74622,56.9688
11430,-1722.75,6.74618,56.9712
11431,-1722.86,6.74614,56.9738
11432,-1722.98,6.74609,56.9762
11433,-1723.09,6.74605,56.9786
11434,-1723.2,6.74601,56.9811
11435,-1723.32,6.74597,56.9836
11436,-1723.43,6.74592,56.986
11437,-1723.55,6.74588,56.9884
11438,-1723.66,6.74584,56.9909
11439,-1723.77,6.7458,56.9933
11440,-1723.89,6.74576,56.9957
11441,-1724,6.74571,56.9981
11442,-1724.12,6.74567,57.0006
11443,-1724.23,6.74563,57.0031
11444,-1724.34,6.74559,57.0056
11445,-1724.46,6.74554,57.008
11446,-1724.57,6.7455,57.0105
11447,-1724.69,6.74546,57.0129
11448,-1724.8,6.74542,57.0154
11449,-1724.91,6.74538,57.0178
11450,-1725.03,6.74533,57.0203
11451,-1725.14,6.74529,57.035
11452,-1725.26,6.74525,57.0379
11453,-1725.37,6.74521,57.0403
11454,-1725.48,6.74516,57.0429
11455,-1725.6,6.74512,57.0454
11456,-1725.71,6.74508,57.0479
11457,-1725.83,6.74504,57.0504
11458,-1725.94,6.745,57.0529
11459,-1726.05,6.74495,57.0554
11460,-1726.17,6.74491,57.0579
11461,-1726.28,6.74487,57.0603
11462,-1726.4,6.74483,57.0628
11463,-1726.51,6.74478,57.0653
11464,-1726.62,6.74474,57.0677
11465,-1726.74,6.7447,57.07
11466,-1726.85,6.74466,57.0725
11467,-1726.97,6.74462,57.075
11468,-1727.08,6.74457,57.0775
11469,-1727.19,6.74453,57.0799
11470,-1727.31,6.74449,57.0824
11471,-1727.42,6.74445,57.0848
11472,-1727.54,6.7444,57.0873
11473,-1727.65,6.74436,57.0897
11474,-1727.76,6.74432,57.0921
11475,-1727.88,6.74428,57.0945
11476,-1727.99,6.74424,57.0969
11477,-1728.1,6.74419,57.0994
11478,-1728.22,6.74415,57.1018
11479,-1728.33,6.74411,57.1043
11480,-1728.45,6.74407,57.1067
11481,-1728.56,6.74402,57.1092
11482,-1728.67,6.74398,57.1116
11483,-1728.79,6.74394,57.114
11484,-1728.9,6.7439,57.1165
11485,-1729.02,6.74386,57.1189
11486,-1729.13,6.74381,57.1214
11487,-1729.24,6.74377,57.124
11488,-1729.36,6.74373,57.1264
11489,-1729.47,6.74369,57.1288
11490,-1729.59,6.74364,57.1312
11491,-1729.7,6.7436,57.1337
11492,-1729.81,6.74356,57.1362
11493,-1729.93,6.74352,57.1386
11494,-1730.04,6.74348,57.1411
11495,-1730.16,6.74343,57.1436
11496,-1730.27,6.74339,57.146
11497,-1730.38,6.74335,57.1485
11498,-1730.5,6.74331,57.1509
11499,-1730.61,6.74327,57.1534
11500,-1730.72,6.74322,57.1558
11501,-1730.84,6.74318,57.1696
11502,-1730.95,6.74314,57.1726
11503,-1731.07,6.7431,57.1751
11504,-1731.18,6.74305,57.1776
11505,-1731.29,6.74301,57.1801
11506,-1731.41,6.74297,57.1825
11507,-1731.52,6.74293,57.185
11508,-1731.64,6.74289,57.1874
11509,-1731.75,6.74284,57.1898
11510,-1731.86,6.7428,57.1922
11511,-1731.98,6.74276,57.1947
11512,-1732.09,6.74272,57.1971
11513,-1732.2,6.74268,57.1995
11514,-1732.32,6.74263,57.2019
11515,-1732.43,6.74259,57.2043
11516,-1732.55,6.74255,57.2067
11517,-1732.66,6.74251,57.2094
11518,-1732.77,6.74246,57.2118
11519,-1732.89,6.74242,57.2142
11520,-1733,6.74238,57.2166
11521,-1733.12,6.74234,57.219
11522,-1733.23,6.7423,57.2214
11523,-1733.34,6.74225,57.2238
11524,-1733.46,6.74221,57.2262
11525,-1733.57,6.74217,57.2286
11526,-1733.69,6.74213,57.231
11527,-1733.8,6.74209,57.2334
11528,-1733.91,6.74204,57.2359
11529,-1734.03,6.742,57.2383
11530,-1734.14,6.74196,57.2407
11531,-1734.25,6.74192,57.2432
11532,-1734.37,6.74188,57.2456
11533,-1734.48,6.74183,57.248
11534,-1734.6,6.74179,57.2504
11535,-1734.71,6.74175,57.2529
11536,-1734.82,6.74171,57.2554
11537,-1734.94,6.74166,57.2577
11538,-1735.05,6.74162,57.2602
11539,-1735.16,6.74158,57.2626
11540,-1735.28,6.74154,57.2651
11541,-1735.39,6.7415,57.2675
11542,-1735.51,6.74145,57.2699
11543,-1735.62,6.74141,57.2724
11544,-1735.73,6.74137,57.2749
11545,-1735.85,6.74133,57.2773
11546,-1735.96,6.74129,57.2797
11547,-1736.08,6.74124,57.2821
11548,-1736.19,6.7412,57.2846
11549,-1736.3,6.74116,57.287
11550,-1736.42,6.74112,57.2894
11551,-1736.53,6.74108,57.3033
11552,-1736.64,6.74103,57.3062
11553,-1736.76,6.74099,57.3086
11554,-1736.87,6.74095,57.3111
11555,-1736.99,6.74091,57.3135
11556,-1737.1,6.74087,57.3159
11557,-1737.21,6.74082,57.3184
11558,-1737.33,6.74078,57.3208
11559,-1737.44,6.74074,57.3234
11560,-1737.55,6.7407,57.3258
11561,-1737.67,6.74066,57.3282
11562,-1737.78,6.74061,57.3306
11563,-1737.9,6.74057,57.3331
11564,-1738.01,6.74053,57.3357
11565,-1738.12,6.74049,57.3382
11566,-1738.24,6.74045,57.3406
11567,-1738.35,6.7404,57.343
11568,-1738.47,6.74036,57.3455
11569,-1738.58,6.74032,57.3479
11570,-1738.69,6.74028,57.3503
11571,-1738.81,6.74024,57.3527
11572,-1738.92,6.74019,57.3551
11573,-1739.03,6.74015,57.3575
11574,-1739.15,6.74011,57.36
11575,-1739.26,6.74007,57.3624
11576,-1739.38,6.74002,57.3648
11577,-1739.49,6.73998,57.3673
11578,-1739.6,6.73994,57.3697
11579,-1739.72,6.7399,57.3721
11580,-1739.83,6.73986,57.3745
11581,-1739.94,6.73981,57.377
11582,-1740.06,6.73977,57.3794
11583,-1740.17,6.73973,57.3818
11584,-1740.29,6.73969,57.3842
11585,-1740.4,6.73965,57.3866
11586,-1740.51,6.7396,57.3891
11587,-1740.63,6.73956,57.3965
11588,-1740.74,6.73952,57.399
11589,-1740.85,6.73948,57.4015
11590,-1740.97,6.73944,57.404
11591,-1741.08,6.73939,57.4064
11592,-1741.2,6.73935,57.4088
11593,-1741.31,6.73931,57.4113
11594,-1741.42,6.73927,57.4138
11595,-1741.54,6.73923,57.4163
11596,-1741.65,6.73919,57.4188
11597,-1741.76,6.73914,57.4212
11598,-1741.88,6.7391,57.4237
11599,-1741.99,6.73906,57.4261
11600,-1742.11,6.73902,57.4286
11601,-1742.22,6.73898,57.4426
11602,-1742.33,6.73893,57.4455
11603,-1742.45,6.73889,57.4481
11604,-1742.56,6.73885,57.4506
11605,-1742.67,6.73881,57.4532
11606,-1742.79,6.73877,57.4556
11607,-1742.9,6.73872,57.4581
11608,-1743.02,6.73868,57.4606
11609,-1743.13,6.73864,57.4631
11610,-1743.24,6.7386,57.4656
11611,-1743.36,6.73856,57.4682
11612,-1743.47,6.73851,57.4706
11613,-1743.58,6.73847,57.4731
11614,-1743.7,6.73843,57.4756
11615,-1743.81,6.73839,57.4781
11616,-1743.92,6.73835,57.4805
11617,-1744.04,6.7383,57.483
11618,-1744.15,6.73826,57.4854
11619,-1744.27,6.73822,57.4878
11620,-1744.38,6.73818,57.4904
11621,-1744.49,6.73814,57.4928
11622,-1744.61,6.73809,57.4952
11623,-1744.72,6.73805,57.4976
11624,-1744.83,6.73801,57.5
11625,-1744.95,6.73797,57.5024
11626,-1745.06,6.73793,57.5049
11627,-1745.18,6.73788,57.5074
11628,-1745.29,6.73784,57.5098
11629,-1745.4,6.7378,57.5123
11630,-1745.52,6.73776,57.5148
11631,-1745.63,6.73772,57.5173
11632,-1745.74,6.73768,57.5198
11633,-1745.86,6.73763,57.5223
11634,-1745.97,6.73759,57.5247
11635,-1746.08,6.73755,57.5272
11636,-1746.2,6.73751,57.5297
11637,-1746.31,6.73747,57.5322
11638,-1746.43,6.73742,57.5346
11639,-1746.54,6.73738,57.5371
11640,-1746.65,6.73734,57.5395
11641,-1746.77,6.7373,57.5419
11642,-1746.88,6.73726,57.5444
11643,-1746.99,6.73721,57.5469
11644,-1747.11,6.73717,57.5494
11645,-1747.22,6.73713,57.5518
11646,-1747.34,6.73709,57.5542
11647,-1747.45,6.73705,57.5567
11648,-1747.56,6.737,57.5592
11649,-1747.68,6.73696,57.5616
11650,-1747.79,6.73692,57.5641
11651,-1747.9,6.73688,57.5777
11652,-1748.02,6.73684,57.5807
11653,-1748.13,6.7368,57.5832
11654,-1748.24,6.73675,57.5855
11655,-1748.36,6.73671,57.5879
11656,-1748.47,6.73667,57.5903
11657,-1748.59,6.73663,57.5928
11658,-1748.7,6.73659,57.5952
11659,-1748.81,6.73654,57.5977
11660,-1748.93,6.7365,57.6002
11661,-1749.04,6.73646,57.6027
11662,-1749.15,6.73642,57.6053
11663,-1749.27,6.73638,57.6079
11664,-1749.38,6.73634,57.6104
11665,-1749.49,6.73629,57.613
11666,-1749.61,6.73625,57.6154
11667,-1749.72,6.73621,57.618
11668,-1749.84,6.73617,57.6205
11669,-1749.95,6.73613,57.6229
11670,-1750.06,6.73608,57.6254
11671,-1750.18,6.73604,57.6278
11672,-1750.29,6.736,57.6302
11673,-1750.4,6.73596,57.6327
11674,-1750.52,6.73592,57.6351
11675,-1750.63,6.73587,57.6376
11676,-1750.74,6.73583,57.6402
11677,-1750.86,6.73579,57.6426
11678,-1750.97,6.73575,57.645
11679,-1751.08,6.73571,57.6476
11680,-1751.2,6.73567,57.6501
11681,-1751.31,6.73562,57.6527
11682,-1751.43,6.73558,57.6551
11683,-1751.54,6.73554,57.6576
11684,-1751.65,6.7355,57.6601
11685,-1751.77,6.73546,57.6625
11686,-1751.88,6.73541,57.6649
11687,-1751.99,6.73537,57.6673
11688,-1752.11,6.73533,57.6697
11689,-1752.22,6.73529,57.6721
11690,-1752.33,6.73525,57.6746
11691,-1752.45,6.73521,57.677
11692,-1752.56,6.73516,57.6794
11693,-1752.68,6.73512,57.6818
11694,-1752.79,6.73508,57.6842
11695,-1752.9,6.73504,57.6867
11696,-1753.02,6.735,57.6891
11697,-1753.13,6.73496,57.6915
11698,-1753.24,6.73491,57.6939
11699,-1753.36,6.73487,57.6963
11700,-1753.47,6.73483,57.6988
11701,-1753.58,6.73479,57.7123
11702,-1753.7,6.73475,57.7153
11703,-1753.81,6.7347,57.7178
11704,-1753.92,6.73466,57.7202
11705,-1754.04,6.73462,57.7226
11706,-1754.15,6.73458,57.7251
11707,-1754.27,6.73454,57.7274
11708,-1754.38,6.7345,57.7299
11709,-1754.49,6.73445,57.7324
11710,-1754.61,6.73441,57.7348
11711,-1754.72,6.73437,57.7372
11712,-1754.83,6.73433,57.7396
11713,-1754.95,6.73429,57.742
11714,-1755.06,6.73425,57.7446
11715,-1755.17,6.7342,57.747
11716,-1755.29,6.73416,57.7495
11717,-1755.4,6.73412,57.7519
11718,-1755.51,6.73408,57.7543
11719,-1755.63,6.73404,57.7568
11720,-1755.74,6.73399,57.7592
11721,-1755.86,6.73395,57.7617
11722,-1755.97,6.73391,57.7642
11723,-1756.08,6.73387,57.7666
11724,-1756.2,6.73383,57.7691
11725,-1756.31,6.73379,57.7716
11726,-1756.42,6.73374,57.7741
11727,-1756.54,6.7337,57.7765
11728,-1756.65,6.73366,57.779
11729,-1756.76,6.73362,57.7814
11730,-1756.88,6.73358,57.7838
11731,-1756.99,6.73354,57.7862
11732,-1757.1,6.73349,57.7887
11733,-1757.22,6.73345,57.7912
11734,-1757.33,6.73341,57.7936
11735,-1757.44,6.73337,57.796
11736,-1757.56,6.73333,57.7985
11737,-1757.67,6.73329,57.8009
11738,-1757.79,6.73324,57.8034
11739,-1757.9,6.7332,57.8058
11740,-1758.01,6.73316,57.8082
11741,-1758.13,6.73312,57.8107
11742,-1758.24,6.73308,57.8132
11743,-1758.35,6.73303,57.8157
11744,-1758.47,6.73299,57.8182
11745,-1758.58,6.73295,57.8206
11746,-1758.69,6.73291,57.8232
11747,-1758.81,6.73287,57.8256
11748,-1758.92,6.73283,57.828
11749,-1759.03,6.73278,57.8305
11750,-1759.15,6.73274,57.833
11751,-1759.26,6.7327,57.8468
11752,-1759.37,6.73266,57.8497
11753,-1759.49,6.73262,57.8522
11754,-1759.6,6.73258,57.8546
11755,-1759.71,6.73253,57.8571
11756,-1759.83,6.73249,57.8594
11757,-1759.94,6.73245,57.8618
11758,-1760.06,6.73241,57.8642
11759,-1760.17,6.73237,57.8667
11760,-1760.28,6.73233,57.8691
11761,-1760.4,6.73228,57.8716
11762,-1760.51,6.73224,57.874
11763,-1760.62,6.7322,57.8765
11764,-1760.74,6.73216,57.8789
11765,-1760.85,6.73212,57.8813
11766,-1760.96,6.73208,57.8837
11767,-1761.08,6.73203,57.8861
11768,-1761.19,6.73199,57.8886
11769,-1761.3,6.73195,57.891
11770,-1761.42,6.73191,57.8935
11771,-1761.53,6.73187,57.8959
11772,-1761.64,6.73183,57.8983
11773,-1761.76,6.73178,57.9007
11774,-1761.87,6.73174,57.9031
11775,-1761.98,6.7317,57.9055
11776,-1762.1,6.73166,57.9079
11777,-1762.21,6.73162,57.9103
11778,-1762.32,6.73158,57.9127
11779,-1762.44,6.73153,57.9152
11780,-1762.55,6.73149,57.9177
11781,-1762.66,6.73145,57.9201
11782,-1762.78,6.73141,57.9226
11783,-1762.89,6.73137,57.9251
11784,-1763.01,6.73133,57.9275
11785,-1763.12,6.73128,57.93
11786,-1763.23,6.73124,57.9324
11787,-1763.35,6.7312,57.9348
11788,-1763.46,6.73116,57.9373
11789,-1763.57,6.73112,57.9398
11790,-1763.69,6.73108,57.9422
11791,-1763.8,6.73104,57.9446
11792,-1763.91,6.73099,57.9471
11793,-1764.03,6.73095,57.9495
11794,-1764.14,6.73091,57.9519
11795,-1764.25,6.73087,57.9544
11796,-1764.37,6.73083,57.9568
11797,-1764.48,6.73079,57.9592
11798,-1764.59,6.73074,57.9616
11799,-1764.71,6.7307,57.964
11800,-1764.82,6.73066,57.9665
11801,-1764.93,6.73062,57.9803
11802,-1765.05,6.73058,57.9832
11803,-1765.16,6.73054,57.9855
11804,-1765.27,6.73049,57.988
11805,-1765.39,6.73045,57.9904
11806,-1765.5,6.73041,57.9929
11807,-1765.61,6.73037,57.9954
11808,-1765.73,6.73033,57.9978
11809,-1765.84,6.73029,58.0003
11810,-1765.95,6.73024,58.0028
11811,-1766.07,6.7302,58.0052
11812,-1766.18,6.73016,58.0077
11813,-1766.29,6.73012,58.0102
11814,-1766.41,6.73008,58.0127
11815,-1766.52,6.73004,58.0152
11816,-1766.63,6.73,58.0176
11817,-1766.75,6.72995,58.0201
11818,-1766.86,6.72991,58.0225
11819,-1766.97,6.72987,58.0249
11820,-1767.09,6.72983,58.0273
11821,-1767.2,6.72979,58.0298
11822,-1767.31,6.72975,58.0322
11823,-1767.43,6.7297,58.0347
11824,-1767.54,6.72966,58.0371
11825,-1767.66,6.72962,58.0395
11826,-1767.77,6.72958,58.042
11827,-1767.88,6.72954,58.0445
11828,-1768,6.7295,58.0469
11829,-1768.11,6.72945,58.0494
11830,-1768.22,6.72941,58.0518
11831,-1768.34,6.72937,58.0543
11832,-1768.45,6.72933,58.0567
11833,-1768.56,6.72929,58.0591
11834,-1768.68,6.72925,58.0616
11835,-1768.79,6.72921,58.0641
11836,-1768.9,6.72916,58.0666
11837,-1769.02,6.72912,58.069
11838,-1769.13,6.72908,58.0715
11839,-1769.24,6.72904,58.074
11840,-1769.36,6.729,58.0765
11841,-1769.47,6.72896,58.079
11842,-1769.58,6.72891,58.0814
11843,-1769.7,6.72887,58.0839
11844,-1769.81,6.72883,58.0863
11845,-1769.92,6.72879,58.0888
11846,-1770.04,6.72875,58.0912
11847,-1770.15,6.72871,58.0937
11848,-1770.26,6.72867,58.0962
11849,-1770.38,6.72862,58.0986
11850,-1770.49,6.72858,58.1011
11851,-1770.6,6.72854,58.115
11852,-1770.72,6.7285,58.118
11853,-1770.83,6.72846,58.1204
11854,-1770.94,6.72842,58.1229
11855,-1771.06,6.72838,58.1303
11856,-1771.17,6.72833,58.1328
11857,-1771.28,6.72829,58.1352
11858,-1771.4,6.72825,58.1377
11859,-1771.51,6.72821,58.1402
11860,-1771.62,6.72817,58.1427
11861,-1771.74,6.72813,58.1453
11862,-1771.85,6.72808,58.1477
11863,-1771.96,6.72804,58.1503
11864,-1772.08,6.728,58.1528
11865,-1772.19,6.72796,58.1554
11866,-1772.3,6.72792,58.1579
11867,-1772.42,6.72788,58.1604
11868,-1772.53,6.72784,58.1629
11869,-1772.64,6.72779,58.1654
11870,-1772.76,6.72775,58.1679
11871,-1772.87,6.72771,58.1704
11872,-1772.98,6.72767,58.1729
11873,-1773.1,6.72763,58.1754
11874,-1773.21,6.72759,58.1779
11875,-1773.32,6.72755,58.1803
11876,-1773.44,6.7275,58.1827
11877,-1773.55,6.72746,58.1852
11878,-1773.66,6.72742,58.1876
11879,-1773.78,6.72738,58.19
11880,-1773.89,6.72734,58.1926
11881,-1774,6.7273,58.1951
11882,-1774.12,6.72726,58.1976
11883,-1774.23,6.72721,58.2
11884,-1774.34,6.72717,58.2025
11885,-1774.46,6.72713,58.205
11886,-1774.57,6.72709,58.2074
11887,-1774.68,6.72705,58.2099
11888,-1774.8,6.72701,58.2125
11889,-1774.91,6.72697,58.2149
11890,-1775.02,6.72692,58.2174
11891,-1775.13,6.72688,58.2199
11892,-1775.25,6.72684,58.2224
11893,-1775.36,6.7268,58.2248
11894,-1775.47,6.72676,58.2273
11895,-1775.59,6.72672,58.2298
11896,-1775.7,6.72668,58.2322
11897,-1775.81,6.72663,58.2347
11898,-1775.93,6.72659,58.2372
11899,-1776.04,6.72655,58.2397
11900,-1776.15,6.72651,58.2422
11901,-1776.27,6.72647,58.2559
11902,-1776.38,6.72643,58.2589
11903,-1776.49,6.72639,58.2614
11904,-1776.61,6.72634,58.2639
11905,-1776.72,6.7263,58.2664
11906,-1776.83,6.72626,58.2689
11907,-1776.95,6.72622,58.2714
11908,-1777.06,6.72618,58.2741
11909,-1777.17,6.72614,58.2766
11910,-1777.29,6.7261,58.2792
11911,-1777.4,6.72605,58.2817
11912,-1777.51,6.72601,58.2841
11913,-1777.63,6.72597,58.2866
11914,-1777.74,6.72593,58.2892
11915,-1777.85,6.72589,58.2916
11916,-1777.97,6.72585,58.2942
11917,-1778.08,6.72581,58.2967
11918,-1778.19,6.72576,58.2992
11919,-1778.31,6.72572,58.3017
11920,-1778.42,6.72568,58.3042
11921,-1778.53,6.72564,58.3067
11922,-1778.65,6.7256,58.3092
11923,-1778.76,6.72556,58.3118
11924,-1778.87,6.72552,58.3142
11925,-1778.99,6.72547,58.3167
11926,-1779.1,6.72543,58.3192
11927,-1779.21,6.72539,58.3216
11928,-1779.33,6.72535,58.324
11929,-1779.44,6.72531,58.3265
11930,-1779.55,6.72527,58.329
11931,-1779.66,6.72523,58.3315
11932,-1779.78,6.72518,58.334
11933,-1779.89,6.72514,58.3365
11934,-1780,6.7251,58.3389
11935,-1780.12,6.72506,58.3414
11936,-1780.23,6.72502,58.3439
11937,-1780.34,6.72498,58.3464
11938,-1780.46,6.72494,58.3489
11939,-1780.57,6.7249,58.3513
11940,-1780.68,6.72485,58.3538
11941,-1780.8,6.72481,58.3562
11942,-1780.91,6.72477,58.3587
11943,-1781.02,6.72473,58.3611
11944,-1781.14,6.72469,58.3637
11945,-1781.25,6.72465,58.3662
11946,-1781.36,6.72461,58.3686
11947,-1781.48,6.72456,58.3711
11948,-1781.59,6.72452,58.3735
11949,-1781.7,6.72448,58.3759
11950,-1781.82,6.72444,58.3783
11951,-1781.93,6.7244,58.3919
11952,-1782.04,6.72436,58.3949
11953,-1782.16,6.72432,58.3973
11954,-1782.27,6.72428,58.3999
11955,-1782.38,6.72423,58.4023
11956,-1782.49,6.72419,58.4048
11957,-1782.61,6.72415,58.4072
11958,-1782.72,6.72411,58.4096
11959,-1782.83,6.72407,58.412
11960,-1782.95,6.72403,58.4144
11961,-1783.06,6.72399,58.4168
11962,-1783.17,6.72394,58.4193
11963,-1783.29,6.7239,58.4216
11964,-1783.4,6.72386,58.4241
11965,-1783.51,6.72382,58.4265
11966,-1783.63,6.72378,58.4289
11967,-1783.74,6.72374,58.4314
11968,-1783.85,6.7237,58.4338
11969,-1783.97,6.72366,58.4362
11970,-1784.08,6.72361,58.4387
11971,-1784.19,6.72357,58.4412
11972,-1784.31,6.72353,58.4437
11973,-1784.42,6.72349,58.4461
11974,-1784.53,6.72345,58.4486
11975,-1784.65,6.72341,58.4509
11976,-1784.76,6.72337,58.4534
11977,-1784.87,6.72332,58.4559
11978,-1784.98,6.72328,58.4583
11979,-1785.1,6.72324,58.4607
11980,-1785.21,6.7232,58.4632
11981,-1785.32,6.72316,58.4657
11982,-1785.44,6.72312,58.4681
11983,-1785.55,6.72308,58.4704
11984,-1785.66,6.72304,58.4729
11985,-1785.78,6.72299,58.4753
11986,-1785.89,6.72295,58.4777
11987,-1786,6.72291,58.4801
11988,-1786.12,6.72287,58.4826
11989,-1786.23,6.72283,58.4851
11990,-1786.34,6.72279,58.4875
11991,-1786.46,6.72275,58.4899
11992,-1786.57,6.72271,58.4923
11993,-1786.68,6.72266,58.4948
11994,-1786.79,6.72262,58.4972
11995,-1786.91,6.72258,58.4996
11996,-1787.02,6.72254,58.5021
11997,-1787.13,6.7225,58.5045
11998,-1787.25,6.72246,58.5068
11999,-1787.36,6.72242,58.5092
12000,-1787.47,6.72238,58.5113
12001,-1787.59,6.72233,58.5248
12002,-1787.7,6.72229,58.5278
12003,-1787.81,6.72225,58.5303
12004,-1787.93,6.72221,58.5328
12005,-1788.04,6.72217,58.5352
12006,-1788.15,6.72213,58.5376
12007,-1788.27,6.72209,58.54
12008,-1788.38,6.72205,58.5426
12009,-1788.49,6.722,58.545
12010,-1788.6,6.72196,58.5475
12011,-1788.72,6.72192,58.55
12012,-1788.83,6.72188,58.5524
12013,-1788.94,6.72184,58.555
12014,-1789.06,6.7218,58.5574
12015,-1789.17,6.72176,58.5599
12016,-1789.28,6.72172,58.5624
12017,-1789.4,6.72167,58.5648
12018,-1789.51,6.72163,58.5673
12019,-1789.62,6.72159,58.5697
12020,-1789.74,6.72155,58.5721
12021,-1789.85,6.72151,58.5745
12022,-1789.96,6.72147,58.577
12023,-1790.07,6.72143,58.5795
12024,-1790.19,6.72139,58.5819
12025,-1790.3,6.72135,58.5843
12026,-1790.41,6.7213,58.5867
12027,-1790.53,6.72126,58.5892
12028,-1790.64,6.72122,58.5916
12029,-1790.75,6.72118,58.594
12030,-1790.87,6.72114,58.5965
12031,-1790.98,6.7211,58.5989
12032,-1791.09,6.72106,58.6014
12033,-1791.21,6.72102,58.6038
12034,-1791.32,6.72097,58.6062
12035,-1791.43,6.72093,58.6087
12036,-1791.54,6.72089,58.6111
12037,-1791.66,6.72085,58.6136
12038,-1791.77,6.72081,58.616
12039,-1791.88,6.72077,58.6184
12040,-1792,6.72073,58.6209
12041,-1792.11,6.72069,58.6233
12042,-1792.22,6.72064,58.6257
12043,-1792.34,6.7206,58.6281
12044,-1792.45,6.72056,58.6306
12045,-1792.56,6.72052,58.633
12046,-1792.67,6.72048,58.6354
12047,-1792.79,6.72044,58.6378
12048,-1792.9,6.7204,58.6403
12049,-1793.01,6.72036,58.6427
12050,-1793.13,6.72032,58.6452
12051,-1793.24,6.72027,58.6591
12052,-1793.35,6.72023,58.662
12053,-1793.47,6.72019,58.6645
12054,-1793.58,6.72015,58.667
12055,-1793.69,6.72011,58.6695
12056,-1793.81,6.72007,58.672
12057,-1793.92,6.72003,58.6745
12058,-1794.03,6.71999,58.6769
12059,-1794.14,6.71995,58.6794
12060,-1794.26,6.7199,58.6818
12061,-1794.37,6.71986,58.6844
12062,-1794.48,6.71982,58.6868
12063,-1794.6,6.71978,58.6892
12064,-1794.71,6.71974,58.6916
12065,-1794.82,6.7197,58.6941
12066,-1794.94,6.71966,58.6966
12067,-1795.05,6.71962,58.699
12068,-1795.16,6.71957,58.7096
12069,-1795.27,6.71953,58.7138
12070,-1795.39,6.71949,58.7172
12071,-1795.5,6.71945,58.72
12072,-1795.61,6.71941,58.7226
12073,-1795.73,6.71937,58.7253
12074,-1795.84,6.71933,58.7279
12075,-1795.95,6.71929,58.7305
12076,-1796.07,6.71925,58.7329
12077,-1796.18,6.7192,58.7355
12078,-1796.29,6.71916,58.738
12079,-1796.4,6.71912,58.7404
12080,-1796.52,6.71908,58.7429
12081,-1796.63,6.71904,58.7454
12082,-1796.74,6.719,58.7479
12083,-1796.86,6.71896,58.7504
12084,-1796.97,6.71892,58.7529
12085,-1797.08,6.71888,58.7554
12086,-1797.2,6.71883,58.7579
12087,-1797.31,6.71879,58.7603
12088,-1797.42,6.71875,58.7628
12089,-1797.53,6.71871,58.7653
12090,-1797.65,6.71867,58.7677
12091,-1797.76,6.71863,58.7702
12092,-1797.87,6.71859,58.7726
12093,-1797.99,6.71855,58.7751
12094,-1798.1,6.71851,58.7776
12095,-1798.21,6.71847,58.78
12096,-1798.33,6.71842,58.7824
12097,-1798.44,6.71838,58.7849
12098,-1798.55,6.71834,58.7873
12099,-1798.66,6.7183,58.7897
12100,-1798.78,6.71826,58.7921
12101,-1798.89,6.71822,58.8065
12102,-1799,6.71818,58.8096
12103,-1799.12,6.71814,58.8122
12104,-1799.23,6.7181,58.8147
12105,-1799.34,6.71805,58.8173
12106,-1799.45,6.71801,58.8197
12107,-1799.57,6.71797,58.8222
12108,-1799.68,6.71793,58.8247
12109,-1799.79,6.71789,58.8271
12110,-1799.91,6.71785,58.8295
12111,-1800.02,6.71781,58.8319
12112,-1800.13,6.71777,58.8344
12113,-1800.25,6.71773,58.8369
12114,-1800.36,6.71768,58.8394
12115,-1800.47,6.71764,58.8419
12116,-1800.58,6.7176,58.8444
12117,-1800.7,6.71756,58.8468
12118,-1800.81,6.71752,58.8493
12119,-1800.92,6.71748,58.8517
12120,-1801.04,6.71744,58.8542
12121,-1801.15,6.7174,58.8566
12122,-1801.26,6.71736,58.8653
12123,-1801.37,6.71732,58.8678
12124,-1801.49,6.71727,58.8703
12125,-1801.6,6.71723,58.8729
12126,-1801.71,6.71719,58.8753
12127,-1801.83,6.71715,58.8777
12128,-1801.94,6.71711,58.8802
12129,-1802.05,6.71707,58.8827
12130,-1802.17,6.71703,58.8852
12131,-1802.28,6.71699,58.8876
12132,-1802.39,6.71695,58.89
12133,-1802.5,6.71691,58.8925
12134,-1802.62,6.71686,58.8951
12135,-1802.73,6.71682,58.8976
12136,-1802.84,6.71678,58.9001
12137,-1802.96,6.71674,58.9026
12138,-1803.07,6.7167,58.9051
12139,-1803.18,6.71666,58.9077
12140,-1803.29,6.71662,58.9102
12141,-1803.41,6.71658,58.9126
12142,-1803.52,6.71654,58.9152
12143,-1803.63,6.7165,58.9176
12144,-1803.75,6.71645,58.9202
12145,-1803.86,6.71641,58.9227
12146,-1803.97,6.71637,58.9252
12147,-1804.08,6.71633,58.9276
12148,-1804.2,6.71629,58.9301
12149,-1804.31,6.71625,58.9326
12150,-1804.42,6.71621,58.9351
12151,-1804.54,6.71617,58.9491
12152,-1804.65,6.71613,58.9521
12153,-1804.76,6.71609,58.9545
12154,-1804.87,6.71604,58.9569
12155,-1804.99,6.716,58.9594
12156,-1805.1,6.71596,58.9619
12157,-1805.21,6.71592,58.9644
12158,-1805.33,6.71588,58.9668
12159,-1805.44,6.71584,58.9692
12160,-1805.55,6.7158,58.9716
12161,-1805.66,6.71576,58.9741
12162,-1805.78,6.71572,58.9766
12163,-1805.89,6.71568,58.979
12164,-1806,6.71563,58.9814
12165,-1806.12,6.71559,58.9839
12166,-1806.23,6.71555,58.9864
12167,-1806.34,6.71551,58.9888
12168,-1806.46,6.71547,58.9912
12169,-1806.57,6.71543,58.9936
12170,-1806.68,6.71539,58.9961
12171,-1806.79,6.71535,58.9985
12172,-1806.91,6.71531,59.001
12173,-1807.02,6.71527,59.0034
12174,-1807.13,6.71522,59.0059
12175,-1807.24,6.71518,59.0083
12176,-1807.36,6.71514,59.0107
12177,-1807.47,6.7151,59.0132
12178,-1807.58,6.71506,59.0156
12179,-1807.7,6.71502,59.0181
12180,-1807.81,6.71498,59.0205
12181,-1807.92,6.71494,59.0229
12182,-1808.03,6.7149,59.0253
12183,-1808.15,6.71486,59.0278
12184,-1808.26,6.71482,59.0302
12185,-1808.37,6.71477,59.0327
12186,-1808.49,6.71473,59.0351
12187,-1808.6,6.71469,59.0376
12188,-1808.71,6.71465,59.04
12189,-1808.82,6.71461,59.0425
12190,-1808.94,6.71457,59.0449
12191,-1809.05,6.71453,59.0474
12192,-1809.16,6.71449,59.0498
12193,-1809.28,6.71445,59.0523
12194,-1809.39,6.71441,59.0548
12195,-1809.5,6.71437,59.0572
12196,-1809.61,6.71432,59.0596
12197,-1809.73,6.71428,59.062
12198,-1809.84,6.71424,59.0645
12199,-1809.95,6.7142,59.0669
12200,-1810.07,6.71416,59.0693
12201,-1810.18,6.71412,59.0831
12202,-1810.29,6.71408,59.086
12203,-1810.4,6.71404,59.0886
12204,-1810.52,6.714,59.091
12205,-1810.63,6.71396,59.0935
12206,-1810.74,6.71392,59.0959
12207,-1810.86,6.71387,59.0984
12208,-1810.97,6.71383,59.1008
12209,-1811.08,6.71379,59.1032
12210,-1811.19,6.71375,59.1057
12211,-1811.31,6.71371,59.1081
12212,-1811.42,6.71367,59.1106
12213,-1811.53,6.71363,59.1131
12214,-1811.64,6.71359,59.1155
12215,-1811.76,6.71355,59.118
12216,-1811.87,6.71351,59.1205
12217,-1811.98,6.71347,59.1229
12218,-1812.1,6.71342,59.1254
12219,-1812.21,6.71338,59.1279
12220,-1812.32,6.71334,59.1303
12221,-1812.43,6.7133,59.1328
12222,-1812.55,6.71326,59.1352
12223,-1812.66,6.71322,59.1377
12224,-1812.77,6.71318,59.1402
12225,-1812.89,6.71314,59.1427
12226,-1813,6.7131,59.1452
12227,-1813.11,6.71306,59.1477
12228,-1813.22,6.71302,59.1502
12229,-1813.34,6.71298,59.1526
12230,-1813.45,6.71293,59.1551
12231,-1813.56,6.71289,59.1576
12232,-1813.67,6.71285,59.1601
12233,-1813.79,6.71281,59.1626
12234,-1813.9,6.71277,59.1651
12235,-1814.01,6.71273,59.1675
12236,-1814.13,6.71269,59.17
12237,-1814.24,6.71265,59.1725
12238,-1814.35,6.71261,59.1749
12239,-1814.46,6.71257,59.1773
12240,-1814.58,6.71253,59.1798
12241,-1814.69,6.71249,59.1822
12242,-1814.8,6.71244,59.1846
12243,-1814.92,6.7124,59.187
12244,-1815.03,6.71236,59.1895
12245,-1815.14,6.71232,59.1919
12246,-1815.25,6.71228,59.1943
12247,-1815.37,6.71224,59.1967
12248,-1815.48,6.7122,59.1992
12249,-1815.59,6.71216,59.2016
12250,-1815.7,6.71212,59.2041
12251,-1815.82,6.71208,59.218
12252,-1815.93,6.71204,59.2209
12253,-1816.04,6.712,59.2233
12254,-1816.16,6.71195,59.2258
12255,-1816.27,6.71191,59.2282
12256,-1816.38,6.71187,59.2306
12257,-1816.49,6.71183,59.2331
12258,-1816.61,6.71179,59.2354
12259,-1816.72,6.71175,59.2378
12260,-1816.83,6.71171,59.2402
12261,-1816.94,6.71167,59.2427
12262,-1817.06,6.71163,59.2452
12263,-1817.17,6.71159,59.2477
12264,-1817.28,6.71155,59.2502
12265,-1817.4,6.71151,59.2527
12266,-1817.51,6.71146,59.2551
12267,-1817.62,6.71142,59.2575
12268,-1817.73,6.71138,59.2599
12269,-1817.85,6.71134,59.2624
12270,-1817.96,6.7113,59.2648
12271,-1818.07,6.71126,59.2672
12272,-1818.18,6.71122,59.2696
12273,-1818.3,6.71118,59.2718
12274,-1818.41,6.71114,59.2743
12275,-1818.52,6.7111,59.2768
12276,-1818.63,6.71106,59.2793
12277,-1818.75,6.71102,59.2817
12278,-1818.86,6.71098,59.2841
12279,-1818.97,6.71093,59.2865
12280,-1819.09,6.71089,59.2889
12281,-1819.2,6.71085,59.2913
12282,-1819.31,6.71081,59.2939
12283,-1819.42,6.71077,59.2963
12284,-1819.54,6.71073,59.2988
12285,-1819.65,6.71069,59.3013
12286,-1819.76,6.71065,59.3037
12287,-1819.87,6.71061,59.3062
12288,-1819.99,6.71057,59.3086
12289,-1820.1,6.71053,59.3111
12290,-1820.21,6.71049,59.3136
12291,-1820.33,6.71045,59.316
12292,-1820.44,6.7104,59.3185
12293,-1820.55,6.71036,59.3209
12294,-1820.66,6.71032,59.3234
12295,-1820.78,6.71028,59.3258
12296,-1820.89,6.71024,59.3282
12297,-1821,6.7102,59.3307
12298,-1821.11,6.71016,59.3332
12299,-1821.23,6.71012,59.3356
12300,-1821.34,6.71008,59.3381
12301,-1821.45,6.71004,59.352
12302,-1821.56,6.71,59.355
12303,-1821.68,6.70996,59.3574
12304,-1821.79,6.70992,59.3599
12305,-1821.9,6.70988,59.3623
12306,-1822.02,6.70983,59.3648
12307,-1822.13,6.70979,59.3673
12308,-1822.24,6.70975,59.3698
12309,-1822.35,6.70971,59.3723
12310,-1822.47,6.70967,59.3748
12311,-1822.58,6.70963,59.3772
12312,-1822.69,6.70959,59.3796
12313,-1822.8,6.70955,59.3821
12314,-1822.92,6.70951,59.3846
12315,-1823.03,6.70947,59.387
12316,-1823.14,6.70943,59.3895
12317,-1823.25,6.70939,59.3921
12318,-1823.37,6.70935,59.3945
12319,-1823.48,6.70931,59.3969
12320,-1823.59,6.70926,59.3994
12321,-1823.7,6.70922,59.4019
12322,-1823.82,6.70918,59.4043
12323,-1823.93,6.70914,59.4067
12324,-1824.04,6.7091,59.4092
12325,-1824.16,6.70906,59.4116
12326,-1824.27,6.70902,59.414
12327,-1824.38,6.70898,59.4165
12328,-1824.49,6.70894,59.4189
12329,-1824.61,6.7089,59.4213
12330,-1824.72,6.70886,59.4238
12331,-1824.83,6.70882,59.4263
12332,-1824.94,6.70878,59.4287
12333,-1825.06,6.70874,59.4311
12334,-1825.17,6.7087,59.4336
12335,-1825.28,6.70865,59.4361
12336,-1825.39,6.70861,59.4385
12337,-1825.51,6.70857,59.441
12338,-1825.62,6.70853,59.4435
12339,-1825.73,6.70849,59.4459
12340,-1825.84,6.70845,59.4483
12341,-1825.96,6.70841,59.4508
12342,-1826.07,6.70837,59.4531
12343,-1826.18,6.70833,59.4558
12344,-1826.29,6.70829,59.4582
12345,-1826.41,6.70825,59.4606
12346,-1826.52,6.70821,59.4631
12347,-1826.63,6.70817,59.4656
12348,-1826.75,6.70813,59.468
12349,-1826.86,6.70809,59.4705
12350,-1826.97,6.70804,59.473
12351,-1827.08,6.708,59.4865
12352,-1827.2,6.70796,59.4896
12353,-1827.31,6.70792,59.492
12354,-1827.42,6.70788,59.4946
12355,-1827.53,6.70784,59.497
12356,-1827.65,6.7078,59.4995
12357,-1827.76,6.70776,59.502
12358,-1827.87,6.70772,59.5045
12359,-1827.98,6.70768,59.507
12360,-1828.1,6.70764,59.5094
12361,-1828.21,6.7076,59.5119
12362,-1828.32,6.70756,59.5144
12363,-1828.43,6.70752,59.5168
12364,-1828.55,6.70748,59.5193
12365,-1828.66,6.70743,59.5218
12366,-1828.77,6.70739,59.5242
12367,-1828.88,6.70735,59.5266
12368,-1829,6.70731,59.529
12369,-1829.11,6.70727,59.5315
12370,-1829.22,6.70723,59.5339
12371,-1829.33,6.70719,59.5364
12372,-1829.45,6.70715,59.5389
12373,-1829.56,6.70711,59.5413
12374,-1829.67,6.70707,59.5438
12375,-1829.78,6.70703,59.5462
12376,-1829.9,6.70699,59.5486
12377,-1830.01,6.70695,59.551
12378,-1830.12,6.70691,59.5535
12379,-1830.23,6.70687,59.5559
12380,-1830.35,6.70683,59.5583
12381,-1830.46,6.70679,59.5607
12382,-1830.57,6.70674,59.5632
12383,-1830.68,6.7067,59.5656
12384,-1830.8,6.70666,59.5681
12385,-1830.91,6.70662,59.5707
12386,-1831.02,6.70658,59.5731
12387,-1831.13,6.70654,59.5756
12388,-1831.25,6.7065,59.578
12389,-1831.36,6.70646,59.5853
12390,-1831.47,6.70642,59.5879
12391,-1831.59,6.70638,59.5903
12392,-1831.7,6.70634,59.5927
12393,-1831.81,6.7063,59.5952
12394,-1831.92,6.70626,59.5977
12395,-1832.04,6.70622,59.6001
12396,-1832.15,6.70618,59.6026
12397,-1832.26,6.70614,59.605
12398,-1832.37,6.7061,59.6075
12399,-1832.49,6.70605,59.61
12400,-1832.6,6.70601,59.6125
12401,-1832.71,6.70597,59.626
12402,-1832.82,6.70593,59.629
12403,-1832.94,6.70589,59.6315
12404,-1833.05,6.70585,59.6339
12405,-1833.16,6.70581,59.6364
12406,-1833.27,6.70577,59.6388
12407,-1833.39,6.70573,59.6413
12408,-1833.5,6.70569,59.6438
12409,-1833.61,6.70565,59.6463
12410,-1833.72,6.70561,59.6487
12411,-1833.84,6.70557,59.6512
12412,-1833.95,6.70553,59.6537
12413,-1834.06,6.70549,59.6562
12414,-1834.17,6.70545,59.6587
12415,-1834.29,6.70541,59.6611
12416,-1834.4,6.70537,59.6636
12417,-1834.51,6.70532,59.666
12418,-1834.62,6.70528,59.6684
12419,-1834.74,6.70524,59.6708
12420,-1834.85,6.7052,59.6732
12421,-1834.96,6.70516,59.6757
12422,-1835.07,6.70512,59.6781
12423,-1835.19,6.70508,59.6806
12424,-1835.3,6.70504,59.6831
12425,-1835.41,6.705,59.6856
12426,-1835.52,6.70496,59.6881
12427,-1835.63,6.70492,59.6906
12428,-1835.75,6.70488,59.693
12429,-1835.86,6.70484,59.6954
12430,-1835.97,6.7048,59.6979
12431,-1836.08,6.70476,59.7003
12432,-1836.2,6.70472,59.7027
12433,-1836.31,6.70468,59.7052
12434,-1836.42,6.70464,59.7077
12435,-1836.53,6.7046,59.7102
12436,-1836.65,6.70455,59.7127
12437,-1836.76,6.70451,59.7152
12438,-1836.87,6.70447,59.7177
12439,-1836.98,6.70443,59.7202
12440,-1837.1,6.70439,59.7227
12441,-1837.21,6.70435,59.7252
12442,-1837.32,6.70431,59.7276
12443,-1837.43,6.70427,59.7301
12444,-1837.55,6.70423,59.7325
12445,-1837.66,6.70419,59.735
12446,-1837.77,6.70415,59.7375
12447,-1837.88,6.70411,59.7399
12448,-1838,6.70407,59.7424
12449,-1838.11,6.70403,59.7448
12450,-1838.22,6.70399,59.7472
12451,-1838.33,6.70395,59.761
12452,-1838.45,6.70391,59.7639
12453,-1838.56,6.70387,59.7663
12454,-1838.67,6.70383,59.7687
12455,-1838.78,6.70379,59.7712
12456,-1838.9,6.70374,59.7736
12457,-1839.01,6.7037,59.7761
12458,-1839.12,6.70366,59.7785
12459,-1839.23,6.70362,59.7809
12460,-1839.35,6.70358,59.7834
12461,-1839.46,6.70354,59.7859
12462,-1839.57,6.7035,59.7883
12463,-1839.68,6.70346,59.7907
12464,-1839.8,6.70342,59.7931
12465,-1839.91,6.70338,59.7956
12466,-1840.02,6.70334,59.7981
12467,-1840.13,6.7033,59.8006
12468,-1840.24,6.70326,59.803
12469,-1840.36,6.70322,59.8055
12470,-1840.47,6.70318,59.8079
12471,-1840.58,6.70314,59.8103
12472,-1840.69,6.7031,59.8128
12473,-1840.81,6.70306,59.8152
12474,-1840.92,6.70302,59.8177
12475,-1841.03,6.70298,59.8202
12476,-1841.14,6.70294,59.8227
12477,-1841.26,6.7029,59.8251
12478,-1841.37,6.70285,59.8276
12479,-1841.48,6.70281,59.83
12480,-1841.59,6.70277,59.8325
12481,-1841.71,6.70273,59.835
12482,-1841.82,6.70269,59.8374
12483,-1841.93,6.70265,59.8398
12484,-1842.04,6.70261,59.8422
12485,-1842.16,6.70257,59.8446
12486,-1842.27,6.70253,59.847
12487,-1842.38,6.70249,59.8494
12488,-1842.49,6.70245,59.8519
12489,-1842.61,6.70241,59.8542
12490,-1842.72,6.70237,59.8567
12491,-1842.83,6.70233,59.8592
12492,-1842.94,6.70229,59.8616
12493,-1843.05,6.70225,59.8641
12494,-1843.17,6.70221,59.8665
12495,-1843.28,6.70217,59.8689
12496,-1843.39,6.70213,59.8714
12497,-1843.5,6.70209,59.8738
12498,-1843.62,6.70205,59.8762
12499,-1843.73,6.70201,59.8786
12500,-1843.84,6.70197,59.8811
12501,-1843.95,6.70193,59.8948
12502,-1844.07,6.70188,59.8978
12503,-1844.18,6.70184,59.9002
12504,-1844.29,6.7018,59.9026
12505,-1844.4,6.70176,59.9051
12506,-1844.52,6.70172,59.9075
12507,-1844.63,6.70168,59.9099
12508,-1844.74,6.70164,59.9123
12509,-1844.85,6.7016,59.9147
12510,-1844.96,6.70156,59.9171
12511,-1845.08,6.70152,59.9196
12512,-1845.19,6.70148,59.9221
12513,-1845.3,6.70144,59.9246
12514,-1845.41,6.7014,59.927
12515,-1845.53,6.70136,59.9294
12516,-1845.64,6.70132,59.9318
12517,-1845.75,6.70128,59.9342
12518,-1845.86,6.70124,59.9367
12519,-1845.98,6.7012,59.9391
12520,-1846.09,6.70116,59.9415
12521,-1846.2,6.70112,59.9439
12522,-1846.31,6.70108,59.9464
12523,-1846.43,6.70104,59.9488
12524,-1846.54,6.701,59.9512
12525,-1846.65,6.70096,59.9537
12526,-1846.76,6.70092,59.9562
12527,-1846.87,6.70088,59.9586
12528,-1846.99,6.70084,59.9611
12529,-1847.1,6.70079,59.9636
12530,-1847.21,6.70075,59.966
12531,-1847.32,6.70071,59.9686
12532,-1847.44,6.70067,59.971
12533,-1847.55,6.70063,59.9735
12534,-1847.66,6.70059,59.9759
12535,-1847.77,6.70055,59.9783
12536,-1847.89,6.70051,59.9807
12537,-1848,6.70047,59.9832
12538,-1848.11,6.70043,59.9857
12539,-1848.22,6.70039,59.9882
12540,-1848.33,6.70035,59.9905
12541,-1848.45,6.70031,59.9929
12542,-1848.56,6.70027,59.9954
12543,-1848.67,6.70023,59.9977
12544,-1848.78,6.70019,60.0002
12545,-1848.9,6.70015,60.0027
12546,-1849.01,6.70011,60.0052
12547,-1849.12,6.70007,60.0077
12548,-1849.23,6.70003,60.0102
12549,-1849.35,6.69999,60.0127
12550,-1849.46,6.69995,60.0152
12551,-1849.57,6.69991,60.029
12552,-1849.68,6.69987,60.0319
12553,-1849.79,6.69983,60.0344
12554,-1849.91,6.69979,60.0368
12555,-1850.02,6.69975,60.0393
12556,-1850.13,6.69971,60.0418
12557,-1850.24,6.69967,60.0442
12558,-1850.36,6.69963,60.0466
12559,-1850.47,6.69958,60.0491
12560,-1850.58,6.69954,60.0516
12561,-1850.69,6.6995,60.054
12562,-1850.8,6.69946,60.0564
12563,-1850.92,6.69942,60.0589
12564,-1851.03,6.69938,60.0613
12565,-1851.14,6.69934,60.0638
12566,-1851.25,6.6993,60.0662
12567,-1851.37,6.69926,60.0686
12568,-1851.48,6.69922,60.071
12569,-1851.59,6.69918,60.0734
12570,-1851.7,6.69914,60.0758
12571,-1851.82,6.6991,60.0783
12572,-1851.93,6.69906,60.0806
12573,-1852.04,6.69902,60.0831
12574,-1852.15,6.69898,60.0856
12575,-1852.26,6.69894,60.088
12576,-1852.38,6.6989,60.0905
12577,-1852.49,6.69886,60.093
12578,-1852.6,6.69882,60.0955
12579,-1852.71,6.69878,60.0978
12580,-1852.83,6.69874,60.1003
12581,-1852.94,6.6987,60.1028
12582,-1853.05,6.69866,60.1053
12583,-1853.16,6.69862,60.1077
12584,-1853.27,6.69858,60.1101
12585,-1853.39,6.69854,60.1125
12586,-1853.5,6.6985,60.1149
12587,-1853.61,6.69846,60.1174
12588,-1853.72,6.69842,60.1199
12589,-1853.84,6.69838,60.1223
12590,-1853.95,6.69834,60.1247
12591,-1854.06,6.6983,60.1271
12592,-1854.17,6.69826,60.1295
12593,-1854.28,6.69822,60.132
12594,-1854.4,6.69818,60.1344
12595,-1854.51,6.69813,60.1368
12596,-1854.62,6.69809,60.1393
12597,-1854.73,6.69805,60.1462
12598,-1854.85,6.69801,60.1573
12599,-1854.96,6.69797,60.1613
12600,-1855.07,6.69793,60.1647
12601,-1855.18,6.69789,60.1797
12602,-1855.29,6.69785,60.1829
12603,-1855.41,6.69781,60.1854
12604,-1855.52,6.69777,60.1879
12605,-1855.63,6.69773,60.1905
12606,-1855.74,6.69769,60.193
12607,-1855.86,6.69765,60.1954
12608,-1855.97,6.69761,60.1979
12609,-1856.08,6.69757,60.2005
12610,-1856.19,6.69753,60.203
12611,-1856.3,6.69749,60.2054
12612,-1856.42,6.69745,60.208
12613,-1856.53,6.69741,60.2106
12614,-1856.64,6.69737,60.2131
12615,-1856.75,6.69733,60.2156
12616,-1856.87,6.69729,60.2181
12617,-1856.98,6.69725,60.2205
12618,-1857.09,6.69721,60.2231
12619,-1857.2,6.69717,60.2256
12620,-1857.31,6.69713,60.2282
12621,-1857.43,6.69709,60.2307
12622,-1857.54,6.69705,60.2331
12623,-1857.65,6.69701,60.2355
12624,-1857.76,6.69697,60.238
12625,-1857.87,6.69693,60.2404
12626,-1857.99,6.69689,60.243
12627,-1858.1,6.69685,60.2455
12628,-1858.21,6.69681,60.2477
12629,-1858.32,6.69677,60.25
12630,-1858.44,6.69673,60.2521
12631,-1858.55,6.69669,60.2544
12632,-1858.66,6.69665,60.2569
12633,-1858.77,6.69661,60.2594
12634,-1858.88,6.69657,60.2618
12635,-1859,6.69653,60.2642
12636,-1859.11,6.69649,60.2667
12637,-1859.22,6.69645,60.2691
12638,-1859.33,6.69641,60.2716
12639,-1859.45,6.69637,60.274
12640,-1859.56,6.69633,60.2766
12641,-1859.67,6.69629,60.2789
12642,-1859.78,6.69625,60.2814
12643,-1859.89,6.6962,60.2839
12644,-1860.01,6.69616,60.2863
12645,-1860.12,6.69612,60.2887
12646,-1860.23,6.69608,60.2912
12647,-1860.34,6.69604,60.2936
12648,-1860.45,6.696,60.296
12649,-1860.57,6.69596,60.2984
12650,-1860.68,6.69592,60.301
12651,-1860.79,6.69588,60.315
12652,-1860.9,6.69584,60.3179
12653,-1861.02,6.6958,60.3204
12654,-1861.13,6.69576,60.3228
12655,-1861.24,6.69572,60.3253
12656,-1861.35,6.69568,60.3278
12657,-1861.46,6.69564,60.3458
12658,-1861.58,6.6956,60.3482
12659,-1861.69,6.69556,60.3506
12660,-1861.8,6.69552,60.3531
12661,-1861.91,6.69548,60.3555
12662,-1862.02,6.69544,60.358
12663,-1862.14,6.6954,60.3604
12664,-1862.25,6.69536,60.3628
12665,-1862.36,6.69532,60.3653
12666,-1862.47,6.69528,60.3677
12667,-1862.58,6.69524,60.3701
12668,-1862.7,6.6952,60.3725
12669,-1862.81,6.69516,60.375
12670,-1862.92,6.69512,60.3774
12671,-1863.03,6.69508,60.3798
12672,-1863.15,6.69504,60.3822
12673,-1863.26,6.695,60.3846
12674,-1863.37,6.69496,60.3871
12675,-1863.48,6.69492,60.3895
12676,-1863.59,6.69488,60.3919
12677,-1863.71,6.69484,60.3943
12678,-1863.82,6.6948,60.3968
12679,-1863.93,6.69476,60.3993
12680,-1864.04,6.69472,60.4017
12681,-1864.15,6.69468,60.4042
12682,-1864.27,6.69464,60.4067
12683,-1864.38,6.6946,60.409
12684,-1864.49,6.69456,60.4115
12685,-1864.6,6.69452,60.414
12686,-1864.71,6.69448,60.4164
12687,-1864.83,6.69444,60.4188
12688,-1864.94,6.6944,60.4212
12689,-1865.05,6.69436,60.4237
12690,-1865.16,6.69432,60.4261
12691,-1865.28,6.69428,60.4286
12692,-1865.39,6.69424,60.431
12693,-1865.5,6.6942,60.4334
12694,-1865.61,6.69416,60.4358
12695,-1865.72,6.69412,60.4382
12696,-1865.84,6.69408,60.4406
12697,-1865.95,6.69404,60.4431
12698,-1866.06,6.694,60.4455
12699,-1866.17,6.69396,60.448
12700,-1866.28,6.69392,60.4504
12701,-1866.4,6.69388,60.4649
12702,-1866.51,6.69384,60.468
12703,-1866.62,6.6938,60.4705
12704,-1866.73,6.69376,60.4731
12705,-1866.84,6.69372,60.4756
12706,-1866.96,6.69368,60.4781
12707,-1867.07,6.69364,60.4807
12708,-1867.18,6.6936,60.4832
12709,-1867.29,6.69356,60.4858
12710,-1867.4,6.69352,60.4881
12711,-1867.52,6.69348,60.4906
12712,-1867.63,6.69344,60.4931
12713,-1867.74,6.6934,60.4956
12714,-1867.85,6.69336,60.498
12715,-1867.96,6.69332,60.5004
12716,-1868.08,6.69328,60.5028
12717,-1868.19,6.69324,60.5052
12718,-1868.3,6.6932,60.5077
12719,-1868.41,6.69316,60.5101
12720,-1868.52,6.69312,60.5128
12721,-1868.64,6.69308,60.5152
12722,-1868.75,6.69304,60.5177
12723,-1868.86,6.693,60.5202
12724,-1868.97,6.69296,60.5226
12725,-1869.08,6.69292,60.525
12726,-1869.2,6.69288,60.5276
12727,-1869.31,6.69284,60.53
12728,-1869.42,6.6928,60.5326
12729,-1869.53,6.69276,60.5351
12730,-1869.65,6.69272,60.5375
12731,-1869.76,6.69268,60.5399
12732,-1869.87,6.69264,60.5423
12733,-1869.98,6.6926,60.5448
12734,-1870.09,6.69256,60.5473
12735,-1870.21,6.69252,60.5496
12736,-1870.32,6.69248,60.5522
12737,-1870.43,6.69244,60.5546
12738,-1870.54,6.6924,60.5571
12739,-1870.65,6.69236,60.5596
12740,-1870.77,6.69232,60.562
12741,-1870.88,6.69228,60.5645
12742,-1870.99,6.69224,60.5669
12743,-1871.1,6.6922,60.5693
12744,-1871.21,6.69216,60.5719
12745,-1871.33,6.69212,60.5744
12746,-1871.44,6.69208,60.5769
12747,-1871.55,6.69204,60.5793
12748,-1871.66,6.692,60.5817
12749,-1871.77,6.69196,60.5842
12750,-1871.89,6.69192,60.5866
12751,-1872,6.69188,60.6004
12752,-1872.11,6.69184,60.6034
12753,-1872.22,6.6918,60.6057
12754,-1872.33,6.69176,60.6082
12755,-1872.45,6.69172,60.6106
12756,-1872.56,6.69168,60.6131
12757,-1872.67,6.69164,60.6156
12758,-1872.78,6.6916,60.618
12759,-1872.89,6.69156,60.6205
12760,-1873.01,6.69152,60.623
12761,-1873.12,6.69148,60.6254
12762,-1873.23,6.69144,60.6278
12763,-1873.34,6.6914,60.6302
12764,-1873.45,6.69136,60.6328
12765,-1873.56,6.69132,60.6352
12766,-1873.68,6.69128,60.6376
12767,-1873.79,6.69124,60.64
12768,-1873.9,6.6912,60.6425
12769,-1874.01,6.69116,60.645
12770,-1874.12,6.69112,60.6475
12771,-1874.24,6.69108,60.6499
12772,-1874.35,6.69104,60.6523
12773,-1874.46,6.691,60.6548
12774,-1874.57,6.69096,60.6572
12775,-1874.68,6.69092,60.6596
12776,-1874.8,6.69088,60.662
12777,-1874.91,6.69084,60.6644
12778,-1875.02,6.6908,60.667
12779,-1875.13,6.69076,60.6695
12780,-1875.24,6.69072,60.6719
12781,-1875.36,6.69068,60.6743
12782,-1875.47,6.69064,60.6768
12783,-1875.58,6.6906,60.6792
12784,-1875.69,6.69056,60.6816
12785,-1875.8,6.69052,60.6841
12786,-1875.92,6.69048,60.6865
12787,-1876.03,6.69044,60.6889
12788,-1876.14,6.6904,60.6913
12789,-1876.25,6.69036,60.6937
12790,-1876.36,6.69032,60.6961
12791,-1876.48,6.69028,60.6985
12792,-1876.59,6.69024,60.7009
12793,-1876.7,6.6902,60.7033
12794,-1876.81,6.69016,60.7139
12795,-1876.92,6.69012,60.718
12796,-1877.04,6.69008,60.7215
12797,-1877.15,6.69004,60.7251
12798,-1877.26,6.69,60.7283
12799,-1877.37,6.68996,60.7311
12800,-1877.48,6.68992,60.7338
12801,-1877.59,6.68988,60.7484
12802,-1877.71,6.68984,60.7514
12803,-1877.82,6.6898,60.754
12804,-1877.93,6.68976,60.7565
12805,-1878.04,6.68972,60.7589
12806,-1878.15,6.68968,60.7614
12807,-1878.27,6.68964,60.7639
12808,-1878.38,6.6896,60.7664
12809,-1878.49,6.68956,60.769
12810,-1878.6,6.68952,60.7715
12811,-1878.71,6.68948,60.7741
12812,-1878.83,6.68944,60.7765
12813,-1878.94,6.6894,60.779
12814,-1879.05,6.68936,60.7814
12815,-1879.16,6.68932,60.7839
12816,-1879.27,6.68928,60.7863
12817,-1879.39,6.68924,60.7887
12818,-1879.5,6.6892,60.7912
12819,-1879.61,6.68916,60.7938
12820,-1879.72,6.68912,60.7962
12821,-1879.83,6.68908,60.7987
12822,-1879.94,6.68904,60.8011
12823,-1880.06,6.689,60.8036
12824,-1880.17,6.68896,60.8062
12825,-1880.28,6.68892,60.8087
12826,-1880.39,6.68888,60.8112
12827,-1880.5,6.68884,60.8136
12828,-1880.62,6.6888,60.8162
12829,-1880.73,6.68876,60.8187
12830,-1880.84,6.68872,60.8212
12831,-1880.95,6.68868,60.8236
12832,-1881.06,6.68864,60.8261
12833,-1881.18,6.6886,60.8286
12834,-1881.29,6.68856,60.831
12835,-1881.4,6.68852,60.8335
12836,-1881.51,6.68848,60.836
12837,-1881.62,6.68844,60.8384
12838,-1881.73,6.6884,60.8408
12839,-1881.85,6.68836,60.8432
12840,-1881.96,6.68832,60.8456
12841,-1882.07,6.68828,60.8481
12842,-1882.18,6.68824,60.8506
12843,-1882.29,6.6882,60.853
12844,-1882.41,6.68816,60.8555
12845,-1882.52,6.68812,60.8579
12846,-1882.63,6.68808,60.8603
12847,-1882.74,6.68804,60.8627
12848,-1882.85,6.688,60.8651
12849,-1882.97,6.68796,60.8676
12850,-1883.08,6.68792,60.87
12851,-1883.19,6.68788,60.8842
12852,-1883.3,6.68784,60.8871
12853,-1883.41,6.6878,60.8896
12854,-1883.52,6.68776,60.8921
12855,-1883.64,6.68772,60.8944
12856,-1883.75,6.68769,60.8969
12857,-1883.86,6.68765,60.8993
12858,-1883.97,6.68761,60.9018
12859,-1884.08,6.68757,60.9043
12860,-1884.2,6.68753,60.9068
12861,-1884.31,6.68749,60.9092
12862,-1884.42,6.68745,60.9117
12863,-1884.53,6.68741,60.9141
12864,-1884.64,6.68737,60.9166
12865,-1884.75,6.68733,60.9191
12866,-1884.87,6.68729,60.9215
12867,-1884.98,6.68725,60.9239
12868,-1885.09,6.68721,60.9264
12869,-1885.2,6.68717,60.9289
12870,-1885.31,6.68713,60.9314
12871,-1885.43,6.68709,60.9338
12872,-1885.54,6.68705,60.9363
12873,-1885.65,6.68701,60.9388
12874,-1885.76,6.68697,60.9413
12875,-1885.87,6.68693,60.9438
12876,-1885.98,6.68689,60.9461
12877,-1886.1,6.68685,60.9486
12878,-1886.21,6.68681,60.951
12879,-1886.32,6.68677,60.9535
12880,-1886.43,6.68673,60.9559
12881,-1886.54,6.68669,60.9583
12882,-1886.66,6.68665,60.9607
12883,-1886.77,6.68661,60.9631
12884,-1886.88,6.68657,60.9655
12885,-1886.99,6.68653,60.968
12886,-1887.1,6.68649,60.9704
12887,-1887.21,6.68645,60.9728
12888,-1887.33,6.68641,60.9752
12889,-1887.44,6.68637,60.9776
12890,-1887.55,6.68633,60.98
12891,-1887.66,6.68629,60.9824
12892,-1887.77,6.68625,60.9848
12893,-1887.88,6.68621,60.9873
12894,-1888,6.68617,60.9897
12895,-1888.11,6.68613,60.9923
12896,-1888.22,6.68609,60.9947
12897,-1888.33,6.68605,60.9972
12898,-1888.44,6.68601,60.9996
12899,-1888.56,6.68597,61.002
12900,-1888.67,6.68593,61.0045
12901,-1888.78,6.68589,61.0184
12902,-1888.89,6.68585,61.0216
12903,-1889,6.68581,61.0241
12904,-1889.11,6.68578,61.0265
12905,-1889.23,6.68574,61.029
12906,-1889.34,6.6857,61.0314
12907,-1889.45,6.68566,61.0339
12908,-1889.56,6.68562,61.0363
12909,-1889.67,6.68558,61.0388
12910,-1889.78,6.68554,61.0412
12911,-1889.9,6.6855,61.0436
12912,-1890.01,6.68546,61.0462
12913,-1890.12,6.68542,61.0487
12914,-1890.23,6.68538,61.0512
12915,-1890.34,6.68534,61.0536
12916,-1890.46,6.6853,61.056
12917,-1890.57,6.68526,61.0584
12918,-1890.68,6.68522,61.0608
12919,-1890.79,6.68518,61.0632
12920,-1890.9,6.68514,61.0656
12921,-1891.01,6.6851,61.1758
12922,-1891.13,6.68506,61.1798
12923,-1891.24,6.68502,61.1834
12924,-1891.35,6.68498,61.1865
12925,-1891.46,6.68494,61.6352
12926,-1891.57,6.6849,61.6398
12927,-1891.68,6.68486,61.643
12928,-1891.8,6.68482,61.6459
12929,-1891.91,6.68478,61.6488
12930,-1892.02,6.68474,61.6514
12931,-1892.13,6.6847,61.654
12932,-1892.24,6.68466,61.6564
12933,-1892.35,6.68462,61.6588
12934,-1892.47,6.68458,61.6613
12935,-1892.58,6.68454,61.6638
12936,-1892.69,6.6845,61.6663
12937,-1892.8,6.68446,61.669
12938,-1892.91,6.68442,61.6715
12939,-1893.03,6.68438,61.674
12940,-1893.14,6.68434,61.6767
12941,-1893.25,6.68431,61.6791
12942,-1893.36,6.68427,61.6817
12943,-1893.47,6.68423,61.6842
12944,-1893.58,6.68419,61.6866
12945,-1893.7,6.68415,61.6891
12946,-1893.81,6.68411,61.6917
12947,-1893.92,6.68407,61.6942
12948,-1894.03,6.68403,61.6967
12949,-1894.14,6.68399,61.6991
12950,-1894.25,6.68395,61.7017
12951,-1894.37,6.68391,61.7344
12952,-1894.48,6.68387,61.7386
12953,-1894.59,6.68383,61.7423
12954,-1894.7,6.68379,61.7458
12955,-1894.81,6.68375,61.7488
12956,-1894.92,6.68371,61.7515
12957,-1895.04,6.68367,61.7543
12958,-1895.15,6.68363,61.757
12959,-1895.26,6.68359,61.7595
12960,-1895.37,6.68355,61.7621
12961,-1895.48,6.68351,61.7646
12962,-1895.59,6.68347,61.7672
12963,-1895.71,6.68343,61.7698
12964,-1895.82,6.68339,61.7724
12965,-1895.93,6.68335,61.7749
12966,-1896.04,6.68331,61.867
12967,-1896.15,6.68327,61.8736
12968,-1896.26,6.68323,61.8773
12969,-1896.38,6.68319,61.8806
12970,-1896.49,6.68315,61.8838
12971,-1896.6,6.68311,61.8866
12972,-1896.71,6.68308,61.8893
12973,-1896.82,6.68304,61.892
12974,-1896.93,6.683,61.8946
12975,-1897.05,6.68296,61.8972
12976,-1897.16,6.68292,61.8998
12977,-1897.27,6.68288,61.9024
12978,-1897.38,6.68284,61.905
12979,-1897.49,6.6828,61.9075
12980,-1897.6,6.68276,61.9101
12981,-1897.72,6.68272,61.9128
12982,-1897.83,6.68268,61.9153
12983,-1897.94,6.68264,61.9179
12984,-1898.05,6.6826,61.9204
12985,-1898.16,6.68256,61.9229
12986,-1898.27,6.68252,61.9254
12987,-1898.39,6.68248,61.928
12988,-1898.5,6.68244,61.9305
12989,-1898.61,6.6824,61.933
12990,-1898.72,6.68236,61.9355
12991,-1898.83,6.68232,61.938
12992,-1898.94,6.68228,61.9404
12993,-1899.06,6.68224,61.9428
12994,-1899.17,6.6822,61.9453
12995,-1899.28,6.68216,61.9479
12996,-1899.39,6.68212,61.9504
12997,-1899.5,6.68208,61.9529
12998,-1899.61,6.68204,61.9554
12999,-1899.73,6.68201,61.9579
13000,-1899.84,6.68197,61.9605
13001,-1899.95,6.68193,61.9808
13002,-1900.06,6.68189,61.984
13003,-1900.17,6.68185,61.9863
13004,-1900.28,6.68181,61.9884
13005,-1900.4,6.68177,61.9905
13006,-1900.51,6.68173,61.9927
13007,-1900.62,6.68169,61.995
13008,-1900.73,6.68165,61.9973
13009,-1900.84,6.68161,61.9995
13010,-1900.95,6.68157,62.0015
13011,-1901.06,6.68153,62.0037
13012,-1901.18,6.68149,62.0062
13013,-1901.29,6.68145,62.0087
13014,-1901.4,6.68141,62.0112
13015,-1901.51,6.68137,62.0137
13016,-1901.62,6.68133,62.0162
13017,-1901.73,6.68129,62.0187
13018,-1901.85,6.68125,62.0212
13019,-1901.96,6.68121,62.0237
13020,-1902.07,6.68117,62.0261
13021,-1902.18,6.68113,62.0286
13022,-1902.29,6.68109,62.0311
13023,-1902.4,6.68106,62.0336
13024,-1902.52,6.68102,62.0361
13025,-1902.63,6.68098,62.0386
13026,-1902.74,6.68094,62.0411
13027,-1902.85,6.6809,62.0436
13028,-1902.96,6.68086,62.0461
13029,-1903.07,6.68082,62.0485
13030,-1903.19,6.68078,62.051
13031,-1903.3,6.68074,62.0535
13032,-1903.41,6.6807,62.0559
13033,-1903.52,6.68066,62.0584
13034,-1903.63,6.68062,62.0608
13035,-1903.74,6.68058,62.0633
13036,-1903.85,6.68054,62.0658
13037,-1903.97,6.6805,62.0682
13038,-1904.08,6.68046,62.0707
13039,-1904.19,6.68042,62.0732
13040,-1904.3,6.68038,62.0756
13041,-1904.41,6.68034,62.0781
13042,-1904.52,6.6803,62.0805
13043,-1904.64,6.68026,62.083
13044,-1904.75,6.68022,62.0855
13045,-1904.86,6.68019,62.0878
13046,-1904.97,6.68015,62.0903
13047,-1905.08,6.68011,62.0927
13048,-1905.19,6.68007,62.0951
13049,-1905.3,6.68003,62.0976
13050,-1905.42,6.67999,62.1
13051,-1905.53,6.67995,62.1114
13052,-1905.64,6.67991,62.114
13053,-1905.75,6.67987,62.1165
13054,-1905.86,6.67983,62.1191
13055,-1905.97,6.67979,62.1215
13056,-1906.09,6.67975,62.124
13057,-1906.2,6.67971,62.1265
13058,-1906.31,6.67967,62.129
13059,-1906.42,6.67963,62.1315
13060,-1906.53,6.67959,62.1339
13061,-1906.64,6.67955,62.1364
13062,-1906.76,6.67951,62.1388
13063,-1906.87,6.67947,62.1413
13064,-1906.98,6.67943,62.1438
13065,-1907.09,6.67939,62.1464
13066,-1907.2,6.67936,62.1489
13067,-1907.31,6.67932,62.1514
13068,-1907.42,6.67928,62.1539
13069,-1907.54,6.67924,62.1564
13070,-1907.65,6.6792,62.1588
13071,-1907.76,6.67916,62.1613
13072,-1907.87,6.67912,62.1637
13073,-1907.98,6.67908,62.1662
13074,-1908.09,6.67904,62.1688
13075,-1908.2,6.679,62.1713
13076,-1908.32,6.67896,62.1739
13077,-1908.43,6.67892,62.1763
13078,-1908.54,6.67888,62.1788
13079,-1908.65,6.67884,62.1813
13080,-1908.76,6.6788,62.1837
13081,-1908.87,6.67876,62.1862
13082,-1908.99,6.67872,62.1887
13083,-1909.1,6.67868,62.1912
13084,-1909.21,6.67864,62.1937
13085,-1909.32,6.6786,62.1961
13086,-1909.43,6.67857,62.1986
13087,-1909.54,6.67853,62.2011
13088,-1909.65,6.67849,62.2036
13089,-1909.77,6.67845,62.206
13090,-1909.88,6.67841,62.2086
13091,-1909.99,6.67837,62.2112
13092,-1910.1,6.67833,62.2137
13093,-1910.21,6.67829,62.2162
13094,-1910.32,6.67825,62.2187
13095,-1910.43,6.67821,62.2211
13096,-1910.55,6.67817,62.2235
13097,-1910.66,6.67813,62.2259
13098,-1910.77,6.67809,62.2284
13099,-1910.88,6.67805,62.2309
13100,-1910.99,6.67801,62.2334
13101,-1911.1,6.67797,62.244
13102,-1911.22,6.67793,62.2465
13103,-1911.33,6.67789,62.2489
13104,-1911.44,6.67786,62.2513
13105,-1911.55,6.67782,62.2539
13106,-1911.66,6.67778,62.2563
13107,-1911.77,6.67774,62.2588
13108,-1911.88,6.6777,62.2612
13109,-1912,6.67766,62.2636
13110,-1912.11,6.67762,62.2663
13111,-1912.22,6.67758,62.2687
13112,-1912.33,6.67754,62.2711
13113,-1912.44,6.6775,62.2737
13114,-1912.55,6.67746,62.2763
13115,-1912.66,6.67742,62.2787
13116,-1912.78,6.67738,62.281
13117,-1912.89,6.67734,62.2835
13118,-1913,6.6773,62.2859
13119,-1913.11,6.67726,62.2883
13120,-1913.22,6.67722,62.2908
13121,-1913.33,6.67718,62.2933
13122,-1913.44,6.67715,62.2957
13123,-1913.56,6.67711,62.2983
13124,-1913.67,6.67707,62.3008
13125,-1913.78,6.67703,62.3033
13126,-1913.89,6.67699,62.3057
13127,-1914,6.67695,62.3082
13128,-1914.11,6.67691,62.3107
13129,-1914.22,6.67687,62.3131
13130,-1914.34,6.67683,62.3156
13131,-1914.45,6.67679,62.318
13132,-1914.56,6.67675,62.3205
13133,-1914.67,6.67671,62.3229
13134,-1914.78,6.67667,62.3253
13135,-1914.89,6.67663,62.3278
13136,-1915,6.67659,62.3302
13137,-1915.12,6.67655,62.3326
13138,-1915.23,6.67651,62.3351
13139,-1915.34,6.67648,62.3375
13140,-1915.45,6.67644,62.3399
13141,-1915.56,6.6764,62.3424
13142,-1915.67,6.67636,62.3448
13143,-1915.78,6.67632,62.3472
13144,-1915.9,6.67628,62.3497
13145,-1916.01,6.67624,62.3521
13146,-1916.12,6.6762,62.3546
13147,-1916.23,6.67616,62.357
13148,-1916.34,6.67612,62.3595
13149,-1916.45,6.67608,62.362
13150,-1916.56,6.67604,62.3644
13151,-1916.68,6.676,62.3782
13152,-1916.79,6.67596,62.3812
13153,-1916.9,6.67592,62.4087
13154,-1917.01,6.67588,62.4128
13155,-1917.12,6.67585,62.4166
13156,-1917.23,6.67581,62.4198
13157,-1917.34,6.67577,62.4224
13158,-1917.46,6.67573,62.4249
13159,-1917.57,6.67569,62.4274
13160,-1917.68,6.67565,62.43
13161,-1917.79,6.67561,62.4326
13162,-1917.9,6.67557,62.4352
13163,-1918.01,6.67553,62.4377
13164,-1918.12,6.67549,62.4404
13165,-1918.24,6.67545,62.4429
13166,-1918.35,6.67541,62.4454
13167,-1918.46,6.67537,62.4478
13168,-1918.57,6.67533,62.4503
13169,-1918.68,6.67529,62.4527
13170,-1918.79,6.67525,62.4551
13171,-1918.9,6.67522,62.4576
13172,-1919.02,6.67518,62.4601
13173,-1919.13,6.67514,62.4626
13174,-1919.24,6.6751,62.465
13175,-1919.35,6.67506,62.4675
13176,-1919.46,6.67502,62.4701
13177,-1919.57,6.67498,62.4725
13178,-1919.68,6.67494,62.4749
13179,-1919.79,6.6749,62.4773
13180,-1919.91,6.67486,62.4798
13181,-1920.02,6.67482,62.4822
13182,-1920.13,6.67478,62.4847
13183,-1920.24,6.67474,62.4871
13184,-1920.35,6.6747,62.4896
13185,-1920.46,6.67466,62.492
13186,-1920.57,6.67463,62.4944
13187,-1920.69,6.67459,62.4968
13188,-1920.8,6.67455,62.4993
13189,-1920.91,6.67451,62.5017
13190,-1921.02,6.67447,62.5041
13191,-1921.13,6.67443,62.5066
13192,-1921.24,6.67439,62.5091
13193,-1921.35,6.67435,62.5224
13194,-1921.47,6.67431,62.5405
13195,-1921.58,6.67427,62.5446
13196,-1921.69,6.67423,62.5892
13197,-1921.8,6.67419,62.5926
13198,-1921.91,6.67415,62.5954
13199,-1922.02,6.67411,62.598
13200,-1922.13,6.67408,62.6007
13201,-1922.24,6.67404,62.6328
13202,-1922.36,6.674,62.6368
13203,-1922.47,6.67396,62.6404
13204,-1922.58,6.67392,62.6438
13205,-1922.69,6.67388,62.8126
13206,-1922.8,6.67384,63.0591
13207,-1922.91,6.6738,63.0627
13208,-1923.02,6.67376,63.0655
13209,-1923.14,6.67372,63.068
13210,-1923.25,6.67368,63.0707
13211,-1923.36,6.67364,63.0734
13212,-1923.47,6.6736,63.076
13213,-1923.58,6.67356,63.0785
13214,-1923.69,6.67353,63.0809
13215,-1923.8,6.67349,63.0834
13216,-1923.91,6.67345,63.0859
13217,-1924.03,6.67341,63.0884
13218,-1924.14,6.67337,63.0908
13219,-1924.25,6.67333,63.0932
13220,-1924.36,6.67329,63.0957
13221,-1924.47,6.67325,63.0981
13222,-1924.58,6.67321,63.1006
13223,-1924.69,6.67317,63.1031
13224,-1924.8,6.67313,63.1056
13225,-1924.92,6.67309,63.1081
13226,-1925.03,6.67305,63.1106
13227,-1925.14,6.67301,63.1131
13228,-1925.25,6.67298,63.1156
13229,-1925.36,6.67294,63.1181
13230,-1925.47,6.6729,63.1206
13231,-1925.58,6.67286,63.1231
13232,-1925.7,6.67282,63.1255
13233,-1925.81,6.67278,63.128
13234,-1925.92,6.67274,63.1304
13235,-1926.03,6.6727,63.1329
13236,-1926.14,6.67266,63.1354
13237,-1926.25,6.67262,63.1378
13238,-1926.36,6.67258,63.1403
13239,-1926.47,6.67254,63.1427
13240,-1926.59,6.6725,63.1451
13241,-1926.7,6.67247,63.1476
13242,-1926.81,6.67243,63.1501
13243,-1926.92,6.67239,63.1526
13244,-1927.03,6.67235,63.155
13245,-1927.14,6.67231,63.1575
13246,-1927.25,6.67227,63.1599
13247,-1927.36,6.67223,63.1624
13248,-1927.48,6.67219,63.1648
13249,-1927.59,6.67215,63.1673
13250,-1927.7,6.67211,63.1697
13251,-1927.81,6.67207,63.2172
13252,-1927.92,6.67203,63.2212
13253,-1928.03,6.67199,63.2241
13254,-1928.14,6.67196,63.2269
13255,-1928.25,6.67192,63.2294
13256,-1928.37,6.67188,63.232
13257,-1928.48,6.67184,63.2346
13258,-1928.59,6.6718,63.2372
13259,-1928.7,6.67176,63.2397
13260,-1928.81,6.67172,63.2422
13261,-1928.92,6.67168,63.2447
13262,-1929.03,6.67164,63.2471
13263,-1929.14,6.6716,63.2496
13264,-1929.26,6.67156,63.252
13265,-1929.37,6.67152,63.2545
13266,-1929.48,6.67148,63.2569
13267,-1929.59,6.67145,63.2594
13268,-1929.7,6.67141,63.2618
13269,-1929.81,6.67137,63.2643
13270,-1929.92,6.67133,63.2669
13271,-1930.03,6.67129,63.2693
13272,-1930.15,6.67125,63.2717
13273,-1930.26,6.67121,63.2742
13274,-1930.37,6.67117,63.2767
13275,-1930.48,6.67113,63.2791
13276,-1930.59,6.67109,63.2816
13277,-1930.7,6.67105,63.2841
13278,-1930.81,6.67101,63.2866
13279,-1930.92,6.67098,63.2891
13280,-1931.04,6.67094,63.2915
13281,-1931.15,6.6709,63.294
13282,-1931.26,6.67086,63.2966
13283,-1931.37,6.67082,63.2992
13284,-1931.48,6.67078,63.3017
13285,-1931.59,6.67074,63.3228
13286,-1931.7,6.6707,63.3269
13287,-1931.81,6.67066,63.3417
13288,-1931.93,6.67062,63.3453
13289,-1932.04,6.67058,63.348
13290,-1932.15,6.67054,63.3505
13291,-1932.26,6.67051,63.3531
13292,-1932.37,6.67047,63.3556
13293,-1932.48,6.67043,63.3583
13294,-1932.59,6.67039,63.3607
13295,-1932.7,6.67035,63.3633
13296,-1932.81,6.67031,63.3659
13297,-1932.93,6.67027,63.3684
13298,-1933.04,6.67023,63.371
13299,-1933.15,6.67019,63.3735
13300,-1933.26,6.67015,63.376
13301,-1933.37,6.67011,63.4068
13302,-1933.48,6.67007,63.4108
13303,-1933.59,6.67004,63.414
13304,-1933.7,6.67,63.4166
13305,-1933.82,6.66996,63.4191
13306,-1933.93,6.66992,63.4217
13307,-1934.04,6.66988,63.4242
13308,-1934.15,6.66984,63.4267
13309,-1934.26,6.6698,63.4291
13310,-1934.37,6.66976,63.4316
13311,-1934.48,6.66972,63.4342
13312,-1934.59,6.66968,63.4367
13313,-1934.7,6.66964,63.4391
13314,-1934.82,6.6696,63.4416
13315,-1934.93,6.66957,63.444
13316,-1935.04,6.66953,63.4465
13317,-1935.15,6.66949,63.4489
13318,-1935.26,6.66945,63.4514
13319,-1935.37,6.66941,63.4539
13320,-1935.48,6.66937,63.4563
13321,-1935.59,6.66933,63.4588
13322,-1935.71,6.66929,63.4612
13323,-1935.82,6.66925,63.4637
13324,-1935.93,6.66921,63.4661
13325,-1936.04,6.66917,63.4686
13326,-1936.15,6.66914,63.4711
13327,-1936.26,6.6691,63.4736
13328,-1936.37,6.66906,63.476
13329,-1936.48,6.66902,63.4785
13330,-1936.59,6.66898,63.4809
13331,-1936.71,6.66894,63.4944
13332,-1936.82,6.6689,63.4985
13333,-1936.93,6.66886,63.5121
13334,-1937.04,6.66882,63.5158
13335,-1937.15,6.66878,63.5187
13336,-1937.26,6.66874,63.5214
13337,-1937.37,6.66871,63.524
13338,-1937.48,6.66867,63.5267
13339,-1937.59,6.66863,63.5292
13340,-1937.71,6.66859,63.5317
13341,-1937.82,6.66855,63.5342
13342,-1937.93,6.66851,63.5368
13343,-1938.04,6.66847,63.5393
13344,-1938.15,6.66843,63.5418
13345,-1938.26,6.66839,63.5444
13346,-1938.37,6.66835,63.5468
13347,-1938.48,6.66831,63.5493
13348,-1938.6,6.66828,63.5517
13349,-1938.71,6.66824,63.5543
13350,-1938.82,6.6682,63.5568
13351,-1938.93,6.66816,63.5957
13352,-1939.04,6.66812,63.5988
13353,-1939.15,6.66808,63.6012
13354,-1939.26,6.66804,63.6037
13355,-1939.37,6.668,63.6062
13356,-1939.48,6.66796,63.6088
13357,-1939.6,6.66792,63.6112
13358,-1939.71,6.66788,63.6137
13359,-1939.82,6.66785,63.6161
13360,-1939.93,6.66781,63.6185
13361,-1940.04,6.66777,63.621
13362,-1940.15,6.66773,63.6235
13363,-1940.26,6.66769,63.6259
13364,-1940.37,6.66765,63.6283
13365,-1940.48,6.66761,63.6308
13366,-1940.6,6.66757,63.6332
13367,-1940.71,6.66753,63.6356
13368,-1940.82,6.66749,63.6381
13369,-1940.93,6.66745,63.6405
13370,-1941.04,6.66742,63.643
13371,-1941.15,6.66738,63.6454
13372,-1941.26,6.66734,63.6479
13373,-1941.37,6.6673,63.6654
13374,-1941.48,6.66726,63.6695
13375,-1941.59,6.66722,63.6729
13376,-1941.71,6.66718,63.6755
13377,-1941.82,6.66714,63.6783
13378,-1941.93,6.6671,63.6809
13379,-1942.04,6.66706,63.6835
13380,-1942.15,6.66703,63.6862
13381,-1942.26,6.66699,63.6888
13382,-1942.37,6.66695,63.6912
13383,-1942.48,6.66691,63.6937
13384,-1942.59,6.66687,63.6961
13385,-1942.71,6.66683,63.7124
13386,-1942.82,6.66679,63.7166
13387,-1942.93,6.66675,63.7203
13388,-1943.04,6.66671,63.7237
13389,-1943.15,6.66667,63.7267
13390,-1943.26,6.66664,63.7292
13391,-1943.37,6.6666,63.7319
13392,-1943.48,6.66656,63.7347
13393,-1943.59,6.66652,63.7373
13394,-1943.71,6.66648,63.7399
13395,-1943.82,6.66644,63.7424
13396,-1943.93,6.6664,63.7449
13397,-1944.04,6.66636,63.7474
13398,-1944.15,6.66632,63.7498
13399,-1944.26,6.66628,63.7523
13400,-1944.37,6.66624,63.7547
13401,-1944.48,6.66621,63.9164
13402,-1944.59,6.66617,63.9219
13403,-1944.7,6.66613,63.9254
13404,-1944.82,6.66609,63.9287
13405,-1944.93,6.66605,63.9319
13406,-1945.04,6.66601,63.9347
13407,-1945.15,6.66597,63.9375
13408,-1945.26,6.66593,63.9403
13409,-1945.37,6.66589,63.943
13410,-1945.48,6.66585,63.9457
13411,-1945.59,6.66582,63.9483
13412,-1945.7,6.66578,63.9508
13413,-1945.81,6.66574,63.9534
13414,-1945.93,6.6657,63.956
13415,-1946.04,6.66566,63.9768
13416,-1946.15,6.66562,63.9806
13417,-1946.26,6.66558,63.9841
13418,-1946.37,6.66554,63.9874
13419,-1946.48,6.6655,63.9903
13420,-1946.59,6.66547,63.9932
13421,-1946.7,6.66543,63.9958
13422,-1946.81,6.66539,63.9983
13423,-1946.93,6.66535,64.0007
13424,-1947.04,6.66531,64.0033
13425,-1947.15,6.66527,64.0055
13426,-1947.26,6.66523,64.008
13427,-1947.37,6.66519,64.0105
13428,-1947.48,6.66515,64.0131
13429,-1947.59,6.66511,64.0155
13430,-1947.7,6.66508,64.0181
13431,-1947.81,6.66504,64.0206
13432,-1947.92,6.665,64.0232
13433,-1948.04,6.66496,64.0258
13434,-1948.15,6.66492,64.0283
13435,-1948.26,6.66488,64.0308
13436,-1948.37,6.66484,64.0332
13437,-1948.48,6.6648,64.0357
13438,-1948.59,6.66476,64.0383
13439,-1948.7,6.66472,64.0407
13440,-1948.81,6.66469,64.0432
13441,-1948.92,6.66465,64.0456
13442,-1949.03,6.66461,64.0481
13443,-1949.15,6.66457,64.0506
13444,-1949.26,6.66453,64.053
13445,-1949.37,6.66449,64.0554
13446,-1949.48,6.66445,64.0579
13447,-1949.59,6.66441,64.0731
13448,-1949.7,6.66437,64.0868
13449,-1949.81,6.66434,64.0908
13450,-1949.92,6.6643,64.0943
13451,-1950.03,6.66426,64.1533
13452,-1950.14,6.66422,64.1569
13453,-1950.26,6.66418,64.1595
13454,-1950.37,6.66414,64.1621
13455,-1950.48,6.6641,64.1648
13456,-1950.59,6.66406,64.1673
13457,-1950.7,6.66402,64.17
13458,-1950.81,6.66399,64.1726
13459,-1950.92,6.66395,64.2098
13460,-1951.03,6.66391,64.2141
13461,-1951.14,6.66387,64.2178
13462,-1951.25,6.66383,64.2212
13463,-1951.36,6.66379,64.2242
13464,-1951.48,6.66375,64.2269
13465,-1951.59,6.66371,64.2295
13466,-1951.7,6.66367,64.2321
13467,-1951.81,6.66364,64.2347
13468,-1951.92,6.6636,64.2373
13469,-1952.03,6.66356,64.2398
13470,-1952.14,6.66352,64.2423
13471,-1952.25,6.66348,64.2447
13472,-1952.36,6.66344,64.2473
13473,-1952.47,6.6634,64.2497
13474,-1952.59,6.66336,64.2522
13475,-1952.7,6.66332,64.2547
13476,-1952.81,6.66328,64.2572
13477,-1952.92,6.66325,64.2597
13478,-1953.03,6.66321,64.2622
13479,-1953.14,6.66317,64.2646
13480,-1953.25,6.66313,64.2671
13481,-1953.36,6.66309,64.2696
13482,-1953.47,6.66305,64.2721
13483,-1953.58,6.66301,64.2745
13484,-1953.69,6.66297,64.277
13485,-1953.81,6.66294,64.2795
13486,-1953.92,6.6629,64.2819
13487,-1954.03,6.66286,64.2844
13488,-1954.14,6.66282,64.2869
13489,-1954.25,6.66278,64.2893
13490,-1954.36,6.66274,64.2917
13491,-1954.47,6.6627,64.306
13492,-1954.58,6.66266,64.3102
13493,-1954.69,6.66262,64.3238
13494,-1954.8,6.66259,64.3274
13495,-1954.91,6.66255,64.3305
13496,-1955.03,6.66251,64.3336
13497,-1955.14,6.66247,64.3364
13498,-1955.25,6.66243,64.3391
13499,-1955.36,6.66239,64.3418
13500,-1955.47,6.66235,64.3444
13501,-1955.58,6.66231,64.3967
13502,-1955.69,6.66227,64.3999
13503,-1955.8,6.66224,64.4025
13504,-1955.91,6.6622,64.405
13505,-1956.02,6.66216,64.4076
13506,-1956.13,6.66212,64.41
13507,-1956.25,6.66208,64.4125
13508,-1956.36,6.66204,64.4151
13509,-1956.47,6.662,64.4176
13510,-1956.58,6.66196,64.42
13511,-1956.69,6.66192,64.4225
13512,-1956.8,6.66189,64.4249
13513,-1956.91,6.66185,64.4275
13514,-1957.02,6.66181,64.4299
13515,-1957.13,6.66177,64.4324
13516,-1957.24,6.66173,64.4511
13517,-1957.35,6.66169,64.4553
13518,-1957.47,6.66165,64.4588
13519,-1957.58,6.66161,64.4617
13520,-1957.69,6.66158,64.4644
13521,-1957.8,6.66154,64.467
13522,-1957.91,6.6615,64.4698
13523,-1958.02,6.66146,64.4724
13524,-1958.13,6.66142,64.4749
13525,-1958.24,6.66138,64.4775
13526,-1958.35,6.66134,64.4801
13527,-1958.46,6.6613,64.4826
13528,-1958.57,6.66126,64.4851
13529,-1958.68,6.66123,64.4876
13530,-1958.8,6.66119,64.4901
13531,-1958.91,6.66115,64.4927
13532,-1959.02,6.66111,64.4953
13533,-1959.13,6.66107,64.4977
13534,-1959.24,6.66103,64.5003
13535,-1959.35,6.66099,64.5028
13536,-1959.46,6.66095,64.5053
13537,-1959.57,6.66092,64.5079
13538,-1959.68,6.66088,64.5104
13539,-1959.79,6.66084,64.513
13540,-1959.9,6.6608,64.5156
13541,-1960.02,6.66076,64.5182
13542,-1960.13,6.66072,64.5207
13543,-1960.24,6.66068,64.5232
13544,-1960.35,6.66064,64.5257
13545,-1960.46,6.6606,64.5281
13546,-1960.57,6.66057,64.5306
13547,-1960.68,6.66053,64.5331
13548,-1960.79,6.66049,64.5468
13549,-1960.9,6.66045,64.5508
13550,-1961.01,6.66041,64.5645
13551,-1961.12,6.66037,64.586
13552,-1961.23,6.66033,64.5894
13553,-1961.35,6.66029,64.5922
13554,-1961.46,6.66026,64.5948
13555,-1961.57,6.66022,64.5974
13556,-1961.68,6.66018,64.6001
13557,-1961.79,6.66014,64.6026
13558,-1961.9,6.6601,64.6051
13559,-1962.01,6.66006,64.6079
13560,-1962.12,6.66002,64.6105
13561,-1962.23,6.65998,64.6131
13562,-1962.34,6.65995,64.6157
13563,-1962.45,6.65991,64.6182
13564,-1962.56,6.65987,64.6208
13565,-1962.68,6.65983,64.6233
13566,-1962.79,6.65979,64.6258
13567,-1962.9,6.65975,64.6283
13568,-1963.01,6.65971,64.631
13569,-1963.12,6.65967,64.6749
13570,-1963.23,6.65964,64.678
13571,-1963.34,6.6596,64.6807
13572,-1963.45,6.65956,64.6833
13573,-1963.56,6.65952,64.6859
13574,-1963.67,6.65948,64.6884
13575,-1963.78,6.65944,64.6909
13576,-1963.89,6.6594,64.6935
13577,-1964,6.65936,64.696
13578,-1964.12,6.65933,64.7245
13579,-1964.23,6.65929,64.7285
13580,-1964.34,6.65925,64.732
13581,-1964.45,6.65921,64.7353
13582,-1964.56,6.65917,64.7381
13583,-1964.67,6.65913,64.7409
13584,-1964.78,6.65909,64.7436
13585,-1964.89,6.65905,64.7463
13586,-1965,6.65902,64.7488
13587,-1965.11,6.65898,64.7516
13588,-1965.22,6.65894,64.7542
13589,-1965.33,6.6589,64.7568
13590,-1965.44,6.65886,64.7593
13591,-1965.56,6.65882,64.7619
13592,-1965.67,6.65878,64.7643
13593,-1965.78,6.65874,64.7669
13594,-1965.89,6.65871,64.7694
13595,-1966,6.65867,64.772
13596,-1966.11,6.65863,64.7746
13597,-1966.22,6.65859,64.777
13598,-1966.33,6.65855,64.7796
13599,-1966.44,6.65851,64.782
13600,-1966.55,6.65847,64.7845
13601,-1966.66,6.65843,64.8466
13602,-1966.77,6.6584,64.8508
13603,-1966.88,6.65836,64.854
13604,-1967,6.65832,64.8566
13605,-1967.11,6.65828,64.8596
13606,-1967.22,6.65824,64.8622
13607,-1967.33,6.6582,64.8649
13608,-1967.44,6.65816,64.8676
13609,-1967.55,6.65813,64.8701
13610,-1967.66,6.65809,64.8726
13611,-1967.77,6.65805,64.8752
13612,-1967.88,6.65801,64.8777
13613,-1967.99,6.65797,64.8802
13614,-1968.1,6.65793,64.8828
13615,-1968.21,6.65789,64.8853
13616,-1968.32,6.65785,64.8877
13617,-1968.44,6.65782,64.8901
13618,-1968.55,6.65778,64.898
13619,-1968.66,6.65774,64.9005
13620,-1968.77,6.6577,64.9031
13621,-1968.88,6.65766,64.9056
13622,-1968.99,6.65762,64.908
13623,-1969.1,6.65758,64.9105
13624,-1969.21,6.65755,64.913
13625,-1969.32,6.65751,64.9155
13626,-1969.43,6.65747,64.9179
13627,-1969.54,6.65743,64.9205
13628,-1969.65,6.65739,64.923
13629,-1969.76,6.65735,64.9255
13630,-1969.87,6.65731,64.9279
13631,-1969.99,6.65727,64.9304
13632,-1970.1,6.65724,64.9329
13633,-1970.21,6.6572,64.9353
13634,-1970.32,6.65716,64.9378
13635,-1970.43,6.65712,64.9403
13636,-1970.54,6.65708,64.9427
13637,-1970.65,6.65704,64.9451
13638,-1970.76,6.657,64.9476
13639,-1970.87,6.65697,64.9502
13640,-1970.98,6.65693,64.9527
13641,-1971.09,6.65689,64.9551
13642,-1971.2,6.65685,64.9576
13643,-1971.31,6.65681,64.96
13644,-1971.42,6.65677,64.9624
13645,-1971.54,6.65673,64.9649
13646,-1971.65,6.65669,64.9674
13647,-1971.76,6.65666,64.9698
13648,-1971.87,6.65662,64.9723
13649,-1971.98,6.65658,64.9747
13650,-1972.09,6.65654,64.9772
13651,-1972.2,6.6565,65.0031
13652,-1972.31,6.65646,65.0072
13653,-1972.42,6.65642,65.0107
13654,-1972.53,6.65639,65.0137
13655,-1972.64,6.65635,65.0164
13656,-1972.75,6.65631,65.019
13657,-1972.86,6.65627,65.0215
13658,-1972.97,6.65623,65.024
13659,-1973.09,6.65619,65.0265
13660,-1973.2,6.65615,65.029
13661,-1973.31,6.65611,65.0316
13662,-1973.42,6.65608,65.0341
13663,-1973.53,6.65604,65.0368
13664,-1973.64,6.656,65.0394
13665,-1973.75,6.65596,65.042
13666,-1973.86,6.65592,65.0445
13667,-1973.97,6.65588,65.047
13668,-1974.08,6.65584,65.0496
13669,-1974.19,6.65581,65.0521
13670,-1974.3,6.65577,65.0546
13671,-1974.41,6.65573,65.0571
13672,-1974.52,6.65569,65.0595
13673,-1974.63,6.65565,65.0621
13674,-1974.75,6.65561,65.0646
13675,-1974.86,6.65557,65.0671
13676,-1974.97,6.65554,65.0697
13677,-1975.08,6.6555,65.0722
13678,-1975.19,6.65546,65.0748
13679,-1975.3,6.65542,65.0773
13680,-1975.41,6.65538,65.0798
13681,-1975.52,6.65534,65.0822
13682,-1975.63,6.6553,65.0846
13683,-1975.74,6.65527,65.0871
13684,-1975.85,6.65523,65.1005
13685,-1975.96,6.65519,65.1046
13686,-1976.07,6.65515,65.108
13687,-1976.18,6.65511,65.1209
13688,-1976.29,6.65507,65.1251
13689,-1976.41,6.65503,65.1282
13690,-1976.52,6.655,65.1311
13691,-1976.63,6.65496,65.1338
13692,-1976.74,6.65492,65.1363
13693,-1976.85,6.65488,65.1389
13694,-1976.96,6.65484,65.1413
13695,-1977.07,6.6548,65.1438
13696,-1977.18,6.65476,65.1463
13697,-1977.29,6.65473,65.1488
13698,-1977.4,6.65469,65.1513
13699,-1977.51,6.65465,65.154
13700,-1977.62,6.65461,65.1565
13701,-1977.73,6.65457,65.1682
13702,-1977.84,6.65453,65.1708
13703,-1977.95,6.65449,65.1733
13704,-1978.06,6.65446,65.1758
13705,-1978.18,6.65442,65.1784
13706,-1978.29,6.65438,65.1809
13707,-1978.4,6.65434,65.1835
13708,-1978.51,6.6543,65.186
13709,-1978.62,6.65426,65.1886
13710,-1978.73,6.65422,65.191
13711,-1978.84,6.65419,65.1936
13712,-1978.95,6.65415,65.1961
13713,-1979.06,6.65411,65.1987
13714,-1979.17,6.65407,65.2012
13715,-1979.28,6.65403,65.2038
13716,-1979.39,6.65399,65.2063
13717,-1979.5,6.65395,65.2088
13718,-1979.61,6.65392,65.2113
13719,-1979.72,6.65388,65.2139
13720,-1979.83,6.65384,65.2163
13721,-1979.94,6.6538,65.2188
13722,-1980.06,6.65376,65.2212
13723,-1980.17,6.65372,65.2237
13724,-1980.28,6.65368,65.2262
13725,-1980.39,6.65365,65.2286
13726,-1980.5,6.65361,65.2311
13727,-1980.61,6.65357,65.2425
13728,-1980.72,6.65353,65.2449
13729,-1980.83,6.65349,65.2474
13730,-1980.94,6.65345,65.2498
13731,-1981.05,6.65341,65.2523
13732,-1981.16,6.65338,65.2547
13733,-1981.27,6.65334,65.2572
13734,-1981.38,6.6533,65.2597
13735,-1981.49,6.65326,65.2621
13736,-1981.6,6.65322,65.2646
13737,-1981.71,6.65318,65.267
13738,-1981.82,6.65315,65.2695
13739,-1981.94,6.65311,65.2719
13740,-1982.05,6.65307,65.2743
13741,-1982.16,6.65303,65.291
13742,-1982.27,6.65299,65.2953
13743,-1982.38,6.65295,65.2991
13744,-1982.49,6.65291,65.3025
13745,-1982.6,6.65288,65.3053
13746,-1982.71,6.65284,65.3081
13747,-1982.82,6.6528,65.3108
13748,-1982.93,6.65276,65.3134
13749,-1983.04,6.65272,65.316
13750,-1983.15,6.65268,65.3185
13751,-1983.26,6.65264,65.3404
13752,-1983.37,6.65261,65.3446
13753,-1983.48,6.65257,65.3483
13754,-1983.59,6.65253,65.3519
13755,-1983.7,6.65249,65.3546
13756,-1983.81,6.65245,65.3576
13757,-1983.93,6.65241,65.3602
13758,-1984.04,6.65238,65.363
13759,-1984.15,6.65234,65.3657
13760,-1984.26,6.6523,65.3684
13761,-1984.37,6.65226,65.371
13762,-1984.48,6.65222,65.3736
13763,-1984.59,6.65218,65.3762
13764,-1984.7,6.65214,65.3787
13765,-1984.81,6.65211,65.3812
13766,-1984.92,6.65207,65.3837
13767,-1985.03,6.65203,65.3862
13768,-1985.14,6.65199,65.3887
13769,-1985.25,6.65195,65.4034
13770,-1985.36,6.65191,65.4166
13771,-1985.47,6.65187,65.4207
13772,-1985.58,6.65184,65.424
13773,-1985.69,6.6518,65.4269
13774,-1985.8,6.65176,65.4296
13775,-1985.91,6.65172,65.4324
13776,-1986.03,6.65168,65.435
13777,-1986.14,6.65164,65.4376
13778,-1986.25,6.65161,65.4403
13779,-1986.36,6.65157,65.443
13780,-1986.47,6.65153,65.4457
13781,-1986.58,6.65149,65.4483
13782,-1986.69,6.65145,65.451
13783,-1986.8,6.65141,65.4536
13784,-1986.91,6.65137,65.4562
13785,-1987.02,6.65134,65.4587
13786,-1987.13,6.6513,65.4612
13787,-1987.24,6.65126,65.4637
13788,-1987.35,6.65122,65.4662
13789,-1987.46,6.65118,65.4687
13790,-1987.57,6.65114,65.4712
13791,-1987.68,6.65111,65.4736
13792,-1987.79,6.65107,65.4761
13793,-1987.9,6.65103,65.4787
13794,-1988.01,6.65099,65.4811
13795,-1988.12,6.65095,65.489
13796,-1988.24,6.65091,65.4916
13797,-1988.35,6.65088,65.4941
13798,-1988.46,6.65084,65.4967
13799,-1988.57,6.6508,65.4992
13800,-1988.68,6.65076,65.5017
13801,-1988.79,6.65072,65.5321
13802,-1988.9,6.65068,65.5347
13803,-1989.01,6.65064,65.5373
13804,-1989.12,6.65061,65.5398
13805,-1989.23,6.65057,65.5424
13806,-1989.34,6.65053,65.545
13807,-1989.45,6.65049,65.5475
13808,-1989.56,6.65045,65.5501
13809,-1989.67,6.65041,65.5527
13810,-1989.78,6.65038,65.5553
13811,-1989.89,6.65034,65.5578
13812,-1990,6.6503,65.5603
13813,-1990.11,6.65026,65.563
13814,-1990.22,6.65022,65.5655
13815,-1990.33,6.65018,65.568
13816,-1990.44,6.65015,65.5705
13817,-1990.56,6.65011,65.5732
13818,-1990.67,6.65007,65.5758
13819,-1990.78,6.65003,65.5784
13820,-1990.89,6.64999,65.5811
13821,-1991,6.64995,65.5836
13822,-1991.11,6.64991,65.5862
13823,-1991.22,6.64988,65.5888
13824,-1991.33,6.64984,65.5913
13825,-1991.44,6.6498,65.5939
13826,-1991.55,6.64976,65.5965
13827,-1991.66,6.64972,65.599
13828,-1991.77,6.64968,65.6015
13829,-1991.88,6.64965,65.6039
13830,-1991.99,6.64961,65.6065
13831,-1992.1,6.64957,65.609
13832,-1992.21,6.64953,65.6116
13833,-1992.32,6.64949,65.6141
13834,-1992.43,6.64945,65.6166
13835,-1992.54,6.64942,65.6191
13836,-1992.65,6.64938,65.6216
13837,-1992.76,6.64934,65.6389
13838,-1992.87,6.6493,65.643
13839,-1992.98,6.64926,65.6468
13840,-1993.1,6.64922,65.6502
13841,-1993.21,6.64919,65.6533
13842,-1993.32,6.64915,65.6561
13843,-1993.43,6.64911,65.6588
13844,-1993.54,6.64907,65.6614
13845,-1993.65,6.64903,65.6639
13846,-1993.76,6.64899,65.6664
13847,-1993.87,6.64896,65.6691
13848,-1993.98,6.64892,65.6716
13849,-1994.09,6.64888,65.6741
13850,-1994.2,6.64884,65.6766
13851,-1994.31,6.6488,65.704
13852,-1994.42,6.64876,65.7066
13853,-1994.53,6.64873,65.7091
13854,-1994.64,6.64869,65.7117
13855,-1994.75,6.64865,65.7143
13856,-1994.86,6.64861,65.7167
13857,-1994.97,6.64857,65.7192
13858,-1995.08,6.64853,65.7216
13859,-1995.19,6.6485,65.7242
13860,-1995.3,6.64846,65.7392
13861,-1995.41,6.64842,65.7433
13862,-1995.52,6.64838,65.7468
13863,-1995.63,6.64834,65.76
13864,-1995.75,6.6483,65.7638
13865,-1995.86,6.64827,65.767
13866,-1995.97,6.64823,65.7699
13867,-1996.08,6.64819,65.7725
13868,-1996.19,6.64815,65.7751
13869,-1996.3,6.64811,65.7778
13870,-1996.41,6.64807,65.7805
13871,-1996.52,6.64804,65.7831
13872,-1996.63,6.648,65.7857
13873,-1996.74,6.64796,65.7881
13874,-1996.85,6.64792,65.7907
13875,-1996.96,6.64788,65.7931
13876,-1997.07,6.64784,65.7958
13877,-1997.18,6.64781,65.7982
13878,-1997.29,6.64777,65.8008
13879,-1997.4,6.64773,65.8033
13880,-1997.51,6.64769,65.8058
13881,-1997.62,6.64765,65.8084
13882,-1997.73,6.64761,65.8109
13883,-1997.84,6.64758,65.8134
13884,-1997.95,6.64754,65.8159
13885,-1998.06,6.6475,65.8184
13886,-1998.17,6.64746,65.821
13887,-1998.28,6.64742,65.8235
13888,-1998.39,6.64738,65.826
13889,-1998.5,6.64735,65.8285
13890,-1998.61,6.64731,65.831
13891,-1998.73,6.64727,65.8334
13892,-1998.84,6.64723,65.8359
13893,-1998.95,6.64719,65.8385
13894,-1999.06,6.64715,65.841
13895,-1999.17,6.64712,65.8435
13896,-1999.28,6.64708,65.8459
13897,-1999.39,6.64704,65.8484
13898,-1999.5,6.647,65.8509
13899,-1999.61,6.64696,65.8535
13900,-1999.72,6.64692,65.8559
13901,-1999.83,6.64689,66.0346
13902,-1999.94,6.64685,66.039
13903,-2000.05,6.64681,66.0423
13904,-2000.16,6.64677,66.0451
13905,-2000.27,6.64673,66.0478
13906,-2000.38,6.64669,66.0504
13907,-2000.49,6.64666,66.0529
13908,-2000.6,6.64662,66.0554
13909,-2000.71,6.64658,66.058
13910,-2000.82,6.64654,66.0605
13911,-2000.93,6.6465,66.0629
13912,-2001.04,6.64647,66.0654
13913,-2001.15,6.64643,66.0679
13914,-2001.26,6.64639,66.0704
13915,-2001.37,6.64635,66.0729
13916,-2001.48,6.64631,66.0754
13917,-2001.59,6.64627,66.0778
13918,-2001.7,6.64624,66.0802
13919,-2001.81,6.6462,66.0828
13920,-2001.92,6.64616,66.0852
13921,-2002.04,6.64612,66.0877
13922,-2002.15,6.64608,66.0902
13923,-2002.26,6.64604,66.0927
13924,-2002.37,6.64601,66.0951
13925,-2002.48,6.64597,66.0977
13926,-2002.59,6.64593,66.1001
13927,-2002.7,6.64589,66.1026
13928,-2002.81,6.64585,66.1051
13929,-2002.92,6.64581,66.1074
13930,-2003.03,6.64578,66.1099
13931,-2003.14,6.64574,66.1278
13932,-2003.25,6.6457,66.1315
13933,-2003.36,6.64566,66.1353
13934,-2003.47,6.64562,66.1386
13935,-2003.58,6.64559,66.1414
13936,-2003.69,6.64555,66.1442
13937,-2003.8,6.64551,66.1469
13938,-2003.91,6.64547,66.1495
13939,-2004.02,6.64543,66.1522
13940,-2004.13,6.64539,66.1548
13941,-2004.24,6.64536,66.1573
13942,-2004.35,6.64532,66.1599
13943,-2004.46,6.64528,66.1624
13944,-2004.57,6.64524,66.1648
13945,-2004.68,6.6452,66.1673
13946,-2004.79,6.64516,66.1698
13947,-2004.9,6.64513,66.1722
13948,-2005.01,6.64509,66.1749
13949,-2005.12,6.64505,66.1774
13950,-2005.23,6.64501,66.1799
13951,-2005.34,6.64497,66.209
13952,-2005.45,6.64494,66.212
13953,-2005.56,6.6449,66.2146
13954,-2005.67,6.64486,66.217
13955,-2005.79,6.64482,66.2195
13956,-2005.9,6.64478,66.222
13957,-2006.01,6.64474,66.2245
13958,-2006.12,6.64471,66.246
13959,-2006.23,6.64467,66.2502
13960,-2006.34,6.64463,66.2635
13961,-2006.45,6.64459,66.2672
13962,-2006.56,6.64455,66.2704
13963,-2006.67,6.64452,66.2731
13964,-2006.78,6.64448,66.2757
13965,-2006.89,6.64444,66.2783
13966,-2007,6.6444,66.2809
13967,-2007.11,6.64436,66.2835
13968,-2007.22,6.64432,66.2861
13969,-2007.33,6.64429,66.2886
13970,-2007.44,6.64425,66.3067
13971,-2007.55,6.64421,66.3107
13972,-2007.66,6.64417,66.3142
13973,-2007.77,6.64413,66.3173
13974,-2007.88,6.64409,66.3201
13975,-2007.99,6.64406,66.3226
13976,-2008.1,6.64402,66.3252
13977,-2008.21,6.64398,66.3278
13978,-2008.32,6.64394,66.3303
13979,-2008.43,6.6439,66.3328
13980,-2008.54,6.64387,66.3354
13981,-2008.65,6.64383,66.3379
13982,-2008.76,6.64379,66.3405
13983,-2008.87,6.64375,66.3431
13984,-2008.98,6.64371,66.3456
13985,-2009.09,6.64368,66.3481
13986,-2009.2,6.64364,66.3506
13987,-2009.31,6.6436,66.3531
13988,-2009.42,6.64356,66.3556
13989,-2009.53,6.64352,66.3582
13990,-2009.64,6.64348,66.3606
13991,-2009.75,6.64345,66.363
13992,-2009.86,6.64341,66.3655
13993,-2009.97,6.64337,66.368
13994,-2010.08,6.64333,66.3773
13995,-2010.19,6.64329,66.3799
13996,-2010.3,6.64326,66.3823
13997,-2010.41,6.64322,66.3849
13998,-2010.53,6.64318,66.3874
13999,-2010.64,6.64314,66.4019
14000,-2010.75,6.6431,66.4059
14001,-2010.86,6.64306,66.4229
14002,-2010.97,6.64303,66.4268
14003,-2011.08,6.64299,66.4298
14004,-2011.19,6.64295,66.4326
14005,-2011.3,6.64291,66.4352
14006,-2011.41,6.64287,66.4379
14007,-2011.52,6.64284,66.4404
14008,-2011.63,6.6428,66.443
14009,-2011.74,6.64276,66.4454
14010,-2011.85,6.64272,66.4479
14011,-2011.96,6.64268,66.4504
14012,-2012.07,6.64264,66.4528
14013,-2012.18,6.64261,66.4553
14014,-2012.29,6.64257,66.4579
14015,-2012.4,6.64253,66.4604
14016,-2012.51,6.64249,66.4629
14017,-2012.62,6.64245,66.4654
14018,-2012.73,6.64242,66.4678
14019,-2012.84,6.64238,66.4702
14020,-2012.95,6.64234,66.4726
14021,-2013.06,6.6423,66.4751
14022,-2013.17,6.64226,66.4777
14023,-2013.28,6.64223,66.4801
14024,-2013.39,6.64219,66.4827
14025,-2013.5,6.64215,66.4853
14026,-2013.61,6.64211,66.4878
14027,-2013.72,6.64207,66.4902
14028,-2013.83,6.64204,66.4927
14029,-2013.94,6.642,66.4953
14030,-2014.05,6.64196,66.4977
14031,-2014.16,6.64192,66.5003
14032,-2014.27,6.64188,66.5028
14033,-2014.38,6.64184,66.5052
14034,-2014.49,6.64181,66.5077
14035,-2014.6,6.64177,66.5102
14036,-2014.71,6.64173,66.5126
14037,-2014.82,6.64169,66.5151
14038,-2014.93,6.64165,66.5175
14039,-2015.04,6.64162,66.52
14040,-2015.15,6.64158,66.5225
14041,-2015.26,6.64154,66.525
14042,-2015.37,6.6415,66.5275
14043,-2015.48,6.64146,66.5299
14044,-2015.59,6.64143,66.5324
14045,-2015.7,6.64139,66.5349
14046,-2015.81,6.64135,66.5373
14047,-2015.92,6.64131,66.5398
14048,-2016.03,6.64127,66.5422
14049,-2016.14,6.64124,66.5446
14050,-2016.25,6.6412,66.547
14051,-2016.36,6.64116,66.5523
14052,-2016.47,6.64112,66.5549
14053,-2016.58,6.64108,66.5574
14054,-2016.69,6.64104,66.5599
14055,-2016.8,6.64101,66.5623
14056,-2016.91,6.64097,66.5647
14057,-2017.02,6.64093,66.5671
14058,-2017.13,6.64089,66.5696
14059,-2017.25,6.64085,66.5721
14060,-2017.36,6.64082,66.5746
14061,-2017.47,6.64078,66.5771
14062,-2017.58,6.64074,66.5796
14063,-2017.69,6.6407,66.582
14064,-2017.8,6.64066,66.5845
14065,-2017.91,6.64063,66.587
14066,-2018.02,6.64059,66.5895
14067,-2018.13,6.64055,66.592
14068,-2018.24,6.64051,66.5944
14069,-2018.35,6.64047,66.5969
14070,-2018.46,6.64044,66.5993
14071,-2018.57,6.6404,66.6018
14072,-2018.68,6.64036,66.6043
14073,-2018.79,6.64032,66.6068
14074,-2018.9,6.64028,66.6093
14075,-2019.01,6.64025,66.6118
14076,-2019.12,6.64021,66.6143
14077,-2019.23,6.64017,66.6168
14078,-2019.34,6.64013,66.6193
14079,-2019.45,6.64009,66.6217
14080,-2019.56,6.64006,66.6242
14081,-2019.67,6.64002,66.6267
14082,-2019.78,6.63998,66.6291
14083,-2019.89,6.63994,66.6316
14084,-2020,6.6399,66.6341
14085,-2020.11,6.63987,66.6367
14086,-2020.22,6.63983,66.6392
14087,-2020.33,6.63979,66.6417
14088,-2020.44,6.63975,66.6442
14089,-2020.55,6.63971,66.6466
14090,-2020.66,6.63967,66.6491
14091,-2020.77,6.63964,66.6516
14092,-2020.88,6.6396,66.6541
14093,-2020.99,6.63956,66.6566
14094,-2021.1,6.63952,66.6591
14095,-2021.21,6.63948,66.6616
14096,-2021.32,6.63945,66.6641
14097,-2021.43,6.63941,66.6665
14098,-2021.54,6.63937,66.669
14099,-2021.65,6.63933,66.6715
14100,-2021.76,6.63929,66.674
14101,-2021.87,6.63926,66.6787
14102,-2021.98,6.63922,66.6813
14103,-2022.09,6.63918,66.6837
14104,-2022.2,6.63914,66.6861
14105,-2022.31,6.6391,66.6886
14106,-2022.42,6.63907,66.6912
14107,-2022.53,6.63903,66.6938
14108,-2022.64,6.63899,66.6962
14109,-2022.75,6.63895,66.6987
14110,-2022.86,6.63891,66.7011
14111,-2022.97,6.63888,66.7036
14112,-2023.08,6.63884,66.7061
14113,-2023.19,6.6388,66.7086
14114,-2023.3,6.63876,66.7111
14115,-2023.41,6.63872,66.7137
14116,-2023.52,6.63869,66.7162
14117,-2023.63,6.63865,66.7276
14118,-2023.74,6.63861,66.7318
14119,-2023.85,6.63857,66.7351
14120,-2023.96,6.63853,66.7381
14121,-2024.07,6.6385,66.7406
14122,-2024.18,6.63846,66.7432
14123,-2024.29,6.63842,66.7458
14124,-2024.4,6.63838,66.7483
14125,-2024.51,6.63834,66.7509
14126,-2024.62,6.63831,66.7534
14127,-2024.73,6.63827,66.7559
14128,-2024.84,6.63823,66.7585
14129,-2024.95,6.63819,66.761
14130,-2025.06,6.63815,66.7633
14131,-2025.17,6.63812,66.7658
14132,-2025.28,6.63808,66.7682
14133,-2025.39,6.63804,66.7706
14134,-2025.5,6.638,66.7732
14135,-2025.61,6.63797,66.7756
14136,-2025.72,6.63793,66.7781
14137,-2025.83,6.63789,66.7806
14138,-2025.94,6.63785,66.7831
14139,-2026.05,6.63781,66.7855
14140,-2026.16,6.63778,66.7879
14141,-2026.27,6.63774,66.7903
14142,-2026.38,6.6377,66.7928
14143,-2026.49,6.63766,66.7952
14144,-2026.6,6.63762,66.7977
14145,-2026.71,6.63759,66.8001
14146,-2026.82,6.63755,66.8026
14147,-2026.93,6.63751,66.8051
14148,-2027.04,6.63747,66.8075
14149,-2027.15,6.63743,66.81
14150,-2027.26,6.6374,66.8124
14151,-2027.37,6.63736,66.8179
14152,-2027.48,6.63732,66.8204
14153,-2027.59,6.63728,66.823
14154,-2027.7,6.63724,66.8256
14155,-2027.81,6.63721,66.8281
14156,-2027.92,6.63717,66.8307
14157,-2028.03,6.63713,66.8332
14158,-2028.14,6.63709,66.8357
14159,-2028.25,6.63705,66.8381
14160,-2028.36,6.63702,66.8406
14161,-2028.47,6.63698,66.843
14162,-2028.58,6.63694,66.8454
14163,-2028.69,6.6369,66.8479
14164,-2028.8,6.63686,66.8503
14165,-2028.91,6.63683,66.8528
14166,-2029.02,6.63679,66.8553
14167,-2029.13,6.63675,66.8577
14168,-2029.24,6.63671,66.8601
14169,-2029.35,6.63668,66.8626
14170,-2029.46,6.63664,66.8651
14171,-2029.57,6.6366,66.8676
14172,-2029.68,6.63656,66.87
14173,-2029.79,6.63652,66.8725
14174,-2029.9,6.63649,66.8749
14175,-2030.01,6.63645,66.8774
14176,-2030.12,6.63641,66.88
14177,-2030.23,6.63637,66.8825
14178,-2030.34,6.63633,66.8849
14179,-2030.45,6.6363,66.8874
14180,-2030.56,6.63626,66.8898
14181,-2030.67,6.63622,66.8923
14182,-2030.78,6.63618,66.8947
14183,-2030.89,6.63614,66.8971
14184,-2031,6.63611,66.8997
14185,-2031.11,6.63607,66.9023
14186,-2031.22,6.63603,66.9047
14187,-2031.33,6.63599,66.9072
14188,-2031.44,6.63595,66.9097
14189,-2031.55,6.63592,66.9121
14190,-2031.66,6.63588,66.9146
14191,-2031.77,6.63584,66.917
14192,-2031.88,6.6358,66.9194
14193,-2031.99,6.63577,66.9219
14194,-2032.1,6.63573,66.9245
14195,-2032.21,6.63569,66.927
14196,-2032.32,6.63565,66.9294
14197,-2032.43,6.63561,66.9319
14198,-2032.54,6.63558,66.9343
14199,-2032.65,6.63554,66.9367
14200,-2032.76,6.6355,66.9391
14201,-2032.87,6.63546,66.9437
14202,-2032.98,6.63542,66.9463
14203,-2033.09,6.63539,66.9488
14204,-2033.2,6.63535,66.9513
14205,-2033.31,6.63531,66.9539
14206,-2033.42,6.63527,66.9563
14207,-2033.53,6.63524,66.9588
14208,-2033.64,6.6352,66.9613
14209,-2033.75,6.63516,66.9638
14210,-2033.86,6.63512,66.9663
14211,-2033.97,6.63508,66.9688
14212,-2034.08,6.63505,66.9712
14213,-2034.19,6.63501,66.9737
14214,-2034.3,6.63497,66.9763
14215,-2034.41,6.63493,66.9787
14216,-2034.52,6.63489,66.9811
14217,-2034.63,6.63486,66.9836
14218,-2034.74,6.63482,66.986
14219,-2034.85,6.63478,66.9886
14220,-2034.96,6.63474,66.991
14221,-2035.07,6.63471,66.9935
14222,-2035.18,6.63467,66.996
14223,-2035.29,6.63463,66.9985
14224,-2035.4,6.63459,67.0009
14225,-2035.51,6.63455,67.0034
14226,-2035.62,6.63452,67.0059
14227,-2035.73,6.63448,67.0084
14228,-2035.84,6.63444,67.0109
14229,-2035.95,6.6344,67.0134
14230,-2036.06,6.63436,67.0159
14231,-2036.17,6.63433,67.0183
14232,-2036.28,6.63429,67.0208
14233,-2036.38,6.63425,67.0232
14234,-2036.49,6.63421,67.0257
14235,-2036.6,6.63418,67.0281
14236,-2036.71,6.63414,67.0306
14237,-2036.82,6.6341,67.033
14238,-2036.93,6.63406,67.0356
14239,-2037.04,6.63402,67.038
14240,-2037.15,6.63399,67.0404
14241,-2037.26,6.63395,67.0428
14242,-2037.37,6.63391,67.0453
14243,-2037.48,6.63387,67.0478
14244,-2037.59,6.63384,67.0503
14245,-2037.7,6.6338,67.0527
14246,-2037.81,6.63376,67.0552
14247,-2037.92,6.63372,67.0577
14248,-2038.03,6.63368,67.0602
14249,-2038.14,6.63365,67.0627
14250,-2038.25,6.63361,67.0651
14251,-2038.36,6.63357,67.0698
14252,-2038.47,6.63353,67.0722
14253,-2038.58,6.63349,67.0748
14254,-2038.69,6.63346,67.0773
14255,-2038.8,6.63342,67.0799
14256,-2038.91,6.63338,67.0824
14257,-2039.02,6.63334,67.0849
14258,-2039.13,6.63331,67.0874
14259,-2039.24,6.63327,67.0899
14260,-2039.35,6.63323,67.0923
14261,-2039.46,6.63319,67.1022
14262,-2039.57,6.63315,67.1047
14263,-2039.68,6.63312,67.1073
14264,-2039.79,6.63308,67.1098
14265,-2039.9,6.63304,67.1123
14266,-2040.01,6.633,67.1148
14267,-2040.12,6.63297,67.1174
14268,-2040.23,6.63293,67.1199
14269,-2040.34,6.63289,67.1224
14270,-2040.45,6.63285,67.125
14271,-2040.56,6.63281,67.1274
14272,-2040.67,6.63278,67.1298
14273,-2040.78,6.63274,67.1322
14274,-2040.89,6.6327,67.1347
14275,-2041,6.63266,67.1372
14276,-2041.11,6.63263,67.1398
14277,-2041.22,6.63259,67.1422
14278,-2041.33,6.63255,67.1447
14279,-2041.44,6.63251,67.1473
14280,-2041.55,6.63247,67.1498
14281,-2041.66,6.63244,67.1522
14282,-2041.77,6.6324,67.1546
14283,-2041.88,6.63236,67.157
14284,-2041.99,6.63232,67.1595
14285,-2042.1,6.63229,67.162
14286,-2042.21,6.63225,67.1645
14287,-2042.32,6.63221,67.167
14288,-2042.43,6.63217,67.1694
14289,-2042.54,6.63213,67.1718
14290,-2042.65,6.6321,67.1742
14291,-2042.76,6.63206,67.1767
14292,-2042.87,6.63202,67.1792
14293,-2042.98,6.63198,67.1816
14294,-2043.09,6.63195,67.1841
14295,-2043.19,6.63191,67.1866
14296,-2043.3,6.63187,67.1891
14297,-2043.41,6.63183,67.1916
14298,-2043.52,6.6318,67.1941
14299,-2043.63,6.63176,67.1966
14300,-2043.74,6.63172,67.1991
14301,-2043.85,6.63168,67.2038
14302,-2043.96,6.63164,67.2063
14303,-2044.07,6.63161,67.2088
14304,-2044.18,6.63157,67.2113
14305,-2044.29,6.63153,67.2138
14306,-2044.4,6.63149,67.2163
14307,-2044.51,6.63146,67.2188
14308,-2044.62,6.63142,67.2213
14309,-2044.73,6.63138,67.2238
14310,-2044.84,6.63134,67.2262
14311,-2044.95,6.6313,67.2287
14312,-2045.06,6.63127,67.2311
14313,-2045.17,6.63123,67.2336
14314,-2045.28,6.63119,67.2361
14315,-2045.39,6.63115,67.2386
14316,-2045.5,6.63112,67.241
14317,-2045.61,6.63108,67.2435
14318,-2045.72,6.63104,67.246
14319,-2045.83,6.631,67.2485
14320,-2045.94,6.63096,67.251
14321,-2046.05,6.63093,67.2534
14322,-2046.16,6.63089,67.2559
14323,-2046.27,6.63085,67.2583
14324,-2046.38,6.63081,67.2608
14325,-2046.49,6.63078,67.2633
14326,-2046.6,6.63074,67.2658
14327,-2046.71,6.6307,67.2683
14328,-2046.82,6.63066,67.2707
14329,-2046.93,6.63063,67.2732
14330,-2047.04,6.63059,67.2757
14331,-2047.15,6.63055,67.2781
14332,-2047.26,6.63051,67.2806
14333,-2047.37,6.63047,67.2831
14334,-2047.48,6.63044,67.2856
14335,-2047.59,6.6304,67.2881
14336,-2047.7,6.63036,67.2906
14337,-2047.81,6.63032,67.2931
14338,-2047.91,6.63029,67.2956
14339,-2048.02,6.63025,67.298
14340,-2048.13,6.63021,67.3006
14341,-2048.24,6.63017,67.3032
14342,-2048.35,6.63014,67.3057
14343,-2048.46,6.6301,67.3082
14344,-2048.57,6.63006,67.3106
14345,-2048.68,6.63002,67.3131
14346,-2048.79,6.62998,67.3156
14347,-2048.9,6.62995,67.318
14348,-2049.01,6.62991,67.3205
14349,-2049.12,6.62987,67.323
14350,-2049.23,6.62983,67.3254
14351,-2049.34,6.6298,67.33
14352,-2049.45,6.62976,67.3325
14353,-2049.56,6.62972,67.3349
14354,-2049.67,6.62968,67.3374
14355,-2049.78,6.62965,67.3398
14356,-2049.89,6.62961,67.3422
14357,-2050,6.62957,67.3446
14358,-2050.11,6.62953,67.3471
14359,-2050.22,6.6295,67.3496
14360,-2050.33,6.62946,67.352
14361,-2050.44,6.62942,67.3545
14362,-2050.55,6.62938,67.3569
14363,-2050.66,6.62934,67.3594
14364,-2050.77,6.62931,67.3618
14365,-2050.88,6.62927,67.3643
14366,-2050.99,6.62923,67.3668
14367,-2051.1,6.62919,67.3692
14368,-2051.21,6.62916,67.3716
14369,-2051.32,6.62912,67.3741
14370,-2051.43,6.62908,67.3766
14371,-2051.54,6.62904,67.379
14372,-2051.64,6.62901,67.3815
14373,-2051.75,6.62897,67.3839
14374,-2051.86,6.62893,67.3864
14375,-2051.97,6.62889,67.3888
14376,-2052.08,6.62886,67.3912
14377,-2052.19,6.62882,67.3937
14378,-2052.3,6.62878,67.3961
14379,-2052.41,6.62874,67.3986
14380,-2052.52,6.6287,67.4011
14381,-2052.63,6.62867,67.4036
14382,-2052.74,6.62863,67.406
14383,-2052.85,6.62859,67.4085
14384,-2052.96,6.62855,67.4109
14385,-2053.07,6.62852,67.4133
14386,-2053.18,6.62848,67.4157
14387,-2053.29,6.62844,67.4182
14388,-2053.4,6.6284,67.4206
14389,-2053.51,6.62837,67.4231
14390,-2053.62,6.62833,67.4256
14391,-2053.73,6.62829,67.4281
14392,-2053.84,6.62825,67.4305
14393,-2053.95,6.62822,67.433
14394,-2054.06,6.62818,67.4355
14395,-2054.17,6.62814,67.438
14396,-2054.28,6.6281,67.4404
14397,-2054.39,6.62806,67.4429
14398,-2054.5,6.62803,67.4453
14399,-2054.61,6.62799,67.4478
14400,-2054.72,6.62795,67.4502
14401,-2054.83,6.62791,67.4549
14402,-2054.93,6.62788,67.4574
14403,-2055.04,6.62784,67.4599
14404,-2055.15,6.6278,67.4624
14405,-2055.26,6.62776,67.4649
14406,-2055.37,6.62773,67.4673
14407,-2055.48,6.62769,67.4698
14408,-2055.59,6.62765,67.4722
14409,-2055.7,6.62761,67.4747
14410,-2055.81,6.62758,67.4772
14411,-2055.92,6.62754,67.4796
14412,-2056.03,6.6275,67.4821
14413,-2056.14,6.62746,67.4847
14414,-2056.25,6.62743,67.4872
14415,-2056.36,6.62739,67.4897
14416,-2056.47,6.62735,67.4922
14417,-2056.58,6.62731,67.4947
14418,-2056.69,6.62728,67.4972
14419,-2056.8,6.62724,67.4997
14420,-2056.91,6.6272,67.5022
14421,-2057.02,6.62716,67.5047
14422,-2057.13,6.62712,67.5072
14423,-2057.24,6.62709,67.5096
14424,-2057.35,6.62705,67.5122
14425,-2057.46,6.62701,67.5147
14426,-2057.57,6.62697,67.5172
14427,-2057.68,6.62694,67.5196
14428,-2057.79,6.6269,67.5221
14429,-2057.89,6.62686,67.5247
14430,-2058,6.62682,67.5272
14431,-2058.11,6.62679,67.5298
14432,-2058.22,6.62675,67.5322
14433,-2058.33,6.62671,67.5346
14434,-2058.44,6.62667,67.537
14435,-2058.55,6.62664,67.5395
14436,-2058.66,6.6266,67.542
14437,-2058.77,6.62656,67.5444
14438,-2058.88,6.62652,67.5468
14439,-2058.99,6.62649,67.5493
14440,-2059.1,6.62645,67.5518
14441,-2059.21,6.62641,67.5542
14442,-2059.32,6.62637,67.5566
14443,-2059.43,6.62634,67.559
14444,-2059.54,6.6263,67.5615
14445,-2059.65,6.62626,67.564
14446,-2059.76,6.62622,67.5664
14447,-2059.87,6.62619,67.5688
14448,-2059.98,6.62615,67.5713
14449,-2060.09,6.62611,67.5737
14450,-2060.2,6.62607,67.5761
14451,-2060.31,6.62604,67.5808
14452,-2060.42,6.626,67.5834
14453,-2060.53,6.62596,67.5859
14454,-2060.63,6.62592,67.5884
14455,-2060.74,6.62589,67.5908
14456,-2060.85,6.62585,67.5933
14457,-2060.96,6.62581,67.5958
14458,-2061.07,6.62577,67.5984
14459,-2061.18,6.62574,67.6009
14460,-2061.29,6.6257,67.6034
14461,-2061.4,6.62566,67.6058
14462,-2061.51,6.62562,67.6083
14463,-2061.62,6.62559,67.6107
14464,-2061.73,6.62555,67.6132
14465,-2061.84,6.62551,67.6157
14466,-2061.95,6.62547,67.6181
14467,-2062.06,6.62544,67.6206
14468,-2062.17,6.6254,67.6231
14469,-2062.28,6.62536,67.6256
14470,-2062.39,6.62532,67.6281
14471,-2062.5,6.62529,67.6306
14472,-2062.61,6.62525,67.6331
14473,-2062.72,6.62521,67.6355
14474,-2062.83,6.62517,67.638
14475,-2062.94,6.62514,67.6404
14476,-2063.05,6.6251,67.6429
14477,-2063.15,6.62506,67.6454
14478,-2063.26,6.62502,67.6478
14479,-2063.37,6.62499,67.6502
14480,-2063.48,6.62495,67.6526
14481,-2063.59,6.62491,67.6551
14482,-2063.7,6.62487,67.6576
14483,-2063.81,6.62484,67.66
14484,-2063.92,6.6248,67.6624
14485,-2064.03,6.62476,67.665
14486,-2064.14,6.62472,67.6675
14487,-2064.25,6.62469,67.6699
14488,-2064.36,6.62465,67.6724
14489,-2064.47,6.62461,67.6748
14490,-2064.58,6.62457,67.6772
14491,-2064.69,6.62454,67.6798
14492,-2064.8,6.6245,67.6822
14493,-2064.91,6.62446,67.6846
14494,-2065.02,6.62442,67.687
14495,-2065.13,6.62439,67.6896
14496,-2065.24,6.62435,67.692
14497,-2065.35,6.62431,67.6945
14498,-2065.45,6.62427,67.6969
14499,-2065.56,6.62424,67.6994
14500,-2065.67,6.6242,67.7018
14501,-2065.78,6.62416,67.7064
14502,-2065.89,6.62412,67.7089
14503,-2066,6.62409,67.7113
14504,-2066.11,6.62405,67.7139
14505,-2066.22,6.62401,67.7164
14506,-2066.33,6.62397,67.7188
14507,-2066.44,6.62394,67.7213
14508,-2066.55,6.6239,67.7238
14509,-2066.66,6.62386,67.7263
14510,-2066.77,6.62382,67.7287
14511,-2066.88,6.62379,67.7312
14512,-2066.99,6.62375,67.7336
14513,-2067.1,6.62371,67.7361
14514,-2067.21,6.62367,67.7386
14515,-2067.32,6.62364,67.741
14516,-2067.43,6.6236,67.7434
14517,-2067.54,6.62356,67.7459
14518,-2067.64,6.62352,67.7484
14519,-2067.75,6.62349,67.7508
14520,-2067.86,6.62345,67.7533
14521,-2067.97,6.62341,67.7557
14522,-2068.08,6.62337,67.7581
14523,-2068.19,6.62334,67.7606
14524,-2068.3,6.6233,67.763
14525,-2068.41,6.62326,67.7655
14526,-2068.52,6.62322,67.7679
14527,-2068.63,6.62319,67.7704
14528,-2068.74,6.62315,67.7728
14529,-2068.85,6.62311,67.7798
14530,-2068.96,6.62307,67.7823
14531,-2069.07,6.62304,67.7848
14532,-2069.18,6.623,67.7874
14533,-2069.29,6.62296,67.7899
14534,-2069.4,6.62292,67.7924
14535,-2069.51,6.62289,67.7949
14536,-2069.62,6.62285,67.7974
14537,-2069.72,6.62281,67.7998
14538,-2069.83,6.62277,67.8022
14539,-2069.94,6.62274,67.8047
14540,-2070.05,6.6227,67.8071
14541,-2070.16,6.62266,67.8097
14542,-2070.27,6.62262,67.8122
14543,-2070.38,6.62259,67.8146
14544,-2070.49,6.62255,67.8171
14545,-2070.6,6.62251,67.8196
14546,-2070.71,6.62248,67.822
14547,-2070.82,6.62244,67.8245
14548,-2070.93,6.6224,67.827
14549,-2071.04,6.62236,67.8295
14550,-2071.15,6.62233,67.832
14551,-2071.26,6.62229,67.8369
14552,-2071.37,6.62225,67.8394
14553,-2071.48,6.62221,67.8419
14554,-2071.59,6.62218,67.8444
14555,-2071.7,6.62214,67.8469
14556,-2071.8,6.6221,67.8495
14557,-2071.91,6.62206,67.8519
14558,-2072.02,6.62203,67.8543
14559,-2072.13,6.62199,67.8568
14560,-2072.24,6.62195,67.8593
14561,-2072.35,6.62191,67.8617
14562,-2072.46,6.62188,67.8641
14563,-2072.57,6.62184,67.8666
14564,-2072.68,6.6218,67.8691
14565,-2072.79,6.62176,67.8715
14566,-2072.9,6.62173,67.874
14567,-2073.01,6.62169,67.8765
14568,-2073.12,6.62165,67.879
14569,-2073.23,6.62161,67.8813
14570,-2073.34,6.62158,67.8838
14571,-2073.45,6.62154,67.8863
14572,-2073.56,6.6215,67.8887
14573,-2073.66,6.62147,67.8912
14574,-2073.77,6.62143,67.8938
14575,-2073.88,6.62139,67.8964
14576,-2073.99,6.62135,67.8989
14577,-2074.1,6.62132,67.9014
14578,-2074.21,6.62128,67.9039
14579,-2074.32,6.62124,67.9064
14580,-2074.43,6.6212,67.9088
14581,-2074.54,6.62117,67.9112
14582,-2074.65,6.62113,67.9137
14583,-2074.76,6.62109,67.9162
14584,-2074.87,6.62105,67.9186
14585,-2074.98,6.62102,67.9211
14586,-2075.09,6.62098,67.9236
14587,-2075.2,6.62094,67.9261
14588,-2075.31,6.6209,67.9286
14589,-2075.42,6.62087,67.9312
14590,-2075.52,6.62083,67.9337
14591,-2075.63,6.62079,67.9362
14592,-2075.74,6.62076,67.9387
14593,-2075.85,6.62072,67.9412
14594,-2075.96,6.62068,67.9437
14595,-2076.07,6.62064,67.9461
14596,-2076.18,6.62061,67.9487
14597,-2076.29,6.62057,67.9511
14598,-2076.4,6.62053,67.9536
14599,-2076.51,6.62049,67.956
14600,-2076.62,6.62046,67.9585
14601,-2076.73,6.62042,67.9631
14602,-2076.84,6.62038,67.9657
14603,-2076.95,6.62034,67.9682
14604,-2077.06,6.62031,67.9706
14605,-2077.17,6.62027,67.9731
14606,-2077.27,6.62023,67.9756
14607,-2077.38,6.6202,67.978
14608,-2077.49,6.62016,67.9805
14609,-2077.6,6.62012,67.983
14610,-2077.71,6.62008,67.9855
14611,-2077.82,6.62005,67.988
14612,-2077.93,6.62001,67.9905
14613,-2078.04,6.61997,67.9929
14614,-2078.15,6.61993,67.9954
14615,-2078.26,6.6199,67.9979
14616,-2078.37,6.61986,68.0004
14617,-2078.48,6.61982,68.0029
14618,-2078.59,6.61978,68.0054
14619,-2078.7,6.61975,68.1384
14620,-2078.81,6.61971,68.1508
14621,-2078.92,6.61967,68.154
14622,-2079.02,6.61964,68.1566
14623,-2079.13,6.6196,68.159
14624,-2079.24,6.61956,68.1615
14625,-2079.35,6.61952,68.1641
14626,-2079.46,6.61949,68.1666
14627,-2079.57,6.61945,68.1691
14628,-2079.68,6.61941,68.1716
14629,-2079.79,6.61937,68.1741
14630,-2079.9,6.61934,68.1766
14631,-2080.01,6.6193,68.1791
14632,-2080.12,6.61926,68.1816
14633,-2080.23,6.61922,68.184
14634,-2080.34,6.61919,68.1865
14635,-2080.45,6.61915,68.189
14636,-2080.56,6.61911,68.1915
14637,-2080.66,6.61908,68.194
14638,-2080.77,6.61904,68.1964
14639,-2080.88,6.619,68.1989
14640,-2080.99,6.61896,68.2014
14641,-2081.1,6.61893,68.2039
14642,-2081.21,6.61889,68.2064
14643,-2081.32,6.61885,68.2089
14644,-2081.43,6.61881,68.2113
14645,-2081.54,6.61878,68.2138
14646,-2081.65,6.61874,68.2163
14647,-2081.76,6.6187,68.2188
14648,-2081.87,6.61867,68.2213
14649,-2081.98,6.61863,68.2237
14650,-2082.09,6.61859,68.2261
14651,-2082.19,6.61855,68.2345
14652,-2082.3,6.61852,68.2371
14653,-2082.41,6.61848,68.2396
14654,-2082.52,6.61844,68.2421
14655,-2082.63,6.6184,68.2445
14656,-2082.74,6.61837,68.2469
14657,-2082.85,6.61833,68.2493
14658,-2082.96,6.61829,68.2517
14659,-2083.07,6.61826,68.2542
14660,-2083.18,6.61822,68.2566
14661,-2083.29,6.61818,68.259
14662,-2083.4,6.61814,68.2615
14663,-2083.51,6.61811,68.2639
14664,-2083.62,6.61807,68.2664
14665,-2083.73,6.61803,68.2689
14666,-2083.83,6.61799,68.2714
14667,-2083.94,6.61796,68.2738
14668,-2084.05,6.61792,68.2763
14669,-2084.16,6.61788,68.2787
14670,-2084.27,6.61785,68.2811
14671,-2084.38,6.61781,68.2836
14672,-2084.49,6.61777,68.286
14673,-2084.6,6.61773,68.2885
14674,-2084.71,6.6177,68.2909
14675,-2084.82,6.61766,68.2934
14676,-2084.93,6.61762,68.2958
14677,-2085.04,6.61758,68.2982
14678,-2085.15,6.61755,68.3006
14679,-2085.25,6.61751,68.3031
14680,-2085.36,6.61747,68.3056
14681,-2085.47,6.61744,68.3081
14682,-2085.58,6.6174,68.3106
14683,-2085.69,6.61736,68.313
14684,-2085.8,6.61732,68.3155
14685,-2085.91,6.61729,68.3179
14686,-2086.02,6.61725,68.3204
14687,-2086.13,6.61721,68.3228
14688,-2086.24,6.61717,68.3253
14689,-2086.35,6.61714,68.3277
14690,-2086.46,6.6171,68.3301
14691,-2086.57,6.61706,68.3327
14692,-2086.68,6.61703,68.3351
14693,-2086.78,6.61699,68.3376
14694,-2086.89,6.61695,68.34
14695,-2087,6.61691,68.3421
14696,-2087.11,6.61688,68.3442
14697,-2087.22,6.61684,68.3463
14698,-2087.33,6.6168,68.3485
14699,-2087.44,6.61677,68.3509
14700,-2087.55,6.61673,68.3534
14701,-2087.66,6.61669,68.3581
14702,-2087.77,6.61665,68.3607
14703,-2087.88,6.61662,68.3633
14704,-2087.99,6.61658,68.3657
14705,-2088.1,6.61654,68.3681
14706,-2088.2,6.6165,68.3707
14707,-2088.31,6.61647,68.3732
14708,-2088.42,6.61643,68.3756
14709,-2088.53,6.61639,68.3781
14710,-2088.64,6.61636,68.3805
14711,-2088.75,6.61632,68.3829
14712,-2088.86,6.61628,68.3855
14713,-2088.97,6.61624,68.388
14714,-2089.08,6.61621,68.3905
14715,-2089.19,6.61617,68.393
14716,-2089.3,6.61613,68.3955
14717,-2089.41,6.6161,68.3981
14718,-2089.52,6.61606,68.4007
14719,-2089.62,6.61602,68.4032
14720,-2089.73,6.61598,68.4056
14721,-2089.84,6.61595,68.4082
14722,-2089.95,6.61591,68.4107
14723,-2090.06,6.61587,68.4133
14724,-2090.17,6.61584,68.4158
14725,-2090.28,6.6158,68.4183
14726,-2090.39,6.61576,68.4208
14727,-2090.5,6.61572,68.4233
14728,-2090.61,6.61569,68.4258
14729,-2090.72,6.61565,68.4284
14730,-2090.83,6.61561,68.4309
14731,-2090.94,6.61557,68.4333
14732,-2091.04,6.61554,68.4358
14733,-2091.15,6.6155,68.4382
14734,-2091.26,6.61546,68.4406
14735,-2091.37,6.61543,68.4431
14736,-2091.48,6.61539,68.4455
14737,-2091.59,6.61535,68.4478
14738,-2091.7,6.61531,68.4503
14739,-2091.81,6.61528,68.4528
14740,-2091.92,6.61524,68.4553
14741,-2092.03,6.6152,68.4577
14742,-2092.14,6.61517,68.4602
14743,-2092.25,6.61513,68.4627
14744,-2092.35,6.61509,68.4652
14745,-2092.46,6.61505,68.4676
14746,-2092.57,6.61502,68.47
14747,-2092.68,6.61498,68.4726
14748,-2092.79,6.61494,68.475
14749,-2092.9,6.61491,68.4775
14750,-2093.01,6.61487,68.4799
14751,-2093.12,6.61483,68.4846
14752,-2093.23,6.61479,68.4872
14753,-2093.34,6.61476,68.4897
14754,-2093.45,6.61472,68.4921
14755,-2093.56,6.61468,68.4945
14756,-2093.66,6.61465,68.4971
14757,-2093.77,6.61461,68.4996
14758,-2093.88,6.61457,68.502
14759,-2093.99,6.61453,68.5045
14760,-2094.1,6.6145,68.5068
14761,-2094.21,6.61446,68.5093
14762,-2094.32,6.61442,68.5118
14763,-2094.43,6.61439,68.5142
14764,-2094.54,6.61435,68.5167
14765,-2094.65,6.61431,68.5191
14766,-2094.76,6.61427,68.5216
14767,-2094.87,6.61424,68.524
14768,-2094.97,6.6142,68.5265
14769,-2095.08,6.61416,68.529
14770,-2095.19,6.61413,68.5315
14771,-2095.3,6.61409,68.5339
14772,-2095.41,6.61405,68.5364
14773,-2095.52,6.61401,68.5388
14774,-2095.63,6.61398,68.5413
14775,-2095.74,6.61394,68.5437
14776,-2095.85,6.6139,68.5462
14777,-2095.96,6.61387,68.5488
14778,-2096.07,6.61383,68.5513
14779,-2096.18,6.61379,68.5538
14780,-2096.28,6.61375,68.5563
14781,-2096.39,6.61372,68.5588
14782,-2096.5,6.61368,68.5614
14783,-2096.61,6.61364,68.5639
14784,-2096.72,6.61361,68.5663
14785,-2096.83,6.61357,68.5688
14786,-2096.94,6.61353,68.5713
14787,-2097.05,6.61349,68.5738
14788,-2097.16,6.61346,68.5762
14789,-2097.27,6.61342,68.5787
14790,-2097.38,6.61338,68.5812
14791,-2097.48,6.61335,68.5836
14792,-2097.59,6.61331,68.5861
14793,-2097.7,6.61327,68.5886
14794,-2097.81,6.61324,68.5911
14795,-2097.92,6.6132,68.5937
14796,-2098.03,6.61316,68.6449
14797,-2098.14,6.61312,68.6478
14798,-2098.25,6.61309,68.6502
14799,-2098.36,6.61305,68.6527
14800,-2098.47,6.61301,68.6552
14801,-2098.58,6.61298,68.6605
14802,-2098.69,6.61294,68.663
14803,-2098.79,6.6129,68.6655
14804,-2098.9,6.61286,68.668
14805,-2099.01,6.61283,68.6705
14806,-2099.12,6.61279,68.673
14807,-2099.23,6.61275,68.6755
14808,-2099.34,6.61272,68.6779
14809,-2099.45,6.61268,68.6803
14810,-2099.56,6.61264,68.6828
14811,-2099.67,6.6126,68.6852
14812,-2099.78,6.61257,68.6877
14813,-2099.89,6.61253,68.6901
14814,-2099.99,6.61249,68.6927
14815,-2100.1,6.61246,68.6951
14816,-2100.21,6.61242,68.6975
14817,-2100.32,6.61238,68.6999
14818,-2100.43,6.61234,68.7023
14819,-2100.54,6.61231,68.7048
14820,-2100.65,6.61227,68.7073
14821,-2100.76,6.61223,68.7098
14822,-2100.87,6.6122,68.7122
14823,-2100.98,6.61216,68.7147
14824,-2101.09,6.61212,68.7172
14825,-2101.19,6.61209,68.7197
14826,-2101.3,6.61205,68.7221
14827,-2101.41,6.61201,68.7243
14828,-2101.52,6.61197,68.7265
14829,-2101.63,6.61194,68.7287
14830,-2101.74,6.6119,68.731
14831,-2101.85,6.61186,68.7333
14832,-2101.96,6.61183,68.7358
14833,-2102.07,6.61179,68.7382
14834,-2102.18,6.61175,68.7407
14835,-2102.28,6.61171,68.7432
14836,-2102.39,6.61168,68.7456
14837,-2102.5,6.61164,68.748
14838,-2102.61,6.6116,68.7505
14839,-2102.72,6.61157,68.753
14840,-2102.83,6.61153,68.7555
14841,-2102.94,6.61149,68.758
14842,-2103.05,6.61146,68.7604
14843,-2103.16,6.61142,68.7628
14844,-2103.27,6.61138,68.7653
14845,-2103.38,6.61134,68.7677
14846,-2103.48,6.61131,68.7702
14847,-2103.59,6.61127,68.7727
14848,-2103.7,6.61123,68.7751
14849,-2103.81,6.6112,68.7776
14850,-2103.92,6.61116,68.78
14851,-2104.03,6.61112,68.7848
14852,-2104.14,6.61109,68.7873
14853,-2104.25,6.61105,68.7897
14854,-2104.36,6.61101,68.7922
14855,-2104.47,6.61097,68.7948
14856,-2104.57,6.61094,68.7973
14857,-2104.68,6.6109,68.7997
14858,-2104.79,6.61086,68.8021
14859,-2104.9,6.61083,68.8046
14860,-2105.01,6.61079,68.8071
14861,-2105.12,6.61075,68.8095
14862,-2105.23,6.61072,68.812
14863,-2105.34,6.61068,68.8145
14864,-2105.45,6.61064,68.8169
14865,-2105.56,6.6106,68.8194
14866,-2105.66,6.61057,68.8218
14867,-2105.77,6.61053,68.8243
14868,-2105.88,6.61049,68.8268
14869,-2105.99,6.61046,68.8292
14870,-2106.1,6.61042,68.8316
14871,-2106.21,6.61038,68.8341
14872,-2106.32,6.61035,68.8366
14873,-2106.43,6.61031,68.839
14874,-2106.54,6.61027,68.8414
14875,-2106.65,6.61023,68.8439
14876,-2106.76,6.6102,68.8464
14877,-2106.86,6.61016,68.8488
14878,-2106.97,6.61012,68.8513
14879,-2107.08,6.61009,68.8538
14880,-2107.19,6.61005,68.8562
14881,-2107.3,6.61001,68.8587
14882,-2107.41,6.60998,68.8612
14883,-2107.52,6.60994,68.8637
14884,-2107.63,6.6099,68.8662
14885,-2107.74,6.60986,68.8687
14886,-2107.85,6.60983,68.8712
14887,-2107.95,6.60979,68.8736
14888,-2108.06,6.60975,68.876
14889,-2108.17,6.60972,68.8785
14890,-2108.28,6.60968,68.881
14891,-2108.39,6.60964,68.8834
14892,-2108.5,6.60961,68.8859
14893,-2108.61,6.60957,68.8884
14894,-2108.72,6.60953,68.8908
14895,-2108.83,6.60949,68.8933
14896,-2108.93,6.60946,68.8958
14897,-2109.04,6.60942,68.8982
14898,-2109.15,6.60938,68.9007
14899,-2109.26,6.60935,68.9031
14900,-2109.37,6.60931,68.9055
14901,-2109.48,6.60927,68.9102
14902,-2109.59,6.60924,68.9127
14903,-2109.7,6.6092,68.9152
14904,-2109.81,6.60916,68.9178
14905,-2109.92,6.60912,68.9203
14906,-2110.02,6.60909,68.9227
14907,-2110.13,6.60905,68.9252
14908,-2110.24,6.60901,68.9277
14909,-2110.35,6.60898,68.9301
14910,-2110.46,6.60894,68.9327
14911,-2110.57,6.6089,68.9352
14912,-2110.68,6.60887,68.9376
14913,-2110.79,6.60883,68.9401
14914,-2110.9,6.60879,68.9426
14915,-2111.01,6.60876,68.9451
14916,-2111.11,6.60872,68.9476
14917,-2111.22,6.60868,68.9501
14918,-2111.33,6.60864,68.9526
14919,-2111.44,6.60861,68.955
14920,-2111.55,6.60857,68.9576
14921,-2111.66,6.60853,68.9601
14922,-2111.77,6.6085,68.9626
14923,-2111.88,6.60846,68.965
14924,-2111.99,6.60842,68.9675
14925,-2112.09,6.60839,68.9699
14926,-2112.2,6.60835,68.9724
14927,-2112.31,6.60831,68.9749
14928,-2112.42,6.60827,68.9774
14929,-2112.53,6.60824,68.9799
14930,-2112.64,6.6082,68.9824
14931,-2112.75,6.60816,68.9848
14932,-2112.86,6.60813,68.9872
14933,-2112.97,6.60809,68.9896
14934,-2113.08,6.60805,68.9921
14935,-2113.18,6.60802,68.9945
14936,-2113.29,6.60798,68.997
14937,-2113.4,6.60794,68.9995
14938,-2113.51,6.60791,69.002
14939,-2113.62,6.60787,69.0046
14940,-2113.73,6.60783,69.0071
14941,-2113.84,6.60779,69.0096
14942,-2113.95,6.60776,69.012
14943,-2114.06,6.60772,69.0144
14944,-2114.16,6.60768,69.0169
14945,-2114.27,6.60765,69.0194
14946,-2114.38,6.60761,69.0219
14947,-2114.49,6.60757,69.0244
14948,-2114.6,6.60754,69.0268
14949,-2114.71,6.6075,69.0294
14950,-2114.82,6.60746,69.0319
14951,-2114.93,6.60743,69.0364
14952,-2115.04,6.60739,69.039
14953,-2115.14,6.60735,69.0415
14954,-2115.25,6.60732,69.0439
14955,-2115.36,6.60728,69.0464
14956,-2115.47,6.60724,69.0489
14957,-2115.58,6.6072,69.0513
14958,-2115.69,6.60717,69.0537
14959,-2115.8,6.60713,69.0562
14960,-2115.91,6.60709,69.0587
14961,-2116.02,6.60706,69.0611
14962,-2116.12,6.60702,69.0636
14963,-2116.23,6.60698,69.066
14964,-2116.34,6.60695,69.0684
14965,-2116.45,6.60691,69.0709
14966,-2116.56,6.60687,69.0734
14967,-2116.67,6.60684,69.0758
14968,-2116.78,6.6068,69.0782
14969,-2116.89,6.60676,69.0807
14970,-2117,6.60672,69.0831
14971,-2117.1,6.60669,69.0857
14972,-2117.21,6.60665,69.0881
14973,-2117.32,6.60661,69.0906
14974,-2117.43,6.60658,69.093
14975,-2117.54,6.60654,69.0955
14976,-2117.65,6.6065,69.098
14977,-2117.76,6.60647,69.1004
14978,-2117.87,6.60643,69.103
14979,-2117.98,6.60639,69.1055
14980,-2118.08,6.60636,69.108
14981,-2118.19,6.60632,69.1104
14982,-2118.3,6.60628,69.1129
14983,-2118.41,6.60625,69.1153
14984,-2118.52,6.60621,69.1178
14985,-2118.63,6.60617,69.1203
14986,-2118.74,6.60613,69.1228
14987,-2118.85,6.6061,69.1252
14988,-2118.96,6.60606,69.1277
14989,-2119.06,6.60602,69.1301
14990,-2119.17,6.60599,69.1326
14991,-2119.28,6.60595,69.135
14992,-2119.39,6.60591,69.1375
14993,-2119.5,6.60588,69.1399
14994,-2119.61,6.60584,69.1423
14995,-2119.72,6.6058,69.1448
14996,-2119.83,6.60577,69.1472
14997,-2119.93,6.60573,69.1496
14998,-2120.04,6.60569,69.152
14999,-2120.15,6.60566,69.1545
15000,-2120.26,6.60562,69.1569
15001,-2120.37,6.60558,69.1615
15002,-2120.48,6.60555,69.164
15003,-2120.59,6.60551,69.1666
15004,-2120.7,6.60547,69.169
15005,-2120.81,6.60543,69.1716
15006,-2120.91,6.6054,69.1741
15007,-2121.02,6.60536,69.1765
15008,-2121.13,6.60532,69.179
15009,-2121.24,6.60529,69.1815
15010,-2121.35,6.60525,69.1839
15011,-2121.46,6.60521,69.1864
15012,-2121.57,6.60518,69.1888
15013,-2121.68,6.60514,69.1912
15014,-2121.79,6.6051,69.1938
15015,-2121.89,6.60507,69.1962
15016,-2122,6.60503,69.1987
15017,-2122.11,6.60499,69.2012
15018,-2122.22,6.60496,69.2037
15019,-2122.33,6.60492,69.2062
15020,-2122.44,6.60488,69.2086
15021,-2122.55,6.60485,69.211
15022,-2122.66,6.60481,69.2135
15023,-2122.76,6.60477,69.216
15024,-2122.87,6.60474,69.2185
15025,-2122.98,6.6047,69.2209
15026,-2123.09,6.60466,69.2234
15027,-2123.2,6.60462,69.2258
15028,-2123.31,6.60459,69.2282
15029,-2123.42,6.60455,69.2307
15030,-2123.53,6.60451,69.2332
15031,-2123.63,6.60448,69.2356
15032,-2123.74,6.60444,69.2381
15033,-2123.85,6.6044,69.2406
15034,-2123.96,6.60437,69.2431
15035,-2124.07,6.60433,69.2455
15036,-2124.18,6.60429,69.2481
15037,-2124.29,6.60426,69.2506
15038,-2124.4,6.60422,69.2531
15039,-2124.51,6.60418,69.2556
15040,-2124.61,6.60415,69.2582
15041,-2124.72,6.60411,69.2607
15042,-2124.83,6.60407,69.2632
15043,-2124.94,6.60404,69.2656
15044,-2125.05,6.604,69.2681
15045,-2125.16,6.60396,69.2706
15046,-2125.27,6.60393,69.2731
15047,-2125.38,6.60389,69.2756
15048,-2125.48,6.60385,69.2781
15049,-2125.59,6.60382,69.2805
15050,-2125.7,6.60378,69.283
15051,-2125.81,6.60374,69.2878
15052,-2125.92,6.6037,69.2903
15053,-2126.03,6.60367,69.2928
15054,-2126.14,6.60363,69.2953
15055,-2126.25,6.60359,69.2977
15056,-2126.35,6.60356,69.3003
15057,-2126.46,6.60352,69.3027
15058,-2126.57,6.60348,69.3051
15059,-2126.68,6.60345,69.3076
15060,-2126.79,6.60341,69.3102
15061,-2126.9,6.60337,69.3128
15062,-2127.01,6.60334,69.3153
15063,-2127.12,6.6033,69.3228
15064,-2127.22,6.60326,69.3253
15065,-2127.33,6.60323,69.3278
15066,-2127.44,6.60319,69.3302
15067,-2127.55,6.60315,69.3326
15068,-2127.66,6.60312,69.3351
15069,-2127.77,6.60308,69.3375
15070,-2127.88,6.60304,69.34
15071,-2127.99,6.60301,69.3424
15072,-2128.09,6.60297,69.3449
15073,-2128.2,6.60293,69.3473
15074,-2128.31,6.6029,69.3498
15075,-2128.42,6.60286,69.3522
15076,-2128.53,6.60282,69.3546
15077,-2128.64,6.60279,69.3571
15078,-2128.75,6.60275,69.3595
15079,-2128.86,6.60271,69.3619
15080,-2128.96,6.60268,69.3643
15081,-2129.07,6.60264,69.3668
15082,-2129.18,6.6026,69.3692
15083,-2129.29,6.60257,69.3717
15084,-2129.4,6.60253,69.3741
15085,-2129.51,6.60249,69.3766
15086,-2129.62,6.60246,69.379
15087,-2129.73,6.60242,69.3814
15088,-2129.83,6.60238,69.3839
15089,-2129.94,6.60234,69.3864
15090,-2130.05,6.60231,69.3888
15091,-2130.16,6.60227,69.3912
15092,-2130.27,6.60223,69.3937
15093,-2130.38,6.6022,69.3961
15094,-2130.49,6.60216,69.3986
15095,-2130.6,6.60212,69.401
15096,-2130.7,6.60209,69.4035
15097,-2130.81,6.60205,69.406
15098,-2130.92,6.60201,69.4084
15099,-2131.03,6.60198,69.4108
15100,-2131.14,6.60194,69.4133
15101,-2131.25,6.6019,69.418
15102,-2131.36,6.60187,69.4204
15103,-2131.46,6.60183,69.4229
15104,-2131.57,6.60179,69.4253
15105,-2131.68,6.60176,69.4278
15106,-2131.79,6.60172,69.4302
15107,-2131.9,6.60168,69.4326
15108,-2132.01,6.60165,69.4351
15109,-2132.12,6.60161,69.4376
15110,-2132.23,6.60157,69.4401
15111,-2132.33,6.60154,69.4426
15112,-2132.44,6.6015,69.445
15113,-2132.55,6.60146,69.4474
15114,-2132.66,6.60143,69.4498
15115,-2132.77,6.60139,69.4523
15116,-2132.88,6.60135,69.4548
15117,-2132.99,6.60132,69.4572
15118,-2133.1,6.60128,69.4597
15119,-2133.2,6.60124,69.4621
15120,-2133.31,6.60121,69.4646
15121,-2133.42,6.60117,69.4671
15122,-2133.53,6.60113,69.4696
15123,-2133.64,6.6011,69.472
15124,-2133.75,6.60106,69.4745
15125,-2133.86,6.60102,69.4769
15126,-2133.96,6.60099,69.4794
15127,-2134.07,6.60095,69.4818
15128,-2134.18,6.60091,69.4843
15129,-2134.29,6.60088,69.4867
15130,-2134.4,6.60084,69.4892
15131,-2134.51,6.6008,69.4916
15132,-2134.62,6.60077,69.4941
15133,-2134.73,6.60073,69.4966
15134,-2134.83,6.60069,69.499
15135,-2134.94,6.60066,69.5014
15136,-2135.05,6.60062,69.5039
15137,-2135.16,6.60058,69.5063
15138,-2135.27,6.60055,69.5088
15139,-2135.38,6.60051,69.5112
15140,-2135.49,6.60047,69.5136
15141,-2135.59,6.60044,69.5161
15142,-2135.7,6.6004,69.5185
15143,-2135.81,6.60036,69.521
15144,-2135.92,6.60033,69.5234
15145,-2136.03,6.60029,69.5258
15146,-2136.14,6.60025,69.5283
15147,-2136.25,6.60022,69.5308
15148,-2136.36,6.60018,69.5332
15149,-2136.46,6.60014,69.5357
15150,-2136.57,6.60011,69.5381
15151,-2136.68,6.60007,69.5427
15152,-2136.79,6.60003,69.5452
15153,-2136.9,6.6,69.5476
15154,-2137.01,6.59996,69.5504
15155,-2137.12,6.59992,69.5529
15156,-2137.22,6.59989,69.5553
15157,-2137.33,6.59985,69.5578
15158,-2137.44,6.59981,69.5602
15159,-2137.55,6.59978,69.5626
15160,-2137.66,6.59974,69.5651
15161,-2137.77,6.5997,69.5676
15162,-2137.88,6.59967,69.5701
15163,-2137.98,6.59963,69.5727
15164,-2138.09,6.59959,69.5752
15165,-2138.2,6.59956,69.5777
15166,-2138.31,6.59952,69.5801
15167,-2138.42,6.59948,69.5826
15168,-2138.53,6.59945,69.585
15169,-2138.64,6.59941,69.5876
15170,-2138.74,6.59937,69.59
15171,-2138.85,6.59934,69.5926
15172,-2138.96,6.5993,69.5951
15173,-2139.07,6.59926,69.5976
15174,-2139.18,6.59923,69.6001
15175,-2139.29,6.59919,69.6026
15176,-2139.4,6.59915,69.6052
15177,-2139.51,6.59912,69.6076
15178,-2139.61,6.59908,69.6102
15179,-2139.72,6.59904,69.6127
15180,-2139.83,6.59901,69.6151
15181,-2139.94,6.59897,69.6176
15182,-2140.05,6.59893,69.6202
15183,-2140.16,6.5989,69.6227
15184,-2140.27,6.59886,69.6252
15185,-2140.37,6.59882,69.6276
15186,-2140.48,6.59879,69.6301
15187,-2140.59,6.59875,69.6325
15188,-2140.7,6.59871,69.6349
15189,-2140.81,6.59868,69.6374
15190,-2140.92,6.59864,69.6399
15191,-2141.03,6.5986,69.6423
15192,-2141.13,6.59857,69.6448
15193,-2141.24,6.59853,69.6473
15194,-2141.35,6.59849,69.6497
15195,-2141.46,6.59846,69.6521
15196,-2141.57,6.59842,69.6546
15197,-2141.68,6.59838,69.6571
15198,-2141.79,6.59835,69.6595
15199,-2141.89,6.59831,69.662
15200,-2142,6.59828,69.6644
15201,-2142.11,6.59824,69.6691
15202,-2142.22,6.5982,69.6717
15203,-2142.33,6.59817,69.6743
15204,-2142.44,6.59813,69.6768
15205,-2142.55,6.59809,69.6793
15206,-2142.65,6.59806,69.6818
15207,-2142.76,6.59802,69.6843
15208,-2142.87,6.59798,69.6868
15209,-2142.98,6.59795,69.6892
15210,-2143.09,6.59791,69.6916
15211,-2143.2,6.59787,69.694
15212,-2143.31,6.59784,69.6966
15213,-2143.41,6.5978,69.699
15214,-2143.52,6.59776,69.7014
15215,-2143.63,6.59773,69.7039
15216,-2143.74,6.59769,69.7064
15217,-2143.85,6.59765,69.7088
15218,-2143.96,6.59762,69.7113
15219,-2144.07,6.59758,69.7138
15220,-2144.17,6.59754,69.7163
15221,-2144.28,6.59751,69.7187
15222,-2144.39,6.59747,69.7213
15223,-2144.5,6.59743,69.7237
15224,-2144.61,6.5974,69.7262
15225,-2144.72,6.59736,69.7287
15226,-2144.83,6.59732,69.7312
15227,-2144.93,6.59729,69.7336
15228,-2145.04,6.59725,69.7361
15229,-2145.15,6.59721,69.7385
15230,-2145.26,6.59718,69.741
15231,-2145.37,6.59714,69.7436
15232,-2145.48,6.5971,69.7462
15233,-2145.58,6.59707,69.7487
15234,-2145.69,6.59703,69.7512
15235,-2145.8,6.59699,69.7536
15236,-2145.91,6.59696,69.7561
15237,-2146.02,6.59692,69.7586
15238,-2146.13,6.59689,69.7611
15239,-2146.24,6.59685,69.7636
15240,-2146.34,6.59681,69.7661
15241,-2146.45,6.59678,69.7685
15242,-2146.56,6.59674,69.771
15243,-2146.67,6.5967,69.7735
15244,-2146.78,6.59667,69.7759
15245,-2146.89,6.59663,69.7784
15246,-2147,6.59659,69.7808
15247,-2147.1,6.59656,69.7834
15248,-2147.21,6.59652,69.7859
15249,-2147.32,6.59648,69.7883
15250,-2147.43,6.59645,69.7908
15251,-2147.54,6.59641,69.7954
15252,-2147.65,6.59637,69.7979
15253,-2147.76,6.59634,69.8004
15254,-2147.86,6.5963,69.8029
15255,-2147.97,6.59626,69.8055
15256,-2148.08,6.59623,69.808
15257,-2148.19,6.59619,69.8104
15258,-2148.3,6.59615,69.8129
15259,-2148.41,6.59612,69.8154
15260,-2148.51,6.59608,69.8178
15261,-2148.62,6.59604,69.8203
15262,-2148.73,6.59601,69.8227
15263,-2148.84,6.59597,69.8251
15264,-2148.95,6.59594,69.8276
15265,-2149.06,6.5959,69.83
15266,-2149.17,6.59586,69.8324
15267,-2149.27,6.59583,69.8348
15268,-2149.38,6.59579,69.8373
15269,-2149.49,6.59575,69.8398
15270,-2149.6,6.59572,69.8421
15271,-2149.71,6.59568,69.8446
15272,-2149.82,6.59564,69.847
15273,-2149.93,6.59561,69.8495
15274,-2150.03,6.59557,69.8519
15275,-2150.14,6.59553,69.8544
15276,-2150.25,6.5955,69.8568
15277,-2150.36,6.59546,69.8592
15278,-2150.47,6.59542,69.8617
15279,-2150.58,6.59539,69.8642
15280,-2150.68,6.59535,69.8666
15281,-2150.79,6.59531,69.8691
15282,-2150.9,6.59528,69.8716
15283,-2151.01,6.59524,69.874
15284,-2151.12,6.59521,69.8764
15285,-2151.23,6.59517,69.8789
15286,-2151.34,6.59513,69.8814
15287,-2151.44,6.5951,69.8839
15288,-2151.55,6.59506,69.8864
15289,-2151.66,6.59502,69.8888
15290,-2151.77,6.59499,69.8913
15291,-2151.88,6.59495,69.8938
15292,-2151.99,6.59491,69.8962
15293,-2152.09,6.59488,69.8987
15294,-2152.2,6.59484,69.9011
15295,-2152.31,6.5948,69.9036
15296,-2152.42,6.59477,69.906
15297,-2152.53,6.59473,69.9085
15298,-2152.64,6.59469,69.9109
15299,-2152.74,6.59466,69.9133
15300,-2152.85,6.59462,69.9158
15301,-2152.96,6.59458,69.9203
15302,-2153.07,6.59455,69.9228
15303,-2153.18,6.59451,69.9254
15304,-2153.29,6.59448,69.9279
15305,-2153.4,6.59444,69.9304
15306,-2153.5,6.5944,69.933
15307,-2153.61,6.59437,69.9355
15308,-2153.72,6.59433,69.9379
15309,-2153.83,6.59429,69.9404
15310,-2153.94,6.59426,69.943
15311,-2154.05,6.59422,69.9454
15312,-2154.15,6.59418,69.9479
15313,-2154.26,6.59415,69.9504
15314,-2154.37,6.59411,69.9529
15315,-2154.48,6.59407,69.9553
15316,-2154.59,6.59404,69.9578
15317,-2154.7,6.594,69.9603
15318,-2154.81,6.59396,69.9629
15319,-2154.91,6.59393,69.9654
15320,-2155.02,6.59389,69.9678
15321,-2155.13,6.59386,69.9702
15322,-2155.24,6.59382,69.9727
15323,-2155.35,6.59378,69.9752
15324,-2155.46,6.59375,69.9777
15325,-2155.56,6.59371,69.9802
15326,-2155.67,6.59367,69.9827
15327,-2155.78,6.59364,69.9851
15328,-2155.89,6.5936,69.9875
15329,-2156,6.59356,69.99
15330,-2156.11,6.59353,69.9971
15331,-2156.21,6.59349,69.9996
15332,-2156.32,6.59345,70.0021
15333,-2156.43,6.59342,70.0045
15334,-2156.54,6.59338,70.007
15335,-2156.65,6.59335,70.0094
15336,-2156.76,6.59331,70.0208
15337,-2156.86,6.59327,70.0247
15338,-2156.97,6.59324,70.0281
15339,-2157.08,6.5932,70.0313
15340,-2157.19,6.59316,70.0344
15341,-2157.3,6.59313,70.0371
15342,-2157.41,6.59309,70.0397
15343,-2157.52,6.59305,70.0424
15344,-2157.62,6.59302,70.0449
15345,-2157.73,6.59298,70.0475
15346,-2157.84,6.59294,70.05
15347,-2157.95,6.59291,70.0526
15348,-2158.06,6.59287,70.0552
15349,-2158.17,6.59284,70.0577
15350,-2158.27,6.5928,70.0602
15351,-2158.38,6.59276,70.0658
15352,-2158.49,6.59273,70.0683
15353,-2158.6,6.59269,70.0707
15354,-2158.71,6.59265,70.0733
15355,-2158.82,6.59262,70.0758
15356,-2158.92,6.59258,70.0783
15357,-2159.03,6.59254,70.0808
15358,-2159.14,6.59251,70.0832
15359,-2159.25,6.59247,70.0857
15360,-2159.36,6.59243,70.0881
15361,-2159.47,6.5924,70.0905
15362,-2159.57,6.59236,70.0931
15363,-2159.68,6.59233,70.0956
15364,-2159.79,6.59229,70.098
15365,-2159.9,6.59225,70.1005
15366,-2160.01,6.59222,70.103
15367,-2160.12,6.59218,70.1055
15368,-2160.22,6.59214,70.108
15369,-2160.33,6.59211,70.1105
15370,-2160.44,6.59207,70.113
15371,-2160.55,6.59203,70.1155
15372,-2160.66,6.592,70.118
15373,-2160.77,6.59196,70.1205
15374,-2160.87,6.59193,70.123
15375,-2160.98,6.59189,70.1255
15376,-2161.09,6.59185,70.128
15377,-2161.2,6.59182,70.1371
15378,-2161.31,6.59178,70.1408
15379,-2161.42,6.59174,70.1439
15380,-2161.52,6.59171,70.1465
15381,-2161.63,6.59167,70.1491
15382,-2161.74,6.59163,70.1517
15383,-2161.85,6.5916,70.1541
15384,-2161.96,6.59156,70.1567
15385,-2162.07,6.59153,70.1591
15386,-2162.17,6.59149,70.1616
15387,-2162.28,6.59145,70.1641
15388,-2162.39,6.59142,70.1666
15389,-2162.5,6.59138,70.1691
15390,-2162.61,6.59134,70.1716
15391,-2162.72,6.59131,70.1741
15392,-2162.82,6.59127,70.1766
15393,-2162.93,6.59123,70.1791
15394,-2163.04,6.5912,70.1816
15395,-2163.15,6.59116,70.1841
15396,-2163.26,6.59112,70.1865
15397,-2163.37,6.59109,70.1889
15398,-2163.47,6.59105,70.1914
15399,-2163.58,6.59102,70.1939
15400,-2163.69,6.59098,70.1964
15401,-2163.8,6.59094,70.2019
15402,-2163.91,6.59091,70.2045
15403,-2164.02,6.59087,70.207
15404,-2164.12,6.59083,70.2095
15405,-2164.23,6.5908,70.212
15406,-2164.34,6.59076,70.2145
15407,-2164.45,6.59073,70.217
15408,-2164.56,6.59069,70.2195
15409,-2164.67,6.59065,70.222
15410,-2164.77,6.59062,70.2245
15411,-2164.88,6.59058,70.227
15412,-2164.99,6.59054,70.2295
15413,-2165.1,6.59051,70.2319
15414,-2165.21,6.59047,70.2345
15415,-2165.32,6.59043,70.2369
15416,-2165.42,6.5904,70.2394
15417,-2165.53,6.59036,70.2419
15418,-2165.64,6.59033,70.2444
15419,-2165.75,6.59029,70.2469
15420,-2165.86,6.59025,70.2493
15421,-2165.97,6.59022,70.2518
15422,-2166.07,6.59018,70.2542
15423,-2166.18,6.59014,70.2567
15424,-2166.29,6.59011,70.2591
15425,-2166.4,6.59007,70.2617
15426,-2166.51,6.59003,70.2641
15427,-2166.61,6.59,70.2666
15428,-2166.72,6.58996,70.2691
15429,-2166.83,6.58993,70.2715
15430,-2166.94,6.58989,70.274
15431,-2167.05,6.58985,70.2765
15432,-2167.16,6.58982,70.279
15433,-2167.26,6.58978,70.2815
15434,-2167.37,6.58974,70.284
15435,-2167.48,6.58971,70.2864
15436,-2167.59,6.58967,70.2889
15437,-2167.7,6.58964,70.2914
15438,-2167.81,6.5896,70.2939
15439,-2167.91,6.58956,70.2964
15440,-2168.02,6.58953,70.2989
15441,-2168.13,6.58949,70.3014
15442,-2168.24,6.58945,70.3039
15443,-2168.35,6.58942,70.3064
15444,-2168.46,6.58938,70.3089
15445,-2168.56,6.58934,70.3114
15446,-2168.67,6.58931,70.3139
15447,-2168.78,6.58927,70.3164
15448,-2168.89,6.58924,70.3189
15449,-2169,6.5892,70.3214
15450,-2169.1,6.58916,70.324
15451,-2169.21,6.58913,70.3288
15452,-2169.32,6.58909,70.3313
15453,-2169.43,6.58905,70.3338
15454,-2169.54,6.58902,70.3363
15455,-2169.65,6.58898,70.3388
15456,-2169.75,6.58895,70.3412
15457,-2169.86,6.58891,70.3437
15458,-2169.97,6.58887,70.3461
15459,-2170.08,6.58884,70.3485
15460,-2170.19,6.5888,70.351
15461,-2170.3,6.58876,70.3534
15462,-2170.4,6.58873,70.3559
15463,-2170.51,6.58869,70.3584
15464,-2170.62,6.58866,70.3608
15465,-2170.73,6.58862,70.3633
15466,-2170.84,6.58858,70.3658
15467,-2170.94,6.58855,70.3682
15468,-2171.05,6.58851,70.3706
15469,-2171.16,6.58847,70.3731
15470,-2171.27,6.58844,70.3755
15471,-2171.38,6.5884,70.378
15472,-2171.49,6.58836,70.3804
15473,-2171.59,6.58833,70.3829
15474,-2171.7,6.58829,70.3854
15475,-2171.81,6.58826,70.3878
15476,-2171.92,6.58822,70.3902
15477,-2172.03,6.58818,70.3927
15478,-2172.14,6.58815,70.3952
15479,-2172.24,6.58811,70.3977
15480,-2172.35,6.58807,70.4002
15481,-2172.46,6.58804,70.4026
15482,-2172.57,6.588,70.4051
15483,-2172.68,6.58797,70.4076
15484,-2172.78,6.58793,70.41
15485,-2172.89,6.58789,70.4125
15486,-2173,6.58786,70.4149
15487,-2173.11,6.58782,70.4174
15488,-2173.22,6.58778,70.4198
15489,-2173.33,6.58775,70.4223
15490,-2173.43,6.58771,70.4248
15491,-2173.54,6.58768,70.4272
15492,-2173.65,6.58764,70.4296
15493,-2173.76,6.5876,70.4321
15494,-2173.87,6.58757,70.4345
15495,-2173.97,6.58753,70.437
15496,-2174.08,6.58749,70.4394
15497,-2174.19,6.58746,70.4419
15498,-2174.3,6.58742,70.4443
15499,-2174.41,6.58739,70.4468
15500,-2174.52,6.58735,70.4493
15501,-2174.62,6.58731,70.454
15502,-2174.73,6.58728,70.4565
15503,-2174.84,6.58724,70.4592
15504,-2174.95,6.5872,70.4617
15505,-2175.06,6.58717,70.4641
15506,-2175.16,6.58713,70.4665
15507,-2175.27,6.5871,70.469
15508,-2175.38,6.58706,70.4715
15509,-2175.49,6.58702,70.474
15510,-2175.6,6.58699,70.4765
15511,-2175.71,6.58695,70.479
15512,-2175.81,6.58691,70.4815
15513,-2175.92,6.58688,70.484
15514,-2176.03,6.58684,70.4865
15515,-2176.14,6.58681,70.4889
15516,-2176.25,6.58677,70.4914
15517,-2176.35,6.58673,70.494
15518,-2176.46,6.5867,70.4964
15519,-2176.57,6.58666,70.4989
15520,-2176.68,6.58663,70.5013
15521,-2176.79,6.58659,70.5038
15522,-2176.9,6.58655,70.5063
15523,-2177,6.58652,70.5088
15524,-2177.11,6.58648,70.5112
15525,-2177.22,6.58644,70.5136
15526,-2177.33,6.58641,70.5161
15527,-2177.44,6.58637,70.5186
15528,-2177.54,6.58634,70.521
15529,-2177.65,6.5863,70.5236
15530,-2177.76,6.58626,70.5261
15531,-2177.87,6.58623,70.5285
15532,-2177.98,6.58619,70.531
15533,-2178.08,6.58615,70.5335
15534,-2178.19,6.58612,70.536
15535,-2178.3,6.58608,70.5384
15536,-2178.41,6.58605,70.5409
15537,-2178.52,6.58601,70.5434
15538,-2178.63,6.58597,70.5458
15539,-2178.73,6.58594,70.5483
15540,-2178.84,6.5859,70.5508
15541,-2178.95,6.58586,70.5533
15542,-2179.06,6.58583,70.5558
15543,-2179.17,6.58579,70.5583
15544,-2179.27,6.58576,70.5607
15545,-2179.38,6.58572,70.5632
15546,-2179.49,6.58568,70.5657
15547,-2179.6,6.58565,70.5681
15548,-2179.71,6.58561,70.5707
15549,-2179.81,6.58558,70.5732
15550,-2179.92,6.58554,70.5756
15551,-2180.03,6.5855,70.5801
15552,-2180.14,6.58547,70.5827
15553,-2180.25,6.58543,70.5851
15554,-2180.36,6.58539,70.5876
15555,-2180.46,6.58536,70.59
15556,-2180.57,6.58532,70.5925
15557,-2180.68,6.58529,70.5949
15558,-2180.79,6.58525,70.5974
15559,-2180.9,6.58521,70.5998
15560,-2181,6.58518,70.6022
15561,-2181.11,6.58514,70.6047
15562,-2181.22,6.5851,70.6072
15563,-2181.33,6.58507,70.6096
15564,-2181.44,6.58503,70.6121
15565,-2181.54,6.585,70.6146
15566,-2181.65,6.58496,70.617
15567,-2181.76,6.58492,70.6195
15568,-2181.87,6.58489,70.622
15569,-2181.98,6.58485,70.6244
15570,-2182.08,6.58482,70.6268
15571,-2182.19,6.58478,70.6293
15572,-2182.3,6.58474,70.6317
15573,-2182.41,6.58471,70.6341
15574,-2182.52,6.58467,70.6366
15575,-2182.63,6.58463,70.639
15576,-2182.73,6.5846,70.6415
15577,-2182.84,6.58456,70.644
15578,-2182.95,6.58453,70.6464
15579,-2183.06,6.58449,70.6488
15580,-2183.17,6.58445,70.6513
15581,-2183.27,6.58442,70.6538
15582,-2183.38,6.58438,70.6563
15583,-2183.49,6.58435,70.6587
15584,-2183.6,6.58431,70.6611
15585,-2183.71,6.58427,70.6636
15586,-2183.81,6.58424,70.6661
15587,-2183.92,6.5842,70.6685
15588,-2184.03,6.58417,70.671
15589,-2184.14,6.58413,70.6736
15590,-2184.25,6.58409,70.6762
15591,-2184.35,6.58406,70.6787
15592,-2184.46,6.58402,70.6811
15593,-2184.57,6.58398,70.6836
15594,-2184.68,6.58395,70.6862
15595,-2184.79,6.58391,70.6887
15596,-2184.89,6.58388,70.6912
15597,-2185,6.58384,70.6937
15598,-2185.11,6.5838,70.7147
15599,-2185.22,6.58377,70.7186
15600,-2185.33,6.58373,70.7215
15601,-2185.43,6.5837,70.7275
15602,-2185.54,6.58366,70.7301
15603,-2185.65,6.58362,70.7325
15604,-2185.76,6.58359,70.7348
15605,-2185.87,6.58355,70.7371
15606,-2185.98,6.58351,70.7397
15607,-2186.08,6.58348,70.7422
15608,-2186.19,6.58344,70.7449
15609,-2186.3,6.58341,70.7475
15610,-2186.41,6.58337,70.7502
15611,-2186.52,6.58333,70.7528
15612,-2186.62,6.5833,70.7554
15613,-2186.73,6.58326,70.758
15614,-2186.84,6.58323,70.7605
15615,-2186.95,6.58319,70.7632
15616,-2187.06,6.58315,70.7657
15617,-2187.16,6.58312,70.7683
15618,-2187.27,6.58308,70.7709
15619,-2187.38,6.58305,70.7735
15620,-2187.49,6.58301,70.7761
15621,-2187.6,6.58297,70.7787
15622,-2187.7,6.58294,70.7814
15623,-2187.81,6.5829,70.784
15624,-2187.92,6.58286,70.7865
15625,-2188.03,6.58283,70.7891
15626,-2188.14,6.58279,70.7917
15627,-2188.24,6.58276,70.7943
15628,-2188.35,6.58272,70.7968
15629,-2188.46,6.58268,70.7994
15630,-2188.57,6.58265,70.8019
15631,-2188.68,6.58261,70.8045
15632,-2188.78,6.58258,70.807
15633,-2188.89,6.58254,70.8096
15634,-2189,6.5825,70.8121
15635,-2189.11,6.58247,70.8147
15636,-2189.22,6.58243,70.8173
15637,-2189.32,6.5824,70.8198
15638,-2189.43,6.58236,70.8224
15639,-2189.54,6.58232,70.8249
15640,-2189.65,6.58229,70.8274
15641,-2189.76,6.58225,70.83
15642,-2189.86,6.58222,70.8326
15643,-2189.97,6.58218,70.8352
15644,-2190.08,6.58214,70.8377
15645,-2190.19,6.58211,70.8403
15646,-2190.3,6.58207,70.8429
15647,-2190.4,6.58203,70.8455
15648,-2190.51,6.582,70.8481
15649,-2190.62,6.58196,70.8507
15650,-2190.73,6.58193,70.8533
15651,-2190.84,6.58189,70.8583
15652,-2190.94,6.58185,70.8609
15653,-2191.05,6.58182,70.8635
15654,-2191.16,6.58178,70.866
15655,-2191.27,6.58175,70.8685
15656,-2191.38,6.58171,70.8711
15657,-2191.48,6.58167,70.8737
15658,-2191.59,6.58164,70.8763
15659,-2191.7,6.5816,70.8788
15660,-2191.81,6.58157,70.8814
15661,-2191.92,6.58153,70.884
15662,-2192.02,6.58149,70.8866
15663,-2192.13,6.58146,70.8891
15664,-2192.24,6.58142,70.8916
15665,-2192.35,6.58139,70.8942
15666,-2192.46,6.58135,70.8968
15667,-2192.56,6.58131,70.8994
15668,-2192.67,6.58128,70.9019
15669,-2192.78,6.58124,70.9045
15670,-2192.89,6.58121,70.9071
15671,-2192.99,6.58117,70.9097
15672,-2193.1,6.58113,70.9122
15673,-2193.21,6.5811,70.9148
15674,-2193.32,6.58106,70.9174
15675,-2193.43,6.58103,70.9198
15676,-2193.53,6.58099,70.9225
15677,-2193.64,6.58095,70.9251
15678,-2193.75,6.58092,70.9277
15679,-2193.86,6.58088,70.9303
15680,-2193.97,6.58085,70.9328
15681,-2194.07,6.58081,70.9354
15682,-2194.18,6.58077,70.938
15683,-2194.29,6.58074,70.9406
15684,-2194.4,6.5807,70.9431
15685,-2194.51,6.58067,70.9458
15686,-2194.61,6.58063,70.9483
15687,-2194.72,6.58059,70.9509
15688,-2194.83,6.58056,70.9534
15689,-2194.94,6.58052,70.956
15690,-2195.05,6.58049,70.9585
15691,-2195.15,6.58045,70.9611
15692,-2195.26,6.58041,70.9637
15693,-2195.37,6.58038,70.9662
15694,-2195.48,6.58034,70.9687
15695,-2195.59,6.58031,70.9713
15696,-2195.69,6.58027,70.974
15697,-2195.8,6.58023,70.9766
15698,-2195.91,6.5802,70.9794
15699,-2196.02,6.58016,70.9819
15700,-2196.13,6.58012,70.9845
15701,-2196.23,6.58009,70.9894
15702,-2196.34,6.58005,70.9921
15703,-2196.45,6.58002,70.9948
15704,-2196.56,6.57998,70.9974
15705,-2196.66,6.57994,71
15706,-2196.77,6.57991,71.003
15707,-2196.88,6.57987,71.0057
15708,-2196.99,6.57984,71.0083
15709,-2197.1,6.5798,71.0109
15710,-2197.2,6.57976,71.0135
15711,-2197.31,6.57973,71.0161
15712,-2197.42,6.57969,71.0188
15713,-2197.53,6.57966,71.0215
15714,-2197.64,6.57962,71.0242
15715,-2197.74,6.57958,71.0269
15716,-2197.85,6.57955,71.0295
15717,-2197.96,6.57951,71.0321
15718,-2198.07,6.57948,71.0347
15719,-2198.18,6.57944,71.0374
15720,-2198.28,6.57941,71.04
15721,-2198.39,6.57937,71.0426
15722,-2198.5,6.57933,71.0451
15723,-2198.61,6.5793,71.0477
15724,-2198.71,6.57926,71.0504
15725,-2198.82,6.57923,71.0531
15726,-2198.93,6.57919,71.0557
15727,-2199.04,6.57915,71.0584
15728,-2199.15,6.57912,71.0611
15729,-2199.25,6.57908,71.0639
15730,-2199.36,6.57905,71.0665
15731,-2199.47,6.57901,71.0691
15732,-2199.58,6.57897,71.0716
15733,-2199.69,6.57894,71.0743
15734,-2199.79,6.5789,71.0768
15735,-2199.9,6.57887,71.0794
15736,-2200.01,6.57883,71.0821
15737,-2200.12,6.57879,71.0848
15738,-2200.23,6.57876,71.0873
15739,-2200.33,6.57872,71.0899
15740,-2200.44,6.57869,71.0926
15741,-2200.55,6.57865,71.0952
15742,-2200.66,6.57861,71.0978
15743,-2200.76,6.57858,71.1001
15744,-2200.87,6.57854,71.1026
15745,-2200.98,6.57851,71.1052
15746,-2201.09,6.57847,71.1077
15747,-2201.2,6.57843,71.1102
15748,-2201.3,6.5784,71.1126
15749,-2201.41,6.57836,71.1151
15750,-2201.52,6.57833,71.1175
15751,-2201.63,6.57829,71.1221
15752,-2201.74,6.57825,71.1246
15753,-2201.84,6.57822,71.1271
15754,-2201.95,6.57818,71.1295
15755,-2202.06,6.57815,71.132
15756,-2202.17,6.57811,71.1344
15757,-2202.27,6.57807,71.1368
15758,-2202.38,6.57804,71.1393
15759,-2202.49,6.578,71.1417
15760,-2202.6,6.57797,71.1442
15761,-2202.71,6.57793,71.1467
15762,-2202.81,6.57789,71.1492
15763,-2202.92,6.57786,71.1515
15764,-2203.03,6.57782,71.154
15765,-2203.14,6.57779,71.1564
15766,-2203.24,6.57775,71.1589
15767,-2203.35,6.57772,71.1613
15768,-2203.46,6.57768,71.1638
15769,-2203.57,6.57764,71.1662
15770,-2203.68,6.57761,71.1686
15771,-2203.78,6.57757,71.1711
15772,-2203.89,6.57754,71.1736
15773,-2204,6.5775,71.1761
15774,-2204.11,6.57746,71.1786
15775,-2204.22,6.57743,71.181
15776,-2204.32,6.57739,71.1834
15777,-2204.43,6.57736,71.1858
15778,-2204.54,6.57732,71.1882
15779,-2204.65,6.57728,71.1906
15780,-2204.75,6.57725,71.1931
15781,-2204.86,6.57721,71.1956
15782,-2204.97,6.57718,71.198
15783,-2205.08,6.57714,71.2005
15784,-2205.19,6.5771,71.203
15785,-2205.29,6.57707,71.2055
15786,-2205.4,6.57703,71.208
15787,-2205.51,6.577,71.2106
15788,-2205.62,6.57696,71.2131
15789,-2205.72,6.57692,71.2155
15790,-2205.83,6.57689,71.2179
15791,-2205.94,6.57685,71.2203
15792,-2206.05,6.57682,71.2227
15793,-2206.16,6.57678,71.2252
15794,-2206.26,6.57675,71.2277
15795,-2206.37,6.57671,71.2302
15796,-2206.48,6.57667,71.2327
15797,-2206.59,6.57664,71.2352
15798,-2206.69,6.5766,71.2376
15799,-2206.8,6.57657,71.2401
15800,-2206.91,6.57653,71.2426
15801,-2207.02,6.57649,71.2471
15802,-2207.13,6.57646,71.2497
15803,-2207.23,6.57642,71.2521
15804,-2207.34,6.57639,71.2546
15805,-2207.45,6.57635,71.257
15806,-2207.56,6.57631,71.2596
15807,-2207.66,6.57628,71.262
15808,-2207.77,6.57624,71.2645
15809,-2207.88,6.57621,71.267
15810,-2207.99,6.57617,71.2695
15811,-2208.1,6.57614,71.2719
15812,-2208.2,6.5761,71.2744
15813,-2208.31,6.57606,71.2768
15814,-2208.42,6.57603,71.2792
15815,-2208.53,6.57599,71.2817
15816,-2208.63,6.57596,71.2841
15817,-2208.74,6.57592,71.2866
15818,-2208.85,6.57588,71.289
15819,-2208.96,6.57585,71.2914
15820,-2209.07,6.57581,71.2939
15821,-2209.17,6.57578,71.2964
15822,-2209.28,6.57574,71.2988
15823,-2209.39,6.5757,71.3012
15824,-2209.5,6.57567,71.3036
15825,-2209.6,6.57563,71.3061
15826,-2209.71,6.5756,71.3086
15827,-2209.82,6.57556,71.311
15828,-2209.93,6.57553,71.3135
15829,-2210.04,6.57549,71.316
15830,-2210.14,6.57545,71.3186
15831,-2210.25,6.57542,71.321
15832,-2210.36,6.57538,71.3235
15833,-2210.47,6.57535,71.326
15834,-2210.57,6.57531,71.3285
15835,-2210.68,6.57527,71.331
15836,-2210.79,6.57524,71.3335
15837,-2210.9,6.5752,71.3359
15838,-2211.01,6.57517,71.3384
15839,-2211.11,6.57513,71.3409
15840,-2211.22,6.5751,71.3434
15841,-2211.33,6.57506,71.3459
15842,-2211.44,6.57502,71.3484
15843,-2211.54,6.57499,71.3508
15844,-2211.65,6.57495,71.3532
15845,-2211.76,6.57492,71.3556
15846,-2211.87,6.57488,71.3581
15847,-2211.98,6.57484,71.3606
15848,-2212.08,6.57481,71.363
15849,-2212.19,6.57477,71.3655
15850,-2212.3,6.57474,71.3679
15851,-2212.41,6.5747,71.3725
15852,-2212.51,6.57467,71.375
15853,-2212.62,6.57463,71.3775
15854,-2212.73,6.57459,71.38
15855,-2212.84,6.57456,71.3824
15856,-2212.94,6.57452,71.3849
15857,-2213.05,6.57449,71.3873
15858,-2213.16,6.57445,71.3898
15859,-2213.27,6.57441,71.3922
15860,-2213.38,6.57438,71.3947
15861,-2213.48,6.57434,71.3971
15862,-2213.59,6.57431,71.3996
15863,-2213.7,6.57427,71.402
15864,-2213.81,6.57424,71.4045
15865,-2213.91,6.5742,71.412
15866,-2214.02,6.57416,71.4146
15867,-2214.13,6.57413,71.4171
15868,-2214.24,6.57409,71.4195
15869,-2214.34,6.57406,71.422
15870,-2214.45,6.57402,71.4245
15871,-2214.56,6.57398,71.4269
15872,-2214.67,6.57395,71.4293
15873,-2214.78,6.57391,71.4317
15874,-2214.88,6.57388,71.4342
15875,-2214.99,6.57384,71.4366
15876,-2215.1,6.57381,71.4391
15877,-2215.21,6.57377,71.4416
15878,-2215.31,6.57373,71.4441
15879,-2215.42,6.5737,71.4466
15880,-2215.53,6.57366,71.449
15881,-2215.64,6.57363,71.4515
15882,-2215.74,6.57359,71.4539
15883,-2215.85,6.57355,71.4564
15884,-2215.96,6.57352,71.4588
15885,-2216.07,6.57348,71.4612
15886,-2216.18,6.57345,71.4637
15887,-2216.28,6.57341,71.4661
15888,-2216.39,6.57338,71.4686
15889,-2216.5,6.57334,71.4711
15890,-2216.61,6.5733,71.4735
15891,-2216.71,6.57327,71.476
15892,-2216.82,6.57323,71.4785
15893,-2216.93,6.5732,71.4809
15894,-2217.04,6.57316,71.4834
15895,-2217.14,6.57313,71.4859
15896,-2217.25,6.57309,71.4883
15897,-2217.36,6.57305,71.4907
15898,-2217.47,6.57302,71.4932
15899,-2217.58,6.57298,71.4956
15900,-2217.68,6.57295,71.4981
15901,-2217.79,6.57291,71.5027
15902,-2217.9,6.57287,71.5052
15903,-2218.01,6.57284,71.5077
15904,-2218.11,6.5728,71.5101
15905,-2218.22,6.57277,71.5126
15906,-2218.33,6.57273,71.5151
15907,-2218.44,6.5727,71.5177
15908,-2218.54,6.57266,71.5201
15909,-2218.65,6.57262,71.5226
15910,-2218.76,6.57259,71.525
15911,-2218.87,6.57255,71.5276
15912,-2218.97,6.57252,71.53
15913,-2219.08,6.57248,71.5325
15914,-2219.19,6.57245,71.5349
15915,-2219.3,6.57241,71.5375
15916,-2219.41,6.57237,71.5401
15917,-2219.51,6.57234,71.5427
15918,-2219.62,6.5723,71.5451
15919,-2219.73,6.57227,71.5475
15920,-2219.84,6.57223,71.55
15921,-2219.94,6.5722,71.5525
15922,-2220.05,6.57216,71.555
15923,-2220.16,6.57212,71.5574
15924,-2220.27,6.57209,71.5598
15925,-2220.37,6.57205,71.5623
15926,-2220.48,6.57202,71.5648
15927,-2220.59,6.57198,71.5674
15928,-2220.7,6.57194,71.5698
15929,-2220.8,6.57191,71.5723
15930,-2220.91,6.57187,71.5747
15931,-2221.02,6.57184,71.5771
15932,-2221.13,6.5718,71.5796
15933,-2221.24,6.57177,71.5821
15934,-2221.34,6.57173,71.5846
15935,-2221.45,6.57169,71.5871
15936,-2221.56,6.57166,71.5895
15937,-2221.67,6.57162,71.592
15938,-2221.77,6.57159,71.5944
15939,-2221.88,6.57155,71.5969
15940,-2221.99,6.57152,71.5994
15941,-2222.1,6.57148,71.6019
15942,-2222.2,6.57144,71.6044
15943,-2222.31,6.57141,71.6069
15944,-2222.42,6.57137,71.6093
15945,-2222.53,6.57134,71.6118
15946,-2222.63,6.5713,71.6142
15947,-2222.74,6.57127,71.6166
15948,-2222.85,6.57123,71.6191
15949,-2222.96,6.57119,71.6215
15950,-2223.06,6.57116,71.624
15951,-2223.17,6.57112,71.6286
15952,-2223.28,6.57109,71.6311
15953,-2223.39,6.57105,71.6337
15954,-2223.49,6.57102,71.6362
15955,-2223.6,6.57098,71.6387
15956,-2223.71,6.57094,71.6412
15957,-2223.82,6.57091,71.6436
15958,-2223.93,6.57087,71.6461
15959,-2224.03,6.57084,71.6485
15960,-2224.14,6.5708,71.651
15961,-2224.25,6.57077,71.6534
15962,-2224.36,6.57073,71.6559
15963,-2224.46,6.57069,71.6583
15964,-2224.57,6.57066,71.6607
15965,-2224.68,6.57062,71.6633
15966,-2224.79,6.57059,71.6658
15967,-2224.89,6.57055,71.6683
15968,-2225,6.57052,71.6707
15969,-2225.11,6.57048,71.6733
15970,-2225.22,6.57044,71.6758
15971,-2225.32,6.57041,71.6782
15972,-2225.43,6.57037,71.6807
15973,-2225.54,6.57034,71.6831
15974,-2225.65,6.5703,71.6855
15975,-2225.75,6.57027,71.688
15976,-2225.86,6.57023,71.6905
15977,-2225.97,6.57019,71.693
15978,-2226.08,6.57016,71.6954
15979,-2226.18,6.57012,71.6978
15980,-2226.29,6.57009,71.7002
15981,-2226.4,6.57005,71.7027
15982,-2226.51,6.57002,71.7052
15983,-2226.61,6.56998,71.7077
15984,-2226.72,6.56994,71.7102
15985,-2226.83,6.56991,71.7127
15986,-2226.94,6.56987,71.7152
15987,-2227.04,6.56984,71.7177
15988,-2227.15,6.5698,71.7202
15989,-2227.26,6.56977,71.7226
15990,-2227.37,6.56973,71.725
15991,-2227.47,6.5697,71.7274
15992,-2227.58,6.56966,71.7299
15993,-2227.69,6.56962,71.7323
15994,-2227.8,6.56959,71.7348
15995,-2227.9,6.56955,71.7373
15996,-2228.01,6.56952,71.7397
15997,-2228.12,6.56948,71.7422
15998,-2228.23,6.56945,71.7446
15999,-2228.34,6.56941,71.7471
16000,-2228.44,6.56937,71.7496
16001,-2228.55,6.56934,71.754
16002,-2228.66,6.5693,71.7566
16003,-2228.77,6.56927,71.759
16004,-2228.87,6.56923,71.7614
16005,-2228.98,6.5692,71.7639
16006,-2229.09,6.56916,71.7663
16007,-2229.2,6.56912,71.7687
16008,-2229.3,6.56909,71.7712
16009,-2229.41,6.56905,71.7736
16010,-2229.52,6.56902,71.776
16011,-2229.63,6.56898,71.7784
16012,-2229.73,6.56895,71.7809
16013,-2229.84,6.56891,71.7833
16014,-2229.95,6.56887,71.7858
16015,-2230.06,6.56884,71.7882
16016,-2230.16,6.5688,71.7907
16017,-2230.27,6.56877,71.7931
16018,-2230.38,6.56873,71.7956
16019,-2230.49,6.5687,71.798
16020,-2230.59,6.56866,71.8005
16021,-2230.7,6.56863,71.8029
16022,-2230.81,6.56859,71.8054
16023,-2230.92,6.56855,71.8078
16024,-2231.02,6.56852,71.8103
16025,-2231.13,6.56848,71.8128
16026,-2231.24,6.56845,71.8152
16027,-2231.35,6.56841,71.8176
16028,-2231.45,6.56838,71.8201
16029,-2231.56,6.56834,71.8225
16030,-2231.67,6.5683,71.8251
16031,-2231.78,6.56827,71.8276
16032,-2231.88,6.56823,71.83
16033,-2231.99,6.5682,71.8325
16034,-2232.1,6.56816,71.8349
16035,-2232.21,6.56813,71.8374
16036,-2232.31,6.56809,71.8398
16037,-2232.42,6.56806,71.8422
16038,-2232.53,6.56802,71.8447
16039,-2232.64,6.56798,71.8471
16040,-2232.74,6.56795,71.8496
16041,-2232.85,6.56791,71.852
16042,-2232.96,6.56788,71.8544
16043,-2233.07,6.56784,71.8568
16044,-2233.17,6.56781,71.8593
16045,-2233.28,6.56777,71.8617
16046,-2233.39,6.56773,71.8641
16047,-2233.5,6.5677,71.8665
16048,-2233.6,6.56766,71.869
16049,-2233.71,6.56763,71.8715
16050,-2233.82,6.56759,71.8739
16051,-2233.92,6.56756,71.8784
16052,-2234.03,6.56752,71.8809
16053,-2234.14,6.56749,71.8834
16054,-2234.25,6.56745,71.8858
16055,-2234.35,6.56741,71.8883
16056,-2234.46,6.56738,71.8907
16057,-2234.57,6.56734,71.8931
16058,-2234.68,6.56731,71.8955
16059,-2234.78,6.56727,71.8979
16060,-2234.89,6.56724,71.9004
16061,-2235,6.5672,71.9029
16062,-2235.11,6.56716,71.9054
16063,-2235.21,6.56713,71.9079
16064,-2235.32,6.56709,71.9104
16065,-2235.43,6.56706,71.9129
16066,-2235.54,6.56702,71.9154
16067,-2235.64,6.56699,71.9179
16068,-2235.75,6.56695,71.9203
16069,-2235.86,6.56692,71.9228
16070,-2235.97,6.56688,71.9252
16071,-2236.07,6.56684,71.9276
16072,-2236.18,6.56681,71.9301
16073,-2236.29,6.56677,71.9326
16074,-2236.4,6.56674,71.935
16075,-2236.5,6.5667,71.9375
16076,-2236.61,6.56667,71.9399
16077,-2236.72,6.56663,71.9423
16078,-2236.83,6.5666,71.9447
16079,-2236.93,6.56656,71.9472
16080,-2237.04,6.56652,71.9496
16081,-2237.15,6.56649,71.952
16082,-2237.26,6.56645,71.9545
16083,-2237.36,6.56642,71.957
16084,-2237.47,6.56638,71.9594
16085,-2237.58,6.56635,71.9619
16086,-2237.69,6.56631,71.9643
16087,-2237.79,6.56628,71.9667
16088,-2237.9,6.56624,71.9691
16089,-2238.01,6.5662,71.9716
16090,-2238.12,6.56617,71.974
16091,-2238.22,6.56613,71.9765
16092,-2238.33,6.5661,71.9789
16093,-2238.44,6.56606,71.9814
16094,-2238.54,6.56603,71.9838
16095,-2238.65,6.56599,71.9862
16096,-2238.76,6.56596,71.9886
16097,-2238.87,6.56592,71.9911
16098,-2238.97,6.56588,71.9936
16099,-2239.08,6.56585,71.996
16100,-2239.19,6.56581,71.9985
16101,-2239.3,6.56578,72.0031
16102,-2239.4,6.56574,72.0057
16103,-2239.51,6.56571,72.0081
16104,-2239.62,6.56567,72.0106
16105,-2239.73,6.56564,72.0131
16106,-2239.83,6.5656,72.0242
16107,-2239.94,6.56556,72.0285
16108,-2240.05,6.56553,72.0321
16109,-2240.16,6.56549,72.0351
16110,-2240.26,6.56546,72.0377
16111,-2240.37,6.56542,72.0405
16112,-2240.48,6.56539,72.0431
16113,-2240.59,6.56535,72.0456
16114,-2240.69,6.56532,72.0482
16115,-2240.8,6.56528,72.0507
16116,-2240.91,6.56524,72.0534
16117,-2241.01,6.56521,72.0559
16118,-2241.12,6.56517,72.0584
16119,-2241.23,6.56514,72.0608
16120,-2241.34,6.5651,72.0633
16121,-2241.44,6.56507,72.0659
16122,-2241.55,6.56503,72.0684
16123,-2241.66,6.565,72.0709
16124,-2241.77,6.56496,72.0734
16125,-2241.87,6.56492,72.0758
16126,-2241.98,6.56489,72.0783
16127,-2242.09,6.56485,72.0807
16128,-2242.2,6.56482,72.0832
16129,-2242.3,6.56478,72.0858
16130,-2242.41,6.56475,72.0883
16131,-2242.52,6.56471,72.0909
16132,-2242.63,6.56468,72.0935
16133,-2242.73,6.56464,72.1031
16134,-2242.84,6.5646,72.1056
16135,-2242.95,6.56457,72.1081
16136,-2243.06,6.56453,72.1106
16137,-2243.16,6.5645,72.1131
16138,-2243.27,6.56446,72.1156
16139,-2243.38,6.56443,72.1181
16140,-2243.48,6.56439,72.1206
16141,-2243.59,6.56436,72.1231
16142,-2243.7,6.56432,72.1255
16143,-2243.81,6.56428,72.128
16144,-2243.91,6.56425,72.1305
16145,-2244.02,6.56421,72.133
16146,-2244.13,6.56418,72.1355
16147,-2244.24,6.56414,72.138
16148,-2244.34,6.56411,72.1406
16149,-2244.45,6.56407,72.2882
16150,-2244.56,6.56404,72.2922
16151,-2244.67,6.564,72.319
16152,-2244.77,6.56397,72.3219
16153,-2244.88,6.56393,72.3246
16154,-2244.99,6.56389,72.3271
16155,-2245.09,6.56386,72.3297
16156,-2245.2,6.56382,72.3323
16157,-2245.31,6.56379,72.335
16158,-2245.42,6.56375,72.3375
16159,-2245.52,6.56372,72.3399
16160,-2245.63,6.56368,72.3424
16161,-2245.74,6.56365,72.3444
16162,-2245.85,6.56361,72.3465
16163,-2245.95,6.56357,72.3486
16164,-2246.06,6.56354,72.3507
16165,-2246.17,6.5635,72.3531
16166,-2246.28,6.56347,72.3557
16167,-2246.38,6.56343,72.3581
16168,-2246.49,6.5634,72.3606
16169,-2246.6,6.56336,72.3631
16170,-2246.7,6.56333,72.3656
16171,-2246.81,6.56329,72.3681
16172,-2246.92,6.56326,72.3705
16173,-2247.03,6.56322,72.373
16174,-2247.13,6.56318,72.3755
16175,-2247.24,6.56315,72.3779
16176,-2247.35,6.56311,72.3804
16177,-2247.46,6.56308,72.3828
16178,-2247.56,6.56304,72.3853
16179,-2247.67,6.56301,72.3877
16180,-2247.78,6.56297,72.3902
16181,-2247.88,6.56294,72.3926
16182,-2247.99,6.5629,72.3951
16183,-2248.1,6.56287,72.3976
16184,-2248.21,6.56283,72.4
16185,-2248.31,6.56279,72.4025
16186,-2248.42,6.56276,72.405
16187,-2248.53,6.56272,72.4074
16188,-2248.64,6.56269,72.4099
16189,-2248.74,6.56265,72.4123
16190,-2248.85,6.56262,72.4148
16191,-2248.96,6.56258,72.4172
16192,-2249.07,6.56255,72.4197
16193,-2249.17,6.56251,72.4221
16194,-2249.28,6.56248,72.4245
16195,-2249.39,6.56244,72.427
16196,-2249.49,6.5624,72.4295
16197,-2249.6,6.56237,72.4319
16198,-2249.71,6.56233,72.4344
16199,-2249.82,6.5623,72.4368
16200,-2249.92,6.56226,72.4393
16201,-2250.03,6.56223,72.469
16202,-2250.14,6.56219,72.4722
16203,-2250.25,6.56216,72.4744
16204,-2250.35,6.56212,72.4767
16205,-2250.46,6.56209,72.4791
16206,-2250.57,6.56205,72.4815
16207,-2250.67,6.56201,72.4837
16208,-2250.78,6.56198,72.4861
16209,-2250.89,6.56194,72.4886
16210,-2251,6.56191,72.491
16211,-2251.1,6.56187,72.4937
16212,-2251.21,6.56184,72.4961
16213,-2251.32,6.5618,72.4986
16214,-2251.43,6.56177,72.501
16215,-2251.53,6.56173,72.5035
16216,-2251.64,6.5617,72.5059
16217,-2251.75,6.56166,72.5084
16218,-2251.85,6.56162,72.5109
16219,-2251.96,6.56159,72.5134
16220,-2252.07,6.56155,72.5159
16221,-2252.18,6.56152,72.5183
16222,-2252.28,6.56148,72.5208
16223,-2252.39,6.56145,72.5232
16224,-2252.5,6.56141,72.5257
16225,-2252.6,6.56138,72.5281
16226,-2252.71,6.56134,72.5306
16227,-2252.82,6.56131,72.5331
16228,-2252.93,6.56127,72.5355
16229,-2253.03,6.56124,72.538
16230,-2253.14,6.5612,72.5405
16231,-2253.25,6.56116,72.543
16232,-2253.36,6.56113,72.5455
16233,-2253.46,6.56109,72.548
16234,-2253.57,6.56106,72.5504
16235,-2253.68,6.56102,72.553
16236,-2253.78,6.56099,72.5554
16237,-2253.89,6.56095,72.5579
16238,-2254,6.56092,72.5604
16239,-2254.11,6.56088,72.563
16240,-2254.21,6.56085,72.5654
16241,-2254.32,6.56081,72.5678
16242,-2254.43,6.56077,72.5702
16243,-2254.54,6.56074,72.5726
16244,-2254.64,6.5607,72.5751
16245,-2254.75,6.56067,72.5776
16246,-2254.86,6.56063,72.5801
16247,-2254.96,6.5606,72.5825
16248,-2255.07,6.56056,72.585
16249,-2255.18,6.56053,72.5875
16250,-2255.29,6.56049,72.59
16251,-2255.39,6.56046,72.6061
16252,-2255.5,6.56042,72.6092
16253,-2255.61,6.56039,72.6118
16254,-2255.71,6.56035,72.6143
16255,-2255.82,6.56031,72.6168
16256,-2255.93,6.56028,72.6192
16257,-2256.04,6.56024,72.6216
16258,-2256.14,6.56021,72.6242
16259,-2256.25,6.56017,72.6267
16260,-2256.36,6.56014,72.6293
16261,-2256.46,6.5601,72.6318
16262,-2256.57,6.56007,72.6342
16263,-2256.68,6.56003,72.6367
16264,-2256.79,6.56,72.6392
16265,-2256.89,6.55996,72.6417
16266,-2257,6.55993,72.6441
16267,-2257.11,6.55989,72.6467
16268,-2257.22,6.55985,72.6491
16269,-2257.32,6.55982,72.6516
16270,-2257.43,6.55978,72.6712
16271,-2257.54,6.55975,72.6742
16272,-2257.64,6.55971,72.6767
16273,-2257.75,6.55968,72.6792
16274,-2257.86,6.55964,72.6816
16275,-2257.97,6.55961,72.6841
16276,-2258.07,6.55957,72.6865
16277,-2258.18,6.55954,72.689
16278,-2258.29,6.5595,72.6915
16279,-2258.39,6.55947,72.6939
16280,-2258.5,6.55943,72.6964
16281,-2258.61,6.5594,72.6989
16282,-2258.72,6.55936,72.7014
16283,-2258.82,6.55932,72.7038
16284,-2258.93,6.55929,72.7063
16285,-2259.04,6.55925,72.7087
16286,-2259.14,6.55922,72.7112
16287,-2259.25,6.55918,72.7136
16288,-2259.36,6.55915,72.7161
16289,-2259.47,6.55911,72.7186
16290,-2259.57,6.55908,72.721
16291,-2259.68,6.55904,72.7235
16292,-2259.79,6.55901,72.726
16293,-2259.89,6.55897,72.7285
16294,-2260,6.55894,72.7309
16295,-2260.11,6.5589,72.7335
16296,-2260.22,6.55886,72.736
16297,-2260.32,6.55883,72.7384
16298,-2260.43,6.55879,72.7408
16299,-2260.54,6.55876,72.7433
16300,-2260.64,6.55872,72.7458
16301,-2260.75,6.55869,72.7611
16302,-2260.86,6.55865,72.7643
16303,-2260.97,6.55862,72.7668
16304,-2261.07,6.55858,72.7693
16305,-2261.18,6.55855,72.7717
16306,-2261.29,6.55851,72.7741
16307,-2261.39,6.55848,72.7766
16308,-2261.5,6.55844,72.779
16309,-2261.61,6.55841,72.7816
16310,-2261.72,6.55837,72.7841
16311,-2261.82,6.55833,72.7865
16312,-2261.93,6.5583,72.789
16313,-2262.04,6.55826,72.7915
16314,-2262.14,6.55823,72.7939
16315,-2262.25,6.55819,72.7964
16316,-2262.36,6.55816,72.7988
16317,-2262.47,6.55812,72.8012
16318,-2262.57,6.55809,72.8037
16319,-2262.68,6.55805,72.8063
16320,-2262.79,6.55802,72.8277
16321,-2262.89,6.55798,72.8308
16322,-2263,6.55795,72.8333
16323,-2263.11,6.55791,72.8358
16324,-2263.22,6.55788,72.8382
16325,-2263.32,6.55784,72.8406
16326,-2263.43,6.55781,72.8431
16327,-2263.54,6.55777,72.8456
16328,-2263.64,6.55773,72.848
16329,-2263.75,6.5577,72.8504
16330,-2263.86,6.55766,72.8528
16331,-2263.97,6.55763,72.8552
16332,-2264.07,6.55759,72.8577
16333,-2264.18,6.55756,72.8602
16334,-2264.29,6.55752,72.8627
16335,-2264.39,6.55749,72.8651
16336,-2264.5,6.55745,72.8676
16337,-2264.61,6.55742,72.87
16338,-2264.72,6.55738,72.8726
16339,-2264.82,6.55735,72.8749
16340,-2264.93,6.55731,72.8774
16341,-2265.04,6.55728,72.8799
16342,-2265.14,6.55724,72.8823
16343,-2265.25,6.55721,72.8847
16344,-2265.36,6.55717,72.8871
16345,-2265.47,6.55713,72.8896
16346,-2265.57,6.5571,72.892
16347,-2265.68,6.55706,72.8946
16348,-2265.79,6.55703,72.897
16349,-2265.89,6.55699,72.8995
16350,-2266,6.55696,72.9019
16351,-2266.11,6.55692,72.9172
16352,-2266.21,6.55689,72.9202
16353,-2266.32,6.55685,72.9227
16354,-2266.43,6.55682,72.9252
16355,-2266.54,6.55678,72.9275
16356,-2266.64,6.55675,72.93
16357,-2266.75,6.55671,72.9324
16358,-2266.86,6.55668,72.9348
16359,-2266.96,6.55664,72.9372
16360,-2267.07,6.55661,72.9397
16361,-2267.18,6.55657,72.9422
16362,-2267.29,6.55653,72.9446
16363,-2267.39,6.5565,72.947
16364,-2267.5,6.55646,72.9495
16365,-2267.61,6.55643,72.9519
16366,-2267.71,6.55639,72.9544
16367,-2267.82,6.55636,72.9568
16368,-2267.93,6.55632,72.9593
16369,-2268.03,6.55629,72.9617
16370,-2268.14,6.55625,72.9642
16371,-2268.25,6.55622,72.9858
16372,-2268.36,6.55618,72.9884
16373,-2268.46,6.55615,72.9908
16374,-2268.57,6.55611,72.9933
16375,-2268.68,6.55608,72.9957
16376,-2268.78,6.55604,72.9981
16377,-2268.89,6.55601,73.0007
16378,-2269,6.55597,73.0031
16379,-2269.11,6.55594,73.0057
16380,-2269.21,6.5559,73.0082
16381,-2269.32,6.55586,73.0107
16382,-2269.43,6.55583,73.0131
16383,-2269.53,6.55579,73.0155
16384,-2269.64,6.55576,73.018
16385,-2269.75,6.55572,73.0205
16386,-2269.85,6.55569,73.0229
16387,-2269.96,6.55565,73.0253
16388,-2270.07,6.55562,73.0277
16389,-2270.18,6.55558,73.0302
16390,-2270.28,6.55555,73.0326
16391,-2270.39,6.55551,73.035
16392,-2270.5,6.55548,73.0375
16393,-2270.6,6.55544,73.04
16394,-2270.71,6.55541,73.0425
16395,-2270.82,6.55537,73.0449
16396,-2270.93,6.55534,73.0473
16397,-2271.03,6.5553,73.0498
16398,-2271.14,6.55527,73.0522
16399,-2271.25,6.55523,73.0547
16400,-2271.35,6.5552,73.0682
16401,-2271.46,6.55516,73.0836
16402,-2271.57,6.55512,73.0866
16403,-2271.67,6.55509,73.089
16404,-2271.78,6.55505,73.0915
16405,-2271.89,6.55502,73.094
16406,-2272,6.55498,73.0965
16407,-2272.1,6.55495,73.0989
16408,-2272.21,6.55491,73.1014
16409,-2272.32,6.55488,73.1039
16410,-2272.42,6.55484,73.1063
16411,-2272.53,6.55481,73.1088
16412,-2272.64,6.55477,73.1113
16413,-2272.74,6.55474,73.1138
16414,-2272.85,6.5547,73.1162
16415,-2272.96,6.55467,73.1187
16416,-2273.07,6.55463,73.1211
16417,-2273.17,6.5546,73.1236
16418,-2273.28,6.55456,73.126
16419,-2273.39,6.55453,73.1285
16420,-2273.49,6.55449,73.1493
16421,-2273.6,6.55446,73.1526
16422,-2273.71,6.55442,73.1551
16423,-2273.81,6.55439,73.1577
16424,-2273.92,6.55435,73.1602
16425,-2274.03,6.55431,73.1627
16426,-2274.14,6.55428,73.1651
16427,-2274.24,6.55424,73.1675
16428,-2274.35,6.55421,73.17
16429,-2274.46,6.55417,73.1724
16430,-2274.56,6.55414,73.1749
16431,-2274.67,6.5541,73.1773
16432,-2274.78,6.55407,73.1797
16433,-2274.88,6.55403,73.1821
16434,-2274.99,6.554,73.1846
16435,-2275.1,6.55396,73.187
16436,-2275.21,6.55393,73.1894
16437,-2275.31,6.55389,73.1919
16438,-2275.42,6.55386,73.1942
16439,-2275.53,6.55382,73.1967
16440,-2275.63,6.55379,73.1991
16441,-2275.74,6.55375,73.2015
16442,-2275.85,6.55372,73.204
16443,-2275.95,6.55368,73.2065
16444,-2276.06,6.55365,73.209
16445,-2276.17,6.55361,73.2115
16446,-2276.28,6.55358,73.214
16447,-2276.38,6.55354,73.2165
16448,-2276.49,6.55351,73.2189
16449,-2276.6,6.55347,73.2214
16450,-2276.7,6.55344,73.2239
16451,-2276.81,6.5534,73.239
16452,-2276.92,6.55336,73.242
16453,-2277.02,6.55333,73.2445
16454,-2277.13,6.55329,73.2469
16455,-2277.24,6.55326,73.2493
16456,-2277.34,6.55322,73.2517
16457,-2277.45,6.55319,73.2541
16458,-2277.56,6.55315,73.2565
16459,-2277.67,6.55312,73.2589
16460,-2277.77,6.55308,73.2613
16461,-2277.88,6.55305,73.2638
16462,-2277.99,6.55301,73.2662
16463,-2278.09,6.55298,73.2686
16464,-2278.2,6.55294,73.271
16465,-2278.31,6.55291,73.2735
16466,-2278.41,6.55287,73.2759
16467,-2278.52,6.55284,73.2783
16468,-2278.63,6.5528,73.2808
16469,-2278.73,6.55277,73.2832
16470,-2278.84,6.55273,73.2856
16471,-2278.95,6.5527,73.3042
16472,-2279.06,6.55266,73.3068
16473,-2279.16,6.55263,73.3093
16474,-2279.27,6.55259,73.3119
16475,-2279.38,6.55256,73.3144
16476,-2279.48,6.55252,73.3169
16477,-2279.59,6.55249,73.3194
16478,-2279.7,6.55245,73.3219
16479,-2279.8,6.55242,73.3245
16480,-2279.91,6.55238,73.3269
16481,-2280.02,6.55235,73.3294
16482,-2280.12,6.55231,73.3319
16483,-2280.23,6.55227,73.3343
16484,-2280.34,6.55224,73.3367
16485,-2280.45,6.5522,73.3392
16486,-2280.55,6.55217,73.3416
16487,-2280.66,6.55213,73.3441
16488,-2280.77,6.5521,73.3466
16489,-2280.87,6.55206,73.349
16490,-2280.98,6.55203,73.3515
16491,-2281.09,6.55199,73.354
16492,-2281.19,6.55196,73.3565
16493,-2281.3,6.55192,73.3589
16494,-2281.41,6.55189,73.3614
16495,-2281.51,6.55185,73.3638
16496,-2281.62,6.55182,73.3663
16497,-2281.73,6.55178,73.3687
16498,-2281.84,6.55175,73.3711
16499,-2281.94,6.55171,73.3735
16500,-2282.05,6.55168,73.3761
16501,-2282.16,6.55164,73.3912
16502,-2282.26,6.55161,73.3942
16503,-2282.37,6.55157,73.3966
16504,-2282.48,6.55154,73.3991
16505,-2282.58,6.5515,73.4016
16506,-2282.69,6.55147,73.4041
16507,-2282.8,6.55143,73.4065
16508,-2282.9,6.5514,73.409
16509,-2283.01,6.55136,73.4115
16510,-2283.12,6.55133,73.414
16511,-2283.23,6.55129,73.4164
16512,-2283.33,6.55126,73.4189
16513,-2283.44,6.55122,73.4213
16514,-2283.55,6.55119,73.4238
16515,-2283.65,6.55115,73.4262
16516,-2283.76,6.55112,73.4287
16517,-2283.87,6.55108,73.4311
16518,-2283.97,6.55105,73.4336
16519,-2284.08,6.55101,73.436
16520,-2284.19,6.55098,73.4384
16521,-2284.29,6.55094,73.4572
16522,-2284.4,6.55091,73.4598
16523,-2284.51,6.55087,73.4623
16524,-2284.61,6.55083,73.4647
16525,-2284.72,6.5508,73.4672
16526,-2284.83,6.55076,73.4697
16527,-2284.94,6.55073,73.4721
16528,-2285.04,6.55069,73.4746
16529,-2285.15,6.55066,73.477
16530,-2285.26,6.55062,73.4795
16531,-2285.36,6.55059,73.482
16532,-2285.47,6.55055,73.4844
16533,-2285.58,6.55052,73.4868
16534,-2285.68,6.55048,73.4893
16535,-2285.79,6.55045,73.4917
16536,-2285.9,6.55041,73.4942
16537,-2286,6.55038,73.4966
16538,-2286.11,6.55034,73.4991
16539,-2286.22,6.55031,73.5016
16540,-2286.32,6.55027,73.504
16541,-2286.43,6.55024,73.5065
16542,-2286.54,6.5502,73.5089
16543,-2286.64,6.55017,73.5114
16544,-2286.75,6.55013,73.5139
16545,-2286.86,6.5501,73.5164
16546,-2286.97,6.55006,73.5188
16547,-2287.07,6.55003,73.5212
16548,-2287.18,6.54999,73.5237
16549,-2287.29,6.54996,73.5261
16550,-2287.39,6.54992,73.5286
16551,-2287.5,6.54989,73.544
16552,-2287.61,6.54985,73.547
16553,-2287.71,6.54982,73.5496
16554,-2287.82,6.54978,73.552
16555,-2287.93,6.54975,73.5545
16556,-2288.03,6.54971,73.557
16557,-2288.14,6.54968,73.5595
16558,-2288.25,6.54964,73.562
16559,-2288.35,6.54961,73.5644
16560,-2288.46,6.54957,73.5669
16561,-2288.57,6.54954,73.5694
16562,-2288.67,6.5495,73.5719
16563,-2288.78,6.54947,73.5743
16564,-2288.89,6.54943,73.5767
16565,-2288.99,6.5494,73.5792
16566,-2289.1,6.54936,73.5816
16567,-2289.21,6.54933,73.5841
16568,-2289.32,6.54929,73.5866
16569,-2289.42,6.54926,73.5891
16570,-2289.53,6.54922,73.6099
16571,-2289.64,6.54919,73.6131
16572,-2289.74,6.54915,73.6157
16573,-2289.85,6.54912,73.6182
16574,-2289.96,6.54908,73.6207
16575,-2290.06,6.54905,73.6232
16576,-2290.17,6.54901,73.6257
16577,-2290.28,6.54898,73.6282
16578,-2290.38,6.54894,73.6307
16579,-2290.49,6.54891,73.6332
16580,-2290.6,6.54887,73.6357
16581,-2290.7,6.54884,73.6382
16582,-2290.81,6.5488,73.6407
16583,-2290.92,6.54877,73.6431
16584,-2291.02,6.54873,73.6456
16585,-2291.13,6.5487,73.648
16586,-2291.24,6.54866,73.6505
16587,-2291.34,6.54863,73.653
16588,-2291.45,6.54859,73.6554
16589,-2291.56,6.54856,73.6579
16590,-2291.67,6.54852,73.6605
16591,-2291.77,6.54849,73.663
16592,-2291.88,6.54845,73.6654
16593,-2291.99,6.54842,73.6679
16594,-2292.09,6.54838,73.6704
16595,-2292.2,6.54835,73.6728
16596,-2292.31,6.54831,73.6753
16597,-2292.41,6.54828,73.6777
16598,-2292.52,6.54824,73.6802
16599,-2292.63,6.54821,73.6826
16600,-2292.73,6.54817,73.6851
16601,-2292.84,6.54814,73.7001
16602,-2292.95,6.5481,73.7031
16603,-2293.05,6.54807,73.7057
16604,-2293.16,6.54803,73.7082
16605,-2293.27,6.548,73.7106
16606,-2293.37,6.54796,73.7131
16607,-2293.48,6.54793,73.7156
16608,-2293.59,6.54789,73.7181
16609,-2293.69,6.54786,73.7205
16610,-2293.8,6.54782,73.7229
16611,-2293.91,6.54779,73.7254
16612,-2294.01,6.54775,73.7278
16613,-2294.12,6.54772,73.7302
16614,-2294.23,6.54768,73.7326
16615,-2294.33,6.54765,73.7351
16616,-2294.44,6.54761,73.7376
16617,-2294.55,6.54758,73.74
16618,-2294.65,6.54754,73.7425
16619,-2294.76,6.54751,73.745
16620,-2294.87,6.54747,73.7474
16621,-2294.97,6.54744,73.7831
16622,-2295.08,6.5474,73.7869
16623,-2295.19,6.54737,73.7904
16624,-2295.29,6.54733,73.7935
16625,-2295.4,6.5473,73.7963
16626,-2295.51,6.54726,73.799
16627,-2295.62,6.54723,73.8015
16628,-2295.72,6.54719,73.804
16629,-2295.83,6.54716,73.8065
16630,-2295.94,6.54712,73.8091
16631,-2296.04,6.54709,73.8116
16632,-2296.15,6.54705,73.8142
16633,-2296.26,6.54702,73.8167
16634,-2296.36,6.54698,73.8193
16635,-2296.47,6.54695,73.8218
16636,-2296.58,6.54691,73.8243
16637,-2296.68,6.54688,73.8268
16638,-2296.79,6.54684,73.8292
16639,-2296.9,6.54681,73.8317
16640,-2297,6.54677,73.8344
16641,-2297.11,6.54674,73.837
16642,-2297.22,6.5467,73.8395
16643,-2297.32,6.54667,73.842
16644,-2297.43,6.54663,73.8445
16645,-2297.54,6.5466,73.8469
16646,-2297.64,6.54656,73.8494
16647,-2297.75,6.54653,73.852
16648,-2297.86,6.54649,73.8545
16649,-2297.96,6.54646,73.857
16650,-2298.07,6.54642,73.8596
16651,-2298.18,6.54639,73.8753
16652,-2298.28,6.54635,73.8783
16653,-2298.39,6.54632,73.8807
16654,-2298.5,6.54628,73.8831
16655,-2298.6,6.54625,73.8856
16656,-2298.71,6.54621,73.888
16657,-2298.82,6.54618,73.8905
16658,-2298.92,6.54614,73.8929
16659,-2299.03,6.54611,73.8954
16660,-2299.14,6.54607,73.8979
16661,-2299.24,6.54604,73.9003
16662,-2299.35,6.546,73.9027
16663,-2299.46,6.54597,73.9052
16664,-2299.56,6.54593,73.9077
16665,-2299.67,6.5459,73.9102
16666,-2299.78,6.54586,73.9126
16667,-2299.88,6.54583,73.9151
16668,-2299.99,6.54579,73.9404
16669,-2300.1,6.54576,73.9436
16670,-2300.2,6.54572,73.9461
16671,-2300.31,6.54569,73.9487
16672,-2300.42,6.54565,73.9512
16673,-2300.52,6.54562,73.9538
16674,-2300.63,6.54558,73.9563
16675,-2300.74,6.54555,73.9587
16676,-2300.84,6.54551,73.9612
16677,-2300.95,6.54548,73.9636
16678,-2301.06,6.54544,73.9661
16679,-2301.16,6.54541,73.9686
16680,-2301.27,6.54537,73.9711
16681,-2301.38,6.54534,73.9736
16682,-2301.48,6.5453,73.976
16683,-2301.59,6.54527,73.9786
16684,-2301.7,6.54523,73.9811
16685,-2301.8,6.5452,73.9836
16686,-2301.91,6.54516,73.9861
16687,-2302.02,6.54513,73.9885
16688,-2302.12,6.54509,73.991
16689,-2302.23,6.54506,73.9934
16690,-2302.34,6.54502,73.996
16691,-2302.44,6.54499,73.9984
16692,-2302.55,6.54495,74.0008
16693,-2302.66,6.54492,74.0033
16694,-2302.76,6.54488,74.0058
16695,-2302.87,6.54485,74.0082
16696,-2302.98,6.54481,74.0107
16697,-2303.08,6.54478,74.0131
16698,-2303.19,6.54474,74.0156
16699,-2303.3,6.54471,74.018
16700,-2303.4,6.54467,74.0205
16701,-2303.51,6.54464,74.0356
16702,-2303.62,6.5446,74.0386
16703,-2303.72,6.54457,74.0411
16704,-2303.83,6.54453,74.0437
16705,-2303.94,6.5445,74.0461
16706,-2304.04,6.54446,74.0487
16707,-2304.15,6.54443,74.0512
16708,-2304.26,6.54439,74.0536
16709,-2304.36,6.54436,74.0562
16710,-2304.47,6.54433,74.0587
16711,-2304.58,6.54429,74.0611
16712,-2304.68,6.54426,74.0636
16713,-2304.79,6.54422,74.0661
16714,-2304.9,6.54419,74.0686
16715,-2305,6.54415,74.071
16716,-2305.11,6.54412,74.0735
16717,-2305.22,6.54408,74.076
16718,-2305.32,6.54405,74.0784
16719,-2305.43,6.54401,74.0808
16720,-2305.54,6.54398,74.1087
16721,-2305.64,6.54394,74.113
16722,-2305.75,6.54391,74.1169
16723,-2305.86,6.54387,74.12
16724,-2305.96,6.54384,74.1227
16725,-2306.07,6.5438,74.1254
16726,-2306.18,6.54377,74.128
16727,-2306.28,6.54373,74.1306
16728,-2306.39,6.5437,74.1331
16729,-2306.5,6.54366,74.1356
16730,-2306.6,6.54363,74.1382
16731,-2306.71,6.54359,74.1408
16732,-2306.82,6.54356,74.1433
16733,-2306.92,6.54352,74.1458
16734,-2307.03,6.54349,74.1482
16735,-2307.14,6.54345,74.1508
16736,-2307.24,6.54342,74.1533
16737,-2307.35,6.54338,74.1558
16738,-2307.46,6.54335,74.1583
16739,-2307.56,6.54331,74.1608
16740,-2307.67,6.54328,74.1632
16741,-2307.78,6.54324,74.1657
16742,-2307.88,6.54321,74.1683
16743,-2307.99,6.54317,74.1708
16744,-2308.1,6.54314,74.1733
16745,-2308.2,6.5431,74.1758
16746,-2308.31,6.54307,74.1783
16747,-2308.41,6.54303,74.1808
16748,-2308.52,6.543,74.1832
16749,-2308.63,6.54296,74.1857
16750,-2308.73,6.54293,74.1881
16751,-2308.84,6.54289,74.204
16752,-2308.95,6.54286,74.2069
16753,-2309.05,6.54283,74.2095
16754,-2309.16,6.54279,74.2121
16755,-2309.27,6.54276,74.2145
16756,-2309.37,6.54272,74.217
16757,-2309.48,6.54269,74.2195
16758,-2309.59,6.54265,74.222
16759,-2309.69,6.54262,74.2244
16760,-2309.8,6.54258,74.2269
16761,-2309.91,6.54255,74.2293
16762,-2310.01,6.54251,74.2317
16763,-2310.12,6.54248,74.2341
16764,-2310.23,6.54244,74.2366
16765,-2310.33,6.54241,74.239
16766,-2310.44,6.54237,74.2416
16767,-2310.55,6.54234,74.244
16768,-2310.65,6.5423,74.2465
16769,-2310.76,6.54227,74.2489
16770,-2310.87,6.54223,74.2672
16771,-2310.97,6.5422,74.2704
16772,-2311.08,6.54216,74.273
16773,-2311.19,6.54213,74.2755
16774,-2311.29,6.54209,74.2779
16775,-2311.4,6.54206,74.2803
16776,-2311.51,6.54202,74.2828
16777,-2311.61,6.54199,74.2852
16778,-2311.72,6.54195,74.2876
16779,-2311.82,6.54192,74.2901
16780,-2311.93,6.54188,74.2925
16781,-2312.04,6.54185,74.2949
16782,-2312.14,6.54181,74.2973
16783,-2312.25,6.54178,74.2997
16784,-2312.36,6.54175,74.3022
16785,-2312.46,6.54171,74.3047
16786,-2312.57,6.54168,74.307
16787,-2312.68,6.54164,74.3095
16788,-2312.78,6.54161,74.3119
16789,-2312.89,6.54157,74.3143
16790,-2313,6.54154,74.3168
16791,-2313.1,6.5415,74.3194
16792,-2313.21,6.54147,74.3218
16793,-2313.32,6.54143,74.3242
16794,-2313.42,6.5414,74.3267
16795,-2313.53,6.54136,74.3291
16796,-2313.64,6.54133,74.3316
16797,-2313.74,6.54129,74.3342
16798,-2313.85,6.54126,74.3366
16799,-2313.96,6.54122,74.3391
16800,-2314.06,6.54119,74.3416
16801,-2314.17,6.54115,74.3569
16802,-2314.28,6.54112,74.3599
16803,-2314.38,6.54108,74.3624
16804,-2314.49,6.54105,74.3649
16805,-2314.59,6.54101,74.3674
16806,-2314.7,6.54098,74.37
16807,-2314.81,6.54094,74.3725
16808,-2314.91,6.54091,74.375
16809,-2315.02,6.54087,74.3775
16810,-2315.13,6.54084,74.38
16811,-2315.23,6.54081,74.3825
16812,-2315.34,6.54077,74.385
16813,-2315.45,6.54074,74.3874
16814,-2315.55,6.5407,74.3899
16815,-2315.66,6.54067,74.3923
16816,-2315.77,6.54063,74.3948
16817,-2315.87,6.5406,74.3973
16818,-2315.98,6.54056,74.3998
16819,-2316.09,6.54053,74.4023
16820,-2316.19,6.54049,74.4201
16821,-2316.3,6.54046,74.4232
16822,-2316.41,6.54042,74.4257
16823,-2316.51,6.54039,74.4281
16824,-2316.62,6.54035,74.4306
16825,-2316.72,6.54032,74.4332
16826,-2316.83,6.54028,74.4357
16827,-2316.94,6.54025,74.4381
16828,-2317.04,6.54021,74.4405
16829,-2317.15,6.54018,74.443
16830,-2317.26,6.54014,74.4454
16831,-2317.36,6.54011,74.4479
16832,-2317.47,6.54007,74.4503
16833,-2317.58,6.54004,74.4528
16834,-2317.68,6.54001,74.4552
16835,-2317.79,6.53997,74.4577
16836,-2317.9,6.53994,74.4601
16837,-2318,6.5399,74.4625
16838,-2318.11,6.53987,74.465
16839,-2318.22,6.53983,74.4675
16840,-2318.32,6.5398,74.4699
16841,-2318.43,6.53976,74.4723
16842,-2318.54,6.53973,74.4748
16843,-2318.64,6.53969,74.4772
16844,-2318.75,6.53966,74.4794
16845,-2318.85,6.53962,74.4817
16846,-2318.96,6.53959,74.484
16847,-2319.07,6.53955,74.4861
16848,-2319.17,6.53952,74.4884
16849,-2319.28,6.53948,74.4909
16850,-2319.39,6.53945,74.4934
16851,-2319.49,6.53941,74.5087
16852,-2319.6,6.53938,74.5117
16853,-2319.71,6.53934,74.5142
16854,-2319.81,6.53931,74.5167
16855,-2319.92,6.53928,74.5192
16856,-2320.03,6.53924,74.5216
16857,-2320.13,6.53921,74.5241
16858,-2320.24,6.53917,74.5266
16859,-2320.34,6.53914,74.5291
16860,-2320.45,6.5391,74.5315
16861,-2320.56,6.53907,74.534
16862,-2320.66,6.53903,74.5365
16863,-2320.77,6.539,74.5389
16864,-2320.88,6.53896,74.5414
16865,-2320.98,6.53893,74.5438
16866,-2321.09,6.53889,74.5463
16867,-2321.2,6.53886,74.5488
16868,-2321.3,6.53882,74.5512
16869,-2321.41,6.53879,74.5537
16870,-2321.52,6.53875,74.5718
16871,-2321.62,6.53872,74.575
16872,-2321.73,6.53868,74.5775
16873,-2321.84,6.53865,74.5799
16874,-2321.94,6.53862,74.5824
16875,-2322.05,6.53858,74.5848
16876,-2322.15,6.53855,74.5872
16877,-2322.26,6.53851,74.5897
16878,-2322.37,6.53848,74.5921
16879,-2322.47,6.53844,74.5946
16880,-2322.58,6.53841,74.597
16881,-2322.69,6.53837,74.5995
16882,-2322.79,6.53834,74.6019
16883,-2322.9,6.5383,74.6044
16884,-2323.01,6.53827,74.6069
16885,-2323.11,6.53823,74.6093
16886,-2323.22,6.5382,74.6118
16887,-2323.33,6.53816,74.6142
16888,-2323.43,6.53813,74.6167
16889,-2323.54,6.53809,74.6192
16890,-2323.64,6.53806,74.6216
16891,-2323.75,6.53802,74.6241
16892,-2323.86,6.53799,74.6265
16893,-2323.96,6.53796,74.6289
16894,-2324.07,6.53792,74.6313
16895,-2324.18,6.53789,74.6337
16896,-2324.28,6.53785,74.6362
16897,-2324.39,6.53782,74.6386
16898,-2324.5,6.53778,74.641
16899,-2324.6,6.53775,74.6435
16900,-2324.71,6.53771,74.646
16901,-2324.81,6.53768,74.6683
16902,-2324.92,6.53764,74.6725
16903,-2325.03,6.53761,74.6762
16904,-2325.13,6.53757,74.6797
16905,-2325.24,6.53754,74.6825
16906,-2325.35,6.5375,74.6854
16907,-2325.45,6.53747,74.688
16908,-2325.56,6.53743,74.6905
16909,-2325.67,6.5374,74.6932
16910,-2325.77,6.53737,74.6957
16911,-2325.88,6.53733,74.6983
16912,-2325.99,6.5373,74.7008
16913,-2326.09,6.53726,74.7034
16914,-2326.2,6.53723,74.7058
16915,-2326.3,6.53719,74.7085
16916,-2326.41,6.53716,74.711
16917,-2326.52,6.53712,74.7135
16918,-2326.62,6.53709,74.7342
16919,-2326.73,6.53705,74.7373
16920,-2326.84,6.53702,74.7399
16921,-2326.94,6.53698,74.7424
16922,-2327.05,6.53695,74.7449
16923,-2327.16,6.53691,74.7473
16924,-2327.26,6.53688,74.7498
16925,-2327.37,6.53685,74.7522
16926,-2327.47,6.53681,74.7547
16927,-2327.58,6.53678,74.7571
16928,-2327.69,6.53674,74.7596
16929,-2327.79,6.53671,74.7621
16930,-2327.9,6.53667,74.7645
16931,-2328.01,6.53664,74.767
16932,-2328.11,6.5366,74.7695
16933,-2328.22,6.53657,74.7719
16934,-2328.33,6.53653,74.7744
16935,-2328.43,6.5365,74.7824
16936,-2328.54,6.53646,74.7849
16937,-2328.64,6.53643,74.7874
16938,-2328.75,6.53639,74.7898
16939,-2328.86,6.53636,74.7923
16940,-2328.96,6.53632,74.7947
16941,-2329.07,6.53629,74.7971
16942,-2329.18,6.53626,74.7996
16943,-2329.28,6.53622,74.8021
16944,-2329.39,6.53619,74.8046
16945,-2329.5,6.53615,74.807
16946,-2329.6,6.53612,74.8096
16947,-2329.71,6.53608,74.8121
16948,-2329.81,6.53605,74.8146
16949,-2329.92,6.53601,74.817
16950,-2330.03,6.53598,74.8196
16951,-2330.13,6.53594,74.8349
16952,-2330.24,6.53591,74.8379
16953,-2330.35,6.53587,74.8405
16954,-2330.45,6.53584,74.843
16955,-2330.56,6.53581,74.8455
16956,-2330.66,6.53577,74.8479
16957,-2330.77,6.53574,74.8503
16958,-2330.88,6.5357,74.8528
16959,-2330.98,6.53567,74.8553
16960,-2331.09,6.53563,74.8578
16961,-2331.2,6.5356,74.8602
16962,-2331.3,6.53556,74.8627
16963,-2331.41,6.53553,74.8652
16964,-2331.52,6.53549,74.8676
16965,-2331.62,6.53546,74.8701
16966,-2331.73,6.53542,74.8725
16967,-2331.83,6.53539,74.8749
16968,-2331.94,6.53535,74.8773
16969,-2332.05,6.53532,74.8797
16970,-2332.15,6.53529,74.8821
16971,-2332.26,6.53525,74.8917
16972,-2332.37,6.53522,74.8943
16973,-2332.47,6.53518,74.8968
16974,-2332.58,6.53515,74.8993
16975,-2332.68,6.53511,74.9017
16976,-2332.79,6.53508,74.9042
16977,-2332.9,6.53504,74.9067
16978,-2333,6.53501,74.9091
16979,-2333.11,6.53497,74.9116
16980,-2333.22,6.53494,74.9141
16981,-2333.32,6.5349,74.9165
16982,-2333.43,6.53487,74.9191
16983,-2333.54,6.53484,74.9215
16984,-2333.64,6.5348,74.924
16985,-2333.75,6.53477,74.9264
16986,-2333.85,6.53473,74.9289
16987,-2333.96,6.5347,74.9313
16988,-2334.07,6.53466,74.9337
16989,-2334.17,6.53463,74.9361
16990,-2334.28,6.53459,74.9385
16991,-2334.39,6.53456,74.9409
16992,-2334.49,6.53452,74.9433
16993,-2334.6,6.53449,74.9456
16994,-2334.7,6.53445,74.9476
16995,-2334.81,6.53442,74.9495
16996,-2334.92,6.53439,74.9512
16997,-2335.02,6.53435,74.953
16998,-2335.13,6.53432,74.9554
16999,-2335.24,6.53428,74.9575
17000,-2335.34,6.53425,74.9596
17001,-2335.45,6.53421,74.9741
17002,-2335.55,6.53418,74.977
17003,-2335.66,6.53414,74.9795
17004,-2335.77,6.53411,74.982
17005,-2335.87,6.53407,74.9845
17006,-2335.98,6.53404,74.9869
17007,-2336.09,6.534,74.9893
17008,-2336.19,6.53397,74.9917
17009,-2336.3,6.53394,74.9942
17010,-2336.4,6.5339,74.9967
17011,-2336.51,6.53387,74.9991
17012,-2336.62,6.53383,75.0016
17013,-2336.72,6.5338,75.0041
17014,-2336.83,6.53376,75.0065
17015,-2336.94,6.53373,75.009
17016,-2337.04,6.53369,75.0115
17017,-2337.15,6.53366,75.014
17018,-2337.25,6.53362,75.0165
17019,-2337.36,6.53359,75.019
17020,-2337.47,6.53355,75.0214
17021,-2337.57,6.53352,75.0239
17022,-2337.68,6.53349,75.0263
17023,-2337.79,6.53345,75.0288
17024,-2337.89,6.53342,75.0312
17025,-2338,6.53338,75.0337
17026,-2338.1,6.53335,75.0361
17027,-2338.21,6.53331,75.0386
17028,-2338.32,6.53328,75.041
17029,-2338.42,6.53324,75.0434
17030,-2338.53,6.53321,75.0458
17031,-2338.64,6.53317,75.0483
17032,-2338.74,6.53314,75.0508
17033,-2338.85,6.53311,75.0532
17034,-2338.95,6.53307,75.0557
17035,-2339.06,6.53304,75.0581
17036,-2339.17,6.533,75.0606
17037,-2339.27,6.53297,75.0631
17038,-2339.38,6.53293,75.0656
17039,-2339.49,6.5329,75.068
17040,-2339.59,6.53286,75.0705
17041,-2339.7,6.53283,75.0729
17042,-2339.8,6.53279,75.0754
17043,-2339.91,6.53276,75.0778
17044,-2340.02,6.53273,75.0802
17045,-2340.12,6.53269,75.0826
17046,-2340.23,6.53266,75.0851
17047,-2340.34,6.53262,75.0876
17048,-2340.44,6.53259,75.09
17049,-2340.55,6.53255,75.0925
17050,-2340.65,6.53252,75.0949
17051,-2340.76,6.53248,75.109
17052,-2340.87,6.53245,75.112
17053,-2340.97,6.53241,75.1145
17054,-2341.08,6.53238,75.1169
17055,-2341.19,6.53235,75.1194
17056,-2341.29,6.53231,75.1219
17057,-2341.4,6.53228,75.1243
17058,-2341.5,6.53224,75.1268
17059,-2341.61,6.53221,75.1292
17060,-2341.72,6.53217,75.1317
17061,-2341.82,6.53214,75.1341
17062,-2341.93,6.5321,75.1365
17063,-2342.03,6.53207,75.1389
17064,-2342.14,6.53203,75.1414
17065,-2342.25,6.532,75.1438
17066,-2342.35,6.53197,75.1463
17067,-2342.46,6.53193,75.1487
17068,-2342.57,6.5319,75.1512
17069,-2342.67,6.53186,75.1537
17070,-2342.78,6.53183,75.1561
17071,-2342.88,6.53179,75.1586
17072,-2342.99,6.53176,75.161
17073,-2343.1,6.53172,75.1634
17074,-2343.2,6.53169,75.1659
17075,-2343.31,6.53165,75.1684
17076,-2343.42,6.53162,75.1708
17077,-2343.52,6.53159,75.1732
17078,-2343.63,6.53155,75.1757
17079,-2343.73,6.53152,75.1781
17080,-2343.84,6.53148,75.1805
17081,-2343.95,6.53145,75.183
17082,-2344.05,6.53141,75.1855
17083,-2344.16,6.53138,75.1879
17084,-2344.26,6.53134,75.1902
17085,-2344.37,6.53131,75.1927
17086,-2344.48,6.53127,75.1951
17087,-2344.58,6.53124,75.1976
17088,-2344.69,6.53121,75.2
17089,-2344.8,6.53117,75.2025
17090,-2344.9,6.53114,75.205
17091,-2345.01,6.5311,75.2074
17092,-2345.11,6.53107,75.2099
17093,-2345.22,6.53103,75.2123
17094,-2345.33,6.531,75.2147
17095,-2345.43,6.53096,75.2172
17096,-2345.54,6.53093,75.2197
17097,-2345.64,6.5309,75.2221
17098,-2345.75,6.53086,75.2245
17099,-2345.86,6.53083,75.2269
17100,-2345.96,6.53079,75.2293
17101,-2346.07,6.53076,75.2421
17102,-2346.18,6.53072,75.2446
17103,-2346.28,6.53069,75.247
17104,-2346.39,6.53065,75.2495
17105,-2346.49,6.53062,75.2519
17106,-2346.6,6.53058,75.2544
17107,-2346.71,6.53055,75.2569
17108,-2346.81,6.53052,75.2593
17109,-2346.92,6.53048,75.2617
17110,-2347.02,6.53045,75.2641
17111,-2347.13,6.53041,75.2666
17112,-2347.24,6.53038,75.2691
17113,-2347.34,6.53034,75.2716
17114,-2347.45,6.53031,75.274
17115,-2347.56,6.53027,75.2765
17116,-2347.66,6.53024,75.2789
17117,-2347.77,6.53021,75.2813
17118,-2347.87,6.53017,75.2838
17119,-2347.98,6.53014,75.2862
17120,-2348.09,6.5301,75.2886
17121,-2348.19,6.53007,75.291
17122,-2348.3,6.53003,75.2935
17123,-2348.4,6.53,75.2959
17124,-2348.51,6.52996,75.2983
17125,-2348.62,6.52993,75.3008
17126,-2348.72,6.52989,75.3032
17127,-2348.83,6.52986,75.3057
17128,-2348.94,6.52983,75.3081
17129,-2349.04,6.52979,75.3106
17130,-2349.15,6.52976,75.313
17131,-2349.25,6.52972,75.3155
17132,-2349.36,6.52969,75.3179
17133,-2349.47,6.52965,75.3203
17134,-2349.57,6.52962,75.3228
17135,-2349.68,6.52958,75.3252
17136,-2349.78,6.52955,75.3277
17137,-2349.89,6.52952,75.3302
17138,-2350,6.52948,75.3327
17139,-2350.1,6.52945,75.3352
17140,-2350.21,6.52941,75.3376
17141,-2350.31,6.52938,75.34
17142,-2350.42,6.52934,75.3424
17143,-2350.53,6.52931,75.3449
17144,-2350.63,6.52927,75.3473
17145,-2350.74,6.52924,75.3497
17146,-2350.85,6.52921,75.3522
17147,-2350.95,6.52917,75.3547
17148,-2351.06,6.52914,75.3571
17149,-2351.16,6.5291,75.3597
17150,-2351.27,6.52907,75.3622
17151,-2351.38,6.52903,75.3723
17152,-2351.48,6.529,75.3748
17153,-2351.59,6.52896,75.3776
17154,-2351.69,6.52893,75.3801
17155,-2351.8,6.5289,75.3825
17156,-2351.91,6.52886,75.3849
17157,-2352.01,6.52883,75.3874
17158,-2352.12,6.52879,75.3898
17159,-2352.22,6.52876,75.3922
17160,-2352.33,6.52872,75.3943
17161,-2352.44,6.52869,75.3965
17162,-2352.54,6.52865,75.3985
17163,-2352.65,6.52862,75.4006
17164,-2352.75,6.52859,75.4026
17165,-2352.86,6.52855,75.4049
17166,-2352.97,6.52852,75.4071
17167,-2353.07,6.52848,75.4095
17168,-2353.18,6.52845,75.4119
17169,-2353.28,6.52841,75.4141
17170,-2353.39,6.52838,75.4166
17171,-2353.5,6.52834,75.419
17172,-2353.6,6.52831,75.4215
17173,-2353.71,6.52828,75.4239
17174,-2353.82,6.52824,75.4264
17175,-2353.92,6.52821,75.4288
17176,-2354.03,6.52817,75.4313
17177,-2354.13,6.52814,75.4337
17178,-2354.24,6.5281,75.4362
17179,-2354.35,6.52807,75.4387
17180,-2354.45,6.52803,75.4411
17181,-2354.56,6.528,75.4436
17182,-2354.66,6.52797,75.446
17183,-2354.77,6.52793,75.4485
17184,-2354.88,6.5279,75.4509
17185,-2354.98,6.52786,75.4535
17186,-2355.09,6.52783,75.456
17187,-2355.19,6.52779,75.4584
17188,-2355.3,6.52776,75.4608
17189,-2355.41,6.52772,75.4634
17190,-2355.51,6.52769,75.4658
17191,-2355.62,6.52766,75.4683
17192,-2355.72,6.52762,75.4707
17193,-2355.83,6.52759,75.4731
17194,-2355.94,6.52755,75.4756
17195,-2356.04,6.52752,75.478
17196,-2356.15,6.52748,75.4804
17197,-2356.25,6.52745,75.4829
17198,-2356.36,6.52741,75.4853
17199,-2356.47,6.52738,75.4877
17200,-2356.57,6.52735,75.4902
17201,-2356.68,6.52731,75.5006
17202,-2356.78,6.52728,75.5092
17203,-2356.89,6.52724,75.5117
17204,-2357,6.52721,75.5142
17205,-2357.1,6.52717,75.5168
17206,-2357.21,6.52714,75.5193
17207,-2357.31,6.52711,75.5218
17208,-2357.42,6.52707,75.5242
17209,-2357.53,6.52704,75.5267
17210,-2357.63,6.527,75.5292
17211,-2357.74,6.52697,75.5316
17212,-2357.84,6.52693,75.534
17213,-2357.95,6.5269,75.5364
17214,-2358.06,6.52686,75.5388
17215,-2358.16,6.52683,75.5413
17216,-2358.27,6.5268,75.5437
17217,-2358.37,6.52676,75.5462
17218,-2358.48,6.52673,75.5486
17219,-2358.59,6.52669,75.5511
17220,-2358.69,6.52666,75.5535
17221,-2358.8,6.52662,75.5559
17222,-2358.9,6.52659,75.5584
17223,-2359.01,6.52656,75.5609
17224,-2359.12,6.52652,75.5633
17225,-2359.22,6.52649,75.5657
17226,-2359.33,6.52645,75.5681
17227,-2359.43,6.52642,75.5706
17228,-2359.54,6.52638,75.573
17229,-2359.65,6.52635,75.5755
17230,-2359.75,6.52631,75.5779
17231,-2359.86,6.52628,75.5803
17232,-2359.96,6.52625,75.5827
17233,-2360.07,6.52621,75.5852
17234,-2360.18,6.52618,75.5876
17235,-2360.28,6.52614,75.5899
17236,-2360.39,6.52611,75.5924
17237,-2360.49,6.52607,75.5948
17238,-2360.6,6.52604,75.5972
17239,-2360.71,6.52601,75.5997
17240,-2360.81,6.52597,75.6021
17241,-2360.92,6.52594,75.6046
17242,-2361.02,6.5259,75.607
17243,-2361.13,6.52587,75.6095
17244,-2361.24,6.52583,75.612
17245,-2361.34,6.5258,75.6144
17246,-2361.45,6.52576,75.6169
17247,-2361.55,6.52573,75.6193
17248,-2361.66,6.5257,75.6218
17249,-2361.77,6.52566,75.6242
17250,-2361.87,6.52563,75.6267
17251,-2361.98,6.52559,75.639
17252,-2362.08,6.52556,75.6415
17253,-2362.19,6.52552,75.644
17254,-2362.3,6.52549,75.6464
17255,-2362.4,6.52546,75.649
17256,-2362.51,6.52542,75.6515
17257,-2362.61,6.52539,75.654
17258,-2362.72,6.52535,75.6565
17259,-2362.83,6.52532,75.659
17260,-2362.93,6.52528,75.6615
17261,-2363.04,6.52525,75.6639
17262,-2363.14,6.52522,75.6663
17263,-2363.25,6.52518,75.6688
17264,-2363.36,6.52515,75.6713
17265,-2363.46,6.52511,75.6737
17266,-2363.57,6.52508,75.6761
17267,-2363.67,6.52504,75.6786
17268,-2363.78,6.52501,75.681
17269,-2363.89,6.52497,75.6835
17270,-2363.99,6.52494,75.6859
17271,-2364.1,6.52491,75.6883
17272,-2364.2,6.52487,75.6908
17273,-2364.31,6.52484,75.6932
17274,-2364.42,6.5248,75.6956
17275,-2364.52,6.52477,75.698
17276,-2364.63,6.52473,75.7004
17277,-2364.73,6.5247,75.7028
17278,-2364.84,6.52467,75.7053
17279,-2364.95,6.52463,75.7078
17280,-2365.05,6.5246,75.7102
17281,-2365.16,6.52456,75.7126
17282,-2365.26,6.52453,75.7151
17283,-2365.37,6.52449,75.7175
17284,-2365.47,6.52446,75.72
17285,-2365.58,6.52443,75.7225
17286,-2365.69,6.52439,75.7249
17287,-2365.79,6.52436,75.7273
17288,-2365.9,6.52432,75.7298
17289,-2366,6.52429,75.7323
17290,-2366.11,6.52425,75.7347
17291,-2366.22,6.52422,75.7372
17292,-2366.32,6.52419,75.7396
17293,-2366.43,6.52415,75.7421
17294,-2366.53,6.52412,75.7445
17295,-2366.64,6.52408,75.7469
17296,-2366.75,6.52405,75.7493
17297,-2366.85,6.52401,75.7518
17298,-2366.96,6.52398,75.7542
17299,-2367.06,6.52395,75.7565
17300,-2367.17,6.52391,75.759
17301,-2367.28,6.52388,75.7829
17302,-2367.38,6.52384,75.787
17303,-2367.49,6.52381,75.7905
17304,-2367.59,6.52377,75.7933
17305,-2367.7,6.52374,75.796
17306,-2367.8,6.5237,75.7987
17307,-2367.91,6.52367,75.8013
17308,-2368.02,6.52364,75.804
17309,-2368.12,6.5236,75.8067
17310,-2368.23,6.52357,75.8092
17311,-2368.33,6.52353,75.8117
17312,-2368.44,6.5235,75.8143
17313,-2368.55,6.52346,75.8168
17314,-2368.65,6.52343,75.8193
17315,-2368.76,6.5234,75.8218
17316,-2368.86,6.52336,75.8243
17317,-2368.97,6.52333,75.8268
17318,-2369.08,6.52329,75.8294
17319,-2369.18,6.52326,75.8319
17320,-2369.29,6.52322,75.8344
17321,-2369.39,6.52319,75.8371
17322,-2369.5,6.52316,75.8395
17323,-2369.6,6.52312,75.8421
17324,-2369.71,6.52309,75.8445
17325,-2369.82,6.52305,75.8468
17326,-2369.92,6.52302,75.8492
17327,-2370.03,6.52298,75.8513
17328,-2370.13,6.52295,75.8538
17329,-2370.24,6.52292,75.8564
17330,-2370.35,6.52288,75.859
17331,-2370.45,6.52285,75.8614
17332,-2370.56,6.52281,75.8639
17333,-2370.66,6.52278,75.8664
17334,-2370.77,6.52274,75.8689
17335,-2370.88,6.52271,75.8714
17336,-2370.98,6.52268,75.8739
17337,-2371.09,6.52264,75.8763
17338,-2371.19,6.52261,75.8788
17339,-2371.3,6.52257,75.8812
17340,-2371.4,6.52254,75.8837
17341,-2371.51,6.52251,75.8861
17342,-2371.62,6.52247,75.8885
17343,-2371.72,6.52244,75.8909
17344,-2371.83,6.5224,75.8933
17345,-2371.93,6.52237,75.8958
17346,-2372.04,6.52233,75.8983
17347,-2372.15,6.5223,75.9008
17348,-2372.25,6.52227,75.9033
17349,-2372.36,6.52223,75.9058
17350,-2372.46,6.5222,75.9082
17351,-2372.57,6.52216,75.9146
17352,-2372.67,6.52213,75.9171
17353,-2372.78,6.52209,75.9197
17354,-2372.89,6.52206,75.9222
17355,-2372.99,6.52203,75.9247
17356,-2373.1,6.52199,75.9272
17357,-2373.2,6.52196,75.9296
17358,-2373.31,6.52192,75.9322
17359,-2373.42,6.52189,75.9347
17360,-2373.52,6.52185,75.9372
17361,-2373.63,6.52182,75.9397
17362,-2373.73,6.52179,75.9421
17363,-2373.84,6.52175,75.9447
17364,-2373.94,6.52172,75.9471
17365,-2374.05,6.52168,75.9495
17366,-2374.16,6.52165,75.952
17367,-2374.26,6.52161,75.9544
17368,-2374.37,6.52158,75.9569
17369,-2374.47,6.52155,75.9594
17370,-2374.58,6.52151,75.9619
17371,-2374.69,6.52148,75.9643
17372,-2374.79,6.52144,75.9667
17373,-2374.9,6.52141,75.9691
17374,-2375,6.52137,75.9716
17375,-2375.11,6.52134,75.9741
17376,-2375.21,6.52131,75.9767
17377,-2375.32,6.52127,75.9791
17378,-2375.43,6.52124,75.9816
17379,-2375.53,6.5212,75.9841
17380,-2375.64,6.52117,75.9867
17381,-2375.74,6.52114,75.9892
17382,-2375.85,6.5211,75.9916
17383,-2375.96,6.52107,75.9941
17384,-2376.06,6.52103,75.9966
17385,-2376.17,6.521,75.9991
17386,-2376.27,6.52096,76.0017
17387,-2376.38,6.52093,76.0041
17388,-2376.48,6.5209,76.0066
17389,-2376.59,6.52086,76.0091
17390,-2376.7,6.52083,76.0116
17391,-2376.8,6.52079,76.0141
17392,-2376.91,6.52076,76.0166
17393,-2377.01,6.52072,76.0191
17394,-2377.12,6.52069,76.0216
17395,-2377.23,6.52066,76.024
17396,-2377.33,6.52062,76.0265
17397,-2377.44,6.52059,76.0289
17398,-2377.54,6.52055,76.0314
17399,-2377.65,6.52052,76.0339
17400,-2377.75,6.52049,76.0363
17401,-2377.86,6.52045,76.0413
17402,-2377.97,6.52042,76.0438
17403,-2378.07,6.52038,76.0463
17404,-2378.18,6.52035,76.0487
17405,-2378.28,6.52031,76.0512
17406,-2378.39,6.52028,76.0537
17407,-2378.49,6.52025,76.0563
17408,-2378.6,6.52021,76.0588
17409,-2378.71,6.52018,76.0612
17410,-2378.81,6.52014,76.0636
17411,-2378.92,6.52011,76.0661
17412,-2379.02,6.52007,76.0685
17413,-2379.13,6.52004,76.0709
17414,-2379.23,6.52001,76.0734
17415,-2379.34,6.51997,76.0759
17416,-2379.45,6.51994,76.0784
17417,-2379.55,6.5199,76.0808
17418,-2379.66,6.51987,76.0833
17419,-2379.76,6.51984,76.0857
17420,-2379.87,6.5198,76.0882
17421,-2379.98,6.51977,76.0907
17422,-2380.08,6.51973,76.0931
17423,-2380.19,6.5197,76.0956
17424,-2380.29,6.51966,76.0982
17425,-2380.4,6.51963,76.1006
17426,-2380.5,6.5196,76.1031
17427,-2380.61,6.51956,76.1055
17428,-2380.72,6.51953,76.108
17429,-2380.82,6.51949,76.1104
17430,-2380.93,6.51946,76.1128
17431,-2381.03,6.51943,76.1153
17432,-2381.14,6.51939,76.1178
17433,-2381.24,6.51936,76.1202
17434,-2381.35,6.51932,76.1227
17435,-2381.46,6.51929,76.1252
17436,-2381.56,6.51925,76.1277
17437,-2381.67,6.51922,76.1302
17438,-2381.77,6.51919,76.1327
17439,-2381.88,6.51915,76.1352
17440,-2381.98,6.51912,76.1376
17441,-2382.09,6.51908,76.14
17442,-2382.2,6.51905,76.148
17443,-2382.3,6.51902,76.1504
17444,-2382.41,6.51898,76.153
17445,-2382.51,6.51895,76.1555
17446,-2382.62,6.51891,76.158
17447,-2382.72,6.51888,76.1604
17448,-2382.83,6.51884,76.1629
17449,-2382.94,6.51881,76.1654
17450,-2383.04,6.51878,76.1678
17451,-2383.15,6.51874,76.1729
17452,-2383.25,6.51871,76.1755
17453,-2383.36,6.51867,76.178
17454,-2383.46,6.51864,76.1805
17455,-2383.57,6.51861,76.1829
17456,-2383.68,6.51857,76.1854
17457,-2383.78,6.51854,76.1879
17458,-2383.89,6.5185,76.1904
17459,-2383.99,6.51847,76.1929
17460,-2384.1,6.51843,76.1953
17461,-2384.2,6.5184,76.1978
17462,-2384.31,6.51837,76.2002
17463,-2384.42,6.51833,76.2026
17464,-2384.52,6.5183,76.2051
17465,-2384.63,6.51826,76.2076
17466,-2384.73,6.51823,76.21
17467,-2384.84,6.5182,76.2125
17468,-2384.94,6.51816,76.2149
17469,-2385.05,6.51813,76.2174
17470,-2385.16,6.51809,76.2291
17471,-2385.26,6.51806,76.2316
17472,-2385.37,6.51802,76.2341
17473,-2385.47,6.51799,76.2367
17474,-2385.58,6.51796,76.2392
17475,-2385.68,6.51792,76.2417
17476,-2385.79,6.51789,76.2442
17477,-2385.9,6.51785,76.2468
17478,-2386,6.51782,76.2492
17479,-2386.11,6.51779,76.2517
17480,-2386.21,6.51775,76.2542
17481,-2386.32,6.51772,76.2567
17482,-2386.42,6.51768,76.2591
17483,-2386.53,6.51765,76.2615
17484,-2386.64,6.51762,76.2641
17485,-2386.74,6.51758,76.2665
17486,-2386.85,6.51755,76.2689
17487,-2386.95,6.51751,76.2714
17488,-2387.06,6.51748,76.2739
17489,-2387.16,6.51744,76.2763
17490,-2387.27,6.51741,76.2788
17491,-2387.38,6.51738,76.2814
17492,-2387.48,6.51734,76.2838
17493,-2387.59,6.51731,76.2863
17494,-2387.69,6.51727,76.2887
17495,-2387.8,6.51724,76.2911
17496,-2387.9,6.51721,76.2937
17497,-2388.01,6.51717,76.2961
17498,-2388.12,6.51714,76.2985
17499,-2388.22,6.5171,76.301
17500,-2388.33,6.51707,76.3034
17501,-2388.43,6.51704,76.308
17502,-2388.54,6.517,76.3105
17503,-2388.64,6.51697,76.313
17504,-2388.75,6.51693,76.3155
17505,-2388.85,6.5169,76.318
17506,-2388.96,6.51686,76.3204
17507,-2389.07,6.51683,76.3229
17508,-2389.17,6.5168,76.3254
17509,-2389.28,6.51676,76.3279
17510,-2389.38,6.51673,76.3304
17511,-2389.49,6.51669,76.3328
17512,-2389.59,6.51666,76.3352
17513,-2389.7,6.51663,76.3377
17514,-2389.81,6.51659,76.3401
17515,-2389.91,6.51656,76.3426
17516,-2390.02,6.51652,76.345
17517,-2390.12,6.51649,76.3474
17518,-2390.23,6.51646,76.3499
17519,-2390.33,6.51642,76.3524
17520,-2390.44,6.51639,76.3548
17521,-2390.55,6.51635,76.3572
17522,-2390.65,6.51632,76.3597
17523,-2390.76,6.51628,76.3621
17524,-2390.86,6.51625,76.3646
17525,-2390.97,6.51622,76.367
17526,-2391.07,6.51618,76.3695
17527,-2391.18,6.51615,76.372
17528,-2391.28,6.51611,76.3745
17529,-2391.39,6.51608,76.3769
17530,-2391.5,6.51605,76.3793
17531,-2391.6,6.51601,76.3818
17532,-2391.71,6.51598,76.3842
17533,-2391.81,6.51594,76.3866
17534,-2391.92,6.51591,76.389
17535,-2392.02,6.51588,76.3915
17536,-2392.13,6.51584,76.394
17537,-2392.24,6.51581,76.3964
17538,-2392.34,6.51577,76.3989
17539,-2392.45,6.51574,76.4013
17540,-2392.55,6.51571,76.4038
17541,-2392.66,6.51567,76.4062
17542,-2392.76,6.51564,76.4086
17543,-2392.87,6.5156,76.411
17544,-2392.97,6.51557,76.4135
17545,-2393.08,6.51554,76.416
17546,-2393.19,6.5155,76.4185
17547,-2393.29,6.51547,76.4209
17548,-2393.4,6.51543,76.4234
17549,-2393.5,6.5154,76.426
17550,-2393.61,6.51536,76.4285
17551,-2393.71,6.51533,76.4332
17552,-2393.82,6.5153,76.4358
17553,-2393.93,6.51526,76.4383
17554,-2394.03,6.51523,76.4408
17555,-2394.14,6.51519,76.4433
17556,-2394.24,6.51516,76.4457
17557,-2394.35,6.51513,76.4482
17558,-2394.45,6.51509,76.4506
17559,-2394.56,6.51506,76.453
17560,-2394.66,6.51502,76.4555
17561,-2394.77,6.51499,76.458
17562,-2394.88,6.51496,76.4605
17563,-2394.98,6.51492,76.4628
17564,-2395.09,6.51489,76.4652
17565,-2395.19,6.51485,76.4677
17566,-2395.3,6.51482,76.4702
17567,-2395.4,6.51479,76.4727
17568,-2395.51,6.51475,76.4751
17569,-2395.61,6.51472,76.4776
17570,-2395.72,6.51468,76.48
17571,-2395.83,6.51465,76.4824
17572,-2395.93,6.51462,76.4847
17573,-2396.04,6.51458,76.4869
17574,-2396.14,6.51455,76.4891
17575,-2396.25,6.51451,76.4911
17576,-2396.35,6.51448,76.4936
17577,-2396.46,6.51445,76.4961
17578,-2396.56,6.51441,76.4986
17579,-2396.67,6.51438,76.5011
17580,-2396.78,6.51434,76.5035
17581,-2396.88,6.51431,76.506
17582,-2396.99,6.51428,76.5085
17583,-2397.09,6.51424,76.511
17584,-2397.2,6.51421,76.5135
17585,-2397.3,6.51417,76.516
17586,-2397.41,6.51414,76.5185
17587,-2397.51,6.51411,76.521
17588,-2397.62,6.51407,76.5236
17589,-2397.73,6.51404,76.526
17590,-2397.83,6.514,76.5285
17591,-2397.94,6.51397,76.5309
17592,-2398.04,6.51394,76.5334
17593,-2398.15,6.5139,76.5359
17594,-2398.25,6.51387,76.5384
17595,-2398.36,6.51383,76.5409
17596,-2398.46,6.5138,76.5434
17597,-2398.57,6.51377,76.5459
17598,-2398.68,6.51373,76.5484
17599,-2398.78,6.5137,76.5508
17600,-2398.89,6.51366,76.5532
17601,-2398.99,6.51363,76.5578
17602,-2399.1,6.5136,76.5603
17603,-2399.2,6.51356,76.5627
17604,-2399.31,6.51353,76.5653
17605,-2399.41,6.51349,76.5677
17606,-2399.52,6.51346,76.5701
17607,-2399.63,6.51342,76.5726
17608,-2399.73,6.51339,76.5751
17609,-2399.84,6.51336,76.5776
17610,-2399.94,6.51332,76.58
17611,-2400.05,6.51329,76.5825
17612,-2400.15,6.51325,76.585
17613,-2400.26,6.51322,76.5875
17614,-2400.36,6.51319,76.59
17615,-2400.47,6.51315,76.5925
17616,-2400.58,6.51312,76.5949
17617,-2400.68,6.51308,76.5974
17618,-2400.79,6.51305,76.5998
17619,-2400.89,6.51302,76.6022
17620,-2401,6.51298,76.6046
17621,-2401.1,6.51295,76.607
17622,-2401.21,6.51291,76.6095
17623,-2401.31,6.51288,76.6119
17624,-2401.42,6.51285,76.6144
17625,-2401.53,6.51281,76.6169
17626,-2401.63,6.51278,76.6194
17627,-2401.74,6.51275,76.6219
17628,-2401.84,6.51271,76.6244
17629,-2401.95,6.51268,76.6268
17630,-2402.05,6.51264,76.6292
17631,-2402.16,6.51261,76.6316
17632,-2402.26,6.51258,76.6342
17633,-2402.37,6.51254,76.6366
17634,-2402.47,6.51251,76.6391
17635,-2402.58,6.51247,76.6416
17636,-2402.69,6.51244,76.644
17637,-2402.79,6.51241,76.6464
17638,-2402.9,6.51237,76.6489
17639,-2403,6.51234,76.6513
17640,-2403.11,6.5123,76.6538
17641,-2403.21,6.51227,76.6563
17642,-2403.32,6.51224,76.6587
17643,-2403.42,6.5122,76.6611
17644,-2403.53,6.51217,76.6636
17645,-2403.64,6.51213,76.666
17646,-2403.74,6.5121,76.6684
17647,-2403.85,6.51207,76.6709
17648,-2403.95,6.51203,76.6733
17649,-2404.06,6.512,76.6757
17650,-2404.16,6.51196,76.6782
17651,-2404.27,6.51193,76.6828
17652,-2404.37,6.5119,76.6852
17653,-2404.48,6.51186,76.6877
17654,-2404.58,6.51183,76.6901
17655,-2404.69,6.51179,76.6925
17656,-2404.8,6.51176,76.695
17657,-2404.9,6.51173,76.6974
17658,-2405.01,6.51169,76.6999
17659,-2405.11,6.51166,76.7023
17660,-2405.22,6.51162,76.7048
17661,-2405.32,6.51159,76.7072
17662,-2405.43,6.51156,76.7096
17663,-2405.53,6.51152,76.7121
17664,-2405.64,6.51149,76.7146
17665,-2405.74,6.51145,76.717
17666,-2405.85,6.51142,76.7194
17667,-2405.96,6.51139,76.7218
17668,-2406.06,6.51135,76.7243
17669,-2406.17,6.51132,76.7267
17670,-2406.27,6.51128,76.7292
17671,-2406.38,6.51125,76.7316
17672,-2406.48,6.51122,76.7341
17673,-2406.59,6.51118,76.7365
17674,-2406.69,6.51115,76.739
17675,-2406.8,6.51111,76.7414
17676,-2406.91,6.51108,76.7439
17677,-2407.01,6.51105,76.7464
17678,-2407.12,6.51101,76.7489
17679,-2407.22,6.51098,76.7513
17680,-2407.33,6.51094,76.7538
17681,-2407.43,6.51091,76.7562
17682,-2407.54,6.51088,76.7586
17683,-2407.64,6.51084,76.7611
17684,-2407.75,6.51081,76.7636
17685,-2407.85,6.51078,76.7661
17686,-2407.96,6.51074,76.7686
17687,-2408.06,6.51071,76.771
17688,-2408.17,6.51067,76.7736
17689,-2408.28,6.51064,76.776
17690,-2408.38,6.51061,76.7785
17691,-2408.49,6.51057,76.7809
17692,-2408.59,6.51054,76.7834
17693,-2408.7,6.5105,76.7859
17694,-2408.8,6.51047,76.7884
17695,-2408.91,6.51044,76.7908
17696,-2409.01,6.5104,76.7933
17697,-2409.12,6.51037,76.7957
17698,-2409.22,6.51033,76.7981
17699,-2409.33,6.5103,76.8005
17700,-2409.44,6.51027,76.803
17701,-2409.54,6.51023,76.8076
17702,-2409.65,6.5102,76.8101
17703,-2409.75,6.51016,76.8127
17704,-2409.86,6.51013,76.8151
17705,-2409.96,6.5101,76.8175
17706,-2410.07,6.51006,76.82
17707,-2410.17,6.51003,76.8225
17708,-2410.28,6.51,76.825
17709,-2410.38,6.50996,76.8275
17710,-2410.49,6.50993,76.83
17711,-2410.6,6.50989,76.8324
17712,-2410.7,6.50986,76.8348
17713,-2410.81,6.50983,76.8372
17714,-2410.91,6.50979,76.8397
17715,-2411.02,6.50976,76.8422
17716,-2411.12,6.50972,76.8446
17717,-2411.23,6.50969,76.847
17718,-2411.33,6.50966,76.8494
17719,-2411.44,6.50962,76.8518
17720,-2411.54,6.50959,76.8543
17721,-2411.65,6.50955,76.8567
17722,-2411.75,6.50952,76.8592
17723,-2411.86,6.50949,76.8616
17724,-2411.97,6.50945,76.8641
17725,-2412.07,6.50942,76.8665
17726,-2412.18,6.50938,76.869
17727,-2412.28,6.50935,76.8714
17728,-2412.39,6.50932,76.8738
17729,-2412.49,6.50928,76.8762
17730,-2412.6,6.50925,76.8787
17731,-2412.7,6.50922,76.8811
17732,-2412.81,6.50918,76.8836
17733,-2412.91,6.50915,76.886
17734,-2413.02,6.50911,76.8885
17735,-2413.12,6.50908,76.891
17736,-2413.23,6.50905,76.8934
17737,-2413.34,6.50901,76.8959
17738,-2413.44,6.50898,76.9034
17739,-2413.55,6.50894,76.9058
17740,-2413.65,6.50891,76.9083
17741,-2413.76,6.50888,76.9108
17742,-2413.86,6.50884,76.9133
17743,-2413.97,6.50881,76.9157
17744,-2414.07,6.50877,76.9183
17745,-2414.18,6.50874,76.9209
17746,-2414.28,6.50871,76.9234
17747,-2414.39,6.50867,76.9259
17748,-2414.49,6.50864,76.9283
17749,-2414.6,6.50861,76.9309
17750,-2414.71,6.50857,76.9334
17751,-2414.81,6.50854,76.938
17752,-2414.92,6.5085,76.9404
17753,-2415.02,6.50847,76.9429
17754,-2415.13,6.50844,76.9454
17755,-2415.23,6.5084,76.9478
17756,-2415.34,6.50837,76.9502
17757,-2415.44,6.50833,76.9527
17758,-2415.55,6.5083,76.9551
17759,-2415.65,6.50827,76.9576
17760,-2415.76,6.50823,76.96
17761,-2415.86,6.5082,76.9624
17762,-2415.97,6.50817,76.9649
17763,-2416.07,6.50813,76.9673
17764,-2416.18,6.5081,76.9697
17765,-2416.29,6.50806,76.9722
17766,-2416.39,6.50803,76.9746
17767,-2416.5,6.508,76.977
17768,-2416.6,6.50796,76.9795
17769,-2416.71,6.50793,76.9819
17770,-2416.81,6.50789,76.9844
17771,-2416.92,6.50786,76.9868
17772,-2417.02,6.50783,76.9892
17773,-2417.13,6.50779,76.9916
17774,-2417.23,6.50776,76.994
17775,-2417.34,6.50773,76.9964
17776,-2417.44,6.50769,76.9989
17777,-2417.55,6.50766,77.0013
17778,-2417.65,6.50762,77.0037
17779,-2417.76,6.50759,77.0063
17780,-2417.87,6.50756,77.0087
17781,-2417.97,6.50752,77.0112
17782,-2418.08,6.50749,77.0137
17783,-2418.18,6.50745,77.0162
17784,-2418.29,6.50742,77.0186
17785,-2418.39,6.50739,77.0211
17786,-2418.5,6.50735,77.0235
17787,-2418.6,6.50732,77.026
17788,-2418.71,6.50729,77.0285
17789,-2418.81,6.50725,77.0309
17790,-2418.92,6.50722,77.0334
17791,-2419.02,6.50718,77.0358
17792,-2419.13,6.50715,77.0382
17793,-2419.23,6.50712,77.0406
17794,-2419.34,6.50708,77.043
17795,-2419.45,6.50705,77.0455
17796,-2419.55,6.50701,77.0479
17797,-2419.66,6.50698,77.0503
17798,-2419.76,6.50695,77.0528
17799,-2419.87,6.50691,77.0552
17800,-2419.97,6.50688,77.0577
17801,-2420.08,6.50685,77.0623
17802,-2420.18,6.50681,77.0648
17803,-2420.29,6.50678,77.0673
17804,-2420.39,6.50674,77.0697
17805,-2420.5,6.50671,77.0722
17806,-2420.6,6.50668,77.0747
17807,-2420.71,6.50664,77.0771
17808,-2420.81,6.50661,77.0796
17809,-2420.92,6.50657,77.0821
17810,-2421.02,6.50654,77.0846
17811,-2421.13,6.50651,77.087
17812,-2421.24,6.50647,77.0895
17813,-2421.34,6.50644,77.0919
17814,-2421.45,6.50641,77.0943
17815,-2421.55,6.50637,77.0968
17816,-2421.66,6.50634,77.0992
17817,-2421.76,6.5063,77.1016
17818,-2421.87,6.50627,77.1041
17819,-2421.97,6.50624,77.1066
17820,-2422.08,6.5062,77.1091
17821,-2422.18,6.50617,77.1116
17822,-2422.29,6.50614,77.114
17823,-2422.39,6.5061,77.1165
17824,-2422.5,6.50607,77.119
17825,-2422.6,6.50603,77.1214
17826,-2422.71,6.506,77.1239
17827,-2422.81,6.50597,77.1264
17828,-2422.92,6.50593,77.1289
17829,-2423.03,6.5059,77.1313
17830,-2423.13,6.50586,77.1338
17831,-2423.24,6.50583,77.1362
17832,-2423.34,6.5058,77.1387
17833,-2423.45,6.50576,77.1411
17834,-2423.55,6.50573,77.1436
17835,-2423.66,6.5057,77.146
17836,-2423.76,6.50566,77.1485
17837,-2423.87,6.50563,77.151
17838,-2423.97,6.50559,77.1534
17839,-2424.08,6.50556,77.1558
17840,-2424.18,6.50553,77.1583
17841,-2424.29,6.50549,77.1607
17842,-2424.39,6.50546,77.1631
17843,-2424.5,6.50543,77.1655
17844,-2424.6,6.50539,77.168
17845,-2424.71,6.50536,77.1704
17846,-2424.81,6.50532,77.1729
17847,-2424.92,6.50529,77.1753
17848,-2425.03,6.50526,77.1777
17849,-2425.13,6.50522,77.1802
17850,-2425.24,6.50519,77.1827
17851,-2425.34,6.50516,77.1873
17852,-2425.45,6.50512,77.1898
17853,-2425.55,6.50509,77.1921
17854,-2425.66,6.50505,77.1945
17855,-2425.76,6.50502,77.197
17856,-2425.87,6.50499,77.1994
17857,-2425.97,6.50495,77.2019
17858,-2426.08,6.50492,77.2043
17859,-2426.18,6.50489,77.2068
17860,-2426.29,6.50485,77.2092
17861,-2426.39,6.50482,77.2116
17862,-2426.5,6.50478,77.214
17863,-2426.6,6.50475,77.2165
17864,-2426.71,6.50472,77.219
17865,-2426.81,6.50468,77.2214
17866,-2426.92,6.50465,77.2238
17867,-2427.02,6.50462,77.2263
17868,-2427.13,6.50458,77.2287
17869,-2427.24,6.50455,77.2311
17870,-2427.34,6.50451,77.2336
17871,-2427.45,6.50448,77.236
17872,-2427.55,6.50445,77.2385
17873,-2427.66,6.50441,77.2409
17874,-2427.76,6.50438,77.2433
17875,-2427.87,6.50435,77.2457
17876,-2427.97,6.50431,77.2482
17877,-2428.08,6.50428,77.2507
17878,-2428.18,6.50424,77.2532
17879,-2428.29,6.50421,77.2557
17880,-2428.39,6.50418,77.2581
17881,-2428.5,6.50414,77.2606
17882,-2428.6,6.50411,77.263
17883,-2428.71,6.50408,77.2655
17884,-2428.81,6.50404,77.268
17885,-2428.92,6.50401,77.2704
17886,-2429.02,6.50397,77.2728
17887,-2429.13,6.50394,77.2753
17888,-2429.23,6.50391,77.2777
17889,-2429.34,6.50387,77.2801
17890,-2429.44,6.50384,77.2825
17891,-2429.55,6.50381,77.285
17892,-2429.65,6.50377,77.2874
17893,-2429.76,6.50374,77.2898
17894,-2429.87,6.5037,77.2923
17895,-2429.97,6.50367,77.2947
17896,-2430.08,6.50364,77.2972
17897,-2430.18,6.5036,77.2996
17898,-2430.29,6.50357,77.302
17899,-2430.39,6.50354,77.3045
17900,-2430.5,6.5035,77.307
17901,-2430.6,6.50347,77.3117
17902,-2430.71,6.50343,77.3143
17903,-2430.81,6.5034,77.3167
17904,-2430.92,6.50337,77.3192
17905,-2431.02,6.50333,77.3216
17906,-2431.13,6.5033,77.3241
17907,-2431.23,6.50327,77.3265
17908,-2431.34,6.50323,77.329
17909,-2431.44,6.5032,77.3314
17910,-2431.55,6.50316,77.3339
17911,-2431.65,6.50313,77.3363
17912,-2431.76,6.5031,77.3387
17913,-2431.86,6.50306,77.3412
17914,-2431.97,6.50303,77.3436
17915,-2432.07,6.503,77.3461
17916,-2432.18,6.50296,77.3486
17917,-2432.28,6.50293,77.351
17918,-2432.39,6.50289,77.3535
17919,-2432.49,6.50286,77.3559
17920,-2432.6,6.50283,77.3584
17921,-2432.71,6.50279,77.3608
17922,-2432.81,6.50276,77.3633
17923,-2432.92,6.50273,77.3659
17924,-2433.02,6.50269,77.3683
17925,-2433.13,6.50266,77.3707
17926,-2433.23,6.50262,77.3732
17927,-2433.34,6.50259,77.3757
17928,-2433.44,6.50256,77.3781
17929,-2433.55,6.50252,77.3805
17930,-2433.65,6.50249,77.3829
17931,-2433.76,6.50246,77.3853
17932,-2433.86,6.50242,77.3877
17933,-2433.97,6.50239,77.3901
17934,-2434.07,6.50236,77.3926
17935,-2434.18,6.50232,77.3951
17936,-2434.28,6.50229,77.3975
17937,-2434.39,6.50225,77.3999
17938,-2434.49,6.50222,77.4024
17939,-2434.6,6.50219,77.4048
17940,-2434.7,6.50215,77.4073
17941,-2434.81,6.50212,77.4098
17942,-2434.91,6.50209,77.4122
17943,-2435.02,6.50205,77.4147
17944,-2435.12,6.50202,77.4172
17945,-2435.23,6.50198,77.4196
17946,-2435.33,6.50195,77.422
17947,-2435.44,6.50192,77.4244
17948,-2435.54,6.50188,77.4268
17949,-2435.65,6.50185,77.4293
17950,-2435.75,6.50182,77.4318
17951,-2435.86,6.50178,77.4362
17952,-2435.96,6.50175,77.4388
17953,-2436.07,6.50172,77.4412
17954,-2436.17,6.50168,77.4438
17955,-2436.28,6.50165,77.4462
17956,-2436.38,6.50161,77.4487
17957,-2436.49,6.50158,77.4511
17958,-2436.6,6.50155,77.4536
17959,-2436.7,6.50151,77.4561
17960,-2436.81,6.50148,77.4587
17961,-2436.91,6.50145,77.4612
17962,-2437.02,6.50141,77.4636
17963,-2437.12,6.50138,77.4661
17964,-2437.23,6.50134,77.4685
17965,-2437.33,6.50131,77.471
17966,-2437.44,6.50128,77.4734
17967,-2437.54,6.50124,77.4759
17968,-2437.65,6.50121,77.4784
17969,-2437.75,6.50118,77.4809
17970,-2437.86,6.50114,77.4834
17971,-2437.96,6.50111,77.4858
17972,-2438.07,6.50108,77.4883
17973,-2438.17,6.50104,77.4908
17974,-2438.28,6.50101,77.4932
17975,-2438.38,6.50097,77.4957
17976,-2438.49,6.50094,77.4982
17977,-2438.59,6.50091,77.5006
17978,-2438.7,6.50087,77.503
17979,-2438.8,6.50084,77.5055
17980,-2438.91,6.50081,77.508
17981,-2439.01,6.50077,77.518
17982,-2439.12,6.50074,77.5222
17983,-2439.22,6.5007,77.526
17984,-2439.33,6.50067,77.5293
17985,-2439.43,6.50064,77.5321
17986,-2439.54,6.5006,77.5348
17987,-2439.64,6.50057,77.5373
17988,-2439.75,6.50054,77.5399
17989,-2439.85,6.5005,77.5425
17990,-2439.96,6.50047,77.5449
17991,-2440.06,6.50044,77.5475
17992,-2440.17,6.5004,77.5499
17993,-2440.27,6.50037,77.5524
17994,-2440.38,6.50033,77.5549
17995,-2440.48,6.5003,77.5574
17996,-2440.59,6.50027,77.5598
17997,-2440.69,6.50023,77.5623
17998,-2440.8,6.5002,77.5647
17999,-2440.9,6.50017,77.5673
18000,-2441.01,6.50013,77.5698
18001,-2441.11,6.5001,77.5754
18002,-2441.22,6.50007,77.5779
18003,-2441.32,6.50003,77.5804
18004,-2441.43,6.5,77.5829
18005,-2441.53,6.49996,77.5906
18006,-2441.64,6.49993,77.5932
18007,-2441.74,6.4999,77.5957
18008,-2441.85,6.49986,77.5981
18009,-2441.95,6.49983,77.6007
18010,-2442.06,6.4998,77.6031
18011,-2442.16,6.49976,77.6056
18012,-2442.27,6.49973,77.6081
18013,-2442.37,6.4997,77.6107
18014,-2442.48,6.49966,77.6131
18015,-2442.58,6.49963,77.6156
18016,-2442.69,6.49959,77.6181
18017,-2442.79,6.49956,77.6205
18018,-2442.9,6.49953,77.623
18019,-2443.01,6.49949,77.6255
18020,-2443.11,6.49946,77.628
18021,-2443.22,6.49943,77.6305
18022,-2443.32,6.49939,77.6331
18023,-2443.43,6.49936,77.6356
18024,-2443.53,6.49933,77.6381
18025,-2443.64,6.49929,77.6406
18026,-2443.74,6.49926,77.643
18027,-2443.85,6.49923,77.6455
18028,-2443.95,6.49919,77.648
18029,-2444.06,6.49916,77.6505
18030,-2444.16,6.49912,77.653
18031,-2444.27,6.49909,77.6555
18032,-2444.37,6.49906,77.6579
18033,-2444.48,6.49902,77.6604
18034,-2444.58,6.49899,77.6629
18035,-2444.69,6.49896,77.6654
18036,-2444.79,6.49892,77.6679
18037,-2444.9,6.49889,77.6704
18038,-2445,6.49886,77.6729
18039,-2445.11,6.49882,77.6755
18040,-2445.21,6.49879,77.678
18041,-2445.32,6.49875,77.6804
18042,-2445.42,6.49872,77.6829
18043,-2445.53,6.49869,77.6855
18044,-2445.63,6.49865,77.6879
18045,-2445.74,6.49862,77.6904
18046,-2445.84,6.49859,77.6928
18047,-2445.95,6.49855,77.6952
18048,-2446.05,6.49852,77.6977
18049,-2446.16,6.49849,77.7003
18050,-2446.26,6.49845,77.7028
18051,-2446.37,6.49842,77.7074
18052,-2446.47,6.49838,77.7099
18053,-2446.58,6.49835,77.7124
18054,-2446.68,6.49832,77.7149
18055,-2446.79,6.49828,77.7174
18056,-2446.89,6.49825,77.7198
18057,-2447,6.49822,77.7222
18058,-2447.1,6.49818,77.7247
18059,-2447.21,6.49815,77.7271
18060,-2447.31,6.49812,77.7296
18061,-2447.42,6.49808,77.732
18062,-2447.52,6.49805,77.7345
18063,-2447.63,6.49802,77.7369
18064,-2447.73,6.49798,77.7393
18065,-2447.84,6.49795,77.7417
18066,-2447.94,6.49791,77.7442
18067,-2448.05,6.49788,77.7466
18068,-2448.15,6.49785,77.7491
18069,-2448.26,6.49781,77.7515
18070,-2448.36,6.49778,77.754
18071,-2448.47,6.49775,77.7564
18072,-2448.57,6.49771,77.7589
18073,-2448.68,6.49768,77.7613
18074,-2448.78,6.49765,77.7637
18075,-2448.89,6.49761,77.7662
18076,-2448.99,6.49758,77.7686
18077,-2449.1,6.49755,77.7711
18078,-2449.2,6.49751,77.7737
18079,-2449.31,6.49748,77.7763
18080,-2449.41,6.49744,77.7788
18081,-2449.52,6.49741,77.7813
18082,-2449.62,6.49738,77.7839
18083,-2449.73,6.49734,77.7864
18084,-2449.83,6.49731,77.7889
18085,-2449.94,6.49728,77.7914
18086,-2450.04,6.49724,77.7939
18087,-2450.15,6.49721,77.7964
18088,-2450.25,6.49718,77.7988
18089,-2450.36,6.49714,77.8013
18090,-2450.46,6.49711,77.8038
18091,-2450.57,6.49708,77.8065
18092,-2450.67,6.49704,77.809
18093,-2450.78,6.49701,77.8115
18094,-2450.88,6.49697,77.8141
18095,-2450.98,6.49694,77.8166
18096,-2451.09,6.49691,77.819
18097,-2451.19,6.49687,77.8214
18098,-2451.3,6.49684,77.8239
18099,-2451.4,6.49681,77.8264
18100,-2451.51,6.49677,77.8289
18101,-2451.61,6.49674,77.8336
18102,-2451.72,6.49671,77.8361
18103,-2451.82,6.49667,77.8386
18104,-2451.93,6.49664,77.841
18105,-2452.03,6.49661,77.8435
18106,-2452.14,6.49657,77.846
18107,-2452.24,6.49654,77.8485
18108,-2452.35,6.49651,77.851
18109,-2452.45,6.49647,77.8535
18110,-2452.56,6.49644,77.8559
18111,-2452.66,6.4964,77.8584
18112,-2452.77,6.49637,77.8608
18113,-2452.87,6.49634,77.8633
18114,-2452.98,6.4963,77.8658
18115,-2453.08,6.49627,77.8682
18116,-2453.19,6.49624,77.8706
18117,-2453.29,6.4962,77.8731
18118,-2453.4,6.49617,77.8756
18119,-2453.5,6.49614,77.8782
18120,-2453.61,6.4961,77.8807
18121,-2453.71,6.49607,77.8833
18122,-2453.82,6.49604,77.8858
18123,-2453.92,6.496,77.8883
18124,-2454.03,6.49597,77.8908
18125,-2454.13,6.49594,77.8933
18126,-2454.24,6.4959,77.8958
18127,-2454.34,6.49587,77.8982
18128,-2454.45,6.49583,77.9007
18129,-2454.55,6.4958,77.9032
18130,-2454.66,6.49577,77.9056
18131,-2454.76,6.49573,77.9081
18132,-2454.87,6.4957,77.9106
18133,-2454.97,6.49567,77.9131
18134,-2455.08,6.49563,77.9156
18135,-2455.18,6.4956,77.9181
18136,-2455.29,6.49557,77.9208
18137,-2455.39,6.49553,77.9233
18138,-2455.5,6.4955,77.9257
18139,-2455.6,6.49547,77.9282
18140,-2455.71,6.49543,77.9307
18141,-2455.81,6.4954,77.9332
18142,-2455.92,6.49537,77.9357
18143,-2456.02,6.49533,77.9381
18144,-2456.13,6.4953,77.9406
18145,-2456.23,6.49526,77.9432
18146,-2456.34,6.49523,77.9457
18147,-2456.44,6.4952,77.9482
18148,-2456.55,6.49516,77.9507
18149,-2456.65,6.49513,77.9532
18150,-2456.76,6.4951,77.9556
18151,-2456.86,6.49506,77.9601
18152,-2456.97,6.49503,77.9627
18153,-2457.07,6.495,77.9652
18154,-2457.18,6.49496,77.9677
18155,-2457.28,6.49493,77.9701
18156,-2457.38,6.4949,77.9726
18157,-2457.49,6.49486,77.975
18158,-2457.59,6.49483,77.9774
18159,-2457.7,6.4948,77.9799
18160,-2457.8,6.49476,77.9824
18161,-2457.91,6.49473,77.9848
18162,-2458.01,6.4947,77.9874
18163,-2458.12,6.49466,77.9898
18164,-2458.22,6.49463,77.9923
18165,-2458.33,6.4946,77.9947
18166,-2458.43,6.49456,77.9972
18167,-2458.54,6.49453,77.9996
18168,-2458.64,6.49449,78.002
18169,-2458.75,6.49446,78.0045
18170,-2458.85,6.49443,78.0069
18171,-2458.96,6.49439,78.0094
18172,-2459.06,6.49436,78.0119
18173,-2459.17,6.49433,78.0144
18174,-2459.27,6.49429,78.0168
18175,-2459.38,6.49426,78.0192
18176,-2459.48,6.49423,78.0216
18177,-2459.59,6.49419,78.0241
18178,-2459.69,6.49416,78.0265
18179,-2459.8,6.49413,78.0289
18180,-2459.9,6.49409,78.0314
18181,-2460.01,6.49406,78.0339
18182,-2460.11,6.49403,78.0363
18183,-2460.22,6.49399,78.0388
18184,-2460.32,6.49396,78.0412
18185,-2460.43,6.49393,78.0436
18186,-2460.53,6.49389,78.046
18187,-2460.64,6.49386,78.0485
18188,-2460.74,6.49383,78.0509
18189,-2460.85,6.49379,78.0534
18190,-2460.95,6.49376,78.0559
18191,-2461.06,6.49372,78.0583
18192,-2461.16,6.49369,78.0607
18193,-2461.26,6.49366,78.0632
18194,-2461.37,6.49362,78.0656
18195,-2461.47,6.49359,78.0681
18196,-2461.58,6.49356,78.0705
18197,-2461.68,6.49352,78.0729
18198,-2461.79,6.49349,78.0754
18199,-2461.89,6.49346,78.0778
18200,-2462,6.49342,78.0802
18201,-2462.1,6.49339,78.085
18202,-2462.21,6.49336,78.0875
18203,-2462.31,6.49332,78.09
18204,-2462.42,6.49329,78.0925
18205,-2462.52,6.49326,78.0949
18206,-2462.63,6.49322,78.0973
18207,-2462.73,6.49319,78.0998
18208,-2462.84,6.49316,78.1022
18209,-2462.94,6.49312,78.1047
18210,-2463.05,6.49309,78.1072
18211,-2463.15,6.49306,78.1097
18212,-2463.26,6.49302,78.1122
18213,-2463.36,6.49299,78.1147
18214,-2463.47,6.49296,78.1171
18215,-2463.57,6.49292,78.1196
18216,-2463.68,6.49289,78.1219
18217,-2463.78,6.49285,78.1244
18218,-2463.89,6.49282,78.1268
18219,-2463.99,6.49279,78.1292
18220,-2464.09,6.49275,78.1316
18221,-2464.2,6.49272,78.1341
18222,-2464.3,6.49269,78.1366
18223,-2464.41,6.49265,78.139
18224,-2464.51,6.49262,78.1414
18225,-2464.62,6.49259,78.1438
18226,-2464.72,6.49255,78.1463
18227,-2464.83,6.49252,78.1488
18228,-2464.93,6.49249,78.1512
18229,-2465.04,6.49245,78.1537
18230,-2465.14,6.49242,78.1561
18231,-2465.25,6.49239,78.1585
18232,-2465.35,6.49235,78.1609
18233,-2465.46,6.49232,78.1634
18234,-2465.56,6.49229,78.1658
18235,-2465.67,6.49225,78.1682
18236,-2465.77,6.49222,78.1706
18237,-2465.88,6.49219,78.1731
18238,-2465.98,6.49215,78.1756
18239,-2466.09,6.49212,78.178
18240,-2466.19,6.49209,78.1805
18241,-2466.3,6.49205,78.1831
18242,-2466.4,6.49202,78.1856
18243,-2466.51,6.49199,78.188
18244,-2466.61,6.49195,78.1905
18245,-2466.71,6.49192,78.193
18246,-2466.82,6.49189,78.1954
18247,-2466.92,6.49185,78.1979
18248,-2467.03,6.49182,78.2003
18249,-2467.13,6.49179,78.203
18250,-2467.24,6.49175,78.2054
18251,-2467.34,6.49172,78.21
18252,-2467.45,6.49168,78.2125
18253,-2467.55,6.49165,78.215
18254,-2467.66,6.49162,78.2175
18255,-2467.76,6.49158,78.22
18256,-2467.87,6.49155,78.2225
18257,-2467.97,6.49152,78.225
18258,-2468.08,6.49148,78.2275
18259,-2468.18,6.49145,78.23
18260,-2468.29,6.49142,78.2325
18261,-2468.39,6.49138,78.2349
18262,-2468.5,6.49135,78.2374
18263,-2468.6,6.49132,78.2399
18264,-2468.71,6.49128,78.2424
18265,-2468.81,6.49125,78.2449
18266,-2468.91,6.49122,78.2474
18267,-2469.02,6.49118,78.2499
18268,-2469.12,6.49115,78.2524
18269,-2469.23,6.49112,78.2549
18270,-2469.33,6.49108,78.2573
18271,-2469.44,6.49105,78.2597
18272,-2469.54,6.49102,78.3123
18273,-2469.65,6.49098,78.3162
18274,-2469.75,6.49095,78.3194
18275,-2469.86,6.49092,78.322
18276,-2469.96,6.49088,78.3247
18277,-2470.07,6.49085,78.3272
18278,-2470.17,6.49082,78.3298
18279,-2470.28,6.49078,78.3323
18280,-2470.38,6.49075,78.3349
18281,-2470.49,6.49072,78.3374
18282,-2470.59,6.49068,78.3399
18283,-2470.7,6.49065,78.3424
18284,-2470.8,6.49062,78.345
18285,-2470.9,6.49058,78.3475
18286,-2471.01,6.49055,78.35
18287,-2471.11,6.49052,78.3525
18288,-2471.22,6.49048,78.355
18289,-2471.32,6.49045,78.3575
18290,-2471.43,6.49042,78.3599
18291,-2471.53,6.49038,78.3624
18292,-2471.64,6.49035,78.3649
18293,-2471.74,6.49032,78.3674
18294,-2471.85,6.49028,78.3699
18295,-2471.95,6.49025,78.3724
18296,-2472.06,6.49022,78.3749
18297,-2472.16,6.49018,78.3774
18298,-2472.27,6.49015,78.3798
18299,-2472.37,6.49012,78.3823
18300,-2472.48,6.49008,78.3848
18301,-2472.58,6.49005,78.3908
18302,-2472.69,6.49002,78.3933
18303,-2472.79,6.48998,78.3958
18304,-2472.89,6.48995,78.3983
18305,-2473,6.48992,78.4007
18306,-2473.1,6.48988,78.4034
18307,-2473.21,6.48985,78.4058
18308,-2473.31,6.48982,78.4083
18309,-2473.42,6.48978,78.4107
18310,-2473.52,6.48975,78.4132
18311,-2473.63,6.48972,78.4156
18312,-2473.73,6.48968,78.418
18313,-2473.84,6.48965,78.4206
18314,-2473.94,6.48962,78.4229
18315,-2474.05,6.48958,78.4254
18316,-2474.15,6.48955,78.4278
18317,-2474.26,6.48952,78.4302
18318,-2474.36,6.48948,78.4326
18319,-2474.46,6.48945,78.4351
18320,-2474.57,6.48942,78.4375
18321,-2474.67,6.48938,78.4401
18322,-2474.78,6.48935,78.4425
18323,-2474.88,6.48932,78.445
18324,-2474.99,6.48928,78.4474
18325,-2475.09,6.48925,78.4499
18326,-2475.2,6.48922,78.4524
18327,-2475.3,6.48918,78.4549
18328,-2475.41,6.48915,78.4574
18329,-2475.51,6.48912,78.4598
18330,-2475.62,6.48908,78.4622
18331,-2475.72,6.48905,78.4646
18332,-2475.83,6.48902,78.467
18333,-2475.93,6.48898,78.4695
18334,-2476.04,6.48895,78.4718
18335,-2476.14,6.48892,78.4743
18336,-2476.24,6.48888,78.4767
18337,-2476.35,6.48885,78.4792
18338,-2476.45,6.48882,78.4816
18339,-2476.56,6.48878,78.484
18340,-2476.66,6.48875,78.4864
18341,-2476.77,6.48872,78.4885
18342,-2476.87,6.48868,78.4908
18343,-2476.98,6.48865,78.4931
18344,-2477.08,6.48862,78.4954
18345,-2477.19,6.48858,78.4978
18346,-2477.29,6.48855,78.5003
18347,-2477.4,6.48852,78.5027
18348,-2477.5,6.48848,78.5053
18349,-2477.61,6.48845,78.5077
18350,-2477.71,6.48842,78.5102
18351,-2477.81,6.48838,78.5152
18352,-2477.92,6.48835,78.5177
18353,-2478.02,6.48832,78.5202
18354,-2478.13,6.48828,78.5227
18355,-2478.23,6.48825,78.5252
18356,-2478.34,6.48822,78.5276
18357,-2478.44,6.48818,78.5301
18358,-2478.55,6.48815,78.5325
18359,-2478.65,6.48812,78.535
18360,-2478.76,6.48808,78.5374
18361,-2478.86,6.48805,78.5398
18362,-2478.97,6.48802,78.5422
18363,-2479.07,6.48798,78.5446
18364,-2479.17,6.48795,78.5471
18365,-2479.28,6.48792,78.5496
18366,-2479.38,6.48788,78.552
18367,-2479.49,6.48785,78.5544
18368,-2479.59,6.48782,78.5569
18369,-2479.7,6.48778,78.5594
18370,-2479.8,6.48775,78.5618
18371,-2479.91,6.48772,78.5642
18372,-2480.01,6.48768,78.5667
18373,-2480.12,6.48765,78.5691
18374,-2480.22,6.48762,78.5716
18375,-2480.33,6.48758,78.574
18376,-2480.43,6.48755,78.5765
18377,-2480.53,6.48752,78.579
18378,-2480.64,6.48748,78.5815
18379,-2480.74,6.48745,78.584
18380,-2480.85,6.48742,78.5865
18381,-2480.95,6.48738,78.5889
18382,-2481.06,6.48735,78.5913
18383,-2481.16,6.48732,78.5938
18384,-2481.27,6.48728,78.5962
18385,-2481.37,6.48725,78.5987
18386,-2481.48,6.48722,78.6012
18387,-2481.58,6.48718,78.6037
18388,-2481.69,6.48715,78.6061
18389,-2481.79,6.48712,78.6086
18390,-2481.89,6.48708,78.6111
18391,-2482,6.48705,78.6136
18392,-2482.1,6.48702,78.6162
18393,-2482.21,6.48698,78.6187
18394,-2482.31,6.48695,78.6211
18395,-2482.42,6.48692,78.6235
18396,-2482.52,6.48688,78.6259
18397,-2482.63,6.48685,78.6283
18398,-2482.73,6.48682,78.6308
18399,-2482.84,6.48678,78.6333
18400,-2482.94,6.48675,78.6357
18401,-2483.05,6.48672,78.6406
18402,-2483.15,6.48668,78.6431
18403,-2483.25,6.48665,78.6457
18404,-2483.36,6.48662,78.6482
18405,-2483.46,6.48658,78.6506
18406,-2483.57,6.48655,78.6531
18407,-2483.67,6.48652,78.6555
18408,-2483.78,6.48648,78.658
18409,-2483.88,6.48645,78.6604
18410,-2483.99,6.48642,78.6628
18411,-2484.09,6.48638,78.6653
18412,-2484.2,6.48635,78.6677
18413,-2484.3,6.48632,78.6702
18414,-2484.41,6.48628,78.6727
18415,-2484.51,6.48625,78.6752
18416,-2484.61,6.48622,78.6776
18417,-2484.72,6.48618,78.6801
18418,-2484.82,6.48615,78.6825
18419,-2484.93,6.48612,78.6849
18420,-2485.03,6.48608,78.6874
18421,-2485.14,6.48605,78.6899
18422,-2485.24,6.48602,78.6924
18423,-2485.35,6.48599,78.6949
18424,-2485.45,6.48595,78.6973
18425,-2485.56,6.48592,78.6998
18426,-2485.66,6.48589,78.7023
18427,-2485.76,6.48585,78.7047
18428,-2485.87,6.48582,78.7072
18429,-2485.97,6.48579,78.7096
18430,-2486.08,6.48575,78.712
18431,-2486.18,6.48572,78.7146
18432,-2486.29,6.48569,78.7171
18433,-2486.39,6.48565,78.7196
18434,-2486.5,6.48562,78.7221
18435,-2486.6,6.48559,78.7246
18436,-2486.71,6.48555,78.7271
18437,-2486.81,6.48552,78.7295
18438,-2486.91,6.48549,78.732
18439,-2487.02,6.48545,78.7345
18440,-2487.12,6.48542,78.7369
18441,-2487.23,6.48539,78.7393
18442,-2487.33,6.48535,78.7417
18443,-2487.44,6.48532,78.7442
18444,-2487.54,6.48529,78.7467
18445,-2487.65,6.48525,78.7491
18446,-2487.75,6.48522,78.7517
18447,-2487.86,6.48519,78.7542
18448,-2487.96,6.48515,78.7566
18449,-2488.06,6.48512,78.759
18450,-2488.17,6.48509,78.7616
18451,-2488.27,6.48505,78.7662
18452,-2488.38,6.48502,78.7688
18453,-2488.48,6.48499,78.7712
18454,-2488.59,6.48495,78.7736
18455,-2488.69,6.48492,78.776
18456,-2488.8,6.48489,78.7785
18457,-2488.9,6.48485,78.7808
18458,-2489.01,6.48482,78.7832
18459,-2489.11,6.48479,78.7857
18460,-2489.21,6.48476,78.7882
18461,-2489.32,6.48472,78.7906
18462,-2489.42,6.48469,78.793
18463,-2489.53,6.48466,78.7955
18464,-2489.63,6.48462,78.7979
18465,-2489.74,6.48459,78.8003
18466,-2489.84,6.48456,78.8028
18467,-2489.95,6.48452,78.8053
18468,-2490.05,6.48449,78.8077
18469,-2490.16,6.48446,78.8102
18470,-2490.26,6.48442,78.8127
18471,-2490.36,6.48439,78.8151
18472,-2490.47,6.48436,78.8176
18473,-2490.57,6.48432,78.8201
18474,-2490.68,6.48429,78.8225
18475,-2490.78,6.48426,78.8249
18476,-2490.89,6.48422,78.8274
18477,-2490.99,6.48419,78.8298
18478,-2491.1,6.48416,78.8323
18479,-2491.2,6.48412,78.8348
18480,-2491.3,6.48409,78.8373
18481,-2491.41,6.48406,78.8398
18482,-2491.51,6.48402,78.8422
18483,-2491.62,6.48399,78.8447
18484,-2491.72,6.48396,78.8471
18485,-2491.83,6.48392,78.8495
18486,-2491.93,6.48389,78.8519
18487,-2492.04,6.48386,78.8544
18488,-2492.14,6.48383,78.8569
18489,-2492.25,6.48379,78.8594
18490,-2492.35,6.48376,78.8617
18491,-2492.45,6.48373,78.8643
18492,-2492.56,6.48369,78.8667
18493,-2492.66,6.48366,78.8692
18494,-2492.77,6.48363,78.8716
18495,-2492.87,6.48359,78.8741
18496,-2492.98,6.48356,78.8765
18497,-2493.08,6.48353,78.8789
18498,-2493.19,6.48349,78.8814
18499,-2493.29,6.48346,78.8839
18500,-2493.39,6.48343,78.8864
18501,-2493.5,6.48339,78.8911
18502,-2493.6,6.48336,78.8936
18503,-2493.71,6.48333,78.8963
18504,-2493.81,6.48329,78.8988
18505,-2493.92,6.48326,78.9012
18506,-2494.02,6.48323,78.9037
18507,-2494.13,6.48319,78.9062
18508,-2494.23,6.48316,78.9087
18509,-2494.33,6.48313,78.9111
18510,-2494.44,6.4831,78.9136
18511,-2494.54,6.48306,78.9161
18512,-2494.65,6.48303,78.9185
18513,-2494.75,6.483,78.921
18514,-2494.86,6.48296,78.9234
18515,-2494.96,6.48293,78.9258
18516,-2495.07,6.4829,78.9282
18517,-2495.17,6.48286,78.9306
18518,-2495.28,6.48283,78.9331
18519,-2495.38,6.4828,78.9355
18520,-2495.48,6.48276,78.9379
18521,-2495.59,6.48273,78.9403
18522,-2495.69,6.4827,78.9428
18523,-2495.8,6.48266,78.9452
18524,-2495.9,6.48263,78.9476
18525,-2496.01,6.4826,78.95
18526,-2496.11,6.48256,78.9525
18527,-2496.22,6.48253,78.9549
18528,-2496.32,6.4825,78.9574
18529,-2496.42,6.48246,78.9599
18530,-2496.53,6.48243,78.9623
18531,-2496.63,6.4824,78.9647
18532,-2496.74,6.48237,78.9671
18533,-2496.84,6.48233,78.9696
18534,-2496.95,6.4823,78.972
18535,-2497.05,6.48227,78.9744
18536,-2497.16,6.48223,78.9768
18537,-2497.26,6.4822,78.9793
18538,-2497.36,6.48217,78.9886
18539,-2497.47,6.48213,78.9911
18540,-2497.57,6.4821,78.9936
18541,-2497.68,6.48207,78.9961
18542,-2497.78,6.48203,78.9986
18543,-2497.89,6.482,79.001
18544,-2497.99,6.48197,79.0035
18545,-2498.09,6.48193,79.006
18546,-2498.2,6.4819,79.0084
18547,-2498.3,6.48187,79.0109
18548,-2498.41,6.48183,79.0134
18549,-2498.51,6.4818,79.0158
18550,-2498.62,6.48177,79.0182
18551,-2498.72,6.48174,79.0229
18552,-2498.83,6.4817,79.0254
18553,-2498.93,6.48167,79.0278
18554,-2499.03,6.48164,79.0302
18555,-2499.14,6.4816,79.0326
18556,-2499.24,6.48157,79.0351
18557,-2499.35,6.48154,79.0376
18558,-2499.45,6.4815,79.04
18559,-2499.56,6.48147,79.0425
18560,-2499.66,6.48144,79.0449
18561,-2499.77,6.4814,79.0473
18562,-2499.87,6.48137,79.0497
18563,-2499.97,6.48134,79.0522
18564,-2500.08,6.4813,79.0546
18565,-2500.18,6.48127,79.057
18566,-2500.29,6.48124,79.0595
18567,-2500.39,6.48121,79.0619
18568,-2500.5,6.48117,79.0643
18569,-2500.6,6.48114,79.0667
18570,-2500.71,6.48111,79.0693
18571,-2500.81,6.48107,79.0717
18572,-2500.91,6.48104,79.0741
18573,-2501.02,6.48101,79.0765
18574,-2501.12,6.48097,79.079
18575,-2501.23,6.48094,79.0814
18576,-2501.33,6.48091,79.0838
18577,-2501.44,6.48087,79.0863
18578,-2501.54,6.48084,79.0888
18579,-2501.64,6.48081,79.0912
18580,-2501.75,6.48077,79.0936
18581,-2501.85,6.48074,79.096
18582,-2501.96,6.48071,79.0985
18583,-2502.06,6.48068,79.1009
18584,-2502.17,6.48064,79.1035
18585,-2502.27,6.48061,79.1059
18586,-2502.38,6.48058,79.1084
18587,-2502.48,6.48054,79.1108
18588,-2502.58,6.48051,79.1133
18589,-2502.69,6.48048,79.1157
18590,-2502.79,6.48044,79.1182
18591,-2502.9,6.48041,79.1206
18592,-2503,6.48038,79.1231
18593,-2503.11,6.48034,79.1255
18594,-2503.21,6.48031,79.128
18595,-2503.31,6.48028,79.1305
18596,-2503.42,6.48024,79.133
18597,-2503.52,6.48021,79.1355
18598,-2503.63,6.48018,79.1381
18599,-2503.73,6.48015,79.1405
18600,-2503.84,6.48011,79.143
18601,-2503.94,6.48008,79.1478
18602,-2504.05,6.48005,79.1503
18603,-2504.15,6.48001,79.1527
18604,-2504.25,6.47998,79.1552
18605,-2504.36,6.47995,79.1658
18606,-2504.46,6.47991,79.1701
18607,-2504.57,6.47988,79.1736
18608,-2504.67,6.47985,79.1766
18609,-2504.78,6.47981,79.1793
18610,-2504.88,6.47978,79.1818
18611,-2504.98,6.47975,79.1843
18612,-2505.09,6.47972,79.1868
18613,-2505.19,6.47968,79.1894
18614,-2505.3,6.47965,79.1918
18615,-2505.4,6.47962,79.1944
18616,-2505.51,6.47958,79.1968
18617,-2505.61,6.47955,79.1992
18618,-2505.71,6.47952,79.2017
18619,-2505.82,6.47948,79.2042
18620,-2505.92,6.47945,79.2068
18621,-2506.03,6.47942,79.2094
18622,-2506.13,6.47938,79.212
18623,-2506.24,6.47935,79.2145
18624,-2506.34,6.47932,79.2169
18625,-2506.45,6.47929,79.2194
18626,-2506.55,6.47925,79.2218
18627,-2506.65,6.47922,79.2242
18628,-2506.76,6.47919,79.2266
18629,-2506.86,6.47915,79.229
18630,-2506.97,6.47912,79.2314
18631,-2507.07,6.47909,79.234
18632,-2507.18,6.47905,79.2365
18633,-2507.28,6.47902,79.239
18634,-2507.38,6.47899,79.2415
18635,-2507.49,6.47895,79.244
18636,-2507.59,6.47892,79.2464
18637,-2507.7,6.47889,79.2488
18638,-2507.8,6.47886,79.2602
18639,-2507.91,6.47882,79.2643
18640,-2508.01,6.47879,79.2679
18641,-2508.11,6.47876,79.2708
18642,-2508.22,6.47872,79.2734
18643,-2508.32,6.47869,79.2761
18644,-2508.43,6.47866,79.2787
18645,-2508.53,6.47862,79.2811
18646,-2508.64,6.47859,79.2837
18647,-2508.74,6.47856,79.2862
18648,-2508.84,6.47852,79.2886
18649,-2508.95,6.47849,79.2911
18650,-2509.05,6.47846,79.2936
18651,-2509.16,6.47843,79.2993
18652,-2509.26,6.47839,79.3018
18653,-2509.37,6.47836,79.3043
18654,-2509.47,6.47833,79.3069
18655,-2509.57,6.47829,79.3094
18656,-2509.68,6.47826,79.3118
18657,-2509.78,6.47823,79.3144
18658,-2509.89,6.47819,79.3169
18659,-2509.99,6.47816,79.3194
18660,-2510.1,6.47813,79.322
18661,-2510.2,6.47809,79.3247
18662,-2510.3,6.47806,79.3272
18663,-2510.41,6.47803,79.3297
18664,-2510.51,6.478,79.3322
18665,-2510.62,6.47796,79.3347
18666,-2510.72,6.47793,79.3371
18667,-2510.83,6.4779,79.3396
18668,-2510.93,6.47786,79.3421
18669,-2511.03,6.47783,79.3445
18670,-2511.14,6.4778,79.347
18671,-2511.24,6.47776,79.3496
18672,-2511.35,6.47773,79.352
18673,-2511.45,6.4777,79.3544
18674,-2511.56,6.47767,79.3569
18675,-2511.66,6.47763,79.3594
18676,-2511.76,6.4776,79.3618
18677,-2511.87,6.47757,79.3642
18678,-2511.97,6.47753,79.3668
18679,-2512.08,6.4775,79.3693
18680,-2512.18,6.47747,79.3719
18681,-2512.29,6.47743,79.3743
18682,-2512.39,6.4774,79.3769
18683,-2512.49,6.47737,79.3794
18684,-2512.6,6.47733,79.3818
18685,-2512.7,6.4773,79.3843
18686,-2512.81,6.47727,79.3868
18687,-2512.91,6.47724,79.3893
18688,-2513.02,6.4772,79.3918
18689,-2513.12,6.47717,79.3943
18690,-2513.22,6.47714,79.3967
18691,-2513.33,6.4771,79.3992
18692,-2513.43,6.47707,79.4017
18693,-2513.54,6.47704,79.4042
18694,-2513.64,6.477,79.4066
18695,-2513.75,6.47697,79.4091
18696,-2513.85,6.47694,79.4115
18697,-2513.95,6.47691,79.4141
18698,-2514.06,6.47687,79.4166
18699,-2514.16,6.47684,79.4191
18700,-2514.27,6.47681,79.4215
18701,-2514.37,6.47677,79.4266
18702,-2514.48,6.47674,79.4291
18703,-2514.58,6.47671,79.4316
18704,-2514.68,6.47667,79.4341
18705,-2514.79,6.47664,79.4366
18706,-2514.89,6.47661,79.439
18707,-2515,6.47658,79.4414
18708,-2515.1,6.47654,79.4442
18709,-2515.21,6.47651,79.4466
18710,-2515.31,6.47648,79.4492
18711,-2515.41,6.47644,79.4517
18712,-2515.52,6.47641,79.4541
18713,-2515.62,6.47638,79.4566
18714,-2515.73,6.47634,79.4591
18715,-2515.83,6.47631,79.4616
18716,-2515.93,6.47628,79.464
18717,-2516.04,6.47625,79.4665
18718,-2516.14,6.47621,79.4689
18719,-2516.25,6.47618,79.4715
18720,-2516.35,6.47615,79.474
18721,-2516.46,6.47611,79.4764
18722,-2516.56,6.47608,79.4789
18723,-2516.66,6.47605,79.4813
18724,-2516.77,6.47601,79.4838
18725,-2516.87,6.47598,79.4862
18726,-2516.98,6.47595,79.4887
18727,-2517.08,6.47592,79.4911
18728,-2517.19,6.47588,79.4935
18729,-2517.29,6.47585,79.4961
18730,-2517.39,6.47582,79.4986
18731,-2517.5,6.47578,79.5011
18732,-2517.6,6.47575,79.5037
18733,-2517.71,6.47572,79.5063
18734,-2517.81,6.47568,79.5089
18735,-2517.91,6.47565,79.5114
18736,-2518.02,6.47562,79.5139
18737,-2518.12,6.47559,79.5164
18738,-2518.23,6.47555,79.5189
18739,-2518.33,6.47552,79.5215
18740,-2518.44,6.47549,79.5239
18741,-2518.54,6.47545,79.5264
18742,-2518.64,6.47542,79.5289
18743,-2518.75,6.47539,79.5313
18744,-2518.85,6.47535,79.5337
18745,-2518.96,6.47532,79.5361
18746,-2519.06,6.47529,79.5387
18747,-2519.17,6.47526,79.5412
18748,-2519.27,6.47522,79.5437
18749,-2519.37,6.47519,79.5461
18750,-2519.48,6.47516,79.5486
18751,-2519.58,6.47512,79.5533
18752,-2519.69,6.47509,79.5559
18753,-2519.79,6.47506,79.5583
18754,-2519.89,6.47503,79.5608
18755,-2520,6.47499,79.5635
18756,-2520.1,6.47496,79.5661
18757,-2520.21,6.47493,79.5686
18758,-2520.31,6.47489,79.5711
18759,-2520.42,6.47486,79.5736
18760,-2520.52,6.47483,79.5761
18761,-2520.62,6.47479,79.5787
18762,-2520.73,6.47476,79.5811
18763,-2520.83,6.47473,79.5836
18764,-2520.94,6.4747,79.5861
18765,-2521.04,6.47466,79.5885
18766,-2521.14,6.47463,79.591
18767,-2521.25,6.4746,79.5935
18768,-2521.35,6.47456,79.596
18769,-2521.46,6.47453,79.5985
18770,-2521.56,6.4745,79.601
18771,-2521.67,6.47446,79.6034
18772,-2521.77,6.47443,79.606
18773,-2521.87,6.4744,79.6084
18774,-2521.98,6.47437,79.6109
18775,-2522.08,6.47433,79.6134
18776,-2522.19,6.4743,79.6158
18777,-2522.29,6.47427,79.6183
18778,-2522.39,6.47423,79.6207
18779,-2522.5,6.4742,79.6232
18780,-2522.6,6.47417,79.6257
18781,-2522.71,6.47414,79.6281
18782,-2522.81,6.4741,79.6305
18783,-2522.92,6.47407,79.633
18784,-2523.02,6.47404,79.6354
18785,-2523.12,6.474,79.6379
18786,-2523.23,6.47397,79.6405
18787,-2523.33,6.47394,79.6431
18788,-2523.44,6.4739,79.6455
18789,-2523.54,6.47387,79.648
18790,-2523.64,6.47384,79.6505
18791,-2523.75,6.47381,79.653
18792,-2523.85,6.47377,79.6555
18793,-2523.96,6.47374,79.6578
18794,-2524.06,6.47371,79.6603
18795,-2524.17,6.47367,79.6627
18796,-2524.27,6.47364,79.6651
18797,-2524.37,6.47361,79.6676
18798,-2524.48,6.47358,79.6701
18799,-2524.58,6.47354,79.6726
18800,-2524.69,6.47351,79.675
18801,-2524.79,6.47348,79.6798
18802,-2524.89,6.47344,79.6823
18803,-2525,6.47341,79.6848
18804,-2525.1,6.47338,79.6873
18805,-2525.21,6.47334,79.6897
18806,-2525.31,6.47331,79.6983
18807,-2525.41,6.47328,79.701
18808,-2525.52,6.47325,79.7036
18809,-2525.62,6.47321,79.7062
18810,-2525.73,6.47318,79.7087
18811,-2525.83,6.47315,79.7113
18812,-2525.94,6.47311,79.7138
18813,-2526.04,6.47308,79.7164
18814,-2526.14,6.47305,79.7189
18815,-2526.25,6.47302,79.7213
18816,-2526.35,6.47298,79.7238
18817,-2526.46,6.47295,79.7262
18818,-2526.56,6.47292,79.7286
18819,-2526.66,6.47288,79.7311
18820,-2526.77,6.47285,79.7338
18821,-2526.87,6.47282,79.7363
18822,-2526.98,6.47279,79.7388
18823,-2527.08,6.47275,79.7413
18824,-2527.18,6.47272,79.7438
18825,-2527.29,6.47269,79.7464
18826,-2527.39,6.47265,79.7489
18827,-2527.5,6.47262,79.7514
18828,-2527.6,6.47259,79.754
18829,-2527.71,6.47255,79.7565
18830,-2527.81,6.47252,79.759
18831,-2527.91,6.47249,79.7615
18832,-2528.02,6.47246,79.7639
18833,-2528.12,6.47242,79.7664
18834,-2528.23,6.47239,79.7688
18835,-2528.33,6.47236,79.7712
18836,-2528.43,6.47232,79.7737
18837,-2528.54,6.47229,79.7761
18838,-2528.64,6.47226,79.7786
18839,-2528.75,6.47223,79.781
18840,-2528.85,6.47219,79.7836
18841,-2528.95,6.47216,79.786
18842,-2529.06,6.47213,79.7885
18843,-2529.16,6.47209,79.7911
18844,-2529.27,6.47206,79.7935
18845,-2529.37,6.47203,79.796
18846,-2529.47,6.472,79.7985
18847,-2529.58,6.47196,79.801
18848,-2529.68,6.47193,79.8035
18849,-2529.79,6.4719,79.8059
18850,-2529.89,6.47186,79.8084
18851,-2529.99,6.47183,79.8132
18852,-2530.1,6.4718,79.8157
18853,-2530.2,6.47177,79.8183
18854,-2530.31,6.47173,79.8209
18855,-2530.41,6.4717,79.8234
18856,-2530.52,6.47167,79.8258
18857,-2530.62,6.47163,79.8283
18858,-2530.72,6.4716,79.8307
18859,-2530.83,6.47157,79.8332
18860,-2530.93,6.47154,79.8356
18861,-2531.04,6.4715,79.8381
18862,-2531.14,6.47147,79.8406
18863,-2531.24,6.47144,79.843
18864,-2531.35,6.4714,79.8454
18865,-2531.45,6.47137,79.8474
18866,-2531.56,6.47134,79.8497
18867,-2531.66,6.47131,79.8518
18868,-2531.76,6.47127,79.8543
18869,-2531.87,6.47124,79.8567
18870,-2531.97,6.47121,79.8591
18871,-2532.08,6.47117,79.8616
18872,-2532.18,6.47114,79.864
18873,-2532.28,6.47111,79.8665
18874,-2532.39,6.47108,79.8689
18875,-2532.49,6.47104,79.8713
18876,-2532.6,6.47101,79.8738
18877,-2532.7,6.47098,79.8762
18878,-2532.8,6.47094,79.8787
18879,-2532.91,6.47091,79.8811
18880,-2533.01,6.47088,79.8837
18881,-2533.12,6.47084,79.8861
18882,-2533.22,6.47081,79.8886
18883,-2533.32,6.47078,79.891
18884,-2533.43,6.47075,79.8935
18885,-2533.53,6.47071,79.8959
18886,-2533.64,6.47068,79.8984
18887,-2533.74,6.47065,79.9009
18888,-2533.84,6.47061,79.9033
18889,-2533.95,6.47058,79.9058
18890,-2534.05,6.47055,79.9082
18891,-2534.16,6.47052,79.9108
18892,-2534.26,6.47048,79.9132
18893,-2534.36,6.47045,79.9156
18894,-2534.47,6.47042,79.918
18895,-2534.57,6.47039,79.9205
18896,-2534.68,6.47035,79.923
18897,-2534.78,6.47032,79.9254
18898,-2534.89,6.47029,79.9279
18899,-2534.99,6.47025,79.9303
18900,-2535.09,6.47022,79.9328
18901,-2535.2,6.47019,79.9375
18902,-2535.3,6.47016,79.9401
18903,-2535.41,6.47012,79.9426
18904,-2535.51,6.47009,79.9452
18905,-2535.61,6.47006,79.9476
18906,-2535.72,6.47002,79.9501
18907,-2535.82,6.46999,79.9527
18908,-2535.93,6.46996,79.9551
18909,-2536.03,6.46993,79.9576
18910,-2536.13,6.46989,79.9601
18911,-2536.24,6.46986,79.9627
18912,-2536.34,6.46983,79.9652
18913,-2536.45,6.46979,79.9676
18914,-2536.55,6.46976,79.9701
18915,-2536.65,6.46973,79.9725
18916,-2536.76,6.4697,79.9749
18917,-2536.86,6.46966,79.9774
18918,-2536.97,6.46963,79.9799
18919,-2537.07,6.4696,79.9824
18920,-2537.17,6.46956,79.9849
18921,-2537.28,6.46953,79.9873
18922,-2537.38,6.4695,79.9898
18923,-2537.49,6.46947,79.9923
18924,-2537.59,6.46943,79.9947
18925,-2537.69,6.4694,79.9972
18926,-2537.8,6.46937,79.9997
18927,-2537.9,6.46933,80.0021
18928,-2538.01,6.4693,80.0046
18929,-2538.11,6.46927,80.0071
18930,-2538.21,6.46924,80.0096
18931,-2538.32,6.4692,80.0121
18932,-2538.42,6.46917,80.0145
18933,-2538.52,6.46914,80.017
18934,-2538.63,6.4691,80.0195
18935,-2538.73,6.46907,80.022
18936,-2538.84,6.46904,80.0244
18937,-2538.94,6.46901,80.0269
18938,-2539.04,6.46897,80.0293
18939,-2539.15,6.46894,80.0318
18940,-2539.25,6.46891,80.0342
18941,-2539.36,6.46887,80.0367
18942,-2539.46,6.46884,80.0391
18943,-2539.56,6.46881,80.0415
18944,-2539.67,6.46878,80.0441
18945,-2539.77,6.46874,80.0467
18946,-2539.88,6.46871,80.0492
18947,-2539.98,6.46868,80.0517
18948,-2540.08,6.46865,80.0541
18949,-2540.19,6.46861,80.0567
18950,-2540.29,6.46858,80.0591
18951,-2540.4,6.46855,80.0639
18952,-2540.5,6.46851,80.0664
18953,-2540.6,6.46848,80.0689
18954,-2540.71,6.46845,80.0714
18955,-2540.81,6.46842,80.074
18956,-2540.92,6.46838,80.0765
18957,-2541.02,6.46835,80.0789
18958,-2541.12,6.46832,80.0814
18959,-2541.23,6.46828,80.0838
18960,-2541.33,6.46825,80.0863
18961,-2541.44,6.46822,80.0887
18962,-2541.54,6.46819,80.0911
18963,-2541.64,6.46815,80.0935
18964,-2541.75,6.46812,80.0959
18965,-2541.85,6.46809,80.0983
18966,-2541.96,6.46805,80.1007
18967,-2542.06,6.46802,80.1032
18968,-2542.16,6.46799,80.1056
18969,-2542.27,6.46796,80.108
18970,-2542.37,6.46792,80.1105
18971,-2542.48,6.46789,80.1129
18972,-2542.58,6.46786,80.1154
18973,-2542.68,6.46783,80.1178
18974,-2542.79,6.46779,80.1203
18975,-2542.89,6.46776,80.1228
18976,-2542.99,6.46773,80.1252
18977,-2543.1,6.46769,80.1276
18978,-2543.2,6.46766,80.1301
18979,-2543.31,6.46763,80.1325
18980,-2543.41,6.4676,80.135
18981,-2543.51,6.46756,80.1374
18982,-2543.62,6.46753,80.1398
18983,-2543.72,6.4675,80.1612
18984,-2543.83,6.46746,80.1642
18985,-2543.93,6.46743,80.1667
18986,-2544.03,6.4674,80.1691
18987,-2544.14,6.46737,80.1715
18988,-2544.24,6.46733,80.174
18989,-2544.35,6.4673,80.1764
18990,-2544.45,6.46727,80.1789
18991,-2544.55,6.46724,80.1814
18992,-2544.66,6.4672,80.1838
18993,-2544.76,6.46717,80.1863
18994,-2544.87,6.46714,80.1887
18995,-2544.97,6.4671,80.1911
18996,-2545.07,6.46707,80.1935
18997,-2545.18,6.46704,80.196
18998,-2545.28,6.46701,80.1985
18999,-2545.38,6.46697,80.2012
19000,-2545.49,6.46694,80.2037
19001,-2545.59,6.46691,80.2178
19002,-2545.7,6.46688,80.2207
19003,-2545.8,6.46684,80.2232
19004,-2545.9,6.46681,80.2257
19005,-2546.01,6.46678,80.2281
19006,-2546.11,6.46674,80.2307
19007,-2546.22,6.46671,80.233
19008,-2546.32,6.46668,80.2352
19009,-2546.42,6.46665,80.2374
19010,-2546.53,6.46661,80.2397
19011,-2546.63,6.46658,80.242
19012,-2546.74,6.46655,80.2444
19013,-2546.84,6.46651,80.2469
19014,-2546.94,6.46648,80.2494
19015,-2547.05,6.46645,80.2518
19016,-2547.15,6.46642,80.2543
19017,-2547.25,6.46638,80.2567
19018,-2547.36,6.46635,80.2591
19019,-2547.46,6.46632,80.2616
19020,-2547.57,6.46629,80.2641
19021,-2547.67,6.46625,80.2666
19022,-2547.77,6.46622,80.2691
19023,-2547.88,6.46619,80.2715
19024,-2547.98,6.46615,80.274
19025,-2548.09,6.46612,80.2764
19026,-2548.19,6.46609,80.2789
19027,-2548.29,6.46606,80.2813
19028,-2548.4,6.46602,80.2838
19029,-2548.5,6.46599,80.2863
19030,-2548.61,6.46596,80.2887
19031,-2548.71,6.46593,80.2911
19032,-2548.81,6.46589,80.2936
19033,-2548.92,6.46586,80.2961
19034,-2549.02,6.46583,80.2985
19035,-2549.12,6.46579,80.3009
19036,-2549.23,6.46576,80.3034
19037,-2549.33,6.46573,80.3058
19038,-2549.44,6.4657,80.3084
19039,-2549.54,6.46566,80.3108
19040,-2549.64,6.46563,80.3132
19041,-2549.75,6.4656,80.3157
19042,-2549.85,6.46557,80.3182
19043,-2549.96,6.46553,80.3206
19044,-2550.06,6.4655,80.3231
19045,-2550.16,6.46547,80.3256
19046,-2550.27,6.46543,80.328
19047,-2550.37,6.4654,80.3305
19048,-2550.47,6.46537,80.333
19049,-2550.58,6.46534,80.3355
19050,-2550.68,6.4653,80.338
19051,-2550.79,6.46527,80.3523
19052,-2550.89,6.46524,80.3553
19053,-2550.99,6.46521,80.3843
19054,-2551.1,6.46517,80.3881
19055,-2551.2,6.46514,80.3914
19056,-2551.31,6.46511,80.394
19057,-2551.41,6.46507,80.3966
19058,-2551.51,6.46504,80.3992
19059,-2551.62,6.46501,80.4017
19060,-2551.72,6.46498,80.4043
19061,-2551.82,6.46494,80.4068
19062,-2551.93,6.46491,80.4093
19063,-2552.03,6.46488,80.4117
19064,-2552.14,6.46485,80.4142
19065,-2552.24,6.46481,80.4166
19066,-2552.34,6.46478,80.419
19067,-2552.45,6.46475,80.4215
19068,-2552.55,6.46471,80.424
19069,-2552.66,6.46468,80.4264
19070,-2552.76,6.46465,80.429
19071,-2552.86,6.46462,80.4315
19072,-2552.97,6.46458,80.4339
19073,-2553.07,6.46455,80.4445
19074,-2553.17,6.46452,80.4471
19075,-2553.28,6.46449,80.4496
19076,-2553.38,6.46445,80.452
19077,-2553.49,6.46442,80.4544
19078,-2553.59,6.46439,80.4569
19079,-2553.69,6.46436,80.4593
19080,-2553.8,6.46432,80.4619
19081,-2553.9,6.46429,80.4643
19082,-2554,6.46426,80.4668
19083,-2554.11,6.46422,80.4847
19084,-2554.21,6.46419,80.4889
19085,-2554.32,6.46416,80.4924
19086,-2554.42,6.46413,80.4954
19087,-2554.52,6.46409,80.4979
19088,-2554.63,6.46406,80.5003
19089,-2554.73,6.46403,80.5029
19090,-2554.84,6.464,80.5054
19091,-2554.94,6.46396,80.5079
19092,-2555.04,6.46393,80.5104
19093,-2555.15,6.4639,80.5132
19094,-2555.25,6.46387,80.5159
19095,-2555.35,6.46383,80.5184
19096,-2555.46,6.4638,80.5208
19097,-2555.56,6.46377,80.5234
19098,-2555.67,6.46373,80.5258
19099,-2555.77,6.4637,80.5283
19100,-2555.87,6.46367,80.5308
19101,-2555.98,6.46364,80.5464
19102,-2556.08,6.4636,80.5494
19103,-2556.18,6.46357,80.5519
19104,-2556.29,6.46354,80.5544
19105,-2556.39,6.46351,80.5569
19106,-2556.5,6.46347,80.5594
19107,-2556.6,6.46344,80.562
19108,-2556.7,6.46341,80.5644
19109,-2556.81,6.46337,80.567
19110,-2556.91,6.46334,80.5695
19111,-2557.01,6.46331,80.572
19112,-2557.12,6.46328,80.5745
19113,-2557.22,6.46324,80.577
19114,-2557.33,6.46321,80.5794
19115,-2557.43,6.46318,80.5818
19116,-2557.53,6.46315,80.5844
19117,-2557.64,6.46311,80.5869
19118,-2557.74,6.46308,80.5893
19119,-2557.84,6.46305,80.5918
19120,-2557.95,6.46302,80.5942
19121,-2558.05,6.46298,80.5967
19122,-2558.16,6.46295,80.5992
19123,-2558.26,6.46292,80.6016
19124,-2558.36,6.46288,80.6041
19125,-2558.47,6.46285,80.6065
19126,-2558.57,6.46282,80.609
19127,-2558.68,6.46279,80.6115
19128,-2558.78,6.46275,80.6142
19129,-2558.88,6.46272,80.6308
19130,-2558.99,6.46269,80.6352
19131,-2559.09,6.46266,80.6389
19132,-2559.19,6.46262,80.6419
19133,-2559.3,6.46259,80.6446
19134,-2559.4,6.46256,80.6473
19135,-2559.51,6.46253,80.65
19136,-2559.61,6.46249,80.6527
19137,-2559.71,6.46246,80.6552
19138,-2559.82,6.46243,80.6577
19139,-2559.92,6.4624,80.6603
19140,-2560.02,6.46236,80.6629
19141,-2560.13,6.46233,80.6654
19142,-2560.23,6.4623,80.6679
19143,-2560.33,6.46226,80.6703
19144,-2560.44,6.46223,80.6727
19145,-2560.54,6.4622,80.6752
19146,-2560.65,6.46217,80.6777
19147,-2560.75,6.46213,80.6802
19148,-2560.85,6.4621,80.6826
19149,-2560.96,6.46207,80.6851
19150,-2561.06,6.46204,80.6876
19151,-2561.16,6.462,80.7026
19152,-2561.27,6.46197,80.7056
19153,-2561.37,6.46194,80.7082
19154,-2561.48,6.46191,80.7106
19155,-2561.58,6.46187,80.7131
19156,-2561.68,6.46184,80.7156
19157,-2561.79,6.46181,80.7181
19158,-2561.89,6.46178,80.7205
19159,-2561.99,6.46174,80.7231
19160,-2562.1,6.46171,80.7257
19161,-2562.2,6.46168,80.7282
19162,-2562.31,6.46164,80.7306
19163,-2562.41,6.46161,80.7331
19164,-2562.51,6.46158,80.7355
19165,-2562.62,6.46155,80.738
19166,-2562.72,6.46151,80.7405
19167,-2562.82,6.46148,80.743
19168,-2562.93,6.46145,80.7454
19169,-2563.03,6.46142,80.7478
19170,-2563.14,6.46138,80.7503
19171,-2563.24,6.46135,80.7527
19172,-2563.34,6.46132,80.7551
19173,-2563.45,6.46129,80.7576
19174,-2563.55,6.46125,80.76
19175,-2563.65,6.46122,80.7624
19176,-2563.76,6.46119,80.779
19177,-2563.86,6.46116,80.7832
19178,-2563.97,6.46112,80.7866
19179,-2564.07,6.46109,80.7895
19180,-2564.17,6.46106,80.7922
19181,-2564.28,6.46102,80.7949
19182,-2564.38,6.46099,80.7975
19183,-2564.48,6.46096,80.8001
19184,-2564.59,6.46093,80.8025
19185,-2564.69,6.46089,80.8051
19186,-2564.79,6.46086,80.8076
19187,-2564.9,6.46083,80.8101
19188,-2565,6.4608,80.8129
19189,-2565.11,6.46076,80.8155
19190,-2565.21,6.46073,80.818
19191,-2565.31,6.4607,80.8206
19192,-2565.42,6.46067,80.8233
19193,-2565.52,6.46063,80.8258
19194,-2565.62,6.4606,80.8284
19195,-2565.73,6.46057,80.8309
19196,-2565.83,6.46054,80.8335
19197,-2565.94,6.4605,80.836
19198,-2566.04,6.46047,80.8385
19199,-2566.14,6.46044,80.8411
19200,-2566.25,6.46041,80.8436
19201,-2566.35,6.46037,80.8584
19202,-2566.45,6.46034,80.8614
19203,-2566.56,6.46031,80.8639
19204,-2566.66,6.46028,80.8664
19205,-2566.76,6.46024,80.8689
19206,-2566.87,6.46021,80.8714
19207,-2566.97,6.46018,80.8739
19208,-2567.08,6.46014,80.8764
19209,-2567.18,6.46011,80.8788
19210,-2567.28,6.46008,80.8812
19211,-2567.39,6.46005,80.8837
19212,-2567.49,6.46001,80.8862
19213,-2567.59,6.45998,80.8886
19214,-2567.7,6.45995,80.891
19215,-2567.8,6.45992,80.8936
19216,-2567.9,6.45988,80.8961
19217,-2568.01,6.45985,80.8985
19218,-2568.11,6.45982,80.9011
19219,-2568.22,6.45979,80.9036
19220,-2568.32,6.45975,80.9061
19221,-2568.42,6.45972,80.9085
19222,-2568.53,6.45969,80.9109
19223,-2568.63,6.45966,80.9134
19224,-2568.73,6.45962,80.9158
19225,-2568.84,6.45959,80.9324
19226,-2568.94,6.45956,80.9367
19227,-2569.04,6.45953,80.9405
19228,-2569.15,6.45949,80.944
19229,-2569.25,6.45946,80.947
19230,-2569.36,6.45943,80.9497
19231,-2569.46,6.4594,80.9524
19232,-2569.56,6.45936,80.9551
19233,-2569.67,6.45933,80.9577
19234,-2569.77,6.4593,80.9603
19235,-2569.87,6.45927,80.9629
19236,-2569.98,6.45923,80.9654
19237,-2570.08,6.4592,80.968
19238,-2570.18,6.45917,80.9705
19239,-2570.29,6.45914,80.973
19240,-2570.39,6.4591,80.9757
19241,-2570.5,6.45907,80.9781
19242,-2570.6,6.45904,80.9808
19243,-2570.7,6.459,80.9834
19244,-2570.81,6.45897,80.986
19245,-2570.91,6.45894,80.9887
19246,-2571.01,6.45891,80.9913
19247,-2571.12,6.45887,80.994
19248,-2571.22,6.45884,80.9967
19249,-2571.32,6.45881,80.9992
19250,-2571.43,6.45878,81.0019
19251,-2571.53,6.45874,81.0171
19252,-2571.64,6.45871,81.0202
19253,-2571.74,6.45868,81.0227
19254,-2571.84,6.45865,81.0252
19255,-2571.95,6.45861,81.0278
19256,-2572.05,6.45858,81.0303
19257,-2572.15,6.45855,81.0328
19258,-2572.26,6.45852,81.0352
19259,-2572.36,6.45848,81.0376
19260,-2572.46,6.45845,81.0401
19261,-2572.57,6.45842,81.0426
19262,-2572.67,6.45839,81.0451
19263,-2572.78,6.45835,81.0475
19264,-2572.88,6.45832,81.05
19265,-2572.98,6.45829,81.0525
19266,-2573.09,6.45826,81.0549
19267,-2573.19,6.45822,81.0574
19268,-2573.29,6.45819,81.0599
19269,-2573.4,6.45816,81.0624
19270,-2573.5,6.45813,81.0648
19271,-2573.6,6.45809,81.0672
19272,-2573.71,6.45806,81.0697
19273,-2573.81,6.45803,81.0721
19274,-2573.91,6.458,81.0745
19275,-2574.02,6.45796,81.077
19276,-2574.12,6.45793,81.0795
19277,-2574.23,6.4579,81.082
19278,-2574.33,6.45787,81.0848
19279,-2574.43,6.45783,81.0872
19280,-2574.54,6.4578,81.0896
19281,-2574.64,6.45777,81.0921
19282,-2574.74,6.45774,81.0946
19283,-2574.85,6.4577,81.0971
19284,-2574.95,6.45767,81.0996
19285,-2575.05,6.45764,81.1021
19286,-2575.16,6.45761,81.1046
19287,-2575.26,6.45757,81.1072
19288,-2575.36,6.45754,81.1099
19289,-2575.47,6.45751,81.1123
19290,-2575.57,6.45748,81.1148
19291,-2575.68,6.45744,81.1173
19292,-2575.78,6.45741,81.1197
19293,-2575.88,6.45738,81.1222
19294,-2575.99,6.45735,81.1247
19295,-2576.09,6.45731,81.1271
19296,-2576.19,6.45728,81.1296
19297,-2576.3,6.45725,81.1321
19298,-2576.4,6.45722,81.1346
19299,-2576.5,6.45718,81.1371
19300,-2576.61,6.45715,81.1396
19301,-2576.71,6.45712,81.1539
19302,-2576.81,6.45709,81.1569
19303,-2576.92,6.45705,81.1595
19304,-2577.02,6.45702,81.162
19305,-2577.13,6.45699,81.1644
19306,-2577.23,6.45696,81.1669
19307,-2577.33,6.45692,81.1694
19308,-2577.44,6.45689,81.1719
19309,-2577.54,6.45686,81.1744
19310,-2577.64,6.45683,81.1769
19311,-2577.75,6.45679,81.1794
19312,-2577.85,6.45676,81.1818
19313,-2577.95,6.45673,81.1843
19314,-2578.06,6.4567,81.1867
19315,-2578.16,6.45666,81.1893
19316,-2578.26,6.45663,81.1917
19317,-2578.37,6.4566,81.1942
19318,-2578.47,6.45657,81.1967
19319,-2578.58,6.45653,81.1991
19320,-2578.68,6.4565,81.2015
19321,-2578.78,6.45647,81.204
19322,-2578.89,6.45644,81.2065
19323,-2578.99,6.4564,81.2089
19324,-2579.09,6.45637,81.2114
19325,-2579.2,6.45634,81.2139
19326,-2579.3,6.45631,81.2164
19327,-2579.4,6.45627,81.219
19328,-2579.51,6.45624,81.2215
19329,-2579.61,6.45621,81.224
19330,-2579.71,6.45618,81.2265
19331,-2579.82,6.45614,81.2289
19332,-2579.92,6.45611,81.2314
19333,-2580.02,6.45608,81.2339
19334,-2580.13,6.45605,81.2364
19335,-2580.23,6.45601,81.2389
19336,-2580.34,6.45598,81.2414
19337,-2580.44,6.45595,81.2439
19338,-2580.54,6.45592,81.2463
19339,-2580.65,6.45588,81.2488
19340,-2580.75,6.45585,81.2671
19341,-2580.85,6.45582,81.2711
19342,-2580.96,6.45579,81.2747
19343,-2581.06,6.45575,81.2779
19344,-2581.16,6.45572,81.2807
19345,-2581.27,6.45569,81.2834
19346,-2581.37,6.45566,81.2861
19347,-2581.47,6.45562,81.2887
19348,-2581.58,6.45559,81.2914
19349,-2581.68,6.45556,81.2941
19350,-2581.78,6.45553,81.2966
19351,-2581.89,6.45549,81.312
19352,-2581.99,6.45546,81.3151
19353,-2582.09,6.45543,81.3176
19354,-2582.2,6.4554,81.3202
19355,-2582.3,6.45536,81.3228
19356,-2582.41,6.45533,81.3253
19357,-2582.51,6.4553,81.3278
19358,-2582.61,6.45527,81.3302
19359,-2582.72,6.45523,81.3327
19360,-2582.82,6.4552,81.3352
19361,-2582.92,6.45517,81.3378
19362,-2583.03,6.45514,81.3403
19363,-2583.13,6.4551,81.3428
19364,-2583.23,6.45507,81.3452
19365,-2583.34,6.45504,81.3478
19366,-2583.44,6.45501,81.3504
19367,-2583.54,6.45497,81.3529
19368,-2583.65,6.45494,81.3554
19369,-2583.75,6.45491,81.3579
19370,-2583.85,6.45488,81.3604
19371,-2583.96,6.45484,81.3631
19372,-2584.06,6.45481,81.3656
19373,-2584.16,6.45478,81.3682
19374,-2584.27,6.45475,81.3707
19375,-2584.37,6.45471,81.3732
19376,-2584.47,6.45468,81.3756
19377,-2584.58,6.45465,81.3781
19378,-2584.68,6.45462,81.3805
19379,-2584.79,6.45458,81.3829
19380,-2584.89,6.45455,81.3854
19381,-2584.99,6.45452,81.3879
19382,-2585.1,6.45449,81.3904
19383,-2585.2,6.45445,81.393
19384,-2585.3,6.45442,81.3955
19385,-2585.41,6.45439,81.398
19386,-2585.51,6.45436,81.4005
19387,-2585.61,6.45433,81.4032
19388,-2585.72,6.45429,81.4057
19389,-2585.82,6.45426,81.4082
19390,-2585.92,6.45423,81.4108
19391,-2586.03,6.4542,81.4134
19392,-2586.13,6.45416,81.4159
19393,-2586.23,6.45413,81.4183
19394,-2586.34,6.4541,81.4208
19395,-2586.44,6.45407,81.4233
19396,-2586.54,6.45403,81.4258
19397,-2586.65,6.454,81.4283
19398,-2586.75,6.45397,81.4308
19399,-2586.85,6.45394,81.4333
19400,-2586.96,6.4539,81.4358
19401,-2587.06,6.45387,81.4465
19402,-2587.16,6.45384,81.449
19403,-2587.27,6.45381,81.4515
19404,-2587.37,6.45377,81.4541
19405,-2587.48,6.45374,81.4565
19406,-2587.58,6.45371,81.459
19407,-2587.68,6.45368,81.4615
19408,-2587.79,6.45364,81.464
19409,-2587.89,6.45361,81.4665
19410,-2587.99,6.45358,81.469
19411,-2588.1,6.45355,81.4715
19412,-2588.2,6.45351,81.4739
19413,-2588.3,6.45348,81.4764
19414,-2588.41,6.45345,81.4789
19415,-2588.51,6.45342,81.4813
19416,-2588.61,6.45338,81.4838
19417,-2588.72,6.45335,81.4862
19418,-2588.82,6.45332,81.4887
19419,-2588.92,6.45329,81.4911
19420,-2589.03,6.45326,81.4935
19421,-2589.13,6.45322,81.496
19422,-2589.23,6.45319,81.4985
19423,-2589.34,6.45316,81.5009
19424,-2589.44,6.45313,81.5033
19425,-2589.54,6.45309,81.5058
19426,-2589.65,6.45306,81.5082
19427,-2589.75,6.45303,81.5107
19428,-2589.85,6.453,81.5132
19429,-2589.96,6.45296,81.5157
19430,-2590.06,6.45293,81.5182
19431,-2590.16,6.4529,81.5208
19432,-2590.27,6.45287,81.5234
19433,-2590.37,6.45283,81.5259
19434,-2590.47,6.4528,81.5284
19435,-2590.58,6.45277,81.5308
19436,-2590.68,6.45274,81.5334
19437,-2590.78,6.4527,81.5358
19438,-2590.89,6.45267,81.5383
19439,-2590.99,6.45264,81.5408
19440,-2591.09,6.45261,81.5432
19441,-2591.2,6.45257,81.5458
19442,-2591.3,6.45254,81.5483
19443,-2591.41,6.45251,81.5508
19444,-2591.51,6.45248,81.5533
19445,-2591.61,6.45244,81.5558
19446,-2591.72,6.45241,81.5582
19447,-2591.82,6.45238,81.5606
19448,-2591.92,6.45235,81.5631
19449,-2592.03,6.45232,81.5655
19450,-2592.13,6.45228,81.5681
19451,-2592.23,6.45225,81.5783
19452,-2592.34,6.45222,81.5809
19453,-2592.44,6.45219,81.5835
19454,-2592.54,6.45215,81.586
19455,-2592.65,6.45212,81.5887
19456,-2592.75,6.45209,81.5911
19457,-2592.85,6.45206,81.5936
19458,-2592.96,6.45202,81.6501
19459,-2593.06,6.45199,81.6538
19460,-2593.16,6.45196,81.657
19461,-2593.27,6.45193,81.6598
19462,-2593.37,6.45189,81.6624
19463,-2593.47,6.45186,81.6651
19464,-2593.58,6.45183,81.6677
19465,-2593.68,6.4518,81.6704
19466,-2593.78,6.45176,81.673
19467,-2593.89,6.45173,81.6755
19468,-2593.99,6.4517,81.678
19469,-2594.09,6.45167,81.6805
19470,-2594.2,6.45164,81.683
19471,-2594.3,6.4516,81.6858
19472,-2594.4,6.45157,81.6884
19473,-2594.51,6.45154,81.691
19474,-2594.61,6.45151,81.6936
19475,-2594.71,6.45147,81.6961
19476,-2594.82,6.45144,81.6987
19477,-2594.92,6.45141,81.7012
19478,-2595.02,6.45138,81.7037
19479,-2595.13,6.45134,81.7062
19480,-2595.23,6.45131,81.7088
19481,-2595.33,6.45128,81.7112
19482,-2595.44,6.45125,81.7138
19483,-2595.54,6.45121,81.7162
19484,-2595.64,6.45118,81.7187
19485,-2595.75,6.45115,81.7213
19486,-2595.85,6.45112,81.7239
19487,-2595.95,6.45109,81.7264
19488,-2596.06,6.45105,81.729
19489,-2596.16,6.45102,81.7314
19490,-2596.26,6.45099,81.734
19491,-2596.37,6.45096,81.7365
19492,-2596.47,6.45092,81.739
19493,-2596.57,6.45089,81.7416
19494,-2596.68,6.45086,81.7441
19495,-2596.78,6.45083,81.7466
19496,-2596.88,6.45079,81.7491
19497,-2596.99,6.45076,81.7517
19498,-2597.09,6.45073,81.7543
19499,-2597.19,6.4507,81.7568
19500,-2597.3,6.45066,81.7593
19501,-2597.4,6.45063,81.7715
19502,-2597.5,6.4506,81.774
19503,-2597.61,6.45057,81.7765
19504,-2597.71,6.45054,81.779
19505,-2597.81,6.4505,81.7816
19506,-2597.92,6.45047,81.784
19507,-2598.02,6.45044,81.7865
19508,-2598.12,6.45041,81.789
19509,-2598.23,6.45037,81.7916
19510,-2598.33,6.45034,81.7941
19511,-2598.43,6.45031,81.7965
19512,-2598.54,6.45028,81.799
19513,-2598.64,6.45024,81.8016
19514,-2598.74,6.45021,81.8041
19515,-2598.85,6.45018,81.8066
19516,-2598.95,6.45015,81.8091
19517,-2599.05,6.45011,81.8116
19518,-2599.16,6.45008,81.814
19519,-2599.26,6.45005,81.8165
19520,-2599.36,6.45002,81.8191
19521,-2599.47,6.44999,81.8217
19522,-2599.57,6.44995,81.8242
19523,-2599.67,6.44992,81.8267
19524,-2599.78,6.44989,81.8292
19525,-2599.88,6.44986,81.8316
19526,-2599.98,6.44982,81.834
19527,-2600.09,6.44979,81.8364
19528,-2600.19,6.44976,81.8388
19529,-2600.29,6.44973,81.8413
19530,-2600.4,6.44969,81.8437
19531,-2600.5,6.44966,81.8462
19532,-2600.6,6.44963,81.8486
19533,-2600.71,6.4496,81.8511
19534,-2600.81,6.44957,81.8536
19535,-2600.91,6.44953,81.8561
19536,-2601.02,6.4495,81.8585
19537,-2601.12,6.44947,81.8611
19538,-2601.22,6.44944,81.8635
19539,-2601.33,6.4494,81.866
19540,-2601.43,6.44937,81.8685
19541,-2601.53,6.44934,81.8711
19542,-2601.64,6.44931,81.8735
19543,-2601.74,6.44927,81.8762
19544,-2601.84,6.44924,81.8785
19545,-2601.95,6.44921,81.881
19546,-2602.05,6.44918,81.8834
19547,-2602.15,6.44915,81.8859
19548,-2602.26,6.44911,81.8884
19549,-2602.36,6.44908,81.8909
19550,-2602.46,6.44905,81.8934
19551,-2602.57,6.44902,82.0406
19552,-2602.67,6.44898,82.0464
19553,-2602.77,6.44895,82.0501
19554,-2602.88,6.44892,82.053
19555,-2602.98,6.44889,82.0558
19556,-2603.08,6.44885,82.0584
19557,-2603.19,6.44882,82.061
19558,-2603.29,6.44879,82.0634
19559,-2603.39,6.44876,82.066
19560,-2603.49,6.44873,82.0686
19561,-2603.6,6.44869,82.0711
19562,-2603.7,6.44866,82.0738
19563,-2603.8,6.44863,82.0763
19564,-2603.91,6.4486,82.0788
19565,-2604.01,6.44856,82.0814
19566,-2604.11,6.44853,82.084
19567,-2604.22,6.4485,82.0864
19568,-2604.32,6.44847,82.089
19569,-2604.42,6.44843,82.0915
19570,-2604.53,6.4484,82.094
19571,-2604.63,6.44837,82.0966
19572,-2604.73,6.44834,82.0991
19573,-2604.84,6.44831,82.1016
19574,-2604.94,6.44827,82.104
19575,-2605.04,6.44824,82.1066
19576,-2605.15,6.44821,82.1091
19577,-2605.25,6.44818,82.1116
19578,-2605.35,6.44814,82.1141
19579,-2605.46,6.44811,82.1166
19580,-2605.56,6.44808,82.119
19581,-2605.66,6.44805,82.1216
19582,-2605.77,6.44801,82.1241
19583,-2605.87,6.44798,82.1266
19584,-2605.97,6.44795,82.129
19585,-2606.08,6.44792,82.1315
19586,-2606.18,6.44789,82.134
19587,-2606.28,6.44785,82.1365
19588,-2606.39,6.44782,82.139
19589,-2606.49,6.44779,82.1414
19590,-2606.59,6.44776,82.1439
19591,-2606.7,6.44772,82.1464
19592,-2606.8,6.44769,82.1489
19593,-2606.9,6.44766,82.1513
19594,-2607.01,6.44763,82.1538
19595,-2607.11,6.4476,82.1563
19596,-2607.21,6.44756,82.1588
19597,-2607.31,6.44753,82.1613
19598,-2607.42,6.4475,82.1637
19599,-2607.52,6.44747,82.1662
19600,-2607.62,6.44743,82.1687
19601,-2607.73,6.4474,82.1806
19602,-2607.83,6.44737,82.1832
19603,-2607.93,6.44734,82.1858
19604,-2608.04,6.4473,82.1883
19605,-2608.14,6.44727,82.1909
19606,-2608.24,6.44724,82.1935
19607,-2608.35,6.44721,82.205
19608,-2608.45,6.44718,82.2075
19609,-2608.55,6.44714,82.21
19610,-2608.66,6.44711,82.2125
19611,-2608.76,6.44708,82.215
19612,-2608.86,6.44705,82.2175
19613,-2608.97,6.44701,82.22
19614,-2609.07,6.44698,82.2225
19615,-2609.17,6.44695,82.225
19616,-2609.28,6.44692,82.2274
19617,-2609.38,6.44689,82.2298
19618,-2609.48,6.44685,82.2323
19619,-2609.59,6.44682,82.2347
19620,-2609.69,6.44679,82.237
19621,-2609.79,6.44676,82.2391
19622,-2609.9,6.44672,82.2413
19623,-2610,6.44669,82.2436
19624,-2610.1,6.44666,82.246
19625,-2610.2,6.44663,82.248
19626,-2610.31,6.4466,82.2501
19627,-2610.41,6.44656,82.2527
19628,-2610.51,6.44653,82.2551
19629,-2610.62,6.4465,82.2576
19630,-2610.72,6.44647,82.2601
19631,-2610.82,6.44643,82.2626
19632,-2610.93,6.4464,82.2651
19633,-2611.03,6.44637,82.2675
19634,-2611.13,6.44634,82.27
19635,-2611.24,6.4463,82.2725
19636,-2611.34,6.44627,82.2749
19637,-2611.44,6.44624,82.2774
19638,-2611.55,6.44621,82.2799
19639,-2611.65,6.44618,82.2824
19640,-2611.75,6.44614,82.2849
19641,-2611.86,6.44611,82.2872
19642,-2611.96,6.44608,82.2897
19643,-2612.06,6.44605,82.2921
19644,-2612.17,6.44601,82.2945
19645,-2612.27,6.44598,82.297
19646,-2612.37,6.44595,82.2995
19647,-2612.47,6.44592,82.3019
19648,-2612.58,6.44589,82.3044
19649,-2612.68,6.44585,82.3069
19650,-2612.78,6.44582,82.3093
19651,-2612.89,6.44579,82.3197
19652,-2612.99,6.44576,82.3222
19653,-2613.09,6.44572,82.3247
19654,-2613.2,6.44569,82.3272
19655,-2613.3,6.44566,82.3297
19656,-2613.4,6.44563,82.3321
19657,-2613.51,6.4456,82.3347
19658,-2613.61,6.44556,82.3371
19659,-2613.71,6.44553,82.3396
19660,-2613.82,6.4455,82.342
19661,-2613.92,6.44547,82.3445
19662,-2614.02,6.44543,82.3469
19663,-2614.13,6.4454,82.3494
19664,-2614.23,6.44537,82.3518
19665,-2614.33,6.44534,82.3542
19666,-2614.43,6.44531,82.3566
19667,-2614.54,6.44527,82.3591
19668,-2614.64,6.44524,82.3616
19669,-2614.74,6.44521,82.3639
19670,-2614.85,6.44518,82.3663
19671,-2614.95,6.44514,82.3687
19672,-2615.05,6.44511,82.3714
19673,-2615.16,6.44508,82.3738
19674,-2615.26,6.44505,82.3763
19675,-2615.36,6.44502,82.3787
19676,-2615.47,6.44498,82.3812
19677,-2615.57,6.44495,82.3836
19678,-2615.67,6.44492,82.386
19679,-2615.78,6.44489,82.3885
19680,-2615.88,6.44485,82.3909
19681,-2615.98,6.44482,82.3934
19682,-2616.08,6.44479,82.3958
19683,-2616.19,6.44476,82.3983
19684,-2616.29,6.44473,82.4007
19685,-2616.39,6.44469,82.4032
19686,-2616.5,6.44466,82.4057
19687,-2616.6,6.44463,82.4081
19688,-2616.7,6.4446,82.4106
19689,-2616.81,6.44457,82.4132
19690,-2616.91,6.44453,82.4157
19691,-2617.01,6.4445,82.4182
19692,-2617.12,6.44447,82.4206
19693,-2617.22,6.44444,82.4231
19694,-2617.32,6.4444,82.4255
19695,-2617.43,6.44437,82.428
19696,-2617.53,6.44434,82.4304
19697,-2617.63,6.44431,82.4329
19698,-2617.73,6.44428,82.4353
19699,-2617.84,6.44424,82.4377
19700,-2617.94,6.44421,82.4401
19701,-2618.04,6.44418,82.451
19702,-2618.15,6.44415,82.4536
19703,-2618.25,6.44411,82.4561
19704,-2618.35,6.44408,82.4586
19705,-2618.46,6.44405,82.4611
19706,-2618.56,6.44402,82.4636
19707,-2618.66,6.44399,82.466
19708,-2618.77,6.44395,82.4684
19709,-2618.87,6.44392,82.4709
19710,-2618.97,6.44389,82.4734
19711,-2619.08,6.44386,82.4759
19712,-2619.18,6.44382,82.4783
19713,-2619.28,6.44379,82.4808
19714,-2619.38,6.44376,82.4832
19715,-2619.49,6.44373,82.4857
19716,-2619.59,6.4437,82.4881
19717,-2619.69,6.44366,82.4907
19718,-2619.8,6.44363,82.4932
19719,-2619.9,6.4436,82.4956
19720,-2620,6.44357,82.498
19721,-2620.11,6.44354,82.5005
19722,-2620.21,6.4435,82.503
19723,-2620.31,6.44347,82.5055
19724,-2620.42,6.44344,82.5079
19725,-2620.52,6.44341,82.5104
19726,-2620.62,6.44337,82.5129
19727,-2620.72,6.44334,82.5154
19728,-2620.83,6.44331,82.5178
19729,-2620.93,6.44328,82.5203
19730,-2621.03,6.44325,82.5227
19731,-2621.14,6.44321,82.5252
19732,-2621.24,6.44318,82.5277
19733,-2621.34,6.44315,82.5301
19734,-2621.45,6.44312,82.5326
19735,-2621.55,6.44308,82.535
19736,-2621.65,6.44305,82.5375
19737,-2621.76,6.44302,82.5399
19738,-2621.86,6.44299,82.5425
19739,-2621.96,6.44296,82.545
19740,-2622.06,6.44292,82.5474
19741,-2622.17,6.44289,82.5499
19742,-2622.27,6.44286,82.5523
19743,-2622.37,6.44283,82.5548
19744,-2622.48,6.4428,82.5572
19745,-2622.58,6.44276,82.5596
19746,-2622.68,6.44273,82.5621
19747,-2622.79,6.4427,82.5645
19748,-2622.89,6.44267,82.5669
19749,-2622.99,6.44263,82.5694
19750,-2623.1,6.4426,82.5718
19751,-2623.2,6.44257,82.5822
19752,-2623.3,6.44254,82.5847
19753,-2623.4,6.44251,82.5872
19754,-2623.51,6.44247,82.5897
19755,-2623.61,6.44244,82.5921
19756,-2623.71,6.44241,82.5946
19757,-2623.82,6.44238,82.597
19758,-2623.92,6.44235,82.5994
19759,-2624.02,6.44231,82.6018
19760,-2624.13,6.44228,82.6042
19761,-2624.23,6.44225,82.6067
19762,-2624.33,6.44222,82.6092
19763,-2624.43,6.44218,82.6116
19764,-2624.54,6.44215,82.6141
19765,-2624.64,6.44212,82.6165
19766,-2624.74,6.44209,82.619
19767,-2624.85,6.44206,82.6214
19768,-2624.95,6.44202,82.6239
19769,-2625.05,6.44199,82.6264
19770,-2625.16,6.44196,82.6288
19771,-2625.26,6.44193,82.6312
19772,-2625.36,6.4419,82.6337
19773,-2625.47,6.44186,82.6361
19774,-2625.57,6.44183,82.6385
19775,-2625.67,6.4418,82.6411
19776,-2625.77,6.44177,82.6435
19777,-2625.88,6.44173,82.646
19778,-2625.98,6.4417,82.6484
19779,-2626.08,6.44167,82.6508
19780,-2626.19,6.44164,82.6533
19781,-2626.29,6.44161,82.6557
19782,-2626.39,6.44157,82.6581
19783,-2626.5,6.44154,82.6606
19784,-2626.6,6.44151,82.6631
19785,-2626.7,6.44148,82.6655
19786,-2626.8,6.44145,82.6679
19787,-2626.91,6.44141,82.6704
19788,-2627.01,6.44138,82.6729
19789,-2627.11,6.44135,82.6753
19790,-2627.22,6.44132,82.6777
19791,-2627.32,6.44129,82.6801
19792,-2627.42,6.44125,82.6826
19793,-2627.53,6.44122,82.685
19794,-2627.63,6.44119,82.6875
19795,-2627.73,6.44116,82.69
19796,-2627.83,6.44112,82.6924
19797,-2627.94,6.44109,82.6949
19798,-2628.04,6.44106,82.6973
19799,-2628.14,6.44103,82.6998
19800,-2628.25,6.441,82.7022
19801,-2628.35,6.44096,82.7129
19802,-2628.45,6.44093,82.7155
19803,-2628.56,6.4409,82.718
19804,-2628.66,6.44087,82.7205
19805,-2628.76,6.44084,82.7229
19806,-2628.86,6.4408,82.7254
19807,-2628.97,6.44077,82.7278
19808,-2629.07,6.44074,82.7302
19809,-2629.17,6.44071,82.7327
19810,-2629.28,6.44067,82.7352
19811,-2629.38,6.44064,82.7376
19812,-2629.48,6.44061,82.7401
19813,-2629.59,6.44058,82.7426
19814,-2629.69,6.44055,82.745
19815,-2629.79,6.44051,82.7475
19816,-2629.89,6.44048,82.75
19817,-2630,6.44045,82.7524
19818,-2630.1,6.44042,82.7551
19819,-2630.2,6.44039,82.7575
19820,-2630.31,6.44035,82.76
19821,-2630.41,6.44032,82.7624
19822,-2630.51,6.44029,82.7649
19823,-2630.62,6.44026,82.7673
19824,-2630.72,6.44023,82.7698
19825,-2630.82,6.44019,82.7724
19826,-2630.92,6.44016,82.7748
19827,-2631.03,6.44013,82.7772
19828,-2631.13,6.4401,82.7797
19829,-2631.23,6.44007,82.7822
19830,-2631.34,6.44003,82.7847
19831,-2631.44,6.44,82.7873
19832,-2631.54,6.43997,82.7898
19833,-2631.64,6.43994,82.7922
19834,-2631.75,6.4399,82.7946
19835,-2631.85,6.43987,82.7971
19836,-2631.95,6.43984,82.7995
19837,-2632.06,6.43981,82.802
19838,-2632.16,6.43978,82.8045
19839,-2632.26,6.43974,82.807
19840,-2632.37,6.43971,82.8094
19841,-2632.47,6.43968,82.8118
19842,-2632.57,6.43965,82.8143
19843,-2632.67,6.43962,82.8167
19844,-2632.78,6.43958,82.8192
19845,-2632.88,6.43955,82.8216
19846,-2632.98,6.43952,82.824
19847,-2633.09,6.43949,82.8264
19848,-2633.19,6.43946,82.8289
19849,-2633.29,6.43942,82.8314
19850,-2633.39,6.43939,82.8338
19851,-2633.5,6.43936,82.8445
19852,-2633.6,6.43933,82.847
19853,-2633.7,6.4393,82.8493
19854,-2633.81,6.43926,82.8518
19855,-2633.91,6.43923,82.8542
19856,-2634.01,6.4392,82.8566
19857,-2634.12,6.43917,82.8591
19858,-2634.22,6.43913,82.8616
19859,-2634.32,6.4391,82.864
19860,-2634.42,6.43907,82.8665
19861,-2634.53,6.43904,82.8689
19862,-2634.63,6.43901,82.8714
19863,-2634.73,6.43897,82.8739
19864,-2634.84,6.43894,82.8763
19865,-2634.94,6.43891,82.8787
19866,-2635.04,6.43888,82.8811
19867,-2635.14,6.43885,82.8836
19868,-2635.25,6.43881,82.8861
19869,-2635.35,6.43878,82.8885
19870,-2635.45,6.43875,82.891
19871,-2635.56,6.43872,82.8935
19872,-2635.66,6.43869,82.8959
19873,-2635.76,6.43865,82.8984
19874,-2635.87,6.43862,82.9009
19875,-2635.97,6.43859,82.9095
19876,-2636.07,6.43856,82.912
19877,-2636.17,6.43853,82.9145
19878,-2636.28,6.43849,82.9171
19879,-2636.38,6.43846,82.9197
19880,-2636.48,6.43843,82.9222
19881,-2636.59,6.4384,82.9247
19882,-2636.69,6.43837,82.9271
19883,-2636.79,6.43833,82.9296
19884,-2636.89,6.4383,82.9321
19885,-2637,6.43827,82.9346
19886,-2637.1,6.43824,82.937
19887,-2637.2,6.43821,82.9397
19888,-2637.31,6.43817,82.9421
19889,-2637.41,6.43814,82.9446
19890,-2637.51,6.43811,82.947
19891,-2637.61,6.43808,82.9495
19892,-2637.72,6.43805,82.952
19893,-2637.82,6.43801,82.9546
19894,-2637.92,6.43798,82.9571
19895,-2638.03,6.43795,82.9596
19896,-2638.13,6.43792,82.9622
19897,-2638.23,6.43788,82.9646
19898,-2638.33,6.43785,82.967
19899,-2638.44,6.43782,82.9695
19900,-2638.54,6.43779,82.9719
19901,-2638.64,6.43776,82.9832
19902,-2638.75,6.43772,82.9857
19903,-2638.85,6.43769,82.9882
19904,-2638.95,6.43766,82.9907
19905,-2639.05,6.43763,82.9931
19906,-2639.16,6.4376,82.9956
19907,-2639.26,6.43756,82.9981
19908,-2639.36,6.43753,83.0124
19909,-2639.47,6.4375,83.0166
19910,-2639.57,6.43747,83.0202
19911,-2639.67,6.43744,83.0231
19912,-2639.78,6.4374,83.0258
19913,-2639.88,6.43737,83.0284
19914,-2639.98,6.43734,83.031
19915,-2640.08,6.43731,83.0336
19916,-2640.19,6.43728,83.0361
19917,-2640.29,6.43724,83.0388
19918,-2640.39,6.43721,83.0413
19919,-2640.5,6.43718,83.0438
19920,-2640.6,6.43715,83.0465
19921,-2640.7,6.43712,83.0489
19922,-2640.8,6.43708,83.0515
19923,-2640.91,6.43705,83.054
19924,-2641.01,6.43702,83.0566
19925,-2641.11,6.43699,83.0591
19926,-2641.22,6.43696,83.0616
19927,-2641.32,6.43692,83.064
19928,-2641.42,6.43689,83.0665
19929,-2641.52,6.43686,83.0689
19930,-2641.63,6.43683,83.0714
19931,-2641.73,6.4368,83.0739
19932,-2641.83,6.43676,83.0764
19933,-2641.94,6.43673,83.0789
19934,-2642.04,6.4367,83.0813
19935,-2642.14,6.43667,83.0839
19936,-2642.24,6.43664,83.0864
19937,-2642.35,6.4366,83.0888
19938,-2642.45,6.43657,83.0912
19939,-2642.55,6.43654,83.0937
19940,-2642.66,6.43651,83.0961
19941,-2642.76,6.43648,83.0986
19942,-2642.86,6.43644,83.1011
19943,-2642.96,6.43641,83.1036
19944,-2643.07,6.43638,83.1061
19945,-2643.17,6.43635,83.1086
19946,-2643.27,6.43632,83.111
19947,-2643.38,6.43628,83.1135
19948,-2643.48,6.43625,83.1159
19949,-2643.58,6.43622,83.1184
19950,-2643.68,6.43619,83.1208
19951,-2643.79,6.43616,83.1323
19952,-2643.89,6.43612,83.1349
19953,-2643.99,6.43609,83.1373
19954,-2644.09,6.43606,83.1398
19955,-2644.2,6.43603,83.1423
19956,-2644.3,6.436,83.1447
19957,-2644.4,6.43596,83.1472
19958,-2644.51,6.43593,83.1498
19959,-2644.61,6.4359,83.1523
19960,-2644.71,6.43587,83.1547
19961,-2644.81,6.43584,83.1571
19962,-2644.92,6.4358,83.1596
19963,-2645.02,6.43577,83.1621
19964,-2645.12,6.43574,83.1645
19965,-2645.23,6.43571,83.167
19966,-2645.33,6.43568,83.1695
19967,-2645.43,6.43564,83.172
19968,-2645.53,6.43561,83.1745
19969,-2645.64,6.43558,83.1769
19970,-2645.74,6.43555,83.1793
19971,-2645.84,6.43552,83.1818
19972,-2645.95,6.43548,83.1842
19973,-2646.05,6.43545,83.1866
19974,-2646.15,6.43542,83.1891
19975,-2646.25,6.43539,83.1916
19976,-2646.36,6.43536,83.194
19977,-2646.46,6.43532,83.1964
19978,-2646.56,6.43529,83.1988
19979,-2646.67,6.43526,83.2012
19980,-2646.77,6.43523,83.2036
19981,-2646.87,6.4352,83.2061
19982,-2646.97,6.43516,83.2086
19983,-2647.08,6.43513,83.211
19984,-2647.18,6.4351,83.2135
19985,-2647.28,6.43507,83.2159
19986,-2647.38,6.43504,83.2184
19987,-2647.49,6.435,83.2209
19988,-2647.59,6.43497,83.2233
19989,-2647.69,6.43494,83.2258
19990,-2647.8,6.43491,83.2282
19991,-2647.9,6.43488,83.2306
19992,-2648,6.43485,83.2331
19993,-2648.1,6.43481,83.2356
19994,-2648.21,6.43478,83.238
19995,-2648.31,6.43475,83.2405
19996,-2648.41,6.43472,83.2429
19997,-2648.52,6.43469,83.2453
19998,-2648.62,6.43465,83.2478
19999,-2648.72,6.43462,83.2502
20000,-2648.82,6.43459,83.2526
