iter,f,grad_norm,time_ms
1,-4.43855,147.995,0.013837
2,-7.96153,122.591,0.05019
3,-10.579,97.9704,0.053931
4,-12.3441,74.8654,0.056896
5,-13.3715,54.5686,0.059549
6,-13.8354,39.365,0.062138
7,-13.9386,32.3887,0.064736
8,-13.8714,33.8326,0.067176
9,-13.7804,38.9634,0.069732
10,-13.758,43.8421,0.072263
11,-13.847,46.9397,0.074943
12,-14.0523,47.906,0.077346
13,-14.3529,46.8448,0.080027
14,-14.7134,44.0389,0.082574
15,-15.0936,39.8558,0.085082
16,-15.4559,34.7198,0.08756
17,-15.7714,29.1146,0.090049
18,-16.023,23.6124,0.092633
19,-16.2058,18.9261,0.095142
20,-16.3261,15.8902,0.097748
21,-16.3973,15.0396,0.100336
22,-16.4364,15.9274,0.103174
23,-16.4593,17.4785,0.105793
24,-16.4783,18.8481,0.108304
25,-16.5003,19.6122,0.110856
26,-16.5277,19.6338,0.113492
27,-16.5589,18.9523,0.115946
28,-16.5908,17.72,0.118448
29,-16.6204,16.1657,0.12097
30,-16.6458,14.5631,0.123528
31,-16.6672,13.1861,0.126093
32,-16.6861,12.2344,0.128687
33,-16.705,11.7486,0.131203
34,-16.7262,11.5906,0.133676
35,-16.7507,11.5296,0.136203
36,-16.7784,11.3543,0.138694
37,-16.8076,10.9344,0.14118
38,-16.836,10.2332,0.143667
39,-16.8613,9.3002,0.146181
40,-16.8816,8.26121,0.148695
41,-16.8964,7.30465,0.151239
42,-16.9066,6.64313,0.153641
43,-16.9139,6.4149,0.156069
44,-16.9207,6.5744,0.158533
45,-16.9294,6.91805,0.160888
46,-16.9412,7.21965,0.16323
47,-16.9567,7.31692,0.165624
48,-16.9748,7.12536,0.168007
49,-16.9939,6.62761,0.170402
50,-17.012,5.86156,0.172751
51,-17.0272,4.91548,0.18036
52,-17.0384,3.93478,0.182889
53,-17.0453,3.14439,0.185351
54,-17.0488,2.82273,0.187852
55,-17.0502,3.04593,0.190315
56,-17.0511,3.5474,0.192736
57,-17.0528,4.03992,0.195207
58,-17.0562,4.36823,0.197544
59,-17.0614,4.47183,0.199851
60,-17.0681,4.34783,0.202198
61,-17.0755,4.0337,0.204583
62,-17.0827,3.59923,0.206905
63,-17.0891,3.14172,3.05184
64,-17.0944,2.77563,3.05638
65,-17.0985,2.59641,3.05954
66,-17.1018,2.61799,3.06191
67,-17.1049,2.76013,3.06423
68,-17.1081,2.91677,3.06703
69,-17.1118,3.01328,3.0697
70,-17.116,3.01727,3.07229
71,-17.1206,2.93073,3.07497
72,-17.1255,2.78031,3.07754
73,-17.1304,2.60734,3.08012
74,-17.1351,2.45569,3.0827
75,-17.1396,2.35657,3.0853
76,-17.1439,2.31611,3.08788
77,-17.1481,2.3159,3.09038
78,-17.1522,2.32725,3.09296
79,-17.1562,2.32715,3.09552
80,-17.1603,2.30672,3.0981
81,-17.1644,2.27144,3.10066
82,-17.1685,2.23606,3.10324
83,-17.1726,2.21626,3.10584
84,-17.1766,2.22028,3.10842
85,-17.1806,2.24461,3.11093
86,-17.1847,2.27623,3.1135
87,-17.1888,2.29937,3.11614
88,-17.193,2.30221,3.11874
89,-17.1973,2.28092,3.1213
90,-17.2015,2.2403,3.12388
91,-17.2058,2.19172,3.12649
92,-17.21,2.14879,3.12901
93,-17.2142,2.12214,3.13163
94,-17.2184,2.11519,3.1342
95,-17.2226,2.12336,3.13691
96,-17.2269,2.13712,3.13949
97,-17.2313,2.14671,3.14207
98,-17.2357,2.1461,3.14462
99,-17.2402,2.13476,3.14718
100,-17.2447,2.11719,3.14976
101,-17.2492,2.10064,3.17193
102,-17.2537,2.09198,3.17615
103,-17.2582,2.09478,3.17945
104,-17.2627,2.10807,3.18247
105,-17.2673,2.12706,3.18627
106,-17.2719,2.14547,3.18876
107,-17.2765,2.15797,3.19126
108,-17.2811,2.16184,3.19359
109,-17.2858,2.15739,3.19601
110,-17.2906,2.14737,3.19834
111,-17.2953,2.13563,3.20063
112,-17.3001,2.12567,3.20295
113,-17.3049,2.11958,3.20536
114,-17.3097,2.11766,3.20769
115,-17.3146,2.11886,3.21008
116,-17.3195,2.12155,3.21245
117,-17.3244,2.12441,3.21487
118,-17.3293,2.12684,3.21718
119,-17.3343,2.12896,3.21948
120,-17.3393,2.13136,3.22178
121,-17.3444,2.13454,3.48226
122,-17.3494,2.13869,3.48658
123,-17.3545,2.1435,3.49002
124,-17.3597,2.14838,3.49314
125,-17.3648,2.1527,3.49602
126,-17.37,2.15603,3.49846
127,-17.3753,2.1583,3.50106
128,-17.3805,2.1597,3.50351
129,-17.3858,2.16062,3.50588
130,-17.3911,2.1614,3.50825
131,-17.3965,2.1623,3.51059
132,-17.4019,2.16343,3.51294
133,-17.4073,2.16482,3.51534
134,-17.4127,2.16645,3.51765
135,-17.4182,2.16837,3.52006
136,-17.4237,2.17064,3.52248
137,-17.4292,2.17331,3.5248
138,-17.4348,2.17637,3.52699
139,-17.4404,2.17973,3.52925
140,-17.4461,2.18322,3.53154
141,-17.4517,2.18661,3.53386
142,-17.4574,2.18976,3.53618
143,-17.4632,2.19258,3.53847
144,-17.4689,2.19509,3.54082
145,-17.4747,2.19738,3.54315
146,-17.4805,2.19959,3.54544
147,-17.4864,2.20184,3.54774
148,-17.4923,2.20419,3.55012
149,-17.4982,2.20668,3.55251
150,-17.5042,2.2093,3.55485
151,-17.5102,2.21201,3.57179
152,-17.5162,2.21482,3.5757
153,-17.5223,2.21768,3.57916
154,-17.5284,2.22061,3.5819
155,-17.5345,2.22357,3.58437
156,-17.5406,2.22653,3.58686
157,-17.5468,2.22946,3.58925
158,-17.5531,2.23231,3.59169
159,-17.5593,2.23506,3.59408
160,-17.5656,2.23772,3.59652
161,-17.5719,2.2403,3.59899
162,-17.5783,2.24286,3.60133
163,-17.5847,2.24544,3.60378
164,-17.5911,2.24808,3.60618
165,-17.5976,2.25082,3.6086
166,-17.6041,2.25367,3.61105
167,-17.6106,2.25664,3.61341
168,-17.6172,2.25972,3.61587
169,-17.6238,2.26288,3.61828
170,-17.6304,2.2661,3.62058
171,-17.6371,2.26935,3.62285
172,-17.6438,2.27259,3.62521
173,-17.6506,2.27579,3.62748
174,-17.6573,2.27892,3.62982
175,-17.6642,2.28198,3.63216
176,-17.671,2.28495,3.63453
177,-17.6779,2.28786,3.63706
178,-17.6848,2.29073,3.63942
179,-17.6918,2.29358,3.64174
180,-17.6988,2.29645,3.64406
181,-17.7058,2.29937,3.64643
182,-17.7129,2.30234,3.64882
183,-17.72,2.30538,3.65113
184,-17.7271,2.3085,3.65351
185,-17.7343,2.31168,3.65593
186,-17.7415,2.31492,3.65824
187,-17.7488,2.3182,3.66053
188,-17.7561,2.32151,3.66283
189,-17.7634,2.32482,3.66518
190,-17.7708,2.32811,3.66746
191,-17.7782,2.33138,3.66976
192,-17.7856,2.33463,3.67211
193,-17.7931,2.33784,3.67442
194,-17.8006,2.34103,3.67677
195,-17.8081,2.34421,3.67925
196,-17.8157,2.3474,3.68165
197,-17.8234,2.3506,3.68411
198,-17.831,2.35382,3.68643
199,-17.8388,2.35707,3.68888
200,-17.8465,2.36036,3.69119
201,-17.8543,2.36368,3.69823
202,-17.8621,2.36704,3.70053
203,-17.87,2.37042,3.70287
204,-17.8779,2.37383,3.7052
205,-17.8858,2.37724,3.70756
206,-17.8938,2.38067,3.7099
207,-17.9018,2.38409,3.71219
208,-17.9099,2.38752,3.71453
209,-17.918,2.39094,3.71679
210,-17.9262,2.39437,3.7191
211,-17.9343,2.3978,3.7214
212,-17.9426,2.40124,3.72376
213,-17.9508,2.4047,3.72611
214,-17.9592,2.40817,3.72843
215,-17.9675,2.41165,3.73076
216,-17.9759,2.41516,3.73303
217,-17.9843,2.41869,3.73533
218,-17.9928,2.42223,3.73771
219,-18.0013,2.42578,3.74001
220,-18.0099,2.42936,3.74239
221,-18.0185,2.43294,3.74476
222,-18.0271,2.43653,3.74712
223,-18.0358,2.44012,3.7495
224,-18.0446,2.44373,3.75183
225,-18.0533,2.44735,3.75417
226,-18.0622,2.45097,3.75647
227,-18.071,2.45461,3.75875
228,-18.0799,2.45826,3.76108
229,-18.0889,2.46193,3.76337
230,-18.0979,2.46561,3.76571
231,-18.1069,2.46931,3.76798
232,-18.116,2.47302,3.77034
233,-18.1251,2.47675,3.77267
234,-18.1343,2.48049,3.77499
235,-18.1435,2.48424,3.77735
236,-18.1528,2.488,3.7797
237,-18.1621,2.49177,3.78206
238,-18.1714,2.49556,3.78443
239,-18.1808,2.49935,3.78675
240,-18.1903,2.50315,3.78903
241,-18.1998,2.50697,3.79139
242,-18.2093,2.5108,3.79371
243,-18.2189,2.51465,3.79605
244,-18.2285,2.5185,3.79842
245,-18.2382,2.52238,3.8007
246,-18.2479,2.52627,3.80301
247,-18.2577,2.53017,3.80536
248,-18.2675,2.53409,3.80772
249,-18.2774,2.53802,3.81012
250,-18.2873,2.54197,3.81254
251,-18.2972,2.54592,3.81698
252,-18.3072,2.54989,3.81932
253,-18.3173,2.55386,3.82169
254,-18.3274,2.55785,3.82403
255,-18.3376,2.56185,3.8264
256,-18.3478,2.56587,3.82877
257,-18.358,2.56989,3.83119
258,-18.3683,2.57393,3.83351
259,-18.3787,2.57799,3.83579
260,-18.3891,2.58205,3.83806
261,-18.3995,2.58614,3.84039
262,-18.41,2.59023,3.84268
263,-18.4206,2.59435,3.84512
264,-18.4312,2.59847,3.8475
265,-18.4419,2.60261,3.84984
266,-18.4526,2.60676,3.85219
267,-18.4633,2.61092,3.8545
268,-18.4741,2.6151,3.85676
269,-18.485,2.61929,3.85913
270,-18.4959,2.62349,3.86145
271,-18.5069,2.62771,3.86373
272,-18.5179,2.63193,3.86605
273,-18.529,2.63617,3.86838
274,-18.5401,2.64043,3.87066
275,-18.5513,2.6447,3.873
276,-18.5625,2.64898,3.87544
277,-18.5738,2.65328,3.87777
278,-18.5852,2.65759,3.88005
279,-18.5966,2.66192,3.88234
280,-18.608,2.66626,3.88464
281,-18.6195,2.67061,3.88696
282,-18.6311,2.67497,3.88929
283,-18.6427,2.67935,3.89165
284,-18.6544,2.68375,3.89395
285,-18.6661,2.68816,3.89632
286,-18.6779,2.69258,3.89879
287,-18.6897,2.69701,3.90111
288,-18.7016,2.70146,3.92877
289,-18.7136,2.70592,3.93114
290,-18.7256,2.7104,3.93349
291,-18.7377,2.71489,3.93588
292,-18.7498,2.71939,3.93818
293,-18.762,2.72391,3.94049
294,-18.7742,2.72845,3.94285
295,-18.7865,2.73299,3.94518
296,-18.7989,2.73755,3.94749
297,-18.8113,2.74213,3.94976
298,-18.8238,2.74672,3.95215
299,-18.8363,2.75132,3.95447
300,-18.8489,2.75594,3.95678
301,-18.8616,2.76057,3.96118
302,-18.8743,2.76522,3.96363
303,-18.8871,2.76988,3.96599
304,-18.8999,2.77455,3.96838
305,-18.9128,2.77924,3.97075
306,-18.9258,2.78395,3.97307
307,-18.9388,2.78867,3.97534
308,-18.9519,2.7934,3.97767
309,-18.9651,2.79815,3.98002
310,-18.9783,2.80291,3.98237
311,-18.9916,2.80768,3.98471
312,-19.0049,2.81248,3.98696
313,-19.0183,2.81728,3.98931
314,-19.0318,2.8221,3.99163
315,-19.0453,2.82694,3.99391
316,-19.0589,2.83179,3.99626
317,-19.0726,2.83665,3.99857
318,-19.0863,2.84153,4.00093
319,-19.1001,2.84643,4.00323
320,-19.1139,2.85133,4.00562
321,-19.1279,2.85626,4.00801
322,-19.1419,2.8612,4.01035
323,-19.1559,2.86615,4.01268
324,-19.17,2.87112,4.01501
325,-19.1842,2.87611,4.01745
326,-19.1985,2.8811,4.01973
327,-19.2128,2.88612,4.02206
328,-19.2272,2.89115,4.02438
329,-19.2417,2.89619,4.02674
330,-19.2562,2.90125,4.02909
331,-19.2708,2.90633,4.03139
332,-19.2855,2.91142,4.03384
333,-19.3002,2.91652,4.03615
334,-19.315,2.92164,4.03847
335,-19.3299,2.92678,4.04081
336,-19.3449,2.93193,4.04314
337,-19.3599,2.9371,4.04547
338,-19.375,2.94228,4.04778
339,-19.3902,2.94748,4.05009
340,-19.4054,2.95269,4.05247
341,-19.4207,2.95792,4.05484
342,-19.4361,2.96317,4.05713
343,-19.4516,2.96843,4.05947
344,-19.4671,2.9737,4.06179
345,-19.4827,2.979,4.06412
346,-19.4984,2.9843,4.06642
347,-19.5141,2.98963,4.06872
348,-19.53,2.99497,4.07107
349,-19.5459,3.00032,4.07341
350,-19.5619,3.00569,4.07572
351,-19.5779,3.01108,4.08003
352,-19.594,3.01648,4.0824
353,-19.6103,3.0219,4.08483
354,-19.6265,3.02734,4.0872
355,-19.6429,3.03279,4.08953
356,-19.6594,3.03826,4.09183
357,-19.6759,3.04374,4.0941
358,-19.6925,3.04924,4.09645
359,-19.7092,3.05476,4.09877
360,-19.7259,3.06029,4.10112
361,-19.7428,3.06584,4.10347
362,-19.7597,3.0714,4.10582
363,-19.7767,3.07698,4.10815
364,-19.7938,3.08258,4.11048
365,-19.8109,3.0882,4.11279
366,-19.8282,3.09383,4.11515
367,-19.8455,3.09947,4.11746
368,-19.8629,3.10514,4.11975
369,-19.8804,3.11082,4.12207
370,-19.898,3.11652,4.12436
371,-19.9157,3.12223,4.12668
372,-19.9334,3.12796,4.12906
373,-19.9512,3.13371,4.13138
374,-19.9691,3.13947,4.13369
375,-19.9871,3.14525,4.13596
376,-20.0052,3.15105,4.13821
377,-20.0234,3.15687,4.1406
378,-20.0417,3.1627,4.14293
379,-20.06,3.16855,4.14526
380,-20.0784,3.17441,4.14761
381,-20.097,3.1803,4.14994
382,-20.1156,3.1862,4.15231
383,-20.1343,3.19212,4.15463
384,-20.1531,3.19805,4.15693
385,-20.1719,3.204,4.15928
386,-20.1909,3.20997,4.16163
387,-20.21,3.21596,4.1639
388,-20.2291,3.22196,4.16634
389,-20.2484,3.22799,4.16866
390,-20.2677,3.23403,4.17098
391,-20.2871,3.24008,4.17333
392,-20.3067,3.24616,4.17566
393,-20.3263,3.25225,4.17792
394,-20.346,3.25836,4.18016
395,-20.3658,3.26449,4.18247
396,-20.3857,3.27063,4.18477
397,-20.4057,3.2768,4.18706
398,-20.4258,3.28298,4.18942
399,-20.4459,3.28918,4.19175
400,-20.4662,3.29539,4.19398
401,-20.4866,3.30163,4.19831
402,-20.5071,3.30788,4.2007
403,-20.5277,3.31415,4.20311
404,-20.5483,3.32044,4.2055
405,-20.5691,3.32675,4.20781
406,-20.59,3.33307,4.21013
407,-20.6109,3.33942,4.21251
408,-20.632,3.34578,4.21486
409,-20.6532,3.35216,4.21723
410,-20.6745,3.35856,4.21959
411,-20.6958,3.36498,4.22193
412,-20.7173,3.37141,4.22416
413,-20.7389,3.37787,4.22641
414,-20.7606,3.38434,4.2287
415,-20.7824,3.39083,4.23103
416,-20.8043,3.39734,4.23338
417,-20.8263,3.40387,4.23568
418,-20.8484,3.41042,4.23799
419,-20.8706,3.41698,4.24034
420,-20.8929,3.42357,4.24262
421,-20.9153,3.43017,4.24496
422,-20.9379,3.4368,4.24727
423,-20.9605,3.44344,4.24956
424,-20.9833,3.4501,4.25187
425,-21.0061,3.45678,4.2542
426,-21.0291,3.46348,4.25655
427,-21.0522,3.4702,4.25886
428,-21.0754,3.47694,4.26125
429,-21.0987,3.48369,4.26355
430,-21.1221,3.49047,4.26583
431,-21.1456,3.49727,4.26813
432,-21.1693,3.50408,4.27047
433,-21.193,3.51092,4.27281
434,-21.2169,3.51777,4.27508
435,-21.2409,3.52465,4.27735
436,-21.265,3.53154,4.27964
437,-21.2892,3.53845,4.28198
438,-21.3135,3.54539,4.28427
439,-21.338,3.55234,4.28664
440,-21.3625,3.55931,4.28896
441,-21.3872,3.56631,4.29123
442,-21.412,3.57332,4.29352
443,-21.437,3.58035,4.29587
444,-21.462,3.58741,4.29814
445,-21.4872,3.59448,4.30044
446,-21.5125,3.60157,4.3028
447,-21.5379,3.60869,4.30511
448,-21.5634,3.61582,4.30745
449,-21.5891,3.62297,4.30976
450,-21.6149,3.63015,4.31205
451,-21.6408,3.63734,4.31638
452,-21.6668,3.64456,4.31879
453,-21.693,3.65179,4.3211
454,-21.7192,3.65905,4.32345
455,-21.7457,3.66633,4.32576
456,-21.7722,3.67363,4.3281
457,-21.7989,3.68094,4.33046
458,-21.8257,3.68828,4.3328
459,-21.8526,3.69564,4.3351
460,-21.8796,3.70302,4.33742
461,-21.9068,3.71043,4.33972
462,-21.9342,3.71785,4.34204
463,-21.9616,3.72529,4.34437
464,-21.9892,3.73276,4.34672
465,-22.0169,3.74025,4.34902
466,-22.0448,3.74775,4.35137
467,-22.0728,3.75528,4.35372
468,-22.1009,3.76283,4.35598
469,-22.1291,3.77041,4.35836
470,-22.1575,3.778,4.36064
471,-22.1861,3.78561,4.36299
472,-22.2148,3.79325,4.36525
473,-22.2436,3.80091,4.36754
474,-22.2725,3.80859,4.36984
475,-22.3016,3.81629,4.37214
476,-22.3309,3.82401,4.37444
477,-22.3602,3.83176,4.37672
478,-22.3898,3.83953,4.37906
479,-22.4194,3.84732,4.38138
480,-22.4492,3.85513,4.38369
481,-22.4792,3.86296,4.38604
482,-22.5093,3.87082,4.38834
483,-22.5395,3.87869,4.39068
484,-22.5699,3.88659,4.39299
485,-22.6005,3.89452,4.39533
486,-22.6312,3.90246,4.3977
487,-22.662,3.91043,4.40006
488,-22.693,3.91842,4.40237
489,-22.7242,3.92643,4.40469
490,-22.7555,3.93447,4.40696
491,-22.7869,3.94252,4.40927
492,-22.8185,3.9506,4.41161
493,-22.8503,3.95871,4.414
494,-22.8822,3.96683,4.41635
495,-22.9142,3.97498,4.4187
496,-22.9465,3.98315,4.42096
497,-22.9788,3.99135,4.4232
498,-23.0114,3.99957,4.42552
499,-23.0441,4.00781,4.42782
500,-23.0769,4.01607,4.43015
501,-23.11,4.02436,4.43461
502,-23.1431,4.03267,4.43706
503,-23.1765,4.04101,4.43935
504,-23.21,4.04937,4.44171
505,-23.2437,4.05775,4.4441
506,-23.2775,4.06616,4.44649
507,-23.3115,4.07458,4.44892
508,-23.3457,4.08304,4.45133
509,-23.38,4.09151,4.45376
510,-23.4145,4.10002,4.45613
511,-23.4492,4.10854,4.45851
512,-23.484,4.11709,4.46082
513,-23.519,4.12566,4.46319
514,-23.5542,4.13426,4.46551
515,-23.5896,4.14288,4.46791
516,-23.6251,4.15153,4.47025
517,-23.6608,4.1602,4.47253
518,-23.6967,4.16889,4.47488
519,-23.7328,4.17761,4.4772
520,-23.769,4.18635,4.47952
521,-23.8054,4.19512,4.48188
522,-23.842,4.20391,4.48415
523,-23.8788,4.21273,4.48644
524,-23.9157,4.22157,4.48876
525,-23.9529,4.23044,4.49103
526,-23.9902,4.23933,4.49341
527,-24.0277,4.24825,4.4957
528,-24.0654,4.25719,4.49809
529,-24.1033,4.26616,4.50045
530,-24.1413,4.27515,4.50285
531,-24.1796,4.28417,4.50523
532,-24.218,4.29321,4.5076
533,-24.2566,4.30228,4.50988
534,-24.2954,4.31138,4.51218
535,-24.3344,4.3205,4.51452
536,-24.3736,4.32964,4.51682
537,-24.413,4.33881,4.51905
538,-24.4526,4.34801,4.52139
539,-24.4924,4.35723,4.5237
540,-24.5324,4.36648,4.52605
541,-24.5726,4.37575,4.52848
542,-24.6129,4.38506,4.53089
543,-24.6535,4.39438,4.53324
544,-24.6943,4.40373,4.53554
545,-24.7353,4.41311,4.53796
546,-24.7764,4.42252,4.54033
547,-24.8178,4.43195,4.54265
548,-24.8594,4.44141,4.54499
549,-24.9012,4.4509,4.54733
550,-24.9432,4.46041,4.54974
551,-24.9854,4.46995,4.55408
552,-25.0278,4.47951,4.55651
553,-25.0705,4.4891,4.55886
554,-25.1133,4.49872,4.56117
555,-25.1564,4.50837,4.56356
556,-25.1996,4.51804,4.56594
557,-25.2431,4.52774,4.56824
558,-25.2868,4.53747,4.57058
559,-25.3307,4.54722,4.57285
560,-25.3748,4.55701,4.57511
561,-25.4192,4.56682,4.57738
562,-25.4638,4.57665,4.57965
563,-25.5086,4.58652,4.58188
564,-25.5536,4.59641,4.5842
565,-25.5988,4.60633,4.58652
566,-25.6443,4.61628,4.58886
567,-25.69,4.62625,4.59117
568,-25.7359,4.63626,4.59344
569,-25.782,4.64629,4.59583
570,-25.8284,4.65635,4.59819
571,-25.875,4.66644,4.60052
572,-25.9218,4.67656,4.60289
573,-25.9689,4.6867,4.60522
574,-26.0162,4.69688,4.61243
575,-26.0638,4.70708,4.61477
576,-26.1115,4.71731,4.61718
577,-26.1596,4.72757,4.61957
578,-26.2078,4.73786,4.62195
579,-26.2563,4.74817,4.62431
580,-26.3051,4.75852,4.62661
581,-26.354,4.76889,4.62896
582,-26.4033,4.7793,4.63131
583,-26.4527,4.78973,4.63371
584,-26.5025,4.80019,4.63602
585,-26.5524,4.81069,4.63839
586,-26.6026,4.82121,4.64075
587,-26.6531,4.83176,4.64307
588,-26.7038,4.84234,4.64542
589,-26.7548,4.85295,4.64768
590,-26.806,4.86359,4.64994
591,-26.8575,4.87426,4.6523
592,-26.9093,4.88496,4.65463
593,-26.9613,4.89569,4.65701
594,-27.0136,4.90645,4.65941
595,-27.0661,4.91724,4.66178
596,-27.1189,4.92806,4.66411
597,-27.1719,4.93891,4.66646
598,-27.2252,4.94979,4.66875
599,-27.2788,4.9607,4.67106
600,-27.3327,4.97164,4.67346
601,-27.3868,4.98262,4.67793
602,-27.4412,4.99362,4.68034
603,-27.4959,5.00465,4.68269
604,-27.5508,5.01572,4.68504
605,-27.6061,5.02682,4.68741
606,-27.6616,5.03794,4.68978
607,-27.7173,5.0491,4.6922
608,-27.7734,5.06029,4.69466
609,-27.8297,5.07151,4.69712
610,-27.8864,5.08277,4.69948
611,-27.9433,5.09405,4.70187
612,-28.0005,5.10537,4.70427
613,-28.058,5.11672,4.70665
614,-28.1157,5.1281,4.709
615,-28.1738,5.13951,4.71144
616,-28.2321,5.15095,4.71372
617,-28.2908,5.16243,4.71609
618,-28.3497,5.17393,4.71842
619,-28.409,5.18547,4.72076
620,-28.4685,5.19705,4.7232
621,-28.5284,5.20865,4.7255
622,-28.5885,5.22029,4.7279
623,-28.649,5.23196,4.73027
624,-28.7097,5.24366,4.73263
625,-28.7708,5.2554,4.7349
626,-28.8322,5.26717,4.73725
627,-28.8938,5.27897,4.73971
628,-28.9558,5.2908,4.74209
629,-29.0181,5.30267,4.74448
630,-29.0807,5.31457,4.74683
631,-29.1437,5.32651,4.74919
632,-29.2069,5.33847,4.75155
633,-29.2705,5.35048,4.7539
634,-29.3344,5.36251,4.75637
635,-29.3986,5.37458,4.75876
636,-29.4632,5.38668,4.76112
637,-29.528,5.39882,4.76347
638,-29.5932,5.41099,4.76585
639,-29.6588,5.42319,4.76819
640,-29.7246,5.43543,4.77041
641,-29.7908,5.44771,4.77278
642,-29.8574,5.46002,4.77513
643,-29.9242,5.47236,4.77747
644,-29.9914,5.48474,4.77973
645,-30.059,5.49715,4.78208
646,-30.1269,5.50959,4.78447
647,-30.1951,5.52208,4.78682
648,-30.2637,5.53459,4.7892
649,-30.3326,5.54714,4.79153
650,-30.4019,5.55973,4.79379
651,-30.4716,5.57235,4.79819
652,-30.5415,5.58501,4.80062
653,-30.6119,5.5977,4.80311
654,-30.6826,5.61043,4.8055
655,-30.7537,5.6232,4.80779
656,-30.8251,5.636,4.81009
657,-30.8969,5.64883,4.8124
658,-30.969,5.66171,4.81472
659,-31.0416,5.67462,4.81702
660,-31.1144,5.68756,4.81944
661,-31.1876,5.70071,4.82176
662,-31.2611,5.71404,4.82408
663,-31.335,5.72748,4.82643
664,-31.4092,5.74096,4.82875
665,-31.4837,5.75441,4.83111
666,-31.5585,5.76777,4.83341
667,-31.6337,5.78105,4.83569
668,-31.7093,5.79424,4.83801
669,-31.7852,5.8074,4.84034
670,-31.8614,5.82057,4.84266
671,-31.938,5.83381,4.84497
672,-32.0149,5.84714,4.84727
673,-32.0922,5.86058,4.84962
674,-32.1698,5.87412,4.85197
675,-32.2477,5.88773,4.85434
676,-32.326,5.90138,4.85671
677,-32.4047,5.91505,4.859
678,-32.4837,5.92869,4.86134
679,-32.5631,5.94232,4.86359
680,-32.6428,5.95593,4.8659
681,-32.7229,5.96953,4.86824
682,-32.8033,5.98317,4.87057
683,-32.8841,5.99685,4.87288
684,-32.9653,6.01059,4.87515
685,-33.0468,6.02441,4.87747
686,-33.1287,6.03829,4.87978
687,-33.2109,6.05222,4.88212
688,-33.2936,6.06619,4.88443
689,-33.3765,6.08018,4.88672
690,-33.4599,6.09418,4.88905
691,-33.5436,6.10818,4.89135
692,-33.6277,6.1222,4.89367
693,-33.7121,6.13623,4.89597
694,-33.797,6.1503,4.8983
695,-33.8822,6.16442,4.90058
696,-33.9677,6.17859,4.90291
697,-34.0537,6.19281,4.90521
698,-34.14,6.20708,4.90752
699,-34.2267,6.22139,4.90985
700,-34.3138,6.23573,4.91214
701,-34.4013,6.25009,4.91645
702,-34.4891,6.26447,4.91885
703,-34.5774,6.27886,4.92119
704,-34.666,6.29326,4.92349
705,-34.755,6.30769,4.92578
706,-34.8444,6.32215,4.9281
707,-34.9342,6.33665,4.93037
708,-35.0243,6.3512,4.93274
709,-35.1149,6.36579,4.93504
710,-35.2058,6.38043,4.93738
711,-35.2972,6.39511,4.93977
712,-35.3889,6.40983,4.94213
713,-35.481,6.42456,4.94449
714,-35.5736,6.43932,4.94682
715,-35.6665,6.4541,4.94908
716,-35.7598,6.46891,4.95146
717,-35.8535,6.48374,4.95387
718,-35.9477,6.4986,4.95627
719,-36.0422,6.5135,4.95868
720,-36.1371,6.52844,4.96099
721,-36.2325,6.54342,4.96327
722,-36.3282,6.55844,4.96558
723,-36.4244,6.5735,4.96784
724,-36.5209,6.5886,4.97021
725,-36.6179,6.60372,4.97255
726,-36.7153,6.61888,4.97487
727,-36.8131,6.63405,4.97721
728,-36.9113,6.64926,4.97954
729,-37.0099,6.66449,4.98188
730,-37.1089,6.67975,4.98421
731,-37.2084,6.69505,4.98654
732,-37.3082,6.71038,4.98883
733,-37.4085,6.72575,4.99114
734,-37.5092,6.74116,4.99346
735,-37.6103,6.7566,4.9957
736,-37.7119,6.77207,4.99807
737,-37.8139,6.78758,5.00039
738,-37.9163,6.80312,5.00275
739,-38.0191,6.81869,5.00506
740,-38.1223,6.83429,5.00748
741,-38.226,6.84992,5.0099
742,-38.3301,6.86558,5.01228
743,-38.4347,6.88128,5.0147
744,-38.5397,6.89701,5.01707
745,-38.6451,6.91277,5.01941
746,-38.7509,6.92857,5.02171
747,-38.8572,6.9444,5.02408
748,-38.9639,6.96027,5.02643
749,-39.071,6.97617,5.02876
750,-39.1786,6.9921,5.03118
751,-39.2866,7.00806,5.03555
752,-39.3951,7.02405,5.03791
753,-39.504,7.04008,5.0403
754,-39.6134,7.05614,5.04276
755,-39.7232,7.07223,5.04516
756,-39.8334,7.08835,5.04753
757,-39.9441,7.10451,5.04989
758,-40.0552,7.12071,5.05223
759,-40.1668,7.13693,5.05453
760,-40.2788,7.15319,5.05685
761,-40.3913,7.16949,5.05916
762,-40.5043,7.18581,5.06153
763,-40.6176,7.20216,5.06383
764,-40.7315,7.21855,5.06609
765,-40.8458,7.23497,5.06842
766,-40.9605,7.25142,5.07079
767,-41.0758,7.26791,5.07307
768,-41.1914,7.28443,5.07539
769,-41.3076,7.30098,5.0777
770,-41.4241,7.31757,5.0801
771,-41.5412,7.33419,5.08248
772,-41.6587,7.35085,5.08479
773,-41.7767,7.36753,5.08711
774,-41.8951,7.38425,5.08938
775,-42.014,7.401,5.09177
776,-42.1334,7.41779,5.09426
777,-42.2533,7.4346,5.09666
778,-42.3736,7.45145,5.09906
779,-42.4943,7.46833,5.10135
780,-42.6156,7.48525,5.10368
781,-42.7373,7.50219,5.10598
782,-42.8595,7.51918,5.10837
783,-42.9822,7.53619,5.11074
784,-43.1053,7.55324,5.11308
785,-43.229,7.57032,5.11547
786,-43.3531,7.58743,5.11789
787,-43.4776,7.60458,5.12033
788,-43.6027,7.62175,5.12261
789,-43.7282,7.63896,5.12497
790,-43.8542,7.65621,5.12722
791,-43.9807,7.67348,5.12954
792,-44.1077,7.69079,5.13179
793,-44.2352,7.70813,5.13411
794,-44.3631,7.72551,5.13642
795,-44.4916,7.74292,5.13879
796,-44.6205,7.76036,5.14114
797,-44.7499,7.77783,5.14354
798,-44.8798,7.79533,5.14593
799,-45.0102,7.81287,5.14824
800,-45.1411,7.83044,5.1506
801,-45.2725,7.84805,5.15508
802,-45.4043,7.86568,5.15747
803,-45.5367,7.88335,5.15974
804,-45.6695,7.90105,5.16197
805,-45.8029,7.91879,5.1641
806,-45.9367,7.93655,5.16626
807,-46.0711,7.95435,5.16834
808,-46.2059,7.97219,5.17029
809,-46.3413,7.99005,5.1726
810,-46.4771,8.00795,5.17497
811,-46.6134,8.02588,5.17739
812,-46.7503,8.04384,5.17971
813,-46.8876,8.06183,5.18201
814,-47.0255,8.07986,5.18436
815,-47.1638,8.09792,5.18672
816,-47.3027,8.11601,5.18901
817,-47.442,8.13413,5.19138
818,-47.5819,8.15229,5.19369
819,-47.7223,8.17048,5.19602
820,-47.8632,8.1887,5.19836
821,-48.0045,8.20695,5.20075
822,-48.1464,8.22524,5.20316
823,-48.2889,8.24356,5.20549
824,-48.4318,8.26191,5.20782
825,-48.5752,8.28029,5.21012
826,-48.7192,8.2987,5.21246
827,-48.8636,8.31715,5.21479
828,-49.0086,8.33563,5.21708
829,-49.1541,8.35414,5.21945
830,-49.3001,8.37268,5.22184
831,-49.4467,8.39126,5.22422
832,-49.5937,8.40986,5.22669
833,-49.7413,8.4285,5.22906
834,-49.8894,8.44717,5.23142
835,-50.038,8.46588,5.23374
836,-50.1871,8.48461,5.2361
837,-50.3367,8.50338,5.23844
838,-50.4869,8.52218,5.24075
839,-50.6376,8.54101,5.24312
840,-50.7888,8.55987,5.24543
841,-50.9406,8.57876,5.24775
842,-51.0928,8.59769,5.25009
843,-51.2456,8.61665,5.25243
844,-51.399,8.63563,5.25485
845,-51.5528,8.65466,5.25721
846,-51.7072,8.67371,5.2596
847,-51.8621,8.69279,5.262
848,-52.0175,8.71191,5.26435
849,-52.1735,8.73105,5.27485
850,-52.33,8.75023,5.27887
851,-52.487,8.76944,5.28511
852,-52.6446,8.78868,5.28789
853,-52.8027,8.80795,5.29055
854,-52.9613,8.82726,5.29303
855,-53.1205,8.84659,5.29546
856,-53.2802,8.86596,5.2979
857,-53.4404,8.88535,5.30029
858,-53.6011,8.90478,5.3027
859,-53.7625,8.92424,5.31008
860,-53.9243,8.94373,5.31246
861,-54.0867,8.96325,5.3148
862,-54.2496,8.98281,5.31727
863,-54.413,9.00239,5.31968
864,-54.577,9.022,5.32209
865,-54.7416,9.04165,5.32441
866,-54.9066,9.06133,5.32675
867,-55.0723,9.08103,5.32916
868,-55.2384,9.10077,5.33156
869,-55.4051,9.12054,5.33399
870,-55.5724,9.14034,5.33638
871,-55.7401,9.16017,5.33872
872,-55.9085,9.18003,5.34111
873,-56.0773,9.19992,5.34349
874,-56.2468,9.21984,5.34593
875,-56.4167,9.23979,5.34825
876,-56.5872,9.25977,5.35058
877,-56.7583,9.27978,5.35293
878,-56.9299,9.29982,5.35536
879,-57.1021,9.31989,5.35778
880,-57.2747,9.34,5.36021
881,-57.448,9.36013,5.36267
882,-57.6218,9.38029,5.36504
883,-57.7961,9.40048,5.36738
884,-57.971,9.42071,5.36974
885,-58.1465,9.44096,5.3721
886,-58.3225,9.46124,5.37448
887,-58.499,9.48155,5.37684
888,-58.6761,9.50189,5.37918
889,-58.8538,9.52227,5.38159
890,-59.032,9.54267,5.38395
891,-59.2107,9.5631,5.3863
892,-59.39,9.58356,5.38879
893,-59.5699,9.60405,5.3912
894,-59.7503,9.62456,5.39358
895,-59.9312,9.64511,5.3959
896,-60.1128,9.66569,5.39822
897,-60.2948,9.6863,5.40066
898,-60.4775,9.70693,5.403
899,-60.6607,9.7276,5.40533
900,-60.8444,9.74829,5.40768
901,-61.0287,9.76901,5.41252
902,-61.2135,9.78977,5.41491
903,-61.399,9.81055,5.41731
904,-61.5849,9.83136,5.41973
905,-61.7715,9.85219,5.42216
906,-61.9585,9.87306,5.42457
907,-62.1462,9.89396,5.42703
908,-62.3344,9.91488,5.42941
909,-62.5231,9.93583,5.4415
910,-62.7124,9.95681,5.44494
911,-62.9023,9.97782,5.44806
912,-63.0928,9.99886,5.45081
913,-63.2837,10.0199,5.45323
914,-63.4753,10.041,5.45583
915,-63.6674,10.0621,5.45833
916,-63.8601,10.0833,5.46088
917,-64.0533,10.1045,5.46342
918,-64.2471,10.1257,5.46595
919,-64.4415,10.1469,5.46854
920,-64.6364,10.1682,5.47112
921,-64.8319,10.1895,5.47364
922,-65.0279,10.2108,5.47619
923,-65.2245,10.2321,5.47862
924,-65.4217,10.2535,5.48108
925,-65.6194,10.2749,5.48349
926,-65.8177,10.2963,5.48585
927,-66.0165,10.3178,5.48835
928,-66.216,10.3393,5.49078
929,-66.4159,10.3608,5.49335
930,-66.6165,10.3823,5.49581
931,-66.8176,10.4039,5.49828
932,-67.0192,10.4255,5.50076
933,-67.2215,10.4471,5.50323
934,-67.4243,10.4687,5.50562
935,-67.6276,10.4904,5.50808
936,-67.8315,10.5121,5.51051
937,-68.036,10.5338,5.51292
938,-68.2411,10.5556,5.51541
939,-68.4467,10.5773,5.51785
940,-68.6528,10.5991,5.52025
941,-68.8596,10.621,5.52269
942,-69.0669,10.6428,5.52513
943,-69.2747,10.6647,5.52756
944,-69.4832,10.6866,5.52991
945,-69.6922,10.7085,5.53238
946,-69.9017,10.7305,5.53483
947,-70.1119,10.7525,5.53726
948,-70.3225,10.7745,5.53965
949,-70.5338,10.7965,5.54204
950,-70.7456,10.8186,5.54449
951,-70.958,10.8407,5.54999
952,-71.1709,10.8628,5.55257
953,-71.3845,10.8849,5.55506
954,-71.5985,10.9071,5.55748
955,-71.8132,10.9293,5.55998
956,-72.0284,10.9515,5.56243
957,-72.2442,10.9737,5.56489
958,-72.4605,10.996,5.5674
959,-72.6774,11.0183,5.56992
960,-72.8948,11.0406,5.57233
961,-73.1129,11.0629,5.57484
962,-73.3315,11.0853,5.57729
963,-73.5506,11.1077,5.57972
964,-73.7703,11.1301,5.58217
965,-73.9906,11.1525,5.58465
966,-74.2115,11.175,5.58713
967,-74.4329,11.1975,5.58966
968,-74.6549,11.22,5.59211
969,-74.8774,11.2425,5.59446
970,-75.1005,11.2651,5.59685
971,-75.3242,11.2876,5.59929
972,-75.5484,11.3102,5.60176
973,-75.7732,11.3329,5.6042
974,-75.9986,11.3555,5.60663
975,-76.2245,11.3782,5.60912
976,-76.451,11.4009,5.61155
977,-76.678,11.4236,5.61406
978,-76.9056,11.4464,5.61657
979,-77.1338,11.4691,5.61906
980,-77.3625,11.4919,5.62146
981,-77.5918,11.5147,5.62389
982,-77.8217,11.5376,5.62632
983,-78.0521,11.5604,5.62868
984,-78.2831,11.5833,5.63112
985,-78.5147,11.6062,5.63351
986,-78.7468,11.6291,5.63594
987,-78.9794,11.6521,5.6384
988,-79.2127,11.6751,5.6408
989,-79.4465,11.698,5.64324
990,-79.6808,11.7211,5.6457
991,-79.9157,11.7441,5.64816
992,-80.1512,11.7672,5.65055
993,-80.3872,11.7902,5.65307
994,-80.6238,11.8134,5.65546
995,-80.861,11.8365,5.65791
996,-81.0987,11.8596,7.8869
997,-81.337,11.8828,7.89147
998,-81.5758,11.906,7.89506
999,-81.8152,11.9292,7.89848
1000,-82.0552,11.9524,7.90146
1001,-82.2957,11.9757,7.93851
1002,-82.5368,11.999,7.94158
1003,-82.7784,12.0223,7.9441
1004,-83.0206,12.0456,7.94666
1005,-83.2633,12.0689,7.94921
1006,-83.5066,12.0923,7.95179
1007,-83.7505,12.1157,7.95438
1008,-83.9949,12.1391,7.95689
1009,-84.2399,12.1625,7.95943
1010,-84.4854,12.1859,7.962
1011,-84.7315,12.2094,7.96444
1012,-84.9781,12.2329,7.96718
1013,-85.2253,12.2564,7.96964
1014,-85.4731,12.2799,7.97218
1015,-85.7214,12.3034,7.97456
1016,-85.9702,12.327,7.97701
1017,-86.2196,12.3506,7.97944
1018,-86.4696,12.3742,7.98184
1019,-86.7201,12.3978,7.9842
1020,-86.9712,12.4214,7.98666
1021,-87.2228,12.4451,7.98916
1022,-87.475,12.4688,7.9916
1023,-87.7277,12.4925,7.99408
1024,-87.981,12.5162,7.99651
1025,-88.2348,12.5399,7.99904
1026,-88.4892,12.5637,8.00138
1027,-88.7442,12.5875,8.00387
1028,-88.9997,12.6112,8.00636
1029,-89.2557,12.6351,8.00885
1030,-89.5123,12.6589,8.01137
1031,-89.7694,12.6827,8.01385
1032,-90.0271,12.7066,8.01627
1033,-90.2853,12.7305,8.01872
1034,-90.5441,12.7544,8.0211
1035,-90.8035,12.7783,8.02352
1036,-91.0633,12.8022,8.02592
1037,-91.3238,12.8262,8.02837
1038,-91.5847,12.8502,8.03078
1039,-91.8463,12.8742,8.03326
1040,-92.1083,12.8982,8.03571
1041,-92.3709,12.9222,8.03817
1042,-92.6341,12.9463,8.04063
1043,-92.8978,12.9703,8.04306
1044,-93.162,12.9944,8.04551
1045,-93.4268,13.0185,8.04801
1046,-93.6922,13.0426,8.05046
1047,-93.958,13.0667,8.0529
1048,-94.2245,13.0909,8.05539
1049,-94.4914,13.1151,8.05785
1050,-94.7589,13.1392,8.06033
1051,-95.027,13.1634,8.19902
1052,-95.2956,13.1876,8.20204
1053,-95.5647,13.2119,8.20468
1054,-95.8344,13.2361,8.20733
1055,-96.1046,13.2604,8.20979
1056,-96.3753,13.2847,8.2122
1057,-96.6466,13.309,8.2147
1058,-96.9184,13.3333,8.21712
1059,-97.1908,13.3576,8.21959
1060,-97.4637,13.3819,8.22203
1061,-97.7371,13.4063,8.22443
1062,-98.0111,13.4307,8.227
1063,-98.2856,13.4551,8.22951
1064,-98.5607,13.4795,8.23203
1065,-98.8362,13.5039,8.23448
1066,-99.1124,13.5283,8.23692
1067,-99.389,13.5528,8.23945
1068,-99.6662,13.5772,8.2419
1069,-99.9439,13.6017,8.24431
1070,-100.222,13.6262,8.24674
1071,-100.501,13.6507,8.24934
1072,-100.78,13.6753,8.25182
1073,-101.06,13.6998,8.2543
1074,-101.34,13.7244,8.25679
1075,-101.621,13.7489,8.2593
1076,-101.903,13.7735,8.26174
1077,-102.185,13.7981,8.26412
1078,-102.467,13.8227,8.26657
1079,-102.75,13.8473,8.26905
1080,-103.034,13.872,8.27149
1081,-103.318,13.8966,8.27389
1082,-103.603,13.9213,8.27632
1083,-103.888,13.946,8.27878
1084,-104.173,13.9707,8.28125
1085,-104.46,13.9954,8.28364
1086,-104.746,14.0201,8.28615
1087,-105.034,14.0448,8.28849
1088,-105.321,14.0696,8.29091
1089,-105.61,14.0943,8.29339
1090,-105.898,14.1191,8.29603
1091,-106.188,14.1439,8.29848
1092,-106.478,14.1687,8.30095
1093,-106.768,14.1935,8.30338
1094,-107.059,14.2183,8.30581
1095,-107.35,14.2432,8.30827
1096,-107.642,14.268,8.31074
1097,-107.935,14.2929,8.31319
1098,-108.228,14.3178,8.31567
1099,-108.521,14.3426,8.31816
1100,-108.815,14.3675,8.32057
1101,-109.11,14.3925,8.45815
1102,-109.405,14.4174,8.46121
1103,-109.7,14.4423,8.46362
1104,-109.996,14.4673,8.46603
1105,-110.293,14.4922,8.46845
1106,-110.59,14.5172,8.47097
1107,-110.888,14.5422,8.47341
1108,-111.186,14.5672,8.47587
1109,-111.484,14.5922,8.47832
1110,-111.784,14.6172,8.48077
1111,-112.083,14.6422,8.4832
1112,-112.384,14.6672,8.48566
1113,-112.684,14.6923,8.48813
1114,-112.985,14.7173,8.49053
1115,-113.287,14.7424,8.49296
1116,-113.589,14.7675,8.49541
1117,-113.892,14.7926,8.49784
1118,-114.195,14.8177,8.50024
1119,-114.499,14.8428,8.50272
1120,-114.803,14.8679,8.50517
1121,-115.108,14.8931,8.50761
1122,-115.413,14.9182,8.5101
1123,-115.719,14.9434,8.51258
1124,-116.025,14.9685,8.515
1125,-116.332,14.9937,8.51748
1126,-116.639,15.0189,8.51986
1127,-116.947,15.0441,8.52226
1128,-117.256,15.0693,8.52471
1129,-117.564,15.0945,8.52712
1130,-117.874,15.1197,8.52955
1131,-118.183,15.145,8.53195
1132,-118.494,15.1702,8.53439
1133,-118.805,15.1955,8.53689
1134,-119.116,15.2207,8.53935
1135,-119.428,15.246,8.54177
1136,-119.74,15.2713,8.54415
1137,-120.053,15.2966,8.54654
1138,-120.366,15.3218,8.54902
1139,-120.68,15.3472,8.55148
1140,-120.994,15.3725,8.59177
1141,-121.309,15.3978,8.59575
1142,-121.624,15.4231,8.59942
1143,-121.94,15.4485,8.60262
1144,-122.256,15.4738,8.60543
1145,-122.573,15.4992,8.60805
1146,-122.89,15.5245,8.61068
1147,-123.208,15.5499,8.61322
1148,-123.526,15.5753,8.61585
1149,-123.845,15.6007,8.61845
1150,-124.164,15.6261,8.62096
1151,-124.484,15.6515,8.8017
1152,-124.804,15.6769,8.80477
1153,-125.125,15.7023,8.80728
1154,-125.446,15.7278,8.80982
1155,-125.767,15.7532,8.81237
1156,-126.09,15.7786,8.81481
1157,-126.412,15.8041,8.81738
1158,-126.735,15.8296,8.81989
1159,-127.059,15.855,8.82233
1160,-127.383,15.8805,8.82481
1161,-127.707,15.906,8.82725
1162,-128.033,15.9315,8.82978
1163,-128.358,15.957,8.83227
1164,-128.684,15.9825,8.83469
1165,-129.011,16.008,8.83708
1166,-129.337,16.0335,8.83963
1167,-129.665,16.059,8.84209
1168,-129.993,16.0846,8.84456
1169,-130.321,16.1101,8.84702
1170,-130.65,16.1356,8.84952
1171,-130.98,16.1612,8.852
1172,-131.309,16.1867,8.8545
1173,-131.64,16.2123,8.857
1174,-131.97,16.2379,8.85946
1175,-132.302,16.2634,8.86192
1176,-132.633,16.289,8.86434
1177,-132.966,16.3146,8.86678
1178,-133.298,16.3402,8.8692
1179,-133.632,16.3658,8.87171
1180,-133.965,16.3914,8.87422
1181,-134.299,16.417,8.87666
1182,-134.634,16.4426,8.87913
1183,-134.969,16.4683,8.88152
1184,-135.304,16.4939,8.88396
1185,-135.64,16.5195,8.8864
1186,-135.977,16.5452,8.88888
1187,-136.314,16.5708,8.89136
1188,-136.651,16.5965,8.8938
1189,-136.989,16.6221,8.8963
1190,-137.327,16.6478,8.89873
1191,-137.666,16.6734,8.90117
1192,-138.005,16.6991,8.90364
1193,-138.345,16.7248,8.90608
1194,-138.685,16.7505,8.90849
1195,-139.026,16.7761,8.91091
1196,-139.367,16.8018,8.91308
1197,-139.709,16.8275,8.91546
1198,-140.051,16.8532,8.91766
1199,-140.393,16.8789,8.91954
1200,-140.736,16.9046,8.92195
1201,-141.08,16.9304,9.05928
1202,-141.424,16.9561,9.06342
1203,-141.768,16.9818,9.06676
1204,-142.113,17.0075,9.06938
1205,-142.458,17.0332,9.07201
1206,-142.804,17.059,9.07456
1207,-143.15,17.0847,9.0771
1208,-143.497,17.1105,9.07968
1209,-143.844,17.1362,9.08217
1210,-144.191,17.162,9.08463
1211,-144.539,17.1877,9.08713
1212,-144.888,17.2135,9.08963
1213,-145.237,17.2392,9.09206
1214,-145.586,17.265,9.09449
1215,-145.936,17.2908,9.09692
1216,-146.286,17.3165,9.09936
1217,-146.637,17.3423,9.10177
1218,-146.988,17.3681,9.10427
1219,-147.34,17.3939,9.10674
1220,-147.692,17.4196,9.10924
1221,-148.044,17.4454,9.11172
1222,-148.397,17.4712,9.11422
1223,-148.751,17.497,9.11673
1224,-149.104,17.5228,9.11921
1225,-149.459,17.5486,9.12167
1226,-149.813,17.5744,9.12411
1227,-150.169,17.6002,9.12661
1228,-150.524,17.626,9.1291
1229,-150.88,17.6519,9.13157
1230,-151.237,17.6777,9.13402
1231,-151.594,17.7035,9.13653
1232,-151.951,17.7293,9.13897
1233,-152.309,17.7551,9.14151
1234,-152.667,17.781,9.14397
1235,-153.026,17.8068,9.14646
1236,-153.385,17.8326,9.14894
1237,-153.745,17.8584,9.1514
1238,-154.105,17.8843,9.15383
1239,-154.466,17.9101,9.1563
1240,-154.827,17.936,9.15877
1241,-155.188,17.9618,9.1612
1242,-155.55,17.9876,9.1637
1243,-155.912,18.0135,9.1661
1244,-156.275,18.0393,9.16862
1245,-156.638,18.0652,9.17106
1246,-157.001,18.091,9.17354
1247,-157.365,18.1169,9.17602
1248,-157.73,18.1427,9.17851
1249,-158.095,18.1686,9.18102
1250,-158.46,18.1945,9.18348
1251,-158.826,18.2203,9.34704
1252,-159.192,18.2462,9.35546
1253,-159.558,18.272,9.35835
1254,-159.925,18.2979,9.36116
1255,-160.293,18.3238,9.3639
1256,-160.661,18.3496,9.36666
1257,-161.029,18.3755,9.36938
1258,-161.398,18.4014,9.37209
1259,-161.767,18.4272,9.37482
1260,-162.137,18.4531,9.3775
1261,-162.507,18.479,9.38025
1262,-162.877,18.5049,9.38297
1263,-163.248,18.5307,9.38571
1264,-163.619,18.5566,9.38836
1265,-163.991,18.5825,9.39106
1266,-164.363,18.6084,9.39381
1267,-164.736,18.6343,9.39648
1268,-165.109,18.6601,9.42157
1269,-165.482,18.686,9.42495
1270,-165.856,18.7119,9.42769
1271,-166.23,18.7378,9.43047
1272,-166.605,18.7637,9.43324
1273,-166.98,18.7895,9.43593
1274,-167.356,18.8154,9.43857
1275,-167.732,18.8413,9.45478
1276,-168.108,18.8672,9.46072
1277,-168.485,18.8931,9.46438
1278,-168.862,18.919,9.46773
1279,-169.239,18.9449,9.47057
1280,-169.618,18.9707,9.47319
1281,-169.996,18.9966,9.47556
1282,-170.375,19.0225,9.47807
1283,-170.754,19.0484,9.48061
1284,-171.134,19.0743,9.48304
1285,-171.514,19.1002,9.48556
1286,-171.894,19.1261,9.48805
1287,-172.275,19.1519,9.49053
1288,-172.657,19.1778,9.49295
1289,-173.038,19.2037,9.49538
1290,-173.421,19.2296,9.49784
1291,-173.803,19.2555,9.50031
1292,-174.186,19.2814,9.5027
1293,-174.57,19.3073,9.50525
1294,-174.953,19.333,9.50792
1295,-175.338,19.3585,9.51037
1296,-175.722,19.384,9.51281
1297,-176.107,19.4094,9.51525
1298,-176.493,19.4348,9.51769
1299,-176.878,19.4604,9.52013
1300,-177.265,19.486,9.52258
1301,-177.651,19.5117,9.74277
1302,-178.038,19.5375,9.74689
1303,-178.426,19.5633,9.75043
1304,-178.814,19.589,9.75383
1305,-179.202,19.6146,9.76298
1306,-179.59,19.6402,9.76647
1307,-179.979,19.6657,9.76939
1308,-180.369,19.6912,9.77214
1309,-180.759,19.7167,9.77471
1310,-181.149,19.7423,9.77715
1311,-181.539,19.7679,9.77966
1312,-181.93,19.7935,9.78227
1313,-182.322,19.8192,9.78467
1314,-182.713,19.8449,9.78722
1315,-183.106,19.8706,9.78968
1316,-183.498,19.8963,9.79216
1317,-183.891,19.9219,9.79461
1318,-184.284,19.9475,9.79714
1319,-184.678,19.973,9.79958
1320,-185.072,19.9986,9.80205
1321,-185.467,20.0242,9.80466
1322,-185.862,20.0498,9.80724
1323,-186.257,20.0754,9.80975
1324,-186.653,20.101,9.81224
1325,-187.049,20.1266,9.81474
1326,-187.445,20.1522,9.8172
1327,-187.842,20.1778,9.81963
1328,-188.239,20.2034,9.8221
1329,-188.637,20.229,9.82458
1330,-189.035,20.2546,9.82703
1331,-189.433,20.2802,9.82956
1332,-189.832,20.3058,9.83207
1333,-190.231,20.3314,9.83448
1334,-190.631,20.3571,9.83694
1335,-191.03,20.3827,9.83941
1336,-191.431,20.4084,9.84183
1337,-191.831,20.434,9.84432
1338,-192.232,20.4596,9.84676
1339,-192.634,20.4852,9.8492
1340,-193.036,20.5108,9.85157
1341,-193.438,20.5364,9.85411
1342,-193.841,20.562,9.85649
1343,-194.244,20.5876,9.85896
1344,-194.647,20.6132,9.86144
1345,-195.051,20.6388,9.86385
1346,-195.455,20.6644,9.86624
1347,-195.859,20.69,9.86871
1348,-196.264,20.7156,9.87118
1349,-196.669,20.7412,9.87359
1350,-197.075,20.7668,9.87603
1351,-197.481,20.7924,9.89588
1352,-197.887,20.8179,9.90004
1353,-198.294,20.8435,9.90341
1354,-198.701,20.869,9.90602
1355,-199.109,20.8946,9.9086
1356,-199.517,20.9202,9.91106
1357,-199.925,20.9457,9.91369
1358,-200.334,20.9713,9.9163
1359,-200.743,20.9969,9.91886
1360,-201.152,21.0224,9.92135
1361,-201.562,21.048,9.92389
1362,-201.972,21.0736,9.92645
1363,-202.382,21.0991,9.92897
1364,-202.793,21.1247,9.93144
1365,-203.204,21.1502,9.93386
1366,-203.616,21.1757,9.93633
1367,-204.028,21.2013,9.93871
1368,-204.44,21.2268,9.94125
1369,-204.853,21.2523,9.94386
1370,-205.266,21.2779,9.94627
1371,-205.68,21.3034,9.94875
1372,-206.094,21.3289,9.95128
1373,-206.508,21.3544,9.95389
1374,-206.922,21.38,9.95636
1375,-207.337,21.4055,9.9588
1376,-207.753,21.431,9.96123
1377,-208.168,21.4565,9.96369
1378,-208.584,21.482,9.96611
1379,-209.001,21.5075,9.96855
1380,-209.417,21.533,9.97104
1381,-209.835,21.5585,9.9735
1382,-210.252,21.584,9.97589
1383,-210.67,21.6095,9.97835
1384,-211.088,21.635,9.9808
1385,-211.507,21.6605,9.98335
1386,-211.926,21.686,9.98584
1387,-212.345,21.7115,9.98831
1388,-212.765,21.737,9.99073
1389,-213.185,21.7624,9.99324
1390,-213.605,21.7879,9.99564
1391,-214.026,21.8134,9.99809
1392,-214.447,21.8389,10.0005
1393,-214.868,21.8643,10.003
1394,-215.29,21.8898,10.0055
1395,-215.713,21.9153,10.008
1396,-216.135,21.9407,10.0106
1397,-216.558,21.9662,10.0132
1398,-216.981,21.9916,10.0157
1399,-217.405,22.0171,10.0182
1400,-217.829,22.0425,10.0207
1401,-218.253,22.068,10.028
1402,-218.678,22.0934,10.0305
1403,-219.103,22.1188,10.033
1404,-219.528,22.1443,10.0356
1405,-219.954,22.1697,10.0381
1406,-220.38,22.1951,10.0406
1407,-220.807,22.2205,10.0431
1408,-221.234,22.246,10.0458
1409,-221.661,22.2714,10.0483
1410,-222.088,22.2968,10.0509
1411,-222.516,22.3222,10.0534
1412,-222.945,22.3476,10.0558
1413,-223.373,22.373,10.0583
1414,-223.802,22.3984,10.0608
1415,-224.231,22.4238,10.0633
1416,-224.661,22.4492,10.0658
1417,-225.091,22.4746,10.079
1418,-225.521,22.5,10.0815
1419,-225.952,22.5254,10.0841
1420,-226.383,22.5508,10.0866
1421,-226.815,22.5761,10.0891
1422,-227.246,22.6015,10.0916
1423,-227.679,22.6269,10.0941
1424,-228.111,22.6522,10.0966
1425,-228.544,22.6776,10.0991
1426,-228.977,22.703,10.1016
1427,-229.411,22.7283,10.1042
1428,-229.844,22.7537,10.1068
1429,-230.279,22.779,10.1092
1430,-230.713,22.8044,10.1117
1431,-231.148,22.8297,10.1143
1432,-231.583,22.8551,10.1168
1433,-232.019,22.8804,10.1192
1434,-232.455,22.9057,10.1218
1435,-232.891,22.9311,10.1242
1436,-233.328,22.9564,10.1268
1437,-233.765,22.9817,10.1293
1438,-234.202,23.007,10.1317
1439,-234.64,23.0323,10.1343
1440,-235.078,23.0576,10.1369
1441,-235.516,23.083,10.1393
1442,-235.955,23.1083,10.1419
1443,-236.394,23.1336,10.1444
1444,-236.833,23.1589,10.1469
1445,-237.273,23.1841,10.1494
1446,-237.713,23.2094,10.1519
1447,-238.153,23.2347,10.1543
1448,-238.594,23.26,10.1568
1449,-239.035,23.2853,10.1594
1450,-239.476,23.3105,10.1619
1451,-239.918,23.3358,10.1669
1452,-240.36,23.3611,10.1694
1453,-240.803,23.3863,10.1721
1454,-241.246,23.4116,10.1746
1455,-241.689,23.4369,10.1771
1456,-242.132,23.4621,10.1796
1457,-242.576,23.4874,10.1822
1458,-243.02,23.5126,10.1846
1459,-243.464,23.5378,10.1872
1460,-243.909,23.5631,10.1897
1461,-244.354,23.5883,10.1922
1462,-244.8,23.6135,10.1947
1463,-245.246,23.6388,10.1973
1464,-245.692,23.664,10.1998
1465,-246.138,23.6892,10.2024
1466,-246.585,23.7144,10.2048
1467,-247.032,23.7396,10.2073
1468,-247.48,23.7648,10.2098
1469,-247.928,23.79,10.2123
1470,-248.376,23.8152,10.2149
1471,-248.824,23.8404,10.2174
1472,-249.273,23.8656,10.2199
1473,-249.722,23.8908,10.2224
1474,-250.172,23.916,10.2249
1475,-250.621,23.9411,10.2274
1476,-251.072,23.9663,10.2299
1477,-251.522,23.9915,10.2324
1478,-251.973,24.0166,10.2349
1479,-252.424,24.0418,10.2375
1480,-252.875,24.067,10.24
1481,-253.327,24.0921,10.2425
1482,-253.779,24.1173,10.245
1483,-254.232,24.1424,10.2476
1484,-254.685,24.1675,10.2501
1485,-255.138,24.1927,10.2526
1486,-255.591,24.2178,10.2551
1487,-256.045,24.2429,10.2576
1488,-256.499,24.2681,10.2601
1489,-256.953,24.2932,10.2627
1490,-257.408,24.3183,10.2652
1491,-257.863,24.3434,10.2677
1492,-258.319,24.3685,10.2701
1493,-258.774,24.3936,10.2727
1494,-259.23,24.4187,10.2753
1495,-259.687,24.4438,10.2778
1496,-260.144,24.4689,10.2803
1497,-260.601,24.494,10.2829
1498,-261.058,24.5191,10.2854
1499,-261.516,24.5442,10.2879
1500,-261.974,24.5692,10.2904
1501,-262.432,24.5943,10.295
1502,-262.891,24.6194,10.2976
1503,-263.35,24.6444,10.3001
1504,-263.809,24.6695,10.3027
1505,-264.269,24.6945,10.3052
1506,-264.728,24.7196,10.3077
1507,-265.189,24.7446,10.3102
1508,-265.649,24.7697,10.3127
1509,-266.11,24.7947,10.3153
1510,-266.571,24.8197,10.3178
1511,-267.033,24.8448,10.3203
1512,-267.495,24.8698,10.3229
1513,-267.957,24.8948,10.3253
1514,-268.42,24.9198,10.3278
1515,-268.882,24.9448,10.3303
1516,-269.346,24.9698,10.3328
1517,-269.809,24.9948,10.3353
1518,-270.273,25.0198,10.3377
1519,-270.737,25.0448,10.3402
1520,-271.201,25.0698,10.3427
1521,-271.666,25.0948,10.3452
1522,-272.131,25.1198,10.3477
1523,-272.597,25.1448,10.3503
1524,-273.062,25.1697,10.3527
1525,-273.528,25.1947,10.3552
1526,-273.995,25.2197,10.3577
1527,-274.461,25.2446,10.3602
1528,-274.928,25.2696,10.3628
1529,-275.396,25.2945,10.3653
1530,-275.863,25.3195,10.3678
1531,-276.331,25.3444,10.3703
1532,-276.799,25.3694,10.3728
1533,-277.268,25.3943,10.3753
1534,-277.737,25.4192,10.3777
1535,-278.206,25.4441,10.3802
1536,-278.676,25.4691,10.3827
1537,-279.145,25.494,10.3852
1538,-279.615,25.5189,10.3877
1539,-280.086,25.5438,10.3902
1540,-280.557,25.5687,10.3928
1541,-281.028,25.5936,10.3953
1542,-281.499,25.6185,10.3978
1543,-281.971,25.6434,10.4003
1544,-282.443,25.6683,10.4028
1545,-282.915,25.6931,10.4053
1546,-283.388,25.718,10.4078
1547,-283.861,25.7429,10.4103
1548,-284.334,25.7677,10.4128
1549,-284.807,25.7926,10.4154
1550,-285.281,25.8175,10.4178
1551,-285.755,25.8423,10.4225
1552,-286.23,25.8672,10.425
1553,-286.705,25.892,10.4275
1554,-287.18,25.9169,10.4301
1555,-287.655,25.9417,10.4326
1556,-288.131,25.9665,10.4352
1557,-288.607,25.9913,10.4376
1558,-289.083,26.0162,10.4402
1559,-289.56,26.041,10.4428
1560,-290.037,26.0658,10.4454
1561,-290.514,26.0906,10.4479
1562,-290.992,26.1154,10.4504
1563,-291.47,26.1402,10.4529
1564,-291.948,26.165,10.4554
1565,-292.426,26.1898,10.4579
1566,-292.905,26.2146,10.4604
1567,-293.384,26.2394,10.463
1568,-293.864,26.2641,10.4655
1569,-294.343,26.2889,10.468
1570,-294.823,26.3137,10.4705
1571,-295.304,26.3384,10.4729
1572,-295.784,26.3632,10.4754
1573,-296.265,26.388,10.478
1574,-296.747,26.4127,10.4806
1575,-297.228,26.4374,10.4831
1576,-297.71,26.4622,10.4856
1577,-298.192,26.4869,10.4882
1578,-298.675,26.5117,10.4907
1579,-299.157,26.5364,10.4932
1580,-299.64,26.5611,10.4957
1581,-300.124,26.5858,10.4982
1582,-300.608,26.6105,10.5008
1583,-301.092,26.6352,10.5035
1584,-301.576,26.6599,10.5061
1585,-302.06,26.6846,10.5087
1586,-302.545,26.7093,10.5112
1587,-303.03,26.734,10.5138
1588,-303.516,26.7587,10.5164
1589,-304.002,26.7834,10.5189
1590,-304.488,26.8081,10.5214
1591,-304.974,26.8327,10.5239
1592,-305.461,26.8574,10.5264
1593,-305.948,26.8821,10.5289
1594,-306.435,26.9067,10.5313
1595,-306.923,26.9314,10.5338
1596,-307.411,26.956,10.5363
1597,-307.899,26.9807,10.5388
1598,-308.387,27.0053,10.5413
1599,-308.876,27.03,10.5438
1600,-309.365,27.0546,10.5463
1601,-309.854,27.0792,10.551
1602,-310.344,27.1038,10.5535
1603,-310.834,27.1285,10.556
1604,-311.324,27.1531,10.5585
1605,-311.815,27.1777,10.561
1606,-312.306,27.2023,10.5635
1607,-312.797,27.2269,10.5661
1608,-313.288,27.2515,10.5687
1609,-313.78,27.2761,10.5712
1610,-314.272,27.3006,10.5738
1611,-314.765,27.3252,10.5763
1612,-315.257,27.3498,10.5788
1613,-315.75,27.3744,10.5812
1614,-316.243,27.3989,10.5837
1615,-316.737,27.4235,10.5862
1616,-317.231,27.4481,10.5887
1617,-317.725,27.4726,10.5911
1618,-318.219,27.4972,10.5936
1619,-318.714,27.5217,10.5961
1620,-319.209,27.5462,10.5986
1621,-319.704,27.5708,10.6011
1622,-320.2,27.5953,10.6037
1623,-320.696,27.6198,10.6062
1624,-321.192,27.6443,10.6087
1625,-321.688,27.6689,10.6112
1626,-322.185,27.6934,10.6137
1627,-322.682,27.7179,10.6162
1628,-323.18,27.7424,10.6188
1629,-323.677,27.7669,10.6213
1630,-324.175,27.7914,10.6238
1631,-324.673,27.8159,10.6263
1632,-325.172,27.8403,10.6289
1633,-325.671,27.8648,10.6314
1634,-326.17,27.8893,10.6339
1635,-326.669,27.9138,10.6364
1636,-327.169,27.9382,10.6389
1637,-327.669,27.9627,10.6414
1638,-328.169,27.9871,10.6439
1639,-328.67,28.0116,10.6465
1640,-329.17,28.036,10.649
1641,-329.671,28.0605,10.6515
1642,-330.173,28.0849,10.654
1643,-330.675,28.1093,10.6565
1644,-331.177,28.1338,10.659
1645,-331.679,28.1582,10.6615
1646,-332.181,28.1826,10.664
1647,-332.684,28.207,10.6665
1648,-333.187,28.2314,10.6691
1649,-333.691,28.2558,10.6716
1650,-334.195,28.2802,10.6741
1651,-334.699,28.3046,10.6787
1652,-335.203,28.329,10.6812
1653,-335.707,28.3534,10.6837
1654,-336.212,28.3778,10.6862
1655,-336.717,28.4021,10.6887
1656,-337.223,28.4265,10.6912
1657,-337.729,28.4509,10.6937
1658,-338.235,28.4752,10.6962
1659,-338.741,28.4996,10.6986
1660,-339.247,28.524,10.7011
1661,-339.754,28.5483,10.7036
1662,-340.262,28.5726,10.7061
1663,-340.769,28.597,10.7086
1664,-341.277,28.6213,10.7111
1665,-341.785,28.6456,10.7136
1666,-342.293,28.67,10.716
1667,-342.802,28.6943,10.7186
1668,-343.31,28.7186,10.7211
1669,-343.82,28.7429,10.7236
1670,-344.329,28.7672,10.7261
1671,-344.839,28.7915,10.7285
1672,-345.349,28.8158,10.731
1673,-345.859,28.8401,10.7335
1674,-346.37,28.8644,10.736
1675,-346.88,28.8887,10.7385
1676,-347.391,28.913,10.741
1677,-347.903,28.9372,10.7434
1678,-348.415,28.9615,10.7459
1679,-348.927,28.9858,10.7484
1680,-349.439,29.01,10.7509
1681,-349.951,29.0343,10.7534
1682,-350.464,29.0585,10.7559
1683,-350.977,29.0828,10.7584
1684,-351.491,29.107,10.7681
1685,-352.004,29.1312,10.7723
1686,-352.518,29.1555,10.7759
1687,-353.032,29.1797,10.7787
1688,-353.547,29.2039,10.7813
1689,-354.062,29.2281,10.7839
1690,-354.577,29.2524,10.7866
1691,-355.092,29.2766,10.7892
1692,-355.608,29.3008,10.7918
1693,-356.124,29.325,10.8
1694,-356.64,29.3492,10.8027
1695,-357.156,29.3733,10.8055
1696,-357.673,29.3975,10.8081
1697,-358.19,29.4217,10.8107
1698,-358.707,29.4459,10.8134
1699,-359.225,29.4701,10.816
1700,-359.743,29.4942,10.8186
1701,-360.261,29.5184,10.8241
1702,-360.779,29.5425,10.8268
1703,-361.298,29.5667,10.8293
1704,-361.817,29.5908,10.8319
1705,-362.336,29.615,10.8345
1706,-362.856,29.6391,10.837
1707,-363.375,29.6633,10.8395
1708,-363.896,29.6874,10.842
1709,-364.416,29.7115,10.8445
1710,-364.936,29.7356,10.847
1711,-365.457,29.7597,10.8495
1712,-365.979,29.7839,10.852
1713,-366.5,29.808,10.8545
1714,-367.022,29.8321,10.8571
1715,-367.544,29.8562,10.8597
1716,-368.066,29.8802,10.8622
1717,-368.589,29.9043,10.8647
1718,-369.111,29.9284,10.8672
1719,-369.634,29.9525,10.8697
1720,-370.158,29.9766,10.8722
1721,-370.681,30.0006,10.8747
1722,-371.205,30.0247,10.8772
1723,-371.73,30.0488,10.8798
1724,-372.254,30.0728,10.8823
1725,-372.779,30.0969,10.8849
1726,-373.304,30.1209,10.8874
1727,-373.829,30.1449,10.8899
1728,-374.355,30.169,10.8924
1729,-374.88,30.193,10.8949
1730,-375.407,30.217,10.8975
1731,-375.933,30.2411,10.8999
1732,-376.46,30.2651,10.9024
1733,-376.987,30.2891,10.905
1734,-377.514,30.3131,10.9075
1735,-378.041,30.3371,10.9101
1736,-378.569,30.3611,10.9126
1737,-379.097,30.3851,10.9151
1738,-379.625,30.4091,10.9173
1739,-380.154,30.4331,10.9196
1740,-380.683,30.4571,10.9219
1741,-381.212,30.481,10.924
1742,-381.741,30.505,10.9266
1743,-382.271,30.529,10.9291
1744,-382.801,30.5529,10.9317
1745,-383.331,30.5769,10.9342
1746,-383.861,30.6008,10.9367
1747,-384.392,30.6248,10.9392
1748,-384.923,30.6487,10.9417
1749,-385.454,30.6727,10.9442
1750,-385.986,30.6966,10.9467
1751,-386.518,30.7205,10.9518
1752,-387.05,30.7445,10.9544
1753,-387.582,30.7684,10.957
1754,-388.115,30.7923,10.9594
1755,-388.647,30.8162,10.9619
1756,-389.181,30.8401,10.9645
1757,-389.714,30.864,10.967
1758,-390.248,30.8879,10.9695
1759,-390.782,30.9118,10.972
1760,-391.316,30.9357,10.9746
1761,-391.85,30.9596,10.9771
1762,-392.385,30.9835,10.9796
1763,-392.92,31.0073,10.9821
1764,-393.455,31.0312,10.9846
1765,-393.991,31.0551,10.9871
1766,-394.527,31.0789,10.9897
1767,-395.063,31.1028,10.9922
1768,-395.599,31.1266,10.9947
1769,-396.136,31.1505,10.9973
1770,-396.673,31.1743,10.9998
1771,-397.21,31.1982,11.0022
1772,-397.747,31.222,11.0047
1773,-398.285,31.2458,11.0072
1774,-398.823,31.2696,11.0097
1775,-399.361,31.2934,11.0121
1776,-399.9,31.3173,11.0147
1777,-400.438,31.3411,11.0173
1778,-400.977,31.3649,11.0198
1779,-401.517,31.3887,11.0223
1780,-402.056,31.4124,11.0248
1781,-402.596,31.4362,11.0273
1782,-403.136,31.46,11.0298
1783,-403.676,31.4838,11.0323
1784,-404.217,31.5076,11.0348
1785,-404.758,31.5313,11.0374
1786,-405.299,31.5551,11.0399
1787,-405.84,31.5788,11.0423
1788,-406.382,31.6026,11.0448
1789,-406.924,31.6263,11.0473
1790,-407.466,31.6501,11.0498
1791,-408.008,31.6738,11.0523
1792,-408.551,31.6975,11.0548
1793,-409.094,31.7213,11.0573
1794,-409.637,31.745,11.0598
1795,-410.181,31.7687,11.0624
1796,-410.725,31.7924,11.0648
1797,-411.269,31.8161,11.0673
1798,-411.813,31.8398,11.0699
1799,-412.357,31.8635,11.0724
1800,-412.902,31.8872,11.0748
1801,-413.447,31.9109,11.0795
1802,-413.993,31.9346,11.0821
1803,-414.538,31.9582,11.0846
1804,-415.084,31.9819,11.0871
1805,-415.63,32.0056,11.0895
1806,-416.176,32.0292,11.0921
1807,-416.723,32.0529,11.0946
1808,-417.27,32.0765,11.0971
1809,-417.817,32.1002,11.0996
1810,-418.365,32.1238,11.1021
1811,-418.912,32.1475,11.1047
1812,-419.46,32.1711,11.1072
1813,-420.008,32.1947,11.1097
1814,-420.557,32.2183,11.1122
1815,-421.105,32.242,11.1147
1816,-421.654,32.2656,11.1173
1817,-422.204,32.2892,11.1197
1818,-422.753,32.3128,11.1222
1819,-423.303,32.3364,11.1248
1820,-423.853,32.36,11.1273
1821,-424.403,32.3836,11.1298
1822,-424.954,32.4071,11.1323
1823,-425.504,32.4307,11.1348
1824,-426.055,32.4543,11.1373
1825,-426.607,32.4779,11.1397
1826,-427.158,32.5014,11.1422
1827,-427.71,32.525,11.1447
1828,-428.262,32.5485,11.1472
1829,-428.814,32.5721,11.1497
1830,-429.367,32.5956,11.1522
1831,-429.92,32.6192,11.1547
1832,-430.473,32.6427,11.1571
1833,-431.026,32.6662,11.1596
1834,-431.58,32.6897,11.1621
1835,-432.134,32.7133,11.1647
1836,-432.688,32.7368,11.1671
1837,-433.242,32.7603,11.1696
1838,-433.797,32.7838,11.172
1839,-434.352,32.8073,11.1744
1840,-434.907,32.8308,11.1769
1841,-435.462,32.8543,11.1794
1842,-436.018,32.8778,11.1819
1843,-436.574,32.9012,11.1843
1844,-437.13,32.9247,11.1868
1845,-437.686,32.9482,11.1892
1846,-438.243,32.9717,11.1917
1847,-438.8,32.9951,11.1941
1848,-439.357,33.0186,11.1966
1849,-439.915,33.042,11.1991
1850,-440.472,33.0655,11.2017
1851,-441.03,33.0889,11.2065
1852,-441.589,33.1124,11.2092
1853,-442.147,33.1358,11.2118
1854,-442.706,33.1592,11.2144
1855,-443.265,33.1826,11.2171
1856,-443.824,33.2061,11.2197
1857,-444.383,33.2295,11.2223
1858,-444.943,33.2529,11.2248
1859,-445.503,33.2763,11.2274
1860,-446.063,33.2997,11.23
1861,-446.624,33.3231,11.2326
1862,-447.184,33.3465,11.2352
1863,-447.745,33.3698,11.2378
1864,-448.307,33.3932,11.2403
1865,-448.868,33.4166,11.2428
1866,-449.43,33.44,11.2453
1867,-449.992,33.4633,11.2479
1868,-450.554,33.4867,11.2505
1869,-451.117,33.5101,11.253
1870,-451.679,33.5334,11.2556
1871,-452.242,33.5568,11.258
1872,-452.806,33.5801,11.2606
1873,-453.369,33.6034,11.2632
1874,-453.933,33.6268,11.2657
1875,-454.497,33.6501,11.2682
1876,-455.061,33.6734,11.2707
1877,-455.626,33.6967,11.2732
1878,-456.191,33.72,11.2757
1879,-456.756,33.7434,11.2782
1880,-457.321,33.7667,11.2808
1881,-457.886,33.79,11.2833
1882,-458.452,33.8133,11.2859
1883,-459.018,33.8365,11.2885
1884,-459.584,33.8598,11.291
1885,-460.151,33.8831,11.2936
1886,-460.718,33.9064,11.2961
1887,-461.285,33.9297,11.2986
1888,-461.852,33.9529,11.3011
1889,-462.419,33.9762,11.3037
1890,-462.987,33.9994,11.3063
1891,-463.555,34.0227,11.3088
1892,-464.123,34.0459,11.3113
1893,-464.692,34.0692,11.314
1894,-465.261,34.0924,11.3166
1895,-465.83,34.1157,11.3192
1896,-466.399,34.1389,11.3217
1897,-466.968,34.1621,11.3242
1898,-467.538,34.1853,11.3268
1899,-468.108,34.2085,11.3293
1900,-468.678,34.2318,11.3319
1901,-469.249,34.255,11.3365
1902,-469.82,34.2782,11.339
1903,-470.391,34.3014,11.3415
1904,-470.962,34.3246,11.3441
1905,-471.533,34.3477,11.3466
1906,-472.105,34.3709,11.349
1907,-472.677,34.3941,11.3515
1908,-473.249,34.4173,11.354
1909,-473.822,34.4404,11.3565
1910,-474.395,34.4636,11.3589
1911,-474.968,34.4868,11.3614
1912,-475.541,34.5099,11.3639
1913,-476.114,34.5331,11.3664
1914,-476.688,34.5562,11.3689
1915,-477.262,34.5794,11.3713
1916,-477.836,34.6025,11.3738
1917,-478.41,34.6256,11.3762
1918,-478.985,34.6488,11.3787
1919,-479.56,34.6719,11.3812
1920,-480.135,34.695,11.3837
1921,-480.711,34.7181,11.3862
1922,-481.286,34.7412,11.3887
1923,-481.862,34.7643,11.3912
1924,-482.438,34.7874,11.3937
1925,-483.015,34.8105,11.3961
1926,-483.592,34.8336,11.3986
1927,-484.168,34.8567,11.4011
1928,-484.746,34.8798,11.4036
1929,-485.323,34.9028,11.4061
1930,-485.901,34.9259,11.4086
1931,-486.478,34.949,11.4111
1932,-487.057,34.972,11.4136
1933,-487.635,34.9951,11.4161
1934,-488.214,35.0182,11.4186
1935,-488.792,35.0412,11.4211
1936,-489.371,35.0643,11.4236
1937,-489.951,35.0873,11.4261
1938,-490.53,35.1103,11.4286
1939,-491.11,35.1334,11.4311
1940,-491.69,35.1564,11.4336
1941,-492.271,35.1794,11.4361
1942,-492.851,35.2024,11.4386
1943,-493.432,35.2254,11.441
1944,-494.013,35.2484,11.4436
1945,-494.594,35.2715,11.446
1946,-495.176,35.2945,11.4486
1947,-495.758,35.3174,11.4511
1948,-496.34,35.3404,11.4536
1949,-496.922,35.3634,11.4561
1950,-497.504,35.3864,11.4586
1951,-498.087,35.4094,11.4633
1952,-498.67,35.4324,11.4659
1953,-499.253,35.4553,11.4684
1954,-499.837,35.4783,11.4709
1955,-500.42,35.5012,11.4733
1956,-501.004,35.5242,11.4758
1957,-501.589,35.5471,11.4784
1958,-502.173,35.5701,11.4809
1959,-502.758,35.593,11.4834
1960,-503.343,35.616,11.4859
1961,-503.928,35.6389,11.4884
1962,-504.513,35.6618,11.4909
1963,-505.099,35.6848,11.4933
1964,-505.685,35.7077,11.4958
1965,-506.271,35.7306,11.4983
1966,-506.857,35.7535,11.5008
1967,-507.444,35.7764,11.5033
1968,-508.031,35.7993,11.5057
1969,-508.618,35.8222,11.5149
1970,-509.205,35.8451,11.5175
1971,-509.793,35.868,11.52
1972,-510.38,35.8909,11.5226
1973,-510.968,35.9137,11.5251
1974,-511.557,35.9366,11.5276
1975,-512.145,35.9595,11.5301
1976,-512.734,35.9823,11.5326
1977,-513.323,36.0052,11.5351
1978,-513.912,36.0281,11.5376
1979,-514.502,36.0509,11.5401
1980,-515.091,36.0738,11.5426
1981,-515.681,36.0966,11.5451
1982,-516.271,36.1194,11.5476
1983,-516.862,36.1423,11.5501
1984,-517.453,36.1651,11.5526
1985,-518.044,36.1879,11.5551
1986,-518.635,36.2108,11.5576
1987,-519.226,36.2336,11.5601
1988,-519.818,36.2564,11.5626
1989,-520.41,36.2792,11.5651
1990,-521.002,36.302,11.5676
1991,-521.594,36.3248,11.5701
1992,-522.187,36.3476,11.5726
1993,-522.779,36.3704,11.5751
1994,-523.372,36.3932,11.5777
1995,-523.966,36.4159,11.5802
1996,-524.559,36.4387,11.5827
1997,-525.153,36.4615,11.5851
1998,-525.747,36.4843,11.5876
1999,-526.341,36.507,11.59
2000,-526.936,36.5298,11.5925
2001,-527.53,36.5525,11.5973
2002,-528.125,36.5753,11.5999
2003,-528.72,36.598,11.6024
2004,-529.316,36.6208,11.605
2005,-529.912,36.6435,11.6075
2006,-530.507,36.6663,11.6101
2007,-531.104,36.689,11.6126
2008,-531.7,36.7117,11.6152
2009,-532.297,36.7344,11.6177
2010,-532.893,36.7572,11.6202
2011,-533.49,36.7799,11.6227
2012,-534.088,36.8026,11.6252
2013,-534.685,36.8253,11.6277
2014,-535.283,36.848,11.6302
2015,-535.881,36.8707,11.6327
2016,-536.479,36.8934,11.6351
2017,-537.078,36.916,11.6376
2018,-537.677,36.9387,11.6401
2019,-538.276,36.9614,11.6425
2020,-538.875,36.9841,11.6451
2021,-539.474,37.0068,11.6476
2022,-540.074,37.0294,11.6501
2023,-540.674,37.0521,11.6526
2024,-541.274,37.0747,11.6552
2025,-541.874,37.0974,11.6576
2026,-542.475,37.12,11.6601
2027,-543.076,37.1427,11.6627
2028,-543.677,37.1653,11.6651
2029,-544.278,37.188,11.6676
2030,-544.88,37.2106,11.6701
2031,-545.481,37.2332,11.6727
2032,-546.083,37.2558,11.6751
2033,-546.686,37.2785,11.6776
2034,-547.288,37.3011,11.6801
2035,-547.891,37.3237,11.6826
2036,-548.494,37.3463,11.6851
2037,-549.097,37.3689,11.6877
2038,-549.7,37.3915,11.6902
2039,-550.304,37.4141,11.6926
2040,-550.908,37.4367,11.6952
2041,-551.512,37.4592,11.6977
2042,-552.116,37.4818,11.7002
2043,-552.721,37.5044,11.7026
2044,-553.326,37.527,11.7051
2045,-553.931,37.5495,11.7076
2046,-554.536,37.5721,11.7101
2047,-555.141,37.5947,11.7126
2048,-555.747,37.6172,11.7151
2049,-556.353,37.6398,11.7176
2050,-556.959,37.6623,11.72
2051,-557.566,37.6849,11.7246
2052,-558.172,37.7074,11.7272
2053,-558.779,37.7299,11.7297
2054,-559.386,37.7525,11.7321
2055,-559.994,37.775,11.7346
2056,-560.601,37.7975,11.7371
2057,-561.209,37.82,11.7396
2058,-561.817,37.8425,11.7421
2059,-562.426,37.8651,11.7445
2060,-563.034,37.8876,11.747
2061,-563.643,37.9101,11.7495
2062,-564.252,37.9326,11.7521
2063,-564.861,37.955,11.7545
2064,-565.471,37.9775,11.757
2065,-566.08,38,11.7597
2066,-566.69,38.0225,11.7623
2067,-567.3,38.045,11.7648
2068,-567.911,38.0674,11.7673
2069,-568.521,38.0899,11.7698
2070,-569.132,38.1124,11.7723
2071,-569.743,38.1348,11.7748
2072,-570.354,38.1573,11.7772
2073,-570.966,38.1797,11.7797
2074,-571.578,38.2022,11.7822
2075,-572.19,38.2246,11.7847
2076,-572.802,38.2471,11.7871
2077,-573.414,38.2695,11.7896
2078,-574.027,38.2919,11.7921
2079,-574.64,38.3144,11.7946
2080,-575.253,38.3368,11.7971
2081,-575.866,38.3592,11.7996
2082,-576.48,38.3816,11.8021
2083,-577.094,38.404,11.8045
2084,-577.708,38.4264,11.807
2085,-578.322,38.4488,11.8095
2086,-578.937,38.4712,11.812
2087,-579.551,38.4936,11.8145
2088,-580.166,38.516,11.817
2089,-580.781,38.5384,11.8195
2090,-581.397,38.5608,11.822
2091,-582.013,38.5832,11.8245
2092,-582.628,38.6055,11.8271
2093,-583.245,38.6279,11.8296
2094,-583.861,38.6503,11.8321
2095,-584.477,38.6726,11.8345
2096,-585.094,38.695,11.8369
2097,-585.711,38.7174,11.8394
2098,-586.328,38.7397,11.8419
2099,-586.946,38.7621,11.8443
2100,-587.564,38.7844,11.8469
2101,-588.182,38.8067,11.8515
2102,-588.8,38.8291,11.8541
2103,-589.418,38.8514,11.8567
2104,-590.037,38.8737,11.8593
2105,-590.656,38.896,11.8618
2106,-591.275,38.9184,11.8643
2107,-591.894,38.9407,11.8669
2108,-592.514,38.963,11.8694
2109,-593.133,38.9853,11.872
2110,-593.753,39.0076,11.8744
2111,-594.373,39.0299,11.8769
2112,-594.994,39.0522,11.8794
2113,-595.615,39.0745,11.882
2114,-596.235,39.0968,11.8845
2115,-596.857,39.119,11.887
2116,-597.478,39.1413,11.8895
2117,-598.099,39.1636,11.8921
2118,-598.721,39.1859,11.8946
2119,-599.343,39.2081,11.8971
2120,-599.966,39.2304,11.8996
2121,-600.588,39.2526,11.9021
2122,-601.211,39.2749,11.9047
2123,-601.834,39.2971,11.9072
2124,-602.457,39.3194,11.9098
2125,-603.08,39.3416,11.9123
2126,-603.704,39.3639,11.9148
2127,-604.328,39.3861,11.9174
2128,-604.952,39.4083,11.92
2129,-605.576,39.4306,11.9225
2130,-606.2,39.4528,11.925
2131,-606.825,39.475,11.9275
2132,-607.45,39.4972,11.93
2133,-608.075,39.5194,11.9325
2134,-608.701,39.5416,11.9351
2135,-609.326,39.5638,11.9377
2136,-609.952,39.586,11.9402
2137,-610.578,39.6082,11.9428
2138,-611.205,39.6304,11.9453
2139,-611.831,39.6526,11.948
2140,-612.458,39.6748,11.9505
2141,-613.085,39.697,11.9531
2142,-613.712,39.7191,11.9557
2143,-614.34,39.7413,11.9583
2144,-614.967,39.7635,11.9609
2145,-615.595,39.7857,11.9634
2146,-616.223,39.8078,11.9661
2147,-616.852,39.83,11.9687
2148,-617.48,39.8521,11.9712
2149,-618.109,39.8743,11.9739
2150,-618.738,39.8964,11.9765
2151,-619.367,39.9186,11.9813
2152,-619.997,39.9407,11.9839
2153,-620.626,39.9628,11.9865
2154,-621.256,39.985,11.9891
2155,-621.886,40.0071,11.9916
2156,-622.517,40.0292,11.9943
2157,-623.147,40.0513,11.9969
2158,-623.778,40.0734,11.9995
2159,-624.409,40.0955,12.0021
2160,-625.04,40.1176,12.0048
2161,-625.672,40.1397,12.0075
2162,-626.303,40.1618,12.0101
2163,-626.935,40.1839,12.0126
2164,-627.567,40.206,12.0152
2165,-628.2,40.2281,12.0178
2166,-628.832,40.2502,12.0205
2167,-629.465,40.2723,12.0231
2168,-630.098,40.2944,12.0256
2169,-630.731,40.3164,12.0282
2170,-631.365,40.3385,12.0308
2171,-631.999,40.3606,12.0334
2172,-632.633,40.3826,12.0361
2173,-633.267,40.4047,12.0388
2174,-633.901,40.4267,12.0414
2175,-634.536,40.4488,12.0441
2176,-635.17,40.4708,12.0468
2177,-635.805,40.4929,12.0494
2178,-636.441,40.5149,12.052
2179,-637.076,40.5369,12.0546
2180,-637.712,40.559,12.0571
2181,-638.348,40.581,12.0598
2182,-638.984,40.603,12.0624
2183,-639.62,40.625,12.0651
2184,-640.257,40.647,12.0677
2185,-640.894,40.6691,12.0703
2186,-641.531,40.6911,12.0729
2187,-642.168,40.7131,12.0755
2188,-642.805,40.7351,12.078
2189,-643.443,40.7571,12.0805
2190,-644.081,40.7791,12.0831
2191,-644.719,40.801,12.0856
2192,-645.357,40.823,12.0882
2193,-645.996,40.845,12.0908
2194,-646.635,40.867,12.0934
2195,-647.274,40.889,12.0961
2196,-647.913,40.9109,12.0987
2197,-648.553,40.9329,12.1013
2198,-649.192,40.9549,12.1038
2199,-649.832,40.9768,12.1064
2200,-650.472,40.9988,12.109
2201,-651.113,41.0207,12.114
2202,-651.753,41.0427,12.1168
2203,-652.394,41.0646,12.1194
2204,-653.035,41.0866,12.122
2205,-653.676,41.1085,12.1245
2206,-654.318,41.1304,12.1272
2207,-654.959,41.1524,12.1299
2208,-655.601,41.1743,12.1325
2209,-656.243,41.1962,12.1351
2210,-656.886,41.2181,12.1376
2211,-657.528,41.24,12.1402
2212,-658.171,41.2619,12.1429
2213,-658.814,41.2838,12.1455
2214,-659.457,41.3058,12.148
2215,-660.1,41.3277,12.1507
2216,-660.744,41.3495,12.1533
2217,-661.388,41.3714,12.1559
2218,-662.032,41.3933,12.1584
2219,-662.676,41.4152,12.161
2220,-663.321,41.4371,12.1635
2221,-663.966,41.459,12.1659
2222,-664.611,41.4808,12.1685
2223,-665.256,41.5027,12.1711
2224,-665.901,41.5246,12.1737
2225,-666.547,41.5464,12.1762
2226,-667.193,41.5683,12.1787
2227,-667.839,41.5902,12.1813
2228,-668.485,41.612,12.1839
2229,-669.131,41.6339,12.1864
2230,-669.778,41.6557,12.1892
2231,-670.425,41.6776,12.1917
2232,-671.072,41.6994,12.1943
2233,-671.719,41.7212,12.197
2234,-672.367,41.7431,12.1996
2235,-673.015,41.7649,12.2023
2236,-673.663,41.7867,12.205
2237,-674.311,41.8085,12.2075
2238,-674.959,41.8303,12.2102
2239,-675.608,41.8522,12.2129
2240,-676.257,41.874,12.2155
2241,-676.906,41.8958,12.2183
2242,-677.555,41.9176,12.2208
2243,-678.205,41.9394,12.2234
2244,-678.855,41.9612,12.2261
2245,-679.505,41.983,12.2288
2246,-680.155,42.0047,12.2361
2247,-680.805,42.0265,12.2387
2248,-681.456,42.0483,12.2413
2249,-682.107,42.0701,12.2439
2250,-682.758,42.0919,12.2466
2251,-683.409,42.1136,12.2514
2252,-684.061,42.1354,12.254
2253,-684.712,42.1572,12.2566
2254,-685.364,42.1789,12.2592
2255,-686.016,42.2007,12.2618
2256,-686.669,42.2224,12.2644
2257,-687.321,42.2442,12.2669
2258,-687.974,42.2659,12.2695
2259,-688.627,42.2877,12.2721
2260,-689.28,42.3094,12.2747
2261,-689.934,42.3311,12.2773
2262,-690.587,42.3529,12.2799
2263,-691.241,42.3746,12.2825
2264,-691.895,42.3963,12.2851
2265,-692.55,42.418,12.2877
2266,-693.204,42.4397,12.2904
2267,-693.859,42.4615,12.293
2268,-694.514,42.4832,12.2957
2269,-695.169,42.5049,12.2983
2270,-695.825,42.5266,12.3009
2271,-696.48,42.5483,12.3035
2272,-697.136,42.57,12.306
2273,-697.792,42.5917,12.3085
2274,-698.448,42.6133,12.3112
2275,-699.105,42.635,12.3138
2276,-699.761,42.6567,12.3165
2277,-700.418,42.6784,12.3191
2278,-701.075,42.7001,12.3219
2279,-701.733,42.7217,12.3247
2280,-702.39,42.7434,12.3273
2281,-703.048,42.7651,12.3301
2282,-703.706,42.7867,12.3327
2283,-704.364,42.8084,12.3354
2284,-705.023,42.83,12.3381
2285,-705.681,42.8517,12.3406
2286,-706.34,42.8733,12.3434
2287,-706.999,42.895,12.346
2288,-707.658,42.9166,12.3487
2289,-708.318,42.9383,12.3514
2290,-708.978,42.9599,12.354
2291,-709.638,42.9815,12.3566
2292,-710.298,43.0031,12.3593
2293,-710.958,43.0248,12.3619
2294,-711.619,43.0464,12.3646
2295,-712.279,43.068,12.3672
2296,-712.94,43.0896,12.3699
2297,-713.602,43.1112,12.3727
2298,-714.263,43.1328,12.3754
2299,-714.925,43.1544,12.378
2300,-715.586,43.176,12.3806
2301,-716.248,43.1976,12.3858
2302,-716.911,43.2192,12.3884
2303,-717.573,43.2408,12.3911
2304,-718.236,43.2624,12.3937
2305,-718.899,43.284,12.3963
2306,-719.562,43.3056,12.3991
2307,-720.225,43.3271,12.4019
2308,-720.889,43.3487,12.4045
2309,-721.553,43.3703,12.4071
2310,-722.217,43.3918,12.4098
2311,-722.881,43.4134,12.4124
2312,-723.545,43.4349,12.4151
2313,-724.21,43.4565,12.4177
2314,-724.875,43.4781,12.42
2315,-725.54,43.4996,12.4223
2316,-726.205,43.5211,12.4247
2317,-726.87,43.5427,12.427
2318,-727.536,43.5642,12.4296
2319,-728.202,43.5858,12.4324
2320,-728.868,43.6073,12.435
2321,-729.534,43.6288,12.4377
2322,-730.201,43.6503,12.4403
2323,-730.868,43.6719,12.443
2324,-731.535,43.6934,12.4457
2325,-732.202,43.7149,12.4484
2326,-732.869,43.7364,12.4511
2327,-733.537,43.7579,12.4537
2328,-734.205,43.7794,12.4565
2329,-734.873,43.8009,12.4591
2330,-735.541,43.8224,12.4618
2331,-736.209,43.8439,12.4645
2332,-736.878,43.8654,12.4671
2333,-737.547,43.8869,12.4697
2334,-738.216,43.9084,12.4724
2335,-738.885,43.9298,12.4752
2336,-739.555,43.9513,12.4779
2337,-740.225,43.9728,12.4805
2338,-740.895,43.9943,12.4832
2339,-741.565,44.0157,12.4858
2340,-742.235,44.0372,12.4884
2341,-742.906,44.0587,12.4911
2342,-743.576,44.0801,12.4939
2343,-744.247,44.1016,12.4965
2344,-744.919,44.123,12.4993
2345,-745.59,44.1445,12.5119
2346,-746.262,44.1659,12.5162
2347,-746.934,44.1874,12.52
2348,-747.606,44.2088,12.5236
2349,-748.278,44.2302,12.5268
2350,-748.95,44.2517,12.5296
2351,-749.623,44.2731,12.5357
2352,-750.296,44.2945,12.5385
2353,-750.969,44.3159,12.5412
2354,-751.642,44.3374,12.5441
2355,-752.316,44.3588,12.5469
2356,-752.99,44.3802,12.5495
2357,-753.664,44.4016,12.5522
2358,-754.338,44.423,12.5549
2359,-755.012,44.4444,12.5576
2360,-755.687,44.4658,12.5602
2361,-756.362,44.4872,12.563
2362,-757.037,44.5086,12.5656
2363,-757.712,44.53,12.5683
2364,-758.387,44.5514,12.571
2365,-759.063,44.5727,12.5738
2366,-759.739,44.5941,12.5766
2367,-760.415,44.6155,12.5792
2368,-761.091,44.6369,12.5818
2369,-761.768,44.6582,12.5846
2370,-762.444,44.6796,12.5872
2371,-763.121,44.701,12.5899
2372,-763.798,44.7223,12.5927
2373,-764.476,44.7437,12.5954
2374,-765.153,44.765,12.598
2375,-765.831,44.7864,12.6006
2376,-766.509,44.8077,12.6033
2377,-767.187,44.8291,12.606
2378,-767.865,44.8504,12.6087
2379,-768.544,44.8717,12.6113
2380,-769.223,44.8931,12.614
2381,-769.902,44.9144,12.6167
2382,-770.581,44.9357,12.6195
2383,-771.26,44.9571,12.6223
2384,-771.94,44.9784,12.6249
2385,-772.62,44.9997,12.6275
2386,-773.3,45.021,12.63
2387,-773.98,45.0423,12.6326
2388,-774.661,45.0636,12.6351
2389,-775.341,45.0849,12.6376
2390,-776.022,45.1062,12.6401
2391,-776.703,45.1275,12.6426
2392,-777.385,45.1488,12.6451
2393,-778.066,45.1701,12.6476
2394,-778.748,45.1914,12.65
2395,-779.43,45.2127,12.6524
2396,-780.112,45.234,12.6549
2397,-780.794,45.2553,12.6574
2398,-781.477,45.2765,12.6599
2399,-782.16,45.2978,12.6624
2400,-782.843,45.3191,12.6649
2401,-783.526,45.3404,12.6697
2402,-784.209,45.3616,12.6723
2403,-784.893,45.3829,12.6748
2404,-785.577,45.4041,12.6773
2405,-786.261,45.4254,12.6799
2406,-786.945,45.4466,12.6824
2407,-787.629,45.4679,12.6849
2408,-788.314,45.4891,12.6875
2409,-788.999,45.5104,12.69
2410,-789.684,45.5316,12.6926
2411,-790.369,45.5528,12.6951
2412,-791.055,45.5741,12.6977
2413,-791.741,45.5953,12.7003
2414,-792.426,45.6165,12.7029
2415,-793.113,45.6378,12.7053
2416,-793.799,45.659,12.7079
2417,-794.485,45.6802,12.7104
2418,-795.172,45.7014,12.7128
2419,-795.859,45.7226,12.7154
2420,-796.546,45.7438,12.7178
2421,-797.234,45.765,12.7203
2422,-797.921,45.7862,12.7229
2423,-798.609,45.8074,12.7254
2424,-799.297,45.8286,12.728
2425,-799.985,45.8498,12.7304
2426,-800.673,45.871,12.733
2427,-801.362,45.8922,12.7355
2428,-802.051,45.9134,12.738
2429,-802.74,45.9346,12.7405
2430,-803.429,45.9557,12.743
2431,-804.119,45.9769,12.7455
2432,-804.808,45.9981,12.748
2433,-805.498,46.0192,12.7505
2434,-806.188,46.0404,12.753
2435,-806.878,46.0616,12.7555
2436,-807.569,46.0827,12.7581
2437,-808.26,46.1039,12.7606
2438,-808.95,46.125,12.7632
2439,-809.641,46.1462,12.7657
2440,-810.333,46.1673,12.7682
2441,-811.024,46.1885,12.7707
2442,-811.716,46.2096,12.7733
2443,-812.408,46.2308,12.7758
2444,-813.1,46.2519,12.7784
2445,-813.792,46.273,12.781
2446,-814.485,46.2941,12.7836
2447,-815.178,46.3153,12.7861
2448,-815.871,46.3364,12.7887
2449,-816.564,46.3575,12.7912
2450,-817.257,46.3786,12.7937
2451,-817.951,46.3997,12.7983
2452,-818.644,46.4209,12.8009
2453,-819.338,46.442,12.8034
2454,-820.033,46.4631,12.8059
2455,-820.727,46.4842,12.8084
2456,-821.422,46.5053,12.8109
2457,-822.116,46.5264,12.8135
2458,-822.811,46.5474,12.8161
2459,-823.507,46.5685,12.8186
2460,-824.202,46.5896,12.8211
2461,-824.898,46.6107,12.8236
2462,-825.594,46.6318,12.8261
2463,-826.29,46.6529,12.8285
2464,-826.986,46.6739,12.8311
2465,-827.682,46.695,12.8335
2466,-828.379,46.7161,12.8361
2467,-829.076,46.7371,12.8386
2468,-829.773,46.7582,12.8411
2469,-830.47,46.7793,12.8436
2470,-831.168,46.8003,12.8461
2471,-831.865,46.8214,12.8486
2472,-832.563,46.8424,12.8512
2473,-833.261,46.8635,12.8537
2474,-833.96,46.8845,12.8561
2475,-834.658,46.9055,12.8587
2476,-835.357,46.9266,12.8612
2477,-836.056,46.9476,12.8636
2478,-836.755,46.9686,12.8661
2479,-837.454,46.9897,12.8687
2480,-838.154,47.0107,12.8711
2481,-838.853,47.0317,12.8737
2482,-839.553,47.0527,12.8761
2483,-840.254,47.0738,12.8786
2484,-840.954,47.0948,12.8811
2485,-841.654,47.1158,12.8836
2486,-842.355,47.1368,12.8862
2487,-843.056,47.1578,12.8887
2488,-843.757,47.1788,12.8911
2489,-844.459,47.1998,12.8936
2490,-845.16,47.2208,12.8961
2491,-845.862,47.2418,12.8986
2492,-846.564,47.2628,12.901
2493,-847.266,47.2838,12.9035
2494,-847.969,47.3048,12.906
2495,-848.671,47.3257,12.9084
2496,-849.374,47.3467,12.9109
2497,-850.077,47.3677,12.9135
2498,-850.78,47.3887,12.916
2499,-851.484,47.4096,12.9185
2500,-852.187,47.4306,12.9208
2501,-852.891,47.4516,12.9253
2502,-853.595,47.4725,12.9278
2503,-854.299,47.4935,12.9303
2504,-855.004,47.5144,12.9328
2505,-855.709,47.5354,12.9354
2506,-856.413,47.5563,12.9378
2507,-857.118,47.5773,12.9404
2508,-857.824,47.5982,12.9429
2509,-858.529,47.6192,12.9454
2510,-859.235,47.6401,12.9478
2511,-859.941,47.6611,12.9504
2512,-860.647,47.682,12.9529
2513,-861.353,47.7029,12.9554
2514,-862.059,47.7238,12.958
2515,-862.766,47.7448,12.9605
2516,-863.473,47.7657,12.963
2517,-864.18,47.7866,12.9656
2518,-864.887,47.8075,12.9682
2519,-865.595,47.8284,12.9706
2520,-866.303,47.8493,12.9731
2521,-867.011,47.8702,12.9756
2522,-867.719,47.8912,13.0365
2523,-868.427,47.9121,13.0404
2524,-869.135,47.933,13.0433
2525,-869.844,47.9538,13.0461
2526,-870.553,47.9747,13.0487
2527,-871.262,47.9956,13.0514
2528,-871.972,48.0165,13.054
2529,-872.681,48.0374,13.0567
2530,-873.391,48.0583,13.0592
2531,-874.101,48.0792,13.0619
2532,-874.811,48.1,13.0645
2533,-875.521,48.1209,13.0671
2534,-876.232,48.1418,13.0698
2535,-876.942,48.1626,13.0725
2536,-877.653,48.1835,13.0749
2537,-878.365,48.2044,13.0775
2538,-879.076,48.2252,13.0802
2539,-879.787,48.2461,13.0828
2540,-880.499,48.2669,13.0854
2541,-881.211,48.2878,13.0878
2542,-881.923,48.3086,13.0904
2543,-882.636,48.3295,13.0929
2544,-883.348,48.3503,13.0955
2545,-884.061,48.3712,13.0981
2546,-884.774,48.392,13.1007
2547,-885.487,48.4128,13.1033
2548,-886.201,48.4337,13.1059
2549,-886.914,48.4545,13.1085
2550,-887.628,48.4753,13.111
2551,-888.342,48.4961,13.1168
2552,-889.056,48.5169,13.1194
2553,-889.77,48.5378,13.1219
2554,-890.485,48.5586,13.1245
2555,-891.2,48.5794,13.1271
2556,-891.915,48.6002,13.1297
2557,-892.63,48.621,13.1323
2558,-893.345,48.6418,13.1349
2559,-894.061,48.6626,13.1374
2560,-894.777,48.6834,13.1401
2561,-895.493,48.7042,13.1427
2562,-896.209,48.725,13.1452
2563,-896.925,48.7458,13.1478
2564,-897.642,48.7666,13.1504
2565,-898.359,48.7873,13.1529
2566,-899.076,48.8081,13.1554
2567,-899.793,48.8289,13.1581
2568,-900.51,48.8497,13.1606
2569,-901.228,48.8704,13.1632
2570,-901.946,48.8912,13.1657
2571,-902.664,48.912,13.1682
2572,-903.382,48.9327,13.1708
2573,-904.1,48.9535,13.1733
2574,-904.819,48.9743,13.1759
2575,-905.538,48.995,13.1784
2576,-906.257,49.0158,13.1809
2577,-906.976,49.0365,13.1834
2578,-907.696,49.0573,13.1859
2579,-908.415,49.078,13.1885
2580,-909.135,49.0988,13.1911
2581,-909.855,49.1195,13.1937
2582,-910.575,49.1402,13.1962
2583,-911.296,49.161,13.1988
2584,-912.016,49.1817,13.2013
2585,-912.737,49.2024,13.2039
2586,-913.458,49.2231,13.2065
2587,-914.179,49.2439,13.2091
2588,-914.901,49.2646,13.2116
2589,-915.622,49.2853,13.2141
2590,-916.344,49.306,13.2165
2591,-917.066,49.3267,13.219
2592,-917.788,49.3474,13.2215
2593,-918.511,49.3682,13.224
2594,-919.234,49.3889,13.2266
2595,-919.956,49.4096,13.2291
2596,-920.679,49.4303,13.2315
2597,-921.403,49.4509,13.2341
2598,-922.126,49.4716,13.2366
2599,-922.85,49.4923,13.2391
2600,-923.573,49.513,13.2416
2601,-924.298,49.5337,13.2465
2602,-925.022,49.5544,13.249
2603,-925.746,49.5751,13.2516
2604,-926.471,49.5957,13.254
2605,-927.196,49.6164,13.2566
2606,-927.921,49.6371,13.259
2607,-928.646,49.6578,13.2615
2608,-929.371,49.6784,13.264
2609,-930.097,49.6991,13.2665
2610,-930.823,49.7197,13.269
2611,-931.549,49.7404,13.2715
2612,-932.275,49.7611,13.274
2613,-933.001,49.7817,13.2765
2614,-933.728,49.8024,13.279
2615,-934.455,49.823,13.2814
2616,-935.182,49.8437,13.284
2617,-935.909,49.8643,13.2864
2618,-936.637,49.8849,13.2889
2619,-937.364,49.9056,13.2915
2620,-938.092,49.9262,13.294
2621,-938.82,49.9468,13.2965
2622,-939.548,49.9675,13.299
2623,-940.277,49.9881,13.3015
2624,-941.005,50.0087,13.304
2625,-941.734,50.0293,13.3065
2626,-942.463,50.05,13.309
2627,-943.192,50.0706,13.3115
2628,-943.922,50.0912,13.3141
2629,-944.651,50.1118,13.3166
2630,-945.381,50.1324,13.3192
2631,-946.111,50.153,13.3216
2632,-946.841,50.1736,13.3242
2633,-947.572,50.1942,13.3266
2634,-948.302,50.2148,13.329
2635,-949.033,50.2354,13.3317
2636,-949.764,50.256,13.3341
2637,-950.495,50.2766,13.3366
2638,-951.227,50.2972,13.339
2639,-951.959,50.3178,13.3415
2640,-952.69,50.3383,13.344
2641,-953.422,50.3589,13.3465
2642,-954.155,50.3795,13.3489
2643,-954.887,50.4001,13.3514
2644,-955.62,50.4206,13.3539
2645,-956.352,50.4412,13.3564
2646,-957.085,50.4618,13.3589
2647,-957.818,50.4823,13.3614
2648,-958.552,50.5029,13.3639
2649,-959.285,50.5235,13.3663
2650,-960.019,50.544,13.3689
2651,-960.753,50.5646,13.3735
2652,-961.487,50.5851,13.376
2653,-962.222,50.6057,13.3786
2654,-962.956,50.6262,13.3811
2655,-963.691,50.6468,13.3836
2656,-964.426,50.6673,13.3861
2657,-965.161,50.6878,13.3886
2658,-965.897,50.7084,13.3911
2659,-966.632,50.7289,13.3936
2660,-967.368,50.7494,13.396
2661,-968.104,50.77,13.3985
2662,-968.84,50.7905,13.401
2663,-969.576,50.811,13.4035
2664,-970.313,50.8315,13.4058
2665,-971.05,50.852,13.4083
2666,-971.787,50.8726,13.4108
2667,-972.524,50.8931,13.4133
2668,-973.261,50.9136,13.4158
2669,-973.999,50.9341,13.4183
2670,-974.737,50.9546,13.4208
2671,-975.474,50.9751,13.4233
2672,-976.213,50.9956,13.4258
2673,-976.951,51.0161,13.4283
2674,-977.69,51.0366,13.4308
2675,-978.428,51.0571,13.4333
2676,-979.167,51.0776,13.4357
2677,-979.906,51.098,13.4383
2678,-980.646,51.1185,13.4407
2679,-981.385,51.139,13.4432
2680,-982.125,51.1595,13.4457
2681,-982.865,51.18,13.4482
2682,-983.605,51.2004,13.4507
2683,-984.345,51.2209,13.4533
2684,-985.086,51.2414,13.4557
2685,-985.826,51.2618,13.4583
2686,-986.567,51.2823,13.4607
2687,-987.308,51.3028,13.4632
2688,-988.05,51.3232,13.4657
2689,-988.791,51.3437,13.4682
2690,-989.533,51.3641,13.4707
2691,-990.275,51.3846,13.4732
2692,-991.017,51.405,13.4758
2693,-991.759,51.4255,13.4783
2694,-992.502,51.4459,13.4808
2695,-993.244,51.4664,13.4833
2696,-993.987,51.4868,13.4858
2697,-994.73,51.5072,13.4883
2698,-995.473,51.5277,13.4908
2699,-996.217,51.5481,13.4932
2700,-996.961,51.5685,13.4957
2701,-997.704,51.589,13.5003
2702,-998.448,51.6094,13.503
2703,-999.193,51.6298,13.5055
2704,-999.937,51.6502,13.508
2705,-1000.68,51.6706,13.5105
2706,-1001.43,51.6911,13.5131
2707,-1002.17,51.7115,13.5156
2708,-1002.92,51.7319,13.5181
2709,-1003.66,51.7523,13.5207
2710,-1004.41,51.7727,13.5232
2711,-1005.15,51.7931,13.5257
2712,-1005.9,51.8135,13.5282
2713,-1006.65,51.8339,13.5307
2714,-1007.39,51.8543,13.5333
2715,-1008.14,51.8747,13.5357
2716,-1008.89,51.8951,13.5383
2717,-1009.63,51.9154,13.5408
2718,-1010.38,51.9358,13.5433
2719,-1011.13,51.9562,13.5458
2720,-1011.87,51.9766,13.5483
2721,-1012.62,51.997,13.5508
2722,-1013.37,52.0173,13.5533
2723,-1014.12,52.0377,13.5558
2724,-1014.87,52.0581,13.5582
2725,-1015.62,52.0785,13.5607
2726,-1016.36,52.0988,13.5632
2727,-1017.11,52.1192,13.5656
2728,-1017.86,52.1395,13.5681
2729,-1018.61,52.1599,13.5706
2730,-1019.36,52.1803,13.5731
2731,-1020.11,52.2006,13.5756
2732,-1020.86,52.221,13.5781
2733,-1021.61,52.2413,13.5807
2734,-1022.36,52.2616,13.5832
2735,-1023.11,52.282,13.5857
2736,-1023.86,52.3023,13.5882
2737,-1024.61,52.3227,13.5907
2738,-1025.36,52.343,13.5933
2739,-1026.12,52.3633,13.5958
2740,-1026.87,52.3837,13.5982
2741,-1027.62,52.404,13.6007
2742,-1028.37,52.4243,13.6032
2743,-1029.12,52.4446,13.6057
2744,-1029.88,52.465,13.6082
2745,-1030.63,52.4853,13.6107
2746,-1031.38,52.5056,13.6132
2747,-1032.13,52.5259,13.6157
2748,-1032.89,52.5462,13.6182
2749,-1033.64,52.5665,13.6207
2750,-1034.39,52.5868,13.6232
2751,-1035.15,52.6071,13.6281
2752,-1035.9,52.6274,13.6306
2753,-1036.65,52.6477,13.6331
2754,-1037.41,52.668,13.6357
2755,-1038.16,52.6883,13.6382
2756,-1038.92,52.7086,13.6407
2757,-1039.67,52.7289,13.6432
2758,-1040.43,52.7492,13.6457
2759,-1041.18,52.7695,13.6482
2760,-1041.94,52.7898,13.6507
2761,-1042.69,52.8101,13.6532
2762,-1043.45,52.8303,13.6557
2763,-1044.21,52.8506,13.6582
2764,-1044.96,52.8709,17.5984
2765,-1045.72,52.8912,17.604
2766,-1046.47,52.9114,17.6092
2767,-1047.23,52.9317,17.6139
2768,-1047.99,52.9519,17.6179
2769,-1048.75,52.9722,17.6218
2770,-1049.5,52.9925,17.6256
2771,-1050.26,53.0127,17.6295
2772,-1051.02,53.033,17.6333
2773,-1051.78,53.0532,17.6369
2774,-1052.53,53.0735,17.6406
2775,-1053.29,53.0937,17.6442
2776,-1054.05,53.114,17.6476
2777,-1054.81,53.1342,17.6513
2778,-1055.57,53.1545,17.6549
2779,-1056.33,53.1747,17.6586
2780,-1057.09,53.1949,17.668
2781,-1057.85,53.2152,17.6719
2782,-1058.61,53.2354,17.6755
2783,-1059.37,53.2556,17.6791
2784,-1060.13,53.2758,17.6826
2785,-1060.89,53.2961,17.6862
2786,-1061.65,53.3163,17.6899
2787,-1062.41,53.3365,17.6935
2788,-1063.17,53.3567,17.6971
2789,-1063.93,53.3769,17.7008
2790,-1064.69,53.3972,17.7043
2791,-1065.45,53.4174,17.708
2792,-1066.21,53.4376,17.7118
2793,-1066.97,53.4578,17.7156
2794,-1067.74,53.478,17.7192
2795,-1068.5,53.4982,17.7229
2796,-1069.26,53.5184,17.7266
2797,-1070.02,53.5386,17.7301
2798,-1070.79,53.5588,17.7429
2799,-1071.55,53.579,17.7466
2800,-1072.31,53.5991,17.7502
2801,-1073.08,53.6193,17.7768
2802,-1073.84,53.6395,17.7813
2803,-1074.6,53.6597,17.7848
2804,-1075.37,53.6799,17.7878
2805,-1076.13,53.7001,17.7904
2806,-1076.9,53.7202,17.7932
2807,-1077.66,53.7404,17.7959
2808,-1078.42,53.7606,17.7985
2809,-1079.19,53.7807,17.8012
2810,-1079.95,53.8009,17.8038
2811,-1080.72,53.8211,17.8064
2812,-1081.49,53.8412,17.8091
2813,-1082.25,53.8614,17.8117
2814,-1083.02,53.8815,17.8143
2815,-1083.78,53.9017,17.8169
2816,-1084.55,53.9219,17.8194
2817,-1085.32,53.942,17.822
2818,-1086.08,53.9622,17.8246
2819,-1086.85,53.9823,17.8272
2820,-1087.62,54.0024,17.8298
2821,-1088.38,54.0226,17.8324
2822,-1089.15,54.0427,17.835
2823,-1089.92,54.0629,17.8375
2824,-1090.69,54.083,17.84
2825,-1091.45,54.1031,17.8426
2826,-1092.22,54.1232,17.8452
2827,-1092.99,54.1434,17.8477
2828,-1093.76,54.1635,17.8503
2829,-1094.53,54.1836,17.8529
2830,-1095.3,54.2037,17.8555
2831,-1096.07,54.2239,17.8581
2832,-1096.84,54.244,17.8606
2833,-1097.6,54.2641,17.8631
2834,-1098.37,54.2842,17.8656
2835,-1099.14,54.3043,17.868
2836,-1099.91,54.3244,17.8704
2837,-1100.68,54.3445,17.8729
2838,-1101.46,54.3646,17.8755
2839,-1102.23,54.3847,17.8781
2840,-1103,54.4048,17.8806
2841,-1103.77,54.4249,17.8834
2842,-1104.54,54.445,17.8858
2843,-1105.31,54.4651,17.8883
2844,-1106.08,54.4852,17.8909
2845,-1106.85,54.5053,17.8935
2846,-1107.63,54.5254,17.896
2847,-1108.4,54.5454,17.8986
2848,-1109.17,54.5655,17.9011
2849,-1109.94,54.5856,17.9036
2850,-1110.72,54.6057,17.9061
2851,-1111.49,54.6258,17.9126
2852,-1112.26,54.6458,17.9153
2853,-1113.04,54.6659,17.9178
2854,-1113.81,54.686,17.9203
2855,-1114.58,54.706,17.9228
2856,-1115.36,54.7261,17.9254
2857,-1116.13,54.7461,17.9278
2858,-1116.9,54.7662,17.9303
2859,-1117.68,54.7863,17.9328
2860,-1118.45,54.8063,17.9353
2861,-1119.23,54.8264,17.9378
2862,-1120,54.8464,17.9403
2863,-1120.78,54.8665,17.9428
2864,-1121.55,54.8865,17.9453
2865,-1122.33,54.9065,17.9478
2866,-1123.11,54.9266,17.9503
2867,-1123.88,54.9466,17.9528
2868,-1124.66,54.9667,17.9552
2869,-1125.43,54.9867,17.9577
2870,-1126.21,55.0067,17.9602
2871,-1126.99,55.0267,17.9627
2872,-1127.77,55.0468,17.9651
2873,-1128.54,55.0668,17.9675
2874,-1129.32,55.0868,17.97
2875,-1130.1,55.1068,17.9725
2876,-1130.88,55.1269,17.9751
2877,-1131.65,55.1469,17.9776
2878,-1132.43,55.1669,17.98
2879,-1133.21,55.1869,17.9826
2880,-1133.99,55.2069,17.9851
2881,-1134.77,55.2269,17.9876
2882,-1135.55,55.2469,17.997
2883,-1136.32,55.2669,18.001
2884,-1137.1,55.2869,18.0046
2885,-1137.88,55.3069,18.0075
2886,-1138.66,55.3269,18.0102
2887,-1139.44,55.3469,18.0128
2888,-1140.22,55.3669,18.0155
2889,-1141,55.3869,18.0181
2890,-1141.78,55.4069,18.0208
2891,-1142.56,55.4269,18.0234
2892,-1143.35,55.4469,18.026
2893,-1144.13,55.4668,18.0285
2894,-1144.91,55.4868,18.0312
2895,-1145.69,55.5068,18.0337
2896,-1146.47,55.5268,18.0362
2897,-1147.25,55.5467,18.0388
2898,-1148.03,55.5667,18.0412
2899,-1148.82,55.5867,18.0438
2900,-1149.6,55.6066,18.0464
2901,-1150.38,55.6266,18.053
2902,-1151.16,55.6466,18.0555
2903,-1151.95,55.6665,18.0581
2904,-1152.73,55.6865,18.0606
2905,-1153.51,55.7064,18.0632
2906,-1154.3,55.7264,18.0657
2907,-1155.08,55.7463,18.0682
2908,-1155.86,55.7663,18.0708
2909,-1156.65,55.7862,18.0734
2910,-1157.43,55.8062,18.0759
2911,-1158.22,55.8261,18.0784
2912,-1159,55.8461,18.0809
2913,-1159.79,55.866,18.0834
2914,-1160.57,55.8859,18.0859
2915,-1161.36,55.9059,18.0884
2916,-1162.14,55.9258,18.0909
2917,-1162.93,55.9457,18.0934
2918,-1163.71,55.9657,18.0959
2919,-1164.5,55.9856,18.0983
2920,-1165.29,56.0055,18.1009
2921,-1166.07,56.0254,18.1034
2922,-1166.86,56.0453,18.1058
2923,-1167.64,56.0653,18.1083
2924,-1168.43,56.0852,18.1108
2925,-1169.22,56.1051,18.1133
2926,-1170.01,56.125,18.1158
2927,-1170.79,56.1449,18.1183
2928,-1171.58,56.1648,18.1209
2929,-1172.37,56.1847,18.1234
2930,-1173.16,56.2046,18.1259
2931,-1173.95,56.2245,18.1284
2932,-1174.73,56.2444,18.1309
2933,-1175.52,56.2643,18.1334
2934,-1176.31,56.2842,18.1359
2935,-1177.1,56.3041,18.1383
2936,-1177.89,56.324,18.1409
2937,-1178.68,56.3439,18.1434
2938,-1179.47,56.3638,18.1459
2939,-1180.26,56.3837,18.1484
2940,-1181.05,56.4035,18.1509
2941,-1181.84,56.4234,18.1535
2942,-1182.63,56.4433,18.156
2943,-1183.42,56.4632,18.1584
2944,-1184.21,56.483,18.161
2945,-1185,56.5029,18.1634
2946,-1185.79,56.5228,18.166
2947,-1186.58,56.5426,18.1685
2948,-1187.37,56.5625,18.171
2949,-1188.17,56.5824,18.1735
2950,-1188.96,56.6022,18.176
2951,-1189.75,56.6221,18.1926
2952,-1190.54,56.6419,18.1966
2953,-1191.33,56.6618,18.1996
2954,-1192.13,56.6817,18.2022
2955,-1192.92,56.7015,18.2047
2956,-1193.71,56.7213,18.2073
2957,-1194.51,56.7412,18.2098
2958,-1195.3,56.761,18.2123
2959,-1196.09,56.7809,18.2149
2960,-1196.89,56.8007,18.2175
2961,-1197.68,56.8206,18.2201
2962,-1198.47,56.8404,18.2227
2963,-1199.27,56.8602,18.2252
2964,-1200.06,56.8801,18.2277
2965,-1200.86,56.8999,18.2302
2966,-1201.65,56.9197,18.2328
2967,-1202.45,56.9395,18.2353
2968,-1203.24,56.9594,18.2378
2969,-1204.04,56.9792,18.2403
2970,-1204.83,56.999,18.2427
2971,-1205.63,57.0188,18.2453
2972,-1206.43,57.0386,18.2477
2973,-1207.22,57.0584,18.2502
2974,-1208.02,57.0783,18.2527
2975,-1208.81,57.0981,18.2552
2976,-1209.61,57.1179,18.2576
2977,-1210.41,57.1377,18.2601
2978,-1211.21,57.1575,18.2627
2979,-1212,57.1773,18.2651
2980,-1212.8,57.1971,18.2677
2981,-1213.6,57.2169,18.2703
2982,-1214.4,57.2367,18.2729
2983,-1215.19,57.2565,18.2754
2984,-1215.99,57.2763,18.2777
2985,-1216.79,57.296,18.2802
2986,-1217.59,57.3158,18.2827
2987,-1218.39,57.3356,18.2852
2988,-1219.19,57.3554,18.2877
2989,-1219.99,57.3752,18.2902
2990,-1220.79,57.395,18.2927
2991,-1221.59,57.4147,18.2952
2992,-1222.38,57.4345,18.2979
2993,-1223.18,57.4543,18.3004
2994,-1223.98,57.4741,18.3029
2995,-1224.79,57.4938,18.3054
2996,-1225.59,57.5136,18.3135
2997,-1226.39,57.5334,18.3176
2998,-1227.19,57.5531,18.3209
2999,-1227.99,57.5729,18.3237
3000,-1228.79,57.5926,18.3262
3001,-1229.59,57.6124,18.3335
3002,-1230.39,57.6321,18.3363
3003,-1231.19,57.6519,18.339
3004,-1232,57.6717,18.3416
3005,-1232.8,57.6914,18.3444
3006,-1233.6,57.7111,18.3472
3007,-1234.4,57.7309,18.3498
3008,-1235.21,57.7506,18.3524
3009,-1236.01,57.7704,18.355
3010,-1236.81,57.7901,18.3576
3011,-1237.62,57.8098,18.3601
3012,-1238.42,57.8296,18.3628
3013,-1239.22,57.8493,18.3652
3014,-1240.03,57.869,18.3677
3015,-1240.83,57.8888,18.3703
3016,-1241.64,57.9085,18.3728
3017,-1242.44,57.9282,18.3753
3018,-1243.24,57.9479,18.3779
3019,-1244.05,57.9677,18.3804
3020,-1244.85,57.9874,18.3829
3021,-1245.66,58.0071,18.3853
3022,-1246.46,58.0268,18.3879
3023,-1247.27,58.0465,18.3903
3024,-1248.08,58.0662,18.3929
3025,-1248.88,58.086,18.3955
3026,-1249.69,58.1057,18.398
3027,-1250.49,58.1254,18.4006
3028,-1251.3,58.1451,18.4031
3029,-1252.11,58.1648,18.4057
3030,-1252.91,58.1845,18.4082
3031,-1253.72,58.2042,18.4108
3032,-1254.53,58.2239,18.4132
3033,-1255.34,58.2436,18.4158
3034,-1256.14,58.2632,18.4183
3035,-1256.95,58.2829,18.4209
3036,-1257.76,58.3026,18.4235
3037,-1258.57,58.3223,18.426
3038,-1259.38,58.342,18.4285
3039,-1260.19,58.3617,18.431
3040,-1260.99,58.3813,18.4336
3041,-1261.8,58.401,18.4361
3042,-1262.61,58.4207,18.4385
3043,-1263.42,58.4404,18.4409
3044,-1264.23,58.46,18.4433
3045,-1265.04,58.4797,18.4458
3046,-1265.85,58.4994,18.4483
3047,-1266.66,58.5191,18.4508
3048,-1267.47,58.5387,18.4533
3049,-1268.28,58.5584,18.4559
3050,-1269.09,58.578,18.4584
3051,-1269.9,58.5977,18.4742
3052,-1270.71,58.6174,18.4782
3053,-1271.52,58.637,18.4817
3054,-1272.34,58.6567,18.4846
3055,-1273.15,58.6763,18.4872
3056,-1273.96,58.696,18.4898
3057,-1274.77,58.7156,18.4924
3058,-1275.58,58.7352,18.4948
3059,-1276.4,58.7549,18.4973
3060,-1277.21,58.7745,18.4998
3061,-1278.02,58.7942,18.5023
3062,-1278.83,58.8138,18.5049
3063,-1279.65,58.8334,18.5074
3064,-1280.46,58.8531,18.5099
3065,-1281.27,58.8727,18.5126
3066,-1282.09,58.8923,18.5151
3067,-1282.9,58.912,18.5176
3068,-1283.71,58.9316,18.5201
3069,-1284.53,58.9512,18.5226
3070,-1285.34,58.9708,18.5252
3071,-1286.16,58.9905,18.5277
3072,-1286.97,59.0101,18.5301
3073,-1287.79,59.0297,18.5326
3074,-1288.6,59.0493,18.5523
3075,-1289.42,59.0689,18.5564
3076,-1290.23,59.0885,18.5599
3077,-1291.05,59.1081,18.5628
3078,-1291.87,59.1277,18.5655
3079,-1292.68,59.1473,18.5682
3080,-1293.5,59.1669,18.5708
3081,-1294.31,59.1865,18.5736
3082,-1295.13,59.2061,18.5762
3083,-1295.95,59.2257,18.5787
3084,-1296.76,59.2453,18.5812
3085,-1297.58,59.2649,18.5838
3086,-1298.4,59.2845,18.5863
3087,-1299.22,59.3041,18.5888
3088,-1300.03,59.3237,18.5914
3089,-1300.85,59.3433,18.594
3090,-1301.67,59.3629,18.5965
3091,-1302.49,59.3825,18.599
3092,-1303.31,59.402,18.6017
3093,-1304.13,59.4216,18.6042
3094,-1304.94,59.4412,18.6068
3095,-1305.76,59.4608,18.6094
3096,-1306.58,59.4803,18.612
3097,-1307.4,59.4999,18.6145
3098,-1308.22,59.5195,18.6171
3099,-1309.04,59.539,18.6196
3100,-1309.86,59.5586,18.6221
3101,-1310.68,59.5782,18.6288
3102,-1311.5,59.5977,18.6314
3103,-1312.32,59.6173,18.634
3104,-1313.14,59.6368,18.6365
3105,-1313.96,59.6564,18.639
3106,-1314.78,59.676,18.6415
3107,-1315.61,59.6955,18.644
3108,-1316.43,59.7151,18.6465
3109,-1317.25,59.7346,18.6491
3110,-1318.07,59.7542,18.6516
3111,-1318.89,59.7737,18.6541
3112,-1319.71,59.7932,18.6566
3113,-1320.54,59.8128,18.659
3114,-1321.36,59.8323,18.6616
3115,-1322.18,59.8519,18.6641
3116,-1323.01,59.8714,18.6665
3117,-1323.83,59.8909,18.669
3118,-1324.65,59.9105,18.6715
3119,-1325.47,59.93,18.674
3120,-1326.3,59.9495,18.6765
3121,-1327.12,59.969,18.679
3122,-1327.95,59.9886,18.6815
3123,-1328.77,60.0081,18.684
3124,-1329.6,60.0276,18.6865
3125,-1330.42,60.0471,18.6891
3126,-1331.24,60.0666,18.6916
3127,-1332.07,60.0862,18.6941
3128,-1332.89,60.1057,18.6966
3129,-1333.72,60.1252,18.6991
3130,-1334.55,60.1447,18.7016
3131,-1335.37,60.1642,18.7041
3132,-1336.2,60.1837,18.7066
3133,-1337.02,60.2032,18.7091
3134,-1337.85,60.2227,18.7116
3135,-1338.68,60.2422,18.7141
3136,-1339.5,60.2617,18.7166
3137,-1340.33,60.2812,18.719
3138,-1341.16,60.3007,18.7215
3139,-1341.98,60.3202,18.724
3140,-1342.81,60.3397,18.7264
3141,-1343.64,60.3592,18.7289
3142,-1344.47,60.3787,18.7313
3143,-1345.29,60.3981,18.7338
3144,-1346.12,60.4176,18.7363
3145,-1346.95,60.4371,18.7387
3146,-1347.78,60.4566,18.7412
3147,-1348.61,60.4761,18.7435
3148,-1349.44,60.4956,18.7461
3149,-1350.26,60.515,18.7486
3150,-1351.09,60.5345,18.7511
3151,-1351.92,60.554,18.7673
3152,-1352.75,60.5734,18.7715
3153,-1353.58,60.5929,18.7743
3154,-1354.41,60.6124,18.7769
3155,-1355.24,60.6318,18.7795
3156,-1356.07,60.6513,18.7819
3157,-1356.9,60.6708,18.7845
3158,-1357.73,60.6902,18.7873
3159,-1358.57,60.7097,18.7899
3160,-1359.4,60.7291,18.7924
3161,-1360.23,60.7486,18.795
3162,-1361.06,60.768,18.7976
3163,-1361.89,60.7875,18.8001
3164,-1362.72,60.8069,18.8027
3165,-1363.55,60.8264,18.8052
3166,-1364.39,60.8458,18.8076
3167,-1365.22,60.8653,18.8101
3168,-1366.05,60.8847,18.8126
3169,-1366.88,60.9041,18.8151
3170,-1367.72,60.9236,18.8176
3171,-1368.55,60.943,18.8201
3172,-1369.38,60.9625,18.8226
3173,-1370.22,60.9819,18.8252
3174,-1371.05,61.0013,18.8277
3175,-1371.88,61.0207,18.8303
3176,-1372.72,61.0402,18.8328
3177,-1373.55,61.0596,18.8353
3178,-1374.39,61.079,18.8378
3179,-1375.22,61.0984,18.8403
3180,-1376.06,61.1179,18.8428
3181,-1376.89,61.1373,18.8454
3182,-1377.73,61.1567,18.8479
3183,-1378.56,61.1761,18.8504
3184,-1379.4,61.1955,18.8529
3185,-1380.23,61.2149,18.8555
3186,-1381.07,61.2343,18.858
3187,-1381.9,61.2537,18.8606
3188,-1382.74,61.2731,18.8631
3189,-1383.58,61.2926,18.8655
3190,-1384.41,61.312,18.868
3191,-1385.25,61.3314,18.8705
3192,-1386.09,61.3508,18.8731
3193,-1386.92,61.3701,18.8757
3194,-1387.76,61.3895,18.8781
3195,-1388.6,61.4089,18.8806
3196,-1389.44,61.4283,18.8831
3197,-1390.27,61.4477,18.8856
3198,-1391.11,61.4671,18.888
3199,-1391.95,61.4865,18.8906
3200,-1392.79,61.5059,18.893
3201,-1393.63,61.5253,18.8993
3202,-1394.47,61.5446,18.9019
3203,-1395.31,61.564,18.9044
3204,-1396.14,61.5834,18.9069
3205,-1396.98,61.6028,18.9093
3206,-1397.82,61.6221,18.9118
3207,-1398.66,61.6415,18.9143
3208,-1399.5,61.6609,18.9167
3209,-1400.34,61.6803,18.9192
3210,-1401.18,61.6996,18.9218
3211,-1402.02,61.719,18.9242
3212,-1402.86,61.7383,18.9267
3213,-1403.71,61.7577,18.9292
3214,-1404.55,61.7771,18.9316
3215,-1405.39,61.7964,18.934
3216,-1406.23,61.8158,18.9363
3217,-1407.07,61.8351,18.9386
3218,-1407.91,61.8545,18.941
3219,-1408.75,61.8738,18.9436
3220,-1409.6,61.8932,18.946
3221,-1410.44,61.9125,18.9487
3222,-1411.28,61.9319,18.9512
3223,-1412.12,61.9512,18.9538
3224,-1412.97,61.9706,18.9563
3225,-1413.81,61.9899,18.9588
3226,-1414.65,62.0093,18.9613
3227,-1415.5,62.0286,18.9638
3228,-1416.34,62.0479,18.9664
3229,-1417.18,62.0673,18.9689
3230,-1418.03,62.0866,18.9714
3231,-1418.87,62.1059,18.9739
3232,-1419.72,62.1253,18.9764
3233,-1420.56,62.1446,18.9789
3234,-1421.4,62.1639,18.9814
3235,-1422.25,62.1832,18.9839
3236,-1423.09,62.2025,18.9864
3237,-1423.94,62.2219,18.9889
3238,-1424.78,62.2412,18.9914
3239,-1425.63,62.2605,18.9939
3240,-1426.48,62.2798,18.9964
3241,-1427.32,62.2991,18.9989
3242,-1428.17,62.3184,19.0014
3243,-1429.01,62.3378,19.004
3244,-1429.86,62.3571,19.0065
3245,-1430.71,62.3764,19.009
3246,-1431.55,62.3957,19.0116
3247,-1432.4,62.415,19.0141
3248,-1433.25,62.4343,19.0167
3249,-1434.1,62.4536,19.0192
3250,-1434.94,62.4729,19.0217
3251,-1435.79,62.4922,19.0277
3252,-1436.64,62.5115,19.0303
3253,-1437.49,62.5308,19.0328
3254,-1438.34,62.5501,19.0353
3255,-1439.18,62.5693,19.0378
3256,-1440.03,62.5886,19.0403
3257,-1440.88,62.6079,19.0427
3258,-1441.73,62.6272,19.0452
3259,-1442.58,62.6465,19.0477
3260,-1443.43,62.6658,19.0503
3261,-1444.28,62.685,19.0527
3262,-1445.13,62.7043,19.0553
3263,-1445.98,62.7236,19.0578
3264,-1446.83,62.7429,19.0603
3265,-1447.68,62.7621,19.0628
3266,-1448.53,62.7814,19.0653
3267,-1449.38,62.8007,19.0679
3268,-1450.23,62.82,19.0705
3269,-1451.08,62.8392,19.0731
3270,-1451.93,62.8585,19.0756
3271,-1452.78,62.8777,19.0781
3272,-1453.64,62.897,19.0806
3273,-1454.49,62.9163,19.0832
3274,-1455.34,62.9355,19.0856
3275,-1456.19,62.9548,19.0881
3276,-1457.04,62.974,19.0907
3277,-1457.9,62.9933,19.0932
3278,-1458.75,63.0125,19.0957
3279,-1459.6,63.0318,19.0982
3280,-1460.46,63.051,19.1007
3281,-1461.31,63.0703,19.1033
3282,-1462.16,63.0895,19.1058
3283,-1463.02,63.1088,19.1083
3284,-1463.87,63.128,19.1108
3285,-1464.72,63.1473,19.1134
3286,-1465.58,63.1665,19.116
3287,-1466.43,63.1857,19.1185
3288,-1467.29,63.205,19.1211
3289,-1468.14,63.2242,19.1237
3290,-1469,63.2434,19.1262
3291,-1469.85,63.2627,19.1289
3292,-1470.71,63.2819,19.1313
3293,-1471.56,63.3011,19.1339
3294,-1472.42,63.3203,19.1365
3295,-1473.27,63.3396,19.1389
3296,-1474.13,63.3588,19.1414
3297,-1474.98,63.378,19.1439
3298,-1475.84,63.3972,19.1463
3299,-1476.7,63.4164,19.1488
3300,-1477.55,63.4356,19.1514
3301,-1478.41,63.4549,19.1572
3302,-1479.27,63.4741,19.1598
3303,-1480.13,63.4933,19.1622
3304,-1480.98,63.5125,19.1647
3305,-1481.84,63.5317,19.1671
3306,-1482.7,63.5509,19.1696
3307,-1483.56,63.5701,19.1721
3308,-1484.41,63.5893,19.1746
3309,-1485.27,63.6085,19.1771
3310,-1486.13,63.6277,19.1796
3311,-1486.99,63.6469,19.182
3312,-1487.85,63.6661,19.1844
3313,-1488.71,63.6853,19.1869
3314,-1489.57,63.7045,19.1894
3315,-1490.43,63.7237,19.1919
3316,-1491.29,63.7429,19.1944
3317,-1492.15,63.7621,19.1969
3318,-1493.01,63.7812,19.1993
3319,-1493.87,63.8004,19.2018
3320,-1494.73,63.8196,19.2043
3321,-1495.59,63.8388,19.2068
3322,-1496.45,63.858,19.2093
3323,-1497.31,63.8771,19.2118
3324,-1498.17,63.8963,19.2143
3325,-1499.03,63.9155,19.2168
3326,-1499.89,63.9347,19.2194
3327,-1500.75,63.9538,19.2218
3328,-1501.61,63.973,19.2244
3329,-1502.48,63.9922,19.2268
3330,-1503.34,64.0113,19.2293
3331,-1504.2,64.0305,19.2319
3332,-1505.06,64.0497,19.2345
3333,-1505.93,64.0688,19.2371
3334,-1506.79,64.088,19.2395
3335,-1507.65,64.1071,19.2421
3336,-1508.52,64.1263,19.2445
3337,-1509.38,64.1455,19.2471
3338,-1510.24,64.1646,19.2496
3339,-1511.11,64.1838,19.2521
3340,-1511.97,64.2029,19.2546
3341,-1512.83,64.2221,19.257
3342,-1513.7,64.2412,19.2596
3343,-1514.56,64.2604,19.2621
3344,-1515.43,64.2795,19.2647
3345,-1516.29,64.2986,19.2672
3346,-1517.16,64.3178,19.2697
3347,-1518.02,64.3369,19.2721
3348,-1518.89,64.3561,19.2747
3349,-1519.75,64.3752,19.2772
3350,-1520.62,64.3943,19.2848
3351,-1521.49,64.4135,19.293
3352,-1522.35,64.4326,19.296
3353,-1523.22,64.4517,19.2985
3354,-1524.08,64.4708,19.301
3355,-1524.95,64.49,19.3036
3356,-1525.82,64.5091,19.3061
3357,-1526.68,64.5282,19.3086
3358,-1527.55,64.5473,19.3111
3359,-1528.42,64.5665,19.3137
3360,-1529.29,64.5856,19.3161
3361,-1530.15,64.6047,19.3187
3362,-1531.02,64.6238,19.3212
3363,-1531.89,64.6429,19.3238
3364,-1532.76,64.662,19.3263
3365,-1533.63,64.6811,19.3288
3366,-1534.5,64.7003,19.3313
3367,-1535.36,64.7194,19.3338
3368,-1536.23,64.7385,19.3363
3369,-1537.1,64.7576,19.3388
3370,-1537.97,64.7767,19.3413
3371,-1538.84,64.7958,19.3438
3372,-1539.71,64.8149,19.3463
3373,-1540.58,64.834,19.3487
3374,-1541.45,64.8531,19.3512
3375,-1542.32,64.8722,19.3537
3376,-1543.19,64.8913,19.3562
3377,-1544.06,64.9104,19.3586
3378,-1544.93,64.9294,19.3611
3379,-1545.8,64.9485,19.3636
3380,-1546.68,64.9676,19.3661
3381,-1547.55,64.9867,19.3686
3382,-1548.42,65.0058,19.371
3383,-1549.29,65.0249,19.3736
3384,-1550.16,65.0439,19.3761
3385,-1551.03,65.063,19.3786
3386,-1551.91,65.0821,19.3811
3387,-1552.78,65.1012,19.3836
3388,-1553.65,65.1203,19.3861
3389,-1554.52,65.1393,19.3886
3390,-1555.4,65.1584,19.3911
3391,-1556.27,65.1775,19.3936
3392,-1557.14,65.1965,19.3961
3393,-1558.02,65.2156,19.3986
3394,-1558.89,65.2347,19.4011
3395,-1559.77,65.2537,19.4036
3396,-1560.64,65.2728,19.4061
3397,-1561.51,65.2919,19.4086
3398,-1562.39,65.3109,19.4111
3399,-1563.26,65.33,19.4136
3400,-1564.14,65.349,19.4161
3401,-1565.01,65.3681,19.4211
3402,-1565.89,65.3871,19.4237
3403,-1566.76,65.4062,19.4262
3404,-1567.64,65.4252,19.4287
3405,-1568.51,65.4443,19.4312
3406,-1569.39,65.4633,19.4337
3407,-1570.27,65.4824,19.4362
3408,-1571.14,65.5014,19.4387
3409,-1572.02,65.5205,19.4412
3410,-1572.89,65.5395,19.4438
3411,-1573.77,65.5585,19.4463
3412,-1574.65,65.5776,19.4487
3413,-1575.53,65.5966,19.4513
3414,-1576.4,65.6157,19.4538
3415,-1577.28,65.6347,19.4563
3416,-1578.16,65.6537,19.4589
3417,-1579.04,65.6727,19.4614
3418,-1579.91,65.6918,19.4638
3419,-1580.79,65.7108,19.4663
3420,-1581.67,65.7298,19.4688
3421,-1582.55,65.7489,19.4712
3422,-1583.43,65.7679,19.4737
3423,-1584.31,65.7869,19.4762
3424,-1585.19,65.8059,19.4787
3425,-1586.06,65.8249,19.4812
3426,-1586.94,65.8439,19.4838
3427,-1587.82,65.863,19.4862
3428,-1588.7,65.882,19.4887
3429,-1589.58,65.901,19.4912
3430,-1590.46,65.92,19.4937
3431,-1591.34,65.939,19.4961
3432,-1592.22,65.958,19.4986
3433,-1593.11,65.977,19.5011
3434,-1593.99,65.996,19.5038
3435,-1594.87,66.015,19.5062
3436,-1595.75,66.034,19.5088
3437,-1596.63,66.053,19.5112
3438,-1597.51,66.072,19.5138
3439,-1598.39,66.091,19.5163
3440,-1599.28,66.11,19.5188
3441,-1600.16,66.129,19.5214
3442,-1601.04,66.148,19.5238
3443,-1601.92,66.167,19.5263
3444,-1602.81,66.186,19.5288
3445,-1603.69,66.205,19.5313
3446,-1604.57,66.224,19.5339
3447,-1605.45,66.2429,19.5364
3448,-1606.34,66.2619,19.5389
3449,-1607.22,66.2809,19.5414
3450,-1608.1,66.2999,19.5439
3451,-1608.99,66.3189,19.5487
3452,-1609.87,66.3378,19.5513
3453,-1610.76,66.3568,19.5538
3454,-1611.64,66.3758,19.5563
3455,-1612.53,66.3948,19.5589
3456,-1613.41,66.4137,19.5613
3457,-1614.3,66.4327,19.5638
3458,-1615.18,66.4517,19.5664
3459,-1616.07,66.4706,19.5689
3460,-1616.95,66.4896,19.5714
3461,-1617.84,66.5086,19.5739
3462,-1618.72,66.5275,19.5764
3463,-1619.61,66.5465,19.5788
3464,-1620.5,66.5655,19.5813
3465,-1621.38,66.5844,19.5838
3466,-1622.27,66.6034,19.5863
3467,-1623.16,66.6223,19.5888
3468,-1624.04,66.6413,19.5913
3469,-1624.93,66.6602,19.5938
3470,-1625.82,66.6792,19.5962
3471,-1626.71,66.6981,19.5987
3472,-1627.59,66.7171,19.6012
3473,-1628.48,66.736,19.6037
3474,-1629.37,66.755,19.6062
3475,-1630.26,66.7739,19.6087
3476,-1631.15,66.7929,19.6112
3477,-1632.03,66.8118,19.6137
3478,-1632.92,66.8307,19.6162
3479,-1633.81,66.8497,19.6187
3480,-1634.7,66.8686,19.6212
3481,-1635.59,66.8875,19.6237
3482,-1636.48,66.9065,19.6262
3483,-1637.37,66.9254,19.6286
3484,-1638.26,66.9443,19.6311
3485,-1639.15,66.9633,19.6336
3486,-1640.04,66.9822,19.6361
3487,-1640.93,67.0011,19.6386
3488,-1641.82,67.02,19.6411
3489,-1642.71,67.039,19.6436
3490,-1643.6,67.0579,19.6462
3491,-1644.49,67.0768,19.6487
3492,-1645.38,67.0957,19.6512
3493,-1646.28,67.1146,19.6537
3494,-1647.17,67.1336,19.6562
3495,-1648.06,67.1525,19.6587
3496,-1648.95,67.1714,19.6612
3497,-1649.84,67.1903,19.6637
3498,-1650.74,67.2092,19.6661
3499,-1651.63,67.2281,19.6686
3500,-1652.52,67.247,19.6711
3501,-1653.41,67.2659,19.6759
3502,-1654.31,67.2848,19.6784
3503,-1655.2,67.3037,19.6809
3504,-1656.09,67.3226,19.6835
3505,-1656.99,67.3415,19.686
3506,-1657.88,67.3604,19.6885
3507,-1658.77,67.3793,19.6911
3508,-1659.67,67.3982,19.6936
3509,-1660.56,67.4171,19.6961
3510,-1661.46,67.436,19.6986
3511,-1662.35,67.4549,19.7011
3512,-1663.25,67.4738,19.7036
3513,-1664.14,67.4927,19.7061
3514,-1665.04,67.5116,19.7086
3515,-1665.93,67.5304,19.7112
3516,-1666.83,67.5493,19.7137
3517,-1667.72,67.5682,19.7162
3518,-1668.62,67.5871,19.7187
3519,-1669.52,67.606,19.7212
3520,-1670.41,67.6248,19.7237
3521,-1671.31,67.6437,19.7262
3522,-1672.21,67.6626,19.7287
3523,-1673.1,67.6815,19.741
3524,-1674,67.7003,19.745
3525,-1674.9,67.7192,19.7486
3526,-1675.79,67.7381,19.7515
3527,-1676.69,67.757,19.7543
3528,-1677.59,67.7758,19.7571
3529,-1678.49,67.7947,19.7598
3530,-1679.38,67.8136,19.7625
3531,-1680.28,67.8324,19.7651
3532,-1681.18,67.8513,19.7677
3533,-1682.08,67.8701,19.7702
3534,-1682.98,67.889,19.7727
3535,-1683.88,67.9078,19.7753
3536,-1684.78,67.9267,19.7777
3537,-1685.68,67.9456,19.7802
3538,-1686.58,67.9644,19.7827
3539,-1687.48,67.9833,19.7852
3540,-1688.38,68.0021,19.7877
3541,-1689.28,68.021,19.7903
3542,-1690.18,68.0398,19.7928
3543,-1691.08,68.0587,19.7953
3544,-1691.98,68.0775,19.7979
3545,-1692.88,68.0963,19.8003
3546,-1693.78,68.1152,19.8028
3547,-1694.68,68.134,19.8054
3548,-1695.58,68.1529,19.8079
3549,-1696.48,68.1717,19.8104
3550,-1697.38,68.1905,19.813
3551,-1698.29,68.2094,19.8186
3552,-1699.19,68.2282,19.8212
3553,-1700.09,68.247,19.8237
3554,-1700.99,68.2659,19.8262
3555,-1701.89,68.2847,19.8287
3556,-1702.8,68.3035,19.8313
3557,-1703.7,68.3223,19.8338
3558,-1704.6,68.3412,19.8363
3559,-1705.51,68.36,19.8388
3560,-1706.41,68.3788,19.8413
3561,-1707.31,68.3976,19.8438
3562,-1708.22,68.4164,19.8464
3563,-1709.12,68.4353,19.8488
3564,-1710.02,68.4541,19.8514
3565,-1710.93,68.4729,19.8539
3566,-1711.83,68.4917,19.8564
3567,-1712.74,68.5105,19.8589
3568,-1713.64,68.5293,19.8614
3569,-1714.55,68.5481,19.8639
3570,-1715.45,68.5669,19.8664
3571,-1716.36,68.5857,19.869
3572,-1717.26,68.6046,19.8714
3573,-1718.17,68.6234,19.8739
3574,-1719.08,68.6422,19.8764
3575,-1719.98,68.661,19.879
3576,-1720.89,68.6798,19.8815
3577,-1721.79,68.6986,19.884
3578,-1722.7,68.7174,19.8865
3579,-1723.61,68.7361,19.889
3580,-1724.51,68.7549,19.8916
3581,-1725.42,68.7737,19.8941
3582,-1726.33,68.7925,19.8965
3583,-1727.24,68.8113,19.899
3584,-1728.14,68.8301,19.9016
3585,-1729.05,68.8489,19.9041
3586,-1729.96,68.8677,19.9066
3587,-1730.87,68.8865,19.9091
3588,-1731.78,68.9052,19.9116
3589,-1732.68,68.924,19.9141
3590,-1733.59,68.9428,19.9166
3591,-1734.5,68.9616,19.9191
3592,-1735.41,68.9804,19.9216
3593,-1736.32,68.9991,19.9241
3594,-1737.23,69.0179,19.9267
3595,-1738.14,69.0367,19.9291
3596,-1739.05,69.0555,19.9316
3597,-1739.96,69.0742,19.934
3598,-1740.87,69.093,19.9365
3599,-1741.78,69.1118,19.9389
3600,-1742.69,69.1305,19.9414
3601,-1743.6,69.1493,19.9462
3602,-1744.51,69.1681,19.9488
3603,-1745.42,69.1868,19.9513
3604,-1746.33,69.2056,19.9538
3605,-1747.25,69.2243,19.9563
3606,-1748.16,69.2431,19.9588
3607,-1749.07,69.2619,19.9612
3608,-1749.98,69.2806,19.9638
3609,-1750.89,69.2994,19.9663
3610,-1751.8,69.3181,19.9689
3611,-1752.72,69.3369,19.9713
3612,-1753.63,69.3556,19.9738
3613,-1754.54,69.3744,19.9763
3614,-1755.46,69.3931,19.9788
3615,-1756.37,69.4119,19.9813
3616,-1757.28,69.4306,19.9839
3617,-1758.2,69.4493,19.9863
3618,-1759.11,69.4681,19.9888
3619,-1760.02,69.4868,19.9914
3620,-1760.94,69.5056,19.9939
3621,-1761.85,69.5243,19.9965
3622,-1762.77,69.543,19.999
3623,-1763.68,69.5618,20.0015
3624,-1764.59,69.5805,20.004
3625,-1765.51,69.5992,20.0065
3626,-1766.42,69.618,20.0136
3627,-1767.34,69.6367,20.0163
3628,-1768.26,69.6554,20.0188
3629,-1769.17,69.6742,20.0213
3630,-1770.09,69.6929,20.0238
3631,-1771,69.7116,20.0263
3632,-1771.92,69.7303,20.0288
3633,-1772.84,69.7491,20.0313
3634,-1773.75,69.7678,20.0337
3635,-1774.67,69.7865,20.0362
3636,-1775.59,69.8052,20.0387
3637,-1776.5,69.8239,20.0412
3638,-1777.42,69.8426,20.0437
3639,-1778.34,69.8614,20.0462
3640,-1779.25,69.8801,20.0487
3641,-1780.17,69.8988,20.0512
3642,-1781.09,69.9175,20.0537
3643,-1782.01,69.9362,20.0562
3644,-1782.93,69.9549,20.0588
3645,-1783.84,69.9736,20.0612
3646,-1784.76,69.9923,20.0637
3647,-1785.68,70.011,20.0663
3648,-1786.6,70.0297,20.0688
3649,-1787.52,70.0484,20.0714
3650,-1788.44,70.0671,20.0739
3651,-1789.36,70.0858,20.0787
3652,-1790.28,70.1045,20.0813
3653,-1791.2,70.1232,20.0838
3654,-1792.12,70.1419,20.0863
3655,-1793.04,70.1606,20.0888
3656,-1793.96,70.1793,20.0913
3657,-1794.88,70.198,20.0939
3658,-1795.8,70.2167,20.0965
3659,-1796.72,70.2354,20.099
3660,-1797.64,70.254,20.1015
3661,-1798.56,70.2727,20.1041
3662,-1799.49,70.2914,20.1067
3663,-1800.41,70.3101,20.1092
3664,-1801.33,70.3288,20.1118
3665,-1802.25,70.3474,20.1144
3666,-1803.17,70.3661,20.1169
3667,-1804.1,70.3848,20.1194
3668,-1805.02,70.4035,20.122
3669,-1805.94,70.4222,20.1245
3670,-1806.86,70.4408,20.1271
3671,-1807.79,70.4595,20.1297
3672,-1808.71,70.4782,20.1322
3673,-1809.63,70.4968,20.1347
3674,-1810.56,70.5155,20.1372
3675,-1811.48,70.5342,20.1398
3676,-1812.4,70.5528,20.1423
3677,-1813.33,70.5715,20.1449
3678,-1814.25,70.5902,20.1474
3679,-1815.18,70.6088,20.1499
3680,-1816.1,70.6275,20.1524
3681,-1817.03,70.6461,20.155
3682,-1817.95,70.6648,20.1575
3683,-1818.88,70.6835,20.16
3684,-1819.8,70.7021,20.1626
3685,-1820.73,70.7208,20.1651
3686,-1821.65,70.7394,20.1677
3687,-1822.58,70.7581,20.1702
3688,-1823.5,70.7767,20.1727
3689,-1824.43,70.7954,20.1753
3690,-1825.36,70.814,20.1778
3691,-1826.28,70.8327,20.1803
3692,-1827.21,70.8513,20.1827
3693,-1828.14,70.8699,20.1853
3694,-1829.06,70.8886,20.1878
3695,-1829.99,70.9072,20.1903
3696,-1830.92,70.9259,20.1928
3697,-1831.85,70.9445,20.1953
3698,-1832.77,70.9631,20.1977
3699,-1833.7,70.9818,20.2003
3700,-1834.63,71.0004,20.2028
3701,-1835.56,71.019,20.2091
3702,-1836.49,71.0377,20.2116
3703,-1837.42,71.0563,20.2141
3704,-1838.34,71.0749,20.2167
3705,-1839.27,71.0936,20.2192
3706,-1840.2,71.1122,20.2216
3707,-1841.13,71.1308,20.2241
3708,-1842.06,71.1494,20.2266
3709,-1842.99,71.168,20.2291
3710,-1843.92,71.1867,20.2316
3711,-1844.85,71.2053,20.2342
3712,-1845.78,71.2239,20.2366
3713,-1846.71,71.2425,20.2391
3714,-1847.64,71.2611,20.2416
3715,-1848.57,71.2798,20.2441
3716,-1849.5,71.2984,20.2466
3717,-1850.44,71.317,20.2491
3718,-1851.37,71.3356,20.2519
3719,-1852.3,71.3542,20.2544
3720,-1853.23,71.3728,20.2569
3721,-1854.16,71.3914,20.2594
3722,-1855.09,71.41,20.2619
3723,-1856.03,71.4286,20.2644
3724,-1856.96,71.4472,20.2669
3725,-1857.89,71.4658,20.2695
3726,-1858.82,71.4844,20.272
3727,-1859.76,71.503,20.2744
3728,-1860.69,71.5216,20.2769
3729,-1861.62,71.5402,20.2795
3730,-1862.56,71.5588,20.2819
3731,-1863.49,71.5774,20.2844
3732,-1864.42,71.596,20.2869
3733,-1865.36,71.6146,20.2894
3734,-1866.29,71.6332,20.2919
3735,-1867.23,71.6518,20.2944
3736,-1868.16,71.6704,20.2969
3737,-1869.09,71.689,20.2994
3738,-1870.03,71.7075,20.3019
3739,-1870.96,71.7261,20.3045
3740,-1871.9,71.7447,20.307
3741,-1872.83,71.7633,20.3095
3742,-1873.77,71.7819,20.3119
3743,-1874.71,71.8004,20.3144
3744,-1875.64,71.819,20.317
3745,-1876.58,71.8376,20.3194
3746,-1877.51,71.8562,20.3219
3747,-1878.45,71.8748,20.3243
3748,-1879.39,71.8933,20.3268
3749,-1880.32,71.9119,20.3293
3750,-1881.26,71.9305,20.3317
3751,-1882.2,71.949,20.3372
3752,-1883.13,71.9676,20.3398
3753,-1884.07,71.9862,20.3424
3754,-1885.01,72.0047,20.345
3755,-1885.95,72.0233,20.3475
3756,-1886.89,72.0419,20.3501
3757,-1887.82,72.0604,20.3528
3758,-1888.76,72.079,20.3554
3759,-1889.7,72.0975,20.358
3760,-1890.64,72.1161,20.3605
3761,-1891.58,72.1347,20.3631
3762,-1892.52,72.1532,20.3656
3763,-1893.46,72.1718,20.3681
3764,-1894.4,72.1903,20.3706
3765,-1895.33,72.2089,20.3733
3766,-1896.27,72.2274,20.3758
3767,-1897.21,72.246,20.3784
3768,-1898.15,72.2645,20.3809
3769,-1899.09,72.2831,20.3834
3770,-1900.04,72.3016,20.3859
3771,-1900.98,72.3202,20.3884
3772,-1901.92,72.3387,20.391
3773,-1902.86,72.3572,20.3935
3774,-1903.8,72.3758,20.396
3775,-1904.74,72.3943,20.3985
3776,-1905.68,72.4129,20.401
3777,-1906.62,72.4314,20.4035
3778,-1907.56,72.4499,20.4059
3779,-1908.51,72.4685,20.4084
3780,-1909.45,72.487,20.411
3781,-1910.39,72.5055,20.4136
3782,-1911.33,72.5241,20.4161
3783,-1912.28,72.5426,20.4187
3784,-1913.22,72.5611,20.4212
3785,-1914.16,72.5797,20.4237
3786,-1915.11,72.5982,20.4262
3787,-1916.05,72.6167,20.4287
3788,-1916.99,72.6352,20.4313
3789,-1917.94,72.6537,20.4339
3790,-1918.88,72.6723,20.4364
3791,-1919.82,72.6908,20.4389
3792,-1920.77,72.7093,20.4415
3793,-1921.71,72.7278,20.444
3794,-1922.66,72.7463,20.4466
3795,-1923.6,72.7649,20.4493
3796,-1924.55,72.7834,20.4518
3797,-1925.49,72.8019,20.4544
3798,-1926.44,72.8204,20.4569
3799,-1927.38,72.8389,20.4595
3800,-1928.33,72.8574,20.462
3801,-1929.27,72.8759,20.4668
3802,-1930.22,72.8944,20.4694
3803,-1931.17,72.9129,20.4719
3804,-1932.11,72.9314,20.4743
3805,-1933.06,72.9499,20.4768
3806,-1934.01,72.9684,20.4793
3807,-1934.95,72.9869,20.4819
3808,-1935.9,73.0054,20.4843
3809,-1936.85,73.0239,20.4868
3810,-1937.79,73.0424,20.4894
3811,-1938.74,73.0609,20.4919
3812,-1939.69,73.0794,20.4944
3813,-1940.64,73.0979,20.4969
3814,-1941.59,73.1164,20.4993
3815,-1942.53,73.1349,20.5018
3816,-1943.48,73.1534,20.5043
3817,-1944.43,73.1719,20.5069
3818,-1945.38,73.1904,20.5094
3819,-1946.33,73.2088,20.5119
3820,-1947.28,73.2273,20.5144
3821,-1948.23,73.2458,20.5169
3822,-1949.18,73.2643,20.5194
3823,-1950.13,73.2828,20.5219
3824,-1951.08,73.3013,20.5244
3825,-1952.03,73.3197,20.5269
3826,-1952.98,73.3382,20.5294
3827,-1953.93,73.3567,20.532
3828,-1954.88,73.3752,20.5344
3829,-1955.83,73.3936,20.537
3830,-1956.78,73.4121,20.5394
3831,-1957.73,73.4306,20.5419
3832,-1958.68,73.4491,20.5444
3833,-1959.63,73.4675,20.5469
3834,-1960.58,73.486,20.5494
3835,-1961.54,73.5045,20.5519
3836,-1962.49,73.5229,20.5544
3837,-1963.44,73.5414,20.5569
3838,-1964.39,73.5598,20.5594
3839,-1965.34,73.5783,20.5619
3840,-1966.3,73.5968,20.5644
3841,-1967.25,73.6152,20.5668
3842,-1968.2,73.6337,20.5694
3843,-1969.16,73.6521,20.5719
3844,-1970.11,73.6706,20.5744
3845,-1971.06,73.6891,20.577
3846,-1972.02,73.7075,20.5795
3847,-1972.97,73.726,20.582
3848,-1973.92,73.7444,20.5844
3849,-1974.88,73.7629,20.5869
3850,-1975.83,73.7813,20.5894
3851,-1976.79,73.7998,20.5948
3852,-1977.74,73.8182,20.5974
3853,-1978.7,73.8367,20.6
3854,-1979.65,73.8551,20.6026
3855,-1980.61,73.8735,20.6051
3856,-1981.56,73.892,20.6077
3857,-1982.52,73.9104,20.6102
3858,-1983.47,73.9289,20.6128
3859,-1984.43,73.9473,20.6153
3860,-1985.39,73.9657,20.6177
3861,-1986.34,73.9842,20.6202
3862,-1987.3,74.0026,20.6227
3863,-1988.26,74.021,20.6252
3864,-1989.21,74.0395,20.6277
3865,-1990.17,74.0579,20.6303
3866,-1991.13,74.0763,20.6328
3867,-1992.08,74.0948,20.6353
3868,-1993.04,74.1132,20.6378
3869,-1994,74.1316,20.6403
3870,-1994.96,74.15,20.6429
3871,-1995.91,74.1685,20.6454
3872,-1996.87,74.1869,20.6479
3873,-1997.83,74.2053,20.6504
3874,-1998.79,74.2237,20.653
3875,-1999.75,74.2422,20.6555
3876,-2000.71,74.2606,20.658
3877,-2001.67,74.279,20.6605
3878,-2002.63,74.2974,20.663
3879,-2003.58,74.3158,20.6655
3880,-2004.54,74.3342,20.668
3881,-2005.5,74.3526,20.6704
3882,-2006.46,74.3711,20.6729
3883,-2007.42,74.3895,20.6755
3884,-2008.38,74.4079,20.678
3885,-2009.34,74.4263,20.6805
3886,-2010.31,74.4447,20.683
3887,-2011.27,74.4631,20.6854
3888,-2012.23,74.4815,20.6879
3889,-2013.19,74.4999,20.6904
3890,-2014.15,74.5183,20.693
3891,-2015.11,74.5367,20.6956
3892,-2016.07,74.5551,20.6981
3893,-2017.03,74.5735,20.7006
3894,-2018,74.5919,20.7031
3895,-2018.96,74.6103,20.7056
3896,-2019.92,74.6287,20.7082
3897,-2020.88,74.6471,20.7106
3898,-2021.85,74.6655,20.7131
3899,-2022.81,74.6839,20.7156
3900,-2023.77,74.7023,20.7181
3901,-2024.74,74.7207,20.7252
3902,-2025.7,74.739,20.7328
3903,-2026.66,74.7574,20.7354
3904,-2027.63,74.7758,20.7378
3905,-2028.59,74.7942,20.7402
3906,-2029.55,74.8126,20.7427
3907,-2030.52,74.831,20.7452
3908,-2031.48,74.8493,20.7477
3909,-2032.45,74.8677,20.7502
3910,-2033.41,74.8861,20.7528
3911,-2034.38,74.9045,20.7553
3912,-2035.34,74.9229,20.7577
3913,-2036.31,74.9412,20.7602
3914,-2037.27,74.9596,20.7628
3915,-2038.24,74.978,20.7653
3916,-2039.2,74.9964,20.7678
3917,-2040.17,75.0147,20.7703
3918,-2041.14,75.0331,20.7728
3919,-2042.1,75.0515,20.7753
3920,-2043.07,75.0698,20.7778
3921,-2044.04,75.0882,20.7803
3922,-2045,75.1066,20.7828
3923,-2045.97,75.1249,20.7853
3924,-2046.94,75.1433,20.7879
3925,-2047.9,75.1617,20.7903
3926,-2048.87,75.18,20.7929
3927,-2049.84,75.1984,20.7953
3928,-2050.81,75.2167,20.7979
3929,-2051.78,75.2351,20.8004
3930,-2052.74,75.2535,20.8028
3931,-2053.71,75.2718,20.8054
3932,-2054.68,75.2902,20.8079
3933,-2055.65,75.3085,20.8104
3934,-2056.62,75.3269,20.8129
3935,-2057.59,75.3452,20.8154
3936,-2058.56,75.3636,20.8178
3937,-2059.53,75.3819,20.8204
3938,-2060.5,75.4003,20.8229
3939,-2061.47,75.4186,20.8255
3940,-2062.44,75.437,20.828
3941,-2063.41,75.4553,20.8305
3942,-2064.38,75.4736,20.8331
3943,-2065.35,75.492,20.8356
3944,-2066.32,75.5103,20.8381
3945,-2067.29,75.5287,20.8406
3946,-2068.26,75.547,20.8431
3947,-2069.23,75.5653,20.8456
3948,-2070.2,75.5837,20.8481
3949,-2071.17,75.602,20.8507
3950,-2072.15,75.6203,20.8532
3951,-2073.12,75.6387,20.859
3952,-2074.09,75.657,20.8616
3953,-2075.06,75.6753,20.8641
3954,-2076.03,75.6937,20.8666
3955,-2077.01,75.712,20.8691
3956,-2077.98,75.7303,20.8716
3957,-2078.95,75.7486,20.8741
3958,-2079.93,75.767,20.8765
3959,-2080.9,75.7853,20.8791
3960,-2081.87,75.8036,20.8816
3961,-2082.85,75.8219,20.884
3962,-2083.82,75.8403,20.8864
3963,-2084.79,75.8586,20.8889
3964,-2085.77,75.8769,20.8914
3965,-2086.74,75.8952,20.894
3966,-2087.72,75.9135,20.8965
3967,-2088.69,75.9318,20.899
3968,-2089.67,75.9502,20.9015
3969,-2090.64,75.9685,20.904
3970,-2091.62,75.9868,20.9065
3971,-2092.59,76.0051,20.909
3972,-2093.57,76.0234,20.9115
3973,-2094.54,76.0417,20.9141
3974,-2095.52,76.06,20.9166
3975,-2096.49,76.0783,20.919
3976,-2097.47,76.0966,20.9215
3977,-2098.45,76.1149,20.9239
3978,-2099.42,76.1332,20.9265
3979,-2100.4,76.1515,20.9289
3980,-2101.38,76.1698,20.9315
3981,-2102.35,76.1881,20.934
3982,-2103.33,76.2064,20.9361
3983,-2104.31,76.2247,20.9386
3984,-2105.29,76.243,20.9408
3985,-2106.26,76.2613,20.943
3986,-2107.24,76.2796,20.9456
3987,-2108.22,76.2979,20.9481
3988,-2109.2,76.3162,20.9506
3989,-2110.18,76.3345,20.9531
3990,-2111.16,76.3528,20.9556
3991,-2112.13,76.3711,20.9581
3992,-2113.11,76.3894,20.9607
3993,-2114.09,76.4076,20.9631
3994,-2115.07,76.4259,20.9656
3995,-2116.05,76.4442,20.9681
3996,-2117.03,76.4625,20.9705
3997,-2118.01,76.4808,20.973
3998,-2118.99,76.4991,20.9756
3999,-2119.97,76.5173,20.9781
4000,-2120.95,76.5356,20.9806
4001,-2121.93,76.5539,20.9854
4002,-2122.91,76.5722,20.9879
4003,-2123.89,76.5904,20.9904
4004,-2124.87,76.6087,20.9929
4005,-2125.85,76.627,20.9954
4006,-2126.84,76.6453,20.9979
4007,-2127.82,76.6635,21.0003
4008,-2128.8,76.6818,21.0028
4009,-2129.78,76.7001,21.0054
4010,-2130.76,76.7183,21.0079
4011,-2131.75,76.7366,21.0104
4012,-2132.73,76.7549,21.013
4013,-2133.71,76.7731,21.0155
4014,-2134.69,76.7914,21.018
4015,-2135.68,76.8097,21.0205
4016,-2136.66,76.8279,21.0231
4017,-2137.64,76.8462,21.0256
4018,-2138.63,76.8645,21.028
4019,-2139.61,76.8827,21.0305
4020,-2140.59,76.901,21.033
4021,-2141.58,76.9192,21.0355
4022,-2142.56,76.9375,21.0379
4023,-2143.55,76.9557,21.0405
4024,-2144.53,76.974,21.043
4025,-2145.52,76.9922,21.0455
4026,-2146.5,77.0105,21.0479
4027,-2147.48,77.0287,21.0504
4028,-2148.47,77.047,21.0529
4029,-2149.46,77.0652,21.0555
4030,-2150.44,77.0835,21.058
4031,-2151.43,77.1017,21.0605
4032,-2152.41,77.12,21.063
4033,-2153.4,77.1382,21.0656
4034,-2154.38,77.1565,21.0681
4035,-2155.37,77.1747,21.0706
4036,-2156.36,77.1929,21.0731
4037,-2157.34,77.2112,21.0756
4038,-2158.33,77.2294,21.0782
4039,-2159.32,77.2476,21.0807
4040,-2160.31,77.2659,21.0832
4041,-2161.29,77.2841,21.0857
4042,-2162.28,77.3023,21.0881
4043,-2163.27,77.3206,21.0907
4044,-2164.26,77.3388,21.0932
4045,-2165.24,77.357,21.0957
4046,-2166.23,77.3753,21.0981
4047,-2167.22,77.3935,21.1006
4048,-2168.21,77.4117,21.1031
4049,-2169.2,77.43,21.1057
4050,-2170.19,77.4482,21.1083
4051,-2171.18,77.4664,21.1245
4052,-2172.17,77.4846,21.1288
4053,-2173.16,77.5028,21.1321
4054,-2174.14,77.5211,21.1349
4055,-2175.13,77.5393,21.1376
4056,-2176.12,77.5575,21.1402
4057,-2177.11,77.5757,21.1426
4058,-2178.1,77.5939,21.1451
4059,-2179.1,77.6122,21.1478
4060,-2180.09,77.6304,21.1503
4061,-2181.08,77.6486,21.153
4062,-2182.07,77.6668,21.1555
4063,-2183.06,77.685,21.158
4064,-2184.05,77.7032,21.1607
4065,-2185.04,77.7214,21.1633
4066,-2186.03,77.7396,21.1658
4067,-2187.03,77.7578,21.1683
4068,-2188.02,77.776,21.1708
4069,-2189.01,77.7943,21.1734
4070,-2190,77.8125,21.1759
4071,-2190.99,77.8307,21.1785
4072,-2191.99,77.8489,21.181
4073,-2192.98,77.8671,21.1836
4074,-2193.97,77.8853,21.1861
4075,-2194.97,77.9035,21.1886
4076,-2195.96,77.9217,21.1911
4077,-2196.95,77.9399,21.1936
4078,-2197.95,77.958,21.1961
4079,-2198.94,77.9762,21.1986
4080,-2199.94,77.9944,21.2011
4081,-2200.93,78.0126,21.2036
4082,-2201.92,78.0308,21.2061
4083,-2202.92,78.049,21.2085
4084,-2203.91,78.0672,21.211
4085,-2204.91,78.0854,21.2135
4086,-2205.9,78.1036,21.216
4087,-2206.9,78.1218,21.2186
4088,-2207.89,78.1399,21.221
4089,-2208.89,78.1581,21.2236
4090,-2209.89,78.1763,21.2261
4091,-2210.88,78.1945,21.2286
4092,-2211.88,78.2127,21.2311
4093,-2212.87,78.2309,21.2337
4094,-2213.87,78.249,21.2361
4095,-2214.87,78.2672,21.2386
4096,-2215.86,78.2854,21.2411
4097,-2216.86,78.3036,21.2436
4098,-2217.86,78.3217,21.2461
4099,-2218.86,78.3399,21.2485
4100,-2219.85,78.3581,21.2512
4101,-2220.85,78.3763,21.2576
4102,-2221.85,78.3944,21.2602
4103,-2222.85,78.4126,21.2628
4104,-2223.85,78.4308,21.2654
4105,-2224.84,78.4489,21.268
4106,-2225.84,78.4671,21.2706
4107,-2226.84,78.4853,21.2732
4108,-2227.84,78.5034,21.2757
4109,-2228.84,78.5216,21.2782
4110,-2229.84,78.5398,21.2807
4111,-2230.84,78.5579,21.2833
4112,-2231.84,78.5761,21.2859
4113,-2232.84,78.5942,21.2885
4114,-2233.84,78.6124,21.291
4115,-2234.84,78.6305,21.2936
4116,-2235.84,78.6487,21.2961
4117,-2236.84,78.6669,21.2986
4118,-2237.84,78.685,21.3012
4119,-2238.84,78.7032,21.3038
4120,-2239.84,78.7213,21.3063
4121,-2240.84,78.7395,21.3088
4122,-2241.84,78.7576,21.3114
4123,-2242.84,78.7758,21.3139
4124,-2243.85,78.7939,21.3165
4125,-2244.85,78.8121,21.319
4126,-2245.85,78.8302,21.3216
4127,-2246.85,78.8484,21.3242
4128,-2247.85,78.8665,21.3267
4129,-2248.86,78.8846,21.3292
4130,-2249.86,78.9028,21.3316
4131,-2250.86,78.9209,21.3341
4132,-2251.87,78.9391,21.3367
4133,-2252.87,78.9572,21.3392
4134,-2253.87,78.9753,21.3417
4135,-2254.88,78.9935,21.3443
4136,-2255.88,79.0116,21.3468
4137,-2256.88,79.0297,21.3493
4138,-2257.89,79.0479,21.3518
4139,-2258.89,79.066,21.3544
4140,-2259.9,79.0841,21.3569
4141,-2260.9,79.1023,21.3595
4142,-2261.9,79.1204,21.3621
4143,-2262.91,79.1385,21.3647
4144,-2263.91,79.1567,21.3673
4145,-2264.92,79.1748,21.3699
4146,-2265.93,79.1929,21.3725
4147,-2266.93,79.211,21.375
4148,-2267.94,79.2292,21.3776
4149,-2268.94,79.2473,21.38
4150,-2269.95,79.2654,21.3826
4151,-2270.96,79.2835,21.399
4152,-2271.96,79.3016,21.4032
4153,-2272.97,79.3198,21.4072
4154,-2273.97,79.3379,21.4106
4155,-2274.98,79.356,21.4135
4156,-2275.99,79.3741,21.4162
4157,-2277,79.3922,21.4189
4158,-2278,79.4103,21.4218
4159,-2279.01,79.4285,21.4244
4160,-2280.02,79.4466,21.427
4161,-2281.03,79.4647,21.4296
4162,-2282.04,79.4828,21.4322
4163,-2283.04,79.5009,21.4349
4164,-2284.05,79.519,21.4374
4165,-2285.06,79.5371,21.44
4166,-2286.07,79.5552,21.4426
4167,-2287.08,79.5733,21.4452
4168,-2288.09,79.5914,21.4478
4169,-2289.1,79.6095,21.4504
4170,-2290.11,79.6276,21.4531
4171,-2291.12,79.6457,21.4557
4172,-2292.13,79.6638,21.4583
4173,-2293.14,79.6819,21.4609
4174,-2294.15,79.7,21.4634
4175,-2295.16,79.7181,21.4659
4176,-2296.17,79.7362,21.4683
4177,-2297.18,79.7543,21.4705
4178,-2298.19,79.7724,21.4731
4179,-2299.2,79.7905,21.494
4180,-2300.21,79.8086,21.4979
4181,-2301.22,79.8267,21.501
4182,-2302.23,79.8448,21.5037
4183,-2303.25,79.8629,21.5065
4184,-2304.26,79.8809,21.5092
4185,-2305.27,79.899,21.5118
4186,-2306.28,79.9171,21.5144
4187,-2307.29,79.9352,21.517
4188,-2308.31,79.9533,21.5194
4189,-2309.32,79.9714,21.5221
4190,-2310.33,79.9895,21.5246
4191,-2311.35,80.0075,21.5271
4192,-2312.36,80.0256,21.5298
4193,-2313.37,80.0437,21.5323
4194,-2314.39,80.0618,21.5349
4195,-2315.4,80.0798,21.5374
4196,-2316.41,80.0979,21.54
4197,-2317.43,80.116,21.5425
4198,-2318.44,80.1341,21.5451
4199,-2319.46,80.1521,21.5476
4200,-2320.47,80.1702,21.5501
4201,-2321.49,80.1883,21.5564
4202,-2322.5,80.2064,21.559
4203,-2323.52,80.2244,21.5616
4204,-2324.53,80.2425,21.5641
4205,-2325.55,80.2606,21.5667
4206,-2326.56,80.2786,21.5691
4207,-2327.58,80.2967,21.5716
4208,-2328.59,80.3148,21.5741
4209,-2329.61,80.3328,21.5766
4210,-2330.63,80.3509,21.5792
4211,-2331.64,80.3689,21.5817
4212,-2332.66,80.387,21.5841
4213,-2333.68,80.4051,21.5866
4214,-2334.69,80.4231,21.5891
4215,-2335.71,80.4412,21.5916
4216,-2336.73,80.4592,21.5941
4217,-2337.75,80.4773,21.5966
4218,-2338.76,80.4953,21.5991
4219,-2339.78,80.5134,21.6016
4220,-2340.8,80.5315,21.6042
4221,-2341.82,80.5495,21.6067
4222,-2342.84,80.5676,21.6093
4223,-2343.86,80.5856,21.6118
4224,-2344.87,80.6037,21.6144
4225,-2345.89,80.6217,21.6169
4226,-2346.91,80.6397,21.6193
4227,-2347.93,80.6578,21.6218
4228,-2348.95,80.6758,21.6243
4229,-2349.97,80.6939,21.6267
4230,-2350.99,80.7119,21.6292
4231,-2352.01,80.73,21.6317
4232,-2353.03,80.748,21.6342
4233,-2354.05,80.766,21.6367
4234,-2355.07,80.7841,21.6393
4235,-2356.09,80.8021,21.6417
4236,-2357.11,80.8202,21.6443
4237,-2358.13,80.8382,21.6468
4238,-2359.15,80.8562,21.6493
4239,-2360.18,80.8743,21.6518
4240,-2361.2,80.8923,21.6543
4241,-2362.22,80.9103,21.6568
4242,-2363.24,80.9284,25.7371
4243,-2364.26,80.9464,25.7582
4244,-2365.28,80.9644,25.7635
4245,-2366.31,80.9824,25.768
4246,-2367.33,81.0005,25.7719
4247,-2368.35,81.0185,25.7759
4248,-2369.37,81.0365,25.7796
4249,-2370.4,81.0546,25.7831
4250,-2371.42,81.0726,25.7878
4251,-2372.44,81.0906,25.8087
4252,-2373.47,81.1086,25.8128
4253,-2374.49,81.1266,25.8165
4254,-2375.52,81.1447,25.8199
4255,-2376.54,81.1627,25.8229
4256,-2377.56,81.1807,25.8256
4257,-2378.59,81.1987,25.8284
4258,-2379.61,81.2167,25.831
4259,-2380.64,81.2347,25.8337
4260,-2381.66,81.2528,25.8362
4261,-2382.69,81.2708,25.8388
4262,-2383.71,81.2888,25.8414
4263,-2384.74,81.3068,25.8439
4264,-2385.76,81.3248,25.8464
4265,-2386.79,81.3428,25.8489
4266,-2387.81,81.3608,25.8514
4267,-2388.84,81.3788,25.8539
4268,-2389.87,81.3968,25.8564
4269,-2390.89,81.4148,25.859
4270,-2391.92,81.4328,25.8616
4271,-2392.95,81.4508,25.864
4272,-2393.97,81.4689,25.8666
4273,-2395,81.4869,25.869
4274,-2396.03,81.5049,25.8717
4275,-2397.05,81.5229,25.8742
4276,-2398.08,81.5409,25.8767
4277,-2399.11,81.5589,25.8792
4278,-2400.14,81.5768,25.8818
4279,-2401.17,81.5948,25.8842
4280,-2402.19,81.6128,25.8867
4281,-2403.22,81.6308,25.8892
4282,-2404.25,81.6488,25.8917
4283,-2405.28,81.6668,25.8941
4284,-2406.31,81.6848,25.8967
4285,-2407.34,81.7028,25.8992
4286,-2408.37,81.7208,25.9016
4287,-2409.4,81.7388,25.9041
4288,-2410.43,81.7568,25.9067
4289,-2411.46,81.7748,25.9091
4290,-2412.49,81.7927,25.9117
4291,-2413.52,81.8107,25.9141
4292,-2414.55,81.8287,25.9166
4293,-2415.58,81.8467,25.9191
4294,-2416.61,81.8647,25.9216
4295,-2417.64,81.8827,25.9241
4296,-2418.67,81.9006,25.9265
4297,-2419.7,81.9186,25.929
4298,-2420.73,81.9366,25.9315
4299,-2421.76,81.9546,25.934
4300,-2422.8,81.9725,25.9364
4301,-2423.83,81.9905,25.9431
4302,-2424.86,82.0085,25.9456
4303,-2425.89,82.0265,25.9482
4304,-2426.92,82.0444,25.9507
4305,-2427.96,82.0624,25.9532
4306,-2428.99,82.0804,25.9557
4307,-2430.02,82.0984,25.9583
4308,-2431.05,82.1163,25.9608
4309,-2432.09,82.1343,25.9633
4310,-2433.12,82.1523,25.9658
4311,-2434.15,82.1702,25.9683
4312,-2435.19,82.1882,25.9708
4313,-2436.22,82.2062,25.9733
4314,-2437.26,82.2241,25.9758
4315,-2438.29,82.2421,25.9783
4316,-2439.33,82.26,25.9808
4317,-2440.36,82.278,25.9833
4318,-2441.39,82.296,25.9858
4319,-2442.43,82.3139,25.9883
4320,-2443.46,82.3319,25.9908
4321,-2444.5,82.3498,25.9932
4322,-2445.53,82.3678,25.9957
4323,-2446.57,82.3857,25.9982
4324,-2447.61,82.4037,26.0006
4325,-2448.64,82.4216,26.0031
4326,-2449.68,82.4396,26.0056
4327,-2450.71,82.4576,26.0082
4328,-2451.75,82.4755,26.0107
4329,-2452.79,82.4935,26.0131
4330,-2453.82,82.5114,26.0156
4331,-2454.86,82.5293,26.0182
4332,-2455.9,82.5473,26.0206
4333,-2456.94,82.5652,26.0231
4334,-2457.97,82.5832,26.0256
4335,-2459.01,82.6011,26.0281
4336,-2460.05,82.6191,26.0306
4337,-2461.09,82.637,26.0332
4338,-2462.12,82.655,26.0357
4339,-2463.16,82.6729,26.0382
4340,-2464.2,82.6908,26.0407
4341,-2465.24,82.7088,26.0431
4342,-2466.28,82.7267,26.0457
4343,-2467.32,82.7446,26.0482
4344,-2468.36,82.7626,26.0507
4345,-2469.4,82.7805,26.0532
4346,-2470.44,82.7985,26.0556
4347,-2471.47,82.8164,26.0581
4348,-2472.51,82.8343,26.0606
4349,-2473.55,82.8522,26.0631
4350,-2474.59,82.8702,26.0657
4351,-2475.63,82.8881,26.0714
4352,-2476.68,82.906,26.0739
4353,-2477.72,82.924,26.0764
4354,-2478.76,82.9419,26.0789
4355,-2479.8,82.9598,26.0814
4356,-2480.84,82.9777,26.084
4357,-2481.88,82.9957,26.0864
4358,-2482.92,83.0136,26.0889
4359,-2483.96,83.0315,26.0915
4360,-2485.01,83.0494,26.094
4361,-2486.05,83.0674,26.0966
4362,-2487.09,83.0853,26.0991
4363,-2488.13,83.1032,26.1016
4364,-2489.17,83.1211,26.1042
4365,-2490.22,83.139,26.1067
4366,-2491.26,83.1569,26.1093
4367,-2492.3,83.1749,26.1118
4368,-2493.35,83.1928,26.1144
4369,-2494.39,83.2107,26.1169
4370,-2495.43,83.2286,26.1194
4371,-2496.48,83.2465,26.1219
4372,-2497.52,83.2644,26.1243
4373,-2498.56,83.2823,26.1267
4374,-2499.61,83.3002,26.1292
4375,-2500.65,83.3181,26.1317
4376,-2501.7,83.336,26.1342
4377,-2502.74,83.354,26.1534
4378,-2503.79,83.3719,26.1576
4379,-2504.83,83.3898,26.1612
4380,-2505.88,83.4077,26.164
4381,-2506.92,83.4256,26.1667
4382,-2507.97,83.4435,26.1693
4383,-2509.01,83.4614,26.1718
4384,-2510.06,83.4793,26.1744
4385,-2511.11,83.4972,26.1769
4386,-2512.15,83.5151,26.1796
4387,-2513.2,83.533,26.1822
4388,-2514.25,83.5509,26.1849
4389,-2515.29,83.5688,26.1874
4390,-2516.34,83.5867,26.19
4391,-2517.39,83.6045,26.1926
4392,-2518.43,83.6224,26.1952
4393,-2519.48,83.6403,26.1978
4394,-2520.53,83.6582,26.2003
4395,-2521.58,83.6761,26.2029
4396,-2522.62,83.694,26.2055
4397,-2523.67,83.7119,26.208
4398,-2524.72,83.7298,26.2107
4399,-2525.77,83.7477,26.2133
4400,-2526.82,83.7655,26.2159
4401,-2527.87,83.7834,26.2215
4402,-2528.92,83.8013,26.2241
4403,-2529.96,83.8192,26.2267
4404,-2531.01,83.8371,26.2292
4405,-2532.06,83.855,26.2318
4406,-2533.11,83.8728,26.2343
4407,-2534.16,83.8907,26.2367
4408,-2535.21,83.9086,26.2392
4409,-2536.26,83.9265,26.2417
4410,-2537.31,83.9443,26.2442
4411,-2538.36,83.9622,26.2466
4412,-2539.41,83.9801,26.2491
4413,-2540.46,83.998,26.2516
4414,-2541.52,84.0158,26.254
4415,-2542.57,84.0337,26.2566
4416,-2543.62,84.0516,26.2592
4417,-2544.67,84.0695,26.2617
4418,-2545.72,84.0873,26.2642
4419,-2546.77,84.1052,26.2667
4420,-2547.82,84.1231,26.2693
4421,-2548.88,84.1409,26.2717
4422,-2549.93,84.1588,26.2743
4423,-2550.98,84.1767,26.2768
4424,-2552.03,84.1945,26.2793
4425,-2553.09,84.2124,26.2818
4426,-2554.14,84.2303,26.2843
4427,-2555.19,84.2481,26.2868
4428,-2556.25,84.266,26.2893
4429,-2557.3,84.2838,26.2918
4430,-2558.35,84.3017,26.2943
4431,-2559.41,84.3196,26.2969
4432,-2560.46,84.3374,26.2995
4433,-2561.52,84.3553,26.302
4434,-2562.57,84.3731,26.3045
4435,-2563.62,84.391,26.3071
4436,-2564.68,84.4088,26.3097
4437,-2565.73,84.4267,26.3123
4438,-2566.79,84.4445,26.3149
4439,-2567.84,84.4624,26.3175
4440,-2568.9,84.4802,26.32
4441,-2569.96,84.4981,26.3226
4442,-2571.01,84.5159,26.325
4443,-2572.07,84.5338,26.3276
4444,-2573.12,84.5516,26.3301
4445,-2574.18,84.5695,26.3326
4446,-2575.24,84.5873,26.3351
4447,-2576.29,84.6052,26.3376
4448,-2577.35,84.623,26.3401
4449,-2578.41,84.6408,26.3426
4450,-2579.46,84.6587,26.3451
4451,-2580.52,84.6765,26.3507
4452,-2581.58,84.6944,26.3533
4453,-2582.63,84.7122,26.3558
4454,-2583.69,84.73,26.4602
4455,-2584.75,84.7479,26.4647
4456,-2585.81,84.7657,26.468
4457,-2586.87,84.7836,26.4708
4458,-2587.92,84.8014,26.4735
4459,-2588.98,84.8192,26.4761
4460,-2590.04,84.8371,26.4787
4461,-2591.1,84.8549,26.4813
4462,-2592.16,84.8727,26.4842
4463,-2593.22,84.8906,26.4868
4464,-2594.28,84.9084,26.4895
4465,-2595.34,84.9262,26.4922
4466,-2596.4,84.944,26.4948
4467,-2597.46,84.9619,26.4974
4468,-2598.52,84.9797,26.5
4469,-2599.58,84.9975,26.5026
4470,-2600.64,85.0153,26.5051
4471,-2601.7,85.0332,26.5076
4472,-2602.76,85.051,26.51
4473,-2603.82,85.0688,26.5126
4474,-2604.88,85.0866,26.5153
4475,-2605.94,85.1044,26.5178
4476,-2607,85.1223,26.5205
4477,-2608.07,85.1401,26.5231
4478,-2609.13,85.1579,26.5257
4479,-2610.19,85.1757,26.5282
4480,-2611.25,85.1935,26.5308
4481,-2612.31,85.2114,26.5333
4482,-2613.38,85.2292,26.5359
4483,-2614.44,85.247,26.5385
4484,-2615.5,85.2648,26.541
4485,-2616.57,85.2826,26.5435
4486,-2617.63,85.3004,26.5459
4487,-2618.69,85.3182,26.5484
4488,-2619.75,85.336,26.5509
4489,-2620.82,85.3538,26.5534
4490,-2621.88,85.3716,26.5559
4491,-2622.95,85.3895,26.5584
4492,-2624.01,85.4073,26.5609
4493,-2625.07,85.4251,26.5636
4494,-2626.14,85.4429,26.566
4495,-2627.2,85.4607,26.5686
4496,-2628.27,85.4785,26.5711
4497,-2629.33,85.4963,26.5736
4498,-2630.4,85.5141,26.5761
4499,-2631.46,85.5319,26.5787
4500,-2632.53,85.5497,26.5812
4501,-2633.6,85.5675,26.587
4502,-2634.66,85.5853,26.5896
4503,-2635.73,85.6031,26.5921
4504,-2636.79,85.6209,26.5946
4505,-2637.86,85.6387,26.5972
4506,-2638.93,85.6564,26.5996
4507,-2639.99,85.6742,26.6021
4508,-2641.06,85.692,26.6046
4509,-2642.13,85.7098,26.6072
4510,-2643.19,85.7276,26.6097
4511,-2644.26,85.7454,26.6122
4512,-2645.33,85.7632,26.6147
4513,-2646.4,85.781,26.6172
4514,-2647.46,85.7988,26.6197
4515,-2648.53,85.8166,26.6221
4516,-2649.6,85.8343,26.6246
4517,-2650.67,85.8521,26.6271
4518,-2651.74,85.8699,26.6295
4519,-2652.81,85.8877,26.632
4520,-2653.87,85.9055,26.6346
4521,-2654.94,85.9233,26.6371
4522,-2656.01,85.941,26.6396
4523,-2657.08,85.9588,26.6422
4524,-2658.15,85.9766,26.6447
4525,-2659.22,85.9944,26.6472
4526,-2660.29,86.0121,26.6497
4527,-2661.36,86.0299,26.6522
4528,-2662.43,86.0477,26.6547
4529,-2663.5,86.0655,26.6572
4530,-2664.57,86.0832,26.6597
4531,-2665.64,86.101,26.6622
4532,-2666.71,86.1188,26.6647
4533,-2667.78,86.1366,26.6672
4534,-2668.86,86.1543,26.6697
4535,-2669.93,86.1721,26.6721
4536,-2671,86.1899,26.6746
4537,-2672.07,86.2076,26.6772
4538,-2673.14,86.2254,26.6796
4539,-2674.21,86.2432,26.6821
4540,-2675.29,86.2609,26.6845
4541,-2676.36,86.2787,26.687
4542,-2677.43,86.2965,26.6895
4543,-2678.5,86.3142,26.6919
4544,-2679.58,86.332,26.6944
4545,-2680.65,86.3497,26.6968
4546,-2681.72,86.3675,26.6994
4547,-2682.8,86.3853,26.7019
4548,-2683.87,86.403,26.7044
4549,-2684.94,86.4208,26.707
4550,-2686.02,86.4385,26.7095
4551,-2687.09,86.4563,26.7153
4552,-2688.17,86.4741,26.7179
4553,-2689.24,86.4918,26.7203
4554,-2690.31,86.5096,26.7228
4555,-2691.39,86.5273,26.7252
4556,-2692.46,86.5451,26.7278
4557,-2693.54,86.5628,26.7302
4558,-2694.61,86.5806,26.7327
4559,-2695.69,86.5983,26.7352
4560,-2696.77,86.6161,26.7377
4561,-2697.84,86.6338,26.7401
4562,-2698.92,86.6516,26.7426
4563,-2699.99,86.6693,26.7451
4564,-2701.07,86.6871,26.7476
4565,-2702.15,86.7048,26.75
4566,-2703.22,86.7225,26.7526
4567,-2704.3,86.7403,26.755
4568,-2705.38,86.758,26.7575
4569,-2706.45,86.7758,26.76
4570,-2707.53,86.7935,26.7625
4571,-2708.61,86.8113,26.7651
4572,-2709.68,86.829,26.7676
4573,-2710.76,86.8467,26.7701
4574,-2711.84,86.8645,26.7726
4575,-2712.92,86.8822,26.7751
4576,-2714,86.8999,26.7776
4577,-2715.08,86.9177,26.7801
4578,-2716.15,86.9354,26.7827
4579,-2717.23,86.9531,26.7851
4580,-2718.31,86.9709,26.7876
4581,-2719.39,86.9886,26.7901
4582,-2720.47,87.0063,26.7926
4583,-2721.55,87.0241,26.7952
4584,-2722.63,87.0418,26.7978
4585,-2723.71,87.0595,26.8003
4586,-2724.79,87.0772,26.8029
4587,-2725.87,87.095,26.8055
4588,-2726.95,87.1127,26.808
4589,-2728.03,87.1304,26.8105
4590,-2729.11,87.1482,26.8131
4591,-2730.19,87.1659,26.8156
4592,-2731.27,87.1836,26.8181
4593,-2732.35,87.2013,26.8206
4594,-2733.43,87.219,26.8232
4595,-2734.52,87.2368,26.8257
4596,-2735.6,87.2545,26.8283
4597,-2736.68,87.2722,26.8309
4598,-2737.76,87.2899,26.8334
4599,-2738.84,87.3076,26.8359
4600,-2739.92,87.3254,26.8384
4601,-2741.01,87.3431,26.8431
4602,-2742.09,87.3608,26.8457
4603,-2743.17,87.3785,26.8483
4604,-2744.26,87.3962,26.8508
4605,-2745.34,87.4139,26.8533
4606,-2746.42,87.4316,26.8558
4607,-2747.51,87.4493,26.8583
4608,-2748.59,87.4671,26.8608
4609,-2749.67,87.4848,26.8632
4610,-2750.76,87.5025,26.8657
4611,-2751.84,87.5202,26.8681
4612,-2752.93,87.5379,26.8706
4613,-2754.01,87.5556,26.8731
4614,-2755.09,87.5733,26.8756
4615,-2756.18,87.591,26.8781
4616,-2757.26,87.6087,26.8806
4617,-2758.35,87.6264,26.8831
4618,-2759.43,87.6441,26.8856
4619,-2760.52,87.6618,26.8882
4620,-2761.61,87.6795,26.8907
4621,-2762.69,87.6972,26.8932
4622,-2763.78,87.7149,26.8957
4623,-2764.86,87.7326,26.8982
4624,-2765.95,87.7503,26.9006
4625,-2767.04,87.768,26.9031
4626,-2768.12,87.7857,26.9057
4627,-2769.21,87.8034,26.9082
4628,-2770.3,87.8211,26.9106
4629,-2771.38,87.8388,26.9131
4630,-2772.47,87.8565,26.9156
4631,-2773.56,87.8742,26.9181
4632,-2774.65,87.8918,26.9206
4633,-2775.73,87.9095,26.9231
4634,-2776.82,87.9272,26.9256
4635,-2777.91,87.9449,26.928
4636,-2779,87.9626,26.9305
4637,-2780.09,87.9803,26.933
4638,-2781.18,87.998,26.9355
4639,-2782.26,88.0157,26.938
4640,-2783.35,88.0333,26.9405
4641,-2784.44,88.051,26.943
4642,-2785.53,88.0687,26.9455
4643,-2786.62,88.0864,26.948
4644,-2787.71,88.1041,26.9559
4645,-2788.8,88.1218,26.9599
4646,-2789.89,88.1394,26.9631
4647,-2790.98,88.1571,26.9659
4648,-2792.07,88.1748,26.9684
4649,-2793.16,88.1925,26.971
4650,-2794.25,88.2101,26.9736
4651,-2795.34,88.2278,26.9794
4652,-2796.43,88.2455,26.982
4653,-2797.52,88.2632,26.9844
4654,-2798.62,88.2808,26.9869
4655,-2799.71,88.2985,26.9894
4656,-2800.8,88.3162,26.992
4657,-2801.89,88.3339,26.9945
4658,-2802.98,88.3515,26.997
4659,-2804.07,88.3692,26.9995
4660,-2805.17,88.3869,27.0019
4661,-2806.26,88.4045,27.0045
4662,-2807.35,88.4222,27.0071
4663,-2808.45,88.4399,27.0097
4664,-2809.54,88.4575,27.0121
4665,-2810.63,88.4752,27.0146
4666,-2811.72,88.4929,27.0171
4667,-2812.82,88.5105,27.0196
4668,-2813.91,88.5282,27.0221
4669,-2815.01,88.5458,27.0246
4670,-2816.1,88.5635,27.0271
4671,-2817.19,88.5812,27.0297
4672,-2818.29,88.5988,27.0321
4673,-2819.38,88.6165,27.0346
4674,-2820.48,88.6341,27.0371
4675,-2821.57,88.6518,27.0396
4676,-2822.67,88.6695,27.0421
4677,-2823.76,88.6871,27.0446
4678,-2824.86,88.7048,27.0471
4679,-2825.95,88.7224,27.0496
4680,-2827.05,88.7401,27.052
4681,-2828.14,88.7577,27.0545
4682,-2829.24,88.7754,27.057
4683,-2830.34,88.793,27.0595
4684,-2831.43,88.8107,27.0619
4685,-2832.53,88.8283,27.0644
4686,-2833.63,88.846,27.0669
4687,-2834.72,88.8636,27.0694
4688,-2835.82,88.8813,27.0719
4689,-2836.92,88.8989,27.0744
4690,-2838.01,88.9166,27.0769
4691,-2839.11,88.9342,27.0794
4692,-2840.21,88.9518,27.0819
4693,-2841.31,88.9695,27.0843
4694,-2842.41,88.9871,27.0868
4695,-2843.5,89.0048,27.0893
4696,-2844.6,89.0224,27.0918
4697,-2845.7,89.0401,27.0943
4698,-2846.8,89.0577,27.0968
4699,-2847.9,89.0753,27.0994
4700,-2849,89.093,27.1018
4701,-2850.1,89.1106,27.1068
4702,-2851.2,89.1282,27.1094
4703,-2852.29,89.1459,27.1119
4704,-2853.39,89.1635,27.1144
4705,-2854.49,89.1811,27.117
4706,-2855.59,89.1988,27.1196
4707,-2856.69,89.2164,27.1221
4708,-2857.79,89.234,27.1246
4709,-2858.9,89.2517,27.1271
4710,-2860,89.2693,27.1296
4711,-2861.1,89.2869,27.1322
4712,-2862.2,89.3046,27.1347
4713,-2863.3,89.3222,27.1373
4714,-2864.4,89.3398,27.1398
4715,-2865.5,89.3574,27.1423
4716,-2866.6,89.3751,27.1448
4717,-2867.71,89.3927,27.1473
4718,-2868.81,89.4103,27.1498
4719,-2869.91,89.4279,27.1524
4720,-2871.01,89.4456,27.1548
4721,-2872.11,89.4632,27.1574
4722,-2873.22,89.4808,27.1598
4723,-2874.32,89.4984,27.1623
4724,-2875.42,89.516,27.1649
4725,-2876.53,89.5337,27.1674
4726,-2877.63,89.5513,27.1699
4727,-2878.73,89.5689,27.1724
4728,-2879.84,89.5865,27.175
4729,-2880.94,89.6041,27.1775
4730,-2882.04,89.6217,27.1801
4731,-2883.15,89.6394,27.1888
4732,-2884.25,89.657,27.1913
4733,-2885.36,89.6746,27.1938
4734,-2886.46,89.6922,27.1963
4735,-2887.57,89.7098,27.1989
4736,-2888.67,89.7274,27.2014
4737,-2889.78,89.745,27.2039
4738,-2890.88,89.7626,27.2064
4739,-2891.99,89.7802,27.2089
4740,-2893.09,89.7978,27.2114
4741,-2894.2,89.8155,27.2139
4742,-2895.31,89.8331,27.2164
4743,-2896.41,89.8507,27.2189
4744,-2897.52,89.8683,27.2213
4745,-2898.62,89.8859,27.2239
4746,-2899.73,89.9035,27.2264
4747,-2900.84,89.9211,27.2289
4748,-2901.95,89.9387,27.2313
4749,-2903.05,89.9563,27.2339
4750,-2904.16,89.9739,27.2364
4751,-2905.27,89.9915,27.241
4752,-2906.37,90.0091,27.2437
4753,-2907.48,90.0267,27.2462
4754,-2908.59,90.0443,27.2487
4755,-2909.7,90.0619,27.2512
4756,-2910.81,90.0795,27.2537
4757,-2911.92,90.0971,27.2562
4758,-2913.02,90.1146,27.2587
4759,-2914.13,90.1322,27.2612
4760,-2915.24,90.1498,27.2637
4761,-2916.35,90.1674,27.2661
4762,-2917.46,90.185,27.2686
4763,-2918.57,90.2026,27.2711
4764,-2919.68,90.2202,27.2736
4765,-2920.79,90.2378,27.2761
4766,-2921.9,90.2554,27.2785
4767,-2923.01,90.273,27.281
4768,-2924.12,90.2905,27.2835
4769,-2925.23,90.3081,27.286
4770,-2926.34,90.3257,27.2885
4771,-2927.45,90.3433,27.291
4772,-2928.56,90.3609,27.2935
4773,-2929.67,90.3785,27.2961
4774,-2930.79,90.396,27.2986
4775,-2931.9,90.4136,27.301
4776,-2933.01,90.4312,27.3032
4777,-2934.12,90.4488,27.3056
4778,-2935.23,90.4664,27.3079
4779,-2936.35,90.4839,27.31
4780,-2937.46,90.5015,27.3126
4781,-2938.57,90.5191,27.3151
4782,-2939.68,90.5367,27.3176
4783,-2940.8,90.5542,27.3201
4784,-2941.91,90.5718,27.3226
4785,-2943.02,90.5894,27.325
4786,-2944.13,90.607,27.3276
4787,-2945.25,90.6245,27.3301
4788,-2946.36,90.6421,27.3326
4789,-2947.48,90.6597,27.3351
4790,-2948.59,90.6772,27.3375
4791,-2949.7,90.6948,27.34
4792,-2950.82,90.7124,27.3425
4793,-2951.93,90.73,27.345
4794,-2953.05,90.7475,27.3475
4795,-2954.16,90.7651,27.3499
4796,-2955.28,90.7826,27.3524
4797,-2956.39,90.8002,27.3549
4798,-2957.51,90.8178,27.3574
4799,-2958.62,90.8353,27.3598
4800,-2959.74,90.8529,27.3623
4801,-2960.86,90.8705,27.367
4802,-2961.97,90.888,27.3696
4803,-2963.09,90.9056,27.3721
4804,-2964.2,90.9231,27.3745
4805,-2965.32,90.9407,27.377
4806,-2966.44,90.9583,27.3795
4807,-2967.55,90.9758,27.382
4808,-2968.67,90.9934,27.3844
4809,-2969.79,91.0109,27.387
4810,-2970.91,91.0285,27.3895
4811,-2972.02,91.046,27.392
4812,-2973.14,91.0636,27.3946
4813,-2974.26,91.0811,27.397
4814,-2975.38,91.0987,27.3995
4815,-2976.49,91.1163,27.4021
4816,-2977.61,91.1338,27.4046
4817,-2978.73,91.1514,27.4071
4818,-2979.85,91.1689,27.4097
4819,-2980.97,91.1864,27.4121
4820,-2982.09,91.204,27.4146
4821,-2983.21,91.2215,27.4172
4822,-2984.33,91.2391,27.4197
4823,-2985.45,91.2566,27.4222
4824,-2986.57,91.2742,27.4246
4825,-2987.69,91.2917,27.4269
4826,-2988.81,91.3093,27.429
4827,-2989.93,91.3268,27.4314
4828,-2991.05,91.3444,27.434
4829,-2992.17,91.3619,27.4366
4830,-2993.29,91.3794,27.4391
4831,-2994.41,91.397,27.4415
4832,-2995.53,91.4145,27.444
4833,-2996.65,91.4321,27.4465
4834,-2997.77,91.4496,27.449
4835,-2998.89,91.4671,27.4515
4836,-3000.01,91.4847,27.454
4837,-3001.14,91.5022,27.4564
4838,-3002.26,91.5197,27.4589
4839,-3003.38,91.5373,27.4614
4840,-3004.5,91.5548,27.4639
4841,-3005.63,91.5723,27.4664
4842,-3006.75,91.5899,27.4689
4843,-3007.87,91.6074,27.4713
4844,-3008.99,91.6249,27.4738
4845,-3010.12,91.6425,27.4763
4846,-3011.24,91.66,27.4788
4847,-3012.36,91.6775,27.4812
4848,-3013.49,91.695,27.4838
4849,-3014.61,91.7126,27.4862
4850,-3015.74,91.7301,27.4984
4851,-3016.86,91.7476,27.5072
4852,-3017.98,91.7651,27.5108
4853,-3019.11,91.7827,27.5138
4854,-3020.23,91.8002,27.5164
4855,-3021.36,91.8177,27.5191
4856,-3022.48,91.8352,27.5216
4857,-3023.61,91.8528,27.5241
4858,-3024.73,91.8703,27.5267
4859,-3025.86,91.8878,27.5291
4860,-3026.98,91.9053,27.538
4861,-3028.11,91.9228,27.5407
4862,-3029.24,91.9404,27.5433
4863,-3030.36,91.9579,27.5459
4864,-3031.49,91.9754,27.5484
4865,-3032.61,91.9929,27.551
4866,-3033.74,92.0104,27.5536
4867,-3034.87,92.0279,27.5562
4868,-3036,92.0454,27.5587
4869,-3037.12,92.063,27.5615
4870,-3038.25,92.0805,27.564
4871,-3039.38,92.098,27.5666
4872,-3040.5,92.1155,27.5691
4873,-3041.63,92.133,27.5717
4874,-3042.76,92.1505,27.5743
4875,-3043.89,92.168,27.5769
4876,-3045.02,92.1855,27.5794
4877,-3046.15,92.203,27.5819
4878,-3047.27,92.2205,27.5846
4879,-3048.4,92.238,27.587
4880,-3049.53,92.2555,27.5896
4881,-3050.66,92.273,27.5921
4882,-3051.79,92.2906,27.5947
4883,-3052.92,92.3081,27.5973
4884,-3054.05,92.3256,27.5998
4885,-3055.18,92.3431,27.6023
4886,-3056.31,92.3606,27.6048
4887,-3057.44,92.3781,27.6073
4888,-3058.57,92.3956,27.6098
4889,-3059.7,92.4131,27.6123
4890,-3060.83,92.4306,27.6149
4891,-3061.96,92.448,27.6174
4892,-3063.09,92.4655,27.62
4893,-3064.22,92.483,27.6225
4894,-3065.36,92.5005,27.6251
4895,-3066.49,92.518,27.6276
4896,-3067.62,92.5355,27.6301
4897,-3068.75,92.553,27.6327
4898,-3069.88,92.5705,27.6352
4899,-3071.01,92.588,27.6377
4900,-3072.15,92.6055,27.6404
4901,-3073.28,92.623,27.6453
4902,-3074.41,92.6405,27.6478
4903,-3075.54,92.658,27.6503
4904,-3076.68,92.6754,27.6528
4905,-3077.81,92.6929,27.6553
4906,-3078.94,92.7104,27.6577
4907,-3080.08,92.7279,27.6601
4908,-3081.21,92.7454,27.6627
4909,-3082.34,92.7629,27.6652
4910,-3083.48,92.7804,27.6677
4911,-3084.61,92.7978,27.6702
4912,-3085.75,92.8153,27.6727
4913,-3086.88,92.8328,27.6752
4914,-3088.02,92.8503,27.6777
4915,-3089.15,92.8678,27.6802
4916,-3090.29,92.8852,27.6826
4917,-3091.42,92.9027,27.6851
4918,-3092.56,92.9202,27.6876
4919,-3093.69,92.9377,27.6901
4920,-3094.83,92.9552,27.6926
4921,-3095.96,92.9726,27.6951
4922,-3097.1,92.9901,27.6976
4923,-3098.23,93.0076,27.7002
4924,-3099.37,93.0251,27.7027
4925,-3100.51,93.0425,27.7052
4926,-3101.64,93.06,27.7077
4927,-3102.78,93.0775,27.7102
4928,-3103.92,93.0949,27.7128
4929,-3105.06,93.1124,27.7152
4930,-3106.19,93.1299,27.7178
4931,-3107.33,93.1474,27.7203
4932,-3108.47,93.1648,27.7228
4933,-3109.61,93.1823,27.7253
4934,-3110.74,93.1998,27.7279
4935,-3111.88,93.2172,27.7304
4936,-3113.02,93.2347,27.7329
4937,-3114.16,93.2522,27.7354
4938,-3115.3,93.2696,27.738
4939,-3116.44,93.2871,27.7406
4940,-3117.57,93.3045,27.743
4941,-3118.71,93.322,27.7456
4942,-3119.85,93.3395,27.748
4943,-3120.99,93.3569,27.7505
4944,-3122.13,93.3744,27.7529
4945,-3123.27,93.3918,27.7553
4946,-3124.41,93.4093,27.7578
4947,-3125.55,93.4268,27.7603
4948,-3126.69,93.4442,27.7628
4949,-3127.83,93.4617,27.7653
4950,-3128.97,93.4791,27.7678
4951,-3130.11,93.4966,27.7819
4952,-3131.25,93.514,27.7861
4953,-3132.4,93.5315,27.7896
4954,-3133.54,93.5489,27.7924
4955,-3134.68,93.5664,27.7954
4956,-3135.82,93.5839,27.7979
4957,-3136.96,93.6013,27.8004
4958,-3138.1,93.6188,27.803
4959,-3139.25,93.6362,27.8056
4960,-3140.39,93.6537,27.8082
4961,-3141.53,93.6711,27.8107
4962,-3142.67,93.6885,27.8132
4963,-3143.82,93.706,27.8158
4964,-3144.96,93.7234,27.8185
4965,-3146.1,93.7409,27.8211
4966,-3147.24,93.7583,27.8237
4967,-3148.39,93.7758,27.8262
4968,-3149.53,93.7932,27.8287
4969,-3150.68,93.8107,27.8312
4970,-3151.82,93.8281,27.8339
4971,-3152.96,93.8455,27.8364
4972,-3154.11,93.863,27.8389
4973,-3155.25,93.8804,27.8414
4974,-3156.4,93.8979,27.844
4975,-3157.54,93.9153,27.8466
4976,-3158.69,93.9327,27.8491
4977,-3159.83,93.9502,27.8516
4978,-3160.98,93.9676,27.8541
4979,-3162.12,93.9851,27.8566
4980,-3163.27,94.0025,27.8591
4981,-3164.41,94.0199,27.8616
4982,-3165.56,94.0374,27.8642
4983,-3166.7,94.0548,27.8668
4984,-3167.85,94.0722,27.8693
4985,-3169,94.0897,27.8718
4986,-3170.14,94.1071,27.8744
4987,-3171.29,94.1245,27.8769
4988,-3172.44,94.1419,27.8794
4989,-3173.58,94.1594,27.8818
4990,-3174.73,94.1768,27.8843
4991,-3175.88,94.1942,27.8868
4992,-3177.03,94.2117,27.8893
4993,-3178.17,94.2291,27.8919
4994,-3179.32,94.2465,27.8943
4995,-3180.47,94.2639,27.8968
4996,-3181.62,94.2814,27.8993
4997,-3182.77,94.2988,27.9018
4998,-3183.92,94.3162,27.9044
4999,-3185.06,94.3336,27.9069
5000,-3186.21,94.3511,27.9094
5001,-3187.36,94.3685,27.9284
5002,-3188.51,94.3859,27.9325
5003,-3189.66,94.4033,27.9358
5004,-3190.81,94.4207,27.9387
5005,-3191.96,94.4382,27.9413
5006,-3193.11,94.4556,27.944
5007,-3194.26,94.473,27.9554
5008,-3195.41,94.4904,27.958
5009,-3196.56,94.5078,27.9606
5010,-3197.71,94.5252,27.963
5011,-3198.86,94.5427,27.9656
5012,-3200.01,94.5601,27.9682
5013,-3201.16,94.5775,27.9708
5014,-3202.31,94.5949,27.9734
5015,-3203.47,94.6123,27.9759
5016,-3204.62,94.6297,27.9785
5017,-3205.77,94.6471,27.9811
5018,-3206.92,94.6645,27.9837
5019,-3208.07,94.6819,27.9862
5020,-3209.22,94.6994,27.9887
5021,-3210.38,94.7168,27.9912
5022,-3211.53,94.7342,27.9938
5023,-3212.68,94.7516,27.9963
5024,-3213.84,94.769,27.9989
5025,-3214.99,94.7864,28.0014
5026,-3216.14,94.8038,28.004
5027,-3217.29,94.8212,28.0065
5028,-3218.45,94.8386,28.009
5029,-3219.6,94.856,28.0115
5030,-3220.76,94.8734,28.0143
5031,-3221.91,94.8908,28.0169
5032,-3223.06,94.9082,28.0194
5033,-3224.22,94.9256,28.0219
5034,-3225.37,94.943,28.0243
5035,-3226.53,94.9604,28.0268
5036,-3227.68,94.9778,28.0293
5037,-3228.84,94.9952,28.0318
5038,-3229.99,95.0126,28.0343
5039,-3231.15,95.03,28.0369
5040,-3232.3,95.0474,28.0394
5041,-3233.46,95.0648,28.0421
5042,-3234.61,95.0822,28.0446
5043,-3235.77,95.0996,28.0471
5044,-3236.93,95.117,28.0496
5045,-3238.08,95.1344,28.0521
5046,-3239.24,95.1517,28.0546
5047,-3240.4,95.1691,28.0571
5048,-3241.55,95.1865,28.0596
5049,-3242.71,95.2039,28.0621
5050,-3243.87,95.2213,28.0646
5051,-3245.02,95.2387,28.0725
5052,-3246.18,95.2561,28.0754
5053,-3247.34,95.2735,28.0779
5054,-3248.5,95.2909,28.0805
5055,-3249.65,95.3082,28.0831
5056,-3250.81,95.3256,28.0856
5057,-3251.97,95.343,28.0881
5058,-3253.13,95.3604,28.0906
5059,-3254.29,95.3778,28.0931
5060,-3255.45,95.3952,28.0956
5061,-3256.61,95.4125,28.0981
5062,-3257.77,95.4299,28.1005
5063,-3258.92,95.4473,28.1031
5064,-3260.08,95.4647,28.1056
5065,-3261.24,95.4821,28.1081
5066,-3262.4,95.4994,28.1106
5067,-3263.56,95.5168,28.1132
5068,-3264.72,95.5342,28.1157
5069,-3265.88,95.5516,28.1182
5070,-3267.04,95.5689,28.1208
5071,-3268.2,95.5863,28.1233
5072,-3269.37,95.6037,28.1258
5073,-3270.53,95.6211,28.1283
5074,-3271.69,95.6384,28.1308
5075,-3272.85,95.6558,28.1334
5076,-3274.01,95.6732,28.1359
5077,-3275.17,95.6906,28.1384
5078,-3276.33,95.7079,28.1409
5079,-3277.5,95.7253,28.1434
5080,-3278.66,95.7427,28.1459
5081,-3279.82,95.76,28.1483
5082,-3280.98,95.7774,28.1509
5083,-3282.14,95.7948,28.1534
5084,-3283.31,95.8121,28.1558
5085,-3284.47,95.8295,28.1582
5086,-3285.63,95.8469,28.1607
5087,-3286.8,95.8642,28.1632
5088,-3287.96,95.8816,28.1657
5089,-3289.12,95.899,28.1682
5090,-3290.29,95.9163,28.1707
5091,-3291.45,95.9337,28.1731
5092,-3292.62,95.951,28.1756
5093,-3293.78,95.9684,28.1781
5094,-3294.94,95.9858,28.1806
5095,-3296.11,96.0031,28.1831
5096,-3297.27,96.0205,28.1856
5097,-3298.44,96.0378,28.1881
5098,-3299.6,96.0552,28.1906
5099,-3300.77,96.0726,28.1931
5100,-3301.93,96.0899,28.1956
5101,-3303.1,96.1073,28.2013
5102,-3304.26,96.1246,28.204
5103,-3305.43,96.142,28.2066
5104,-3306.6,96.1593,28.2092
5105,-3307.76,96.1767,28.2118
5106,-3308.93,96.194,28.2144
5107,-3310.1,96.2114,28.217
5108,-3311.26,96.2287,28.2196
5109,-3312.43,96.2461,28.2221
5110,-3313.6,96.2634,28.2247
5111,-3314.76,96.2808,28.2272
5112,-3315.93,96.2981,28.2298
5113,-3317.1,96.3155,28.2323
5114,-3318.27,96.3328,28.2348
5115,-3319.43,96.3502,28.2373
5116,-3320.6,96.3675,28.2398
5117,-3321.77,96.3849,28.2423
5118,-3322.94,96.4022,28.2448
5119,-3324.11,96.4196,28.2473
5120,-3325.28,96.4369,28.2498
5121,-3326.44,96.4542,28.2524
5122,-3327.61,96.4716,28.255
5123,-3328.78,96.4889,28.2575
5124,-3329.95,96.5063,28.26
5125,-3331.12,96.5236,28.2625
5126,-3332.29,96.5409,28.265
5127,-3333.46,96.5583,28.2675
5128,-3334.63,96.5756,28.27
5129,-3335.8,96.593,28.2726
5130,-3336.97,96.6103,28.2751
5131,-3338.14,96.6276,28.2776
5132,-3339.31,96.645,28.2801
5133,-3340.48,96.6623,28.2826
5134,-3341.65,96.6796,28.2852
5135,-3342.83,96.697,28.2876
5136,-3344,96.7143,28.2902
5137,-3345.17,96.7316,28.2928
5138,-3346.34,96.749,28.2953
5139,-3347.51,96.7663,28.2977
5140,-3348.68,96.7836,28.3002
5141,-3349.86,96.801,28.3028
5142,-3351.03,96.8183,28.3053
5143,-3352.2,96.8356,28.3079
5144,-3353.37,96.8529,28.3105
5145,-3354.55,96.8703,28.3129
5146,-3355.72,96.8876,28.3155
5147,-3356.89,96.9049,28.318
5148,-3358.07,96.9223,28.3205
5149,-3359.24,96.9396,28.3231
5150,-3360.41,96.9569,28.3256
5151,-3361.59,96.9742,28.3303
5152,-3362.76,96.9916,28.3329
5153,-3363.93,97.0089,28.3354
5154,-3365.11,97.0262,28.3379
5155,-3366.28,97.0435,28.3404
5156,-3367.46,97.0608,28.3429
5157,-3368.63,97.0782,28.3454
5158,-3369.81,97.0955,28.3479
5159,-3370.98,97.1128,28.3504
5160,-3372.16,97.1301,28.3529
5161,-3373.33,97.1474,28.3554
5162,-3374.51,97.1647,28.3579
5163,-3375.68,97.1821,28.3604
5164,-3376.86,97.1994,28.3629
5165,-3378.04,97.2167,28.3654
5166,-3379.21,97.234,28.3679
5167,-3380.39,97.2513,28.3703
5168,-3381.57,97.2686,28.3728
5169,-3382.74,97.2859,28.3752
5170,-3383.92,97.3033,28.3777
5171,-3385.1,97.3206,28.3802
5172,-3386.27,97.3379,28.3827
5173,-3387.45,97.3552,28.3851
5174,-3388.63,97.3725,28.3876
5175,-3389.81,97.3898,28.3901
5176,-3390.98,97.4071,28.3926
5177,-3392.16,97.4244,28.3951
5178,-3393.34,97.4417,28.3976
5179,-3394.52,97.459,28.4
5180,-3395.7,97.4763,28.4025
5181,-3396.88,97.4936,28.405
5182,-3398.06,97.511,28.4075
5183,-3399.23,97.5283,28.41
5184,-3400.41,97.5456,28.4126
5185,-3401.59,97.5629,28.4151
5186,-3402.77,97.5802,28.4175
5187,-3403.95,97.5975,28.42
5188,-3405.13,97.6148,28.4226
5189,-3406.31,97.6321,28.4251
5190,-3407.49,97.6494,28.4278
5191,-3408.67,97.6667,28.4303
5192,-3409.85,97.684,28.4328
5193,-3411.03,97.7013,28.4353
5194,-3412.22,97.7186,28.4378
5195,-3413.4,97.7359,28.4403
5196,-3414.58,97.7531,28.4428
5197,-3415.76,97.7704,28.4453
5198,-3416.94,97.7877,28.4478
5199,-3418.12,97.805,28.4502
5200,-3419.3,97.8223,28.4527
5201,-3420.49,97.8396,28.4574
5202,-3421.67,97.8569,28.4599
5203,-3422.85,97.8742,28.4624
5204,-3424.03,97.8915,28.4648
5205,-3425.22,97.9088,28.4674
5206,-3426.4,97.9261,28.4699
5207,-3427.58,97.9434,28.4724
5208,-3428.76,97.9606,28.4748
5209,-3429.95,97.9779,28.4773
5210,-3431.13,97.9952,28.4798
5211,-3432.31,98.0125,28.4822
5212,-3433.5,98.0298,28.4848
5213,-3434.68,98.0471,28.4873
5214,-3435.87,98.0644,28.4897
5215,-3437.05,98.0817,28.4922
5216,-3438.24,98.0989,28.4948
5217,-3439.42,98.1162,28.4972
5218,-3440.61,98.1335,28.4997
5219,-3441.79,98.1508,28.5022
5220,-3442.98,98.1681,28.5047
5221,-3444.16,98.1853,28.5072
5222,-3445.35,98.2026,28.5098
5223,-3446.53,98.2199,28.5123
5224,-3447.72,98.2372,28.5148
5225,-3448.9,98.2545,28.5172
5226,-3450.09,98.2717,28.5198
5227,-3451.28,98.289,28.5222
5228,-3452.46,98.3063,28.5248
5229,-3453.65,98.3236,28.5273
5230,-3454.84,98.3408,28.5297
5231,-3456.02,98.3581,28.5323
5232,-3457.21,98.3754,28.5348
5233,-3458.4,98.3927,28.5374
5234,-3459.58,98.4099,28.5398
5235,-3460.77,98.4272,28.5424
5236,-3461.96,98.4445,28.5449
5237,-3463.15,98.4617,28.5474
5238,-3464.34,98.479,28.5499
5239,-3465.52,98.4963,28.5525
5240,-3466.71,98.5136,28.555
5241,-3467.9,98.5308,28.5575
5242,-3469.09,98.5481,28.5599
5243,-3470.28,98.5654,28.5625
5244,-3471.47,98.5826,28.565
5245,-3472.66,98.5999,28.5675
5246,-3473.85,98.6172,28.57
5247,-3475.04,98.6344,28.5725
5248,-3476.23,98.6517,28.575
5249,-3477.42,98.6689,28.5776
5250,-3478.61,98.6862,28.58
5251,-3479.8,98.7035,28.5862
5252,-3480.99,98.7207,28.5888
5253,-3482.18,98.738,28.5914
5254,-3483.37,98.7553,28.594
5255,-3484.56,98.7725,28.5966
5256,-3485.75,98.7898,28.5992
5257,-3486.94,98.807,28.6018
5258,-3488.13,98.8243,28.6044
5259,-3489.32,98.8415,28.607
5260,-3490.52,98.8588,28.6096
5261,-3491.71,98.8761,28.6122
5262,-3492.9,98.8933,28.6148
5263,-3494.09,98.9106,28.6173
5264,-3495.28,98.9278,28.6199
5265,-3496.48,98.9451,28.6225
5266,-3497.67,98.9623,28.6251
5267,-3498.86,98.9796,28.6277
5268,-3500.06,98.9968,28.6303
5269,-3501.25,99.0141,28.6328
5270,-3502.44,99.0313,28.6354
5271,-3503.64,99.0486,28.6379
5272,-3504.83,99.0658,28.6405
5273,-3506.02,99.0831,28.6431
5274,-3507.22,99.1003,28.6456
5275,-3508.41,99.1176,28.6481
5276,-3509.61,99.1348,28.6508
5277,-3510.8,99.1521,28.6533
5278,-3511.99,99.1693,28.6558
5279,-3513.19,99.1866,28.6584
5280,-3514.38,99.2038,28.6609
5281,-3515.58,99.2211,28.6634
5282,-3516.78,99.2383,28.6659
5283,-3517.97,99.2555,28.6841
5284,-3519.17,99.2728,28.6884
5285,-3520.36,99.29,28.6917
5286,-3521.56,99.3073,28.6946
5287,-3522.75,99.3245,28.6972
5288,-3523.95,99.3417,28.6997
5289,-3525.15,99.359,28.7022
5290,-3526.34,99.3762,28.7048
5291,-3527.54,99.3935,28.7073
5292,-3528.74,99.4107,28.7099
5293,-3529.93,99.4279,28.7124
5294,-3531.13,99.4452,28.715
5295,-3532.33,99.4624,28.7175
5296,-3533.53,99.4796,28.72
5297,-3534.72,99.4969,28.7226
5298,-3535.92,99.5141,28.7251
5299,-3537.12,99.5314,28.7275
5300,-3538.32,99.5486,28.7301
5301,-3539.52,99.5658,28.7368
5302,-3540.72,99.583,28.7394
5303,-3541.91,99.6003,28.742
5304,-3543.11,99.6175,28.7446
5305,-3544.31,99.6347,28.7472
5306,-3545.51,99.652,28.7497
5307,-3546.71,99.6692,28.7522
5308,-3547.91,99.6864,28.7548
5309,-3549.11,99.7037,28.7573
5310,-3550.31,99.7209,28.7598
5311,-3551.51,99.7381,28.7623
5312,-3552.71,99.7553,28.7647
5313,-3553.91,99.7726,28.7672
5314,-3555.11,99.7898,28.7698
5315,-3556.31,99.807,28.7722
5316,-3557.51,99.8242,28.7747
5317,-3558.72,99.8415,28.7771
5318,-3559.92,99.8587,28.7796
5319,-3561.12,99.8759,28.7821
5320,-3562.32,99.8931,28.7847
5321,-3563.52,99.9103,28.7872
5322,-3564.72,99.9276,28.7897
5323,-3565.92,99.9448,28.7921
5324,-3567.13,99.962,28.7946
5325,-3568.33,99.9792,28.7971
5326,-3569.53,99.9964,28.7996
5327,-3570.73,100.014,28.8021
5328,-3571.94,100.031,28.8046
5329,-3573.14,100.048,28.8072
5330,-3574.34,100.065,28.8097
5331,-3575.55,100.083,28.8122
5332,-3576.75,100.1,28.8147
5333,-3577.95,100.117,28.8172
5334,-3579.16,100.134,28.8199
5335,-3580.36,100.151,28.8223
5336,-3581.57,100.169,28.8249
5337,-3582.77,100.186,28.8274
5338,-3583.98,100.203,28.8298
5339,-3585.18,100.22,28.8323
5340,-3586.38,100.237,28.8348
5341,-3587.59,100.255,28.8373
5342,-3588.8,100.272,28.8398
5343,-3590,100.289,28.8424
5344,-3591.21,100.306,28.845
5345,-3592.41,100.323,28.8475
5346,-3593.62,100.341,28.85
5347,-3594.82,100.358,28.8526
5348,-3596.03,100.375,28.855
5349,-3597.24,100.392,28.8576
5350,-3598.44,100.409,28.8601
5351,-3599.65,100.427,28.8759
5352,-3600.86,100.444,28.8801
5353,-3602.06,100.461,28.8841
5354,-3603.27,100.478,28.8876
5355,-3604.48,100.495,28.8905
5356,-3605.68,100.513,28.8931
5357,-3606.89,100.53,28.8959
5358,-3608.1,100.547,28.8985
5359,-3609.31,100.564,28.9012
5360,-3610.52,100.581,28.9037
5361,-3611.72,100.599,28.9062
5362,-3612.93,100.616,28.9088
5363,-3614.14,100.633,28.9113
5364,-3615.35,100.65,28.9139
5365,-3616.56,100.667,28.9164
5366,-3617.77,100.685,28.919
5367,-3618.98,100.702,28.9216
5368,-3620.19,100.719,28.9243
5369,-3621.4,100.736,28.9268
5370,-3622.61,100.753,28.9294
5371,-3623.82,100.771,28.9318
5372,-3625.03,100.788,28.9344
5373,-3626.24,100.805,28.9369
5374,-3627.45,100.822,28.9394
5375,-3628.66,100.839,28.942
5376,-3629.87,100.857,28.9445
5377,-3631.08,100.874,28.947
5378,-3632.29,100.891,28.9495
5379,-3633.5,100.908,28.952
5380,-3634.71,100.925,28.9546
5381,-3635.92,100.943,28.9571
5382,-3637.14,100.96,28.9597
5383,-3638.35,100.977,28.9621
5384,-3639.56,100.994,28.9646
5385,-3640.77,101.011,28.9671
5386,-3641.98,101.028,28.9697
5387,-3643.2,101.046,28.9722
5388,-3644.41,101.063,28.9748
5389,-3645.62,101.08,28.9774
5390,-3646.84,101.097,28.9799
5391,-3648.05,101.114,28.9824
5392,-3649.26,101.132,28.985
5393,-3650.48,101.149,28.9875
5394,-3651.69,101.166,28.99
5395,-3652.9,101.183,28.9925
5396,-3654.12,101.2,28.995
5397,-3655.33,101.217,28.9975
5398,-3656.55,101.235,29
5399,-3657.76,101.252,29.003
5400,-3658.98,101.269,29.0056
5401,-3660.19,101.286,29.0139
5402,-3661.41,101.303,29.0169
5403,-3662.62,101.32,29.0195
5404,-3663.84,101.338,29.0221
5405,-3665.05,101.355,29.0246
5406,-3666.27,101.372,29.0272
5407,-3667.48,101.389,29.0296
5408,-3668.7,101.406,29.032
5409,-3669.91,101.423,29.0345
5410,-3671.13,101.441,29.037
5411,-3672.35,101.458,29.0396
5412,-3673.56,101.475,29.0421
5413,-3674.78,101.492,29.0448
5414,-3676,101.509,29.0472
5415,-3677.22,101.526,29.0498
5416,-3678.43,101.544,29.0523
5417,-3679.65,101.561,29.0549
5418,-3680.87,101.578,29.0574
5419,-3682.09,101.595,29.0599
5420,-3683.3,101.612,29.0624
5421,-3684.52,101.629,29.0649
5422,-3685.74,101.647,29.0674
5423,-3686.96,101.664,29.0698
5424,-3688.18,101.681,29.0723
5425,-3689.4,101.698,29.0748
5426,-3690.61,101.715,29.0774
5427,-3691.83,101.732,29.0798
5428,-3693.05,101.75,29.0823
5429,-3694.27,101.767,29.0849
5430,-3695.49,101.784,29.0874
5431,-3696.71,101.801,29.0899
5432,-3697.93,101.818,29.0924
5433,-3699.15,101.835,29.0949
5434,-3700.37,101.853,29.0974
5435,-3701.59,101.87,29.0998
5436,-3702.81,101.887,29.1023
5437,-3704.03,101.904,29.1048
5438,-3705.25,101.921,29.1073
5439,-3706.48,101.938,29.1098
5440,-3707.7,101.955,29.1123
5441,-3708.92,101.973,29.1149
5442,-3710.14,101.99,29.1174
5443,-3711.36,102.007,29.12
5444,-3712.58,102.024,29.1225
5445,-3713.8,102.041,29.1251
5446,-3715.03,102.058,29.1276
5447,-3716.25,102.076,29.1302
5448,-3717.47,102.093,29.1328
5449,-3718.69,102.11,29.1353
5450,-3719.92,102.127,29.1378
5451,-3721.14,102.144,29.1454
5452,-3722.36,102.161,29.1484
5453,-3723.59,102.178,29.151
5454,-3724.81,102.196,29.1536
5455,-3726.03,102.213,29.1562
5456,-3727.26,102.23,29.1587
5457,-3728.48,102.247,29.1613
5458,-3729.71,102.264,29.1639
5459,-3730.93,102.281,29.1664
5460,-3732.16,102.298,29.1689
5461,-3733.38,102.316,29.1714
5462,-3734.6,102.333,29.1739
5463,-3735.83,102.35,29.1764
5464,-3737.05,102.367,29.1791
5465,-3738.28,102.384,29.1816
5466,-3739.51,102.401,29.1841
5467,-3740.73,102.418,29.1866
5468,-3741.96,102.436,29.1891
5469,-3743.18,102.453,29.1916
5470,-3744.41,102.47,29.1941
5471,-3745.64,102.487,29.1967
5472,-3746.86,102.504,29.1992
5473,-3748.09,102.521,29.2018
5474,-3749.32,102.538,29.2043
5475,-3750.54,102.555,29.2068
5476,-3751.77,102.573,29.2094
5477,-3753,102.59,29.2119
5478,-3754.22,102.607,29.2144
5479,-3755.45,102.624,29.217
5480,-3756.68,102.641,29.2195
5481,-3757.91,102.658,29.2221
5482,-3759.14,102.675,29.2248
5483,-3760.36,102.693,29.2273
5484,-3761.59,102.71,29.2298
5485,-3762.82,102.727,29.2324
5486,-3764.05,102.744,29.2349
5487,-3765.28,102.761,29.2375
5488,-3766.51,102.778,29.24
5489,-3767.74,102.795,29.2426
5490,-3768.97,102.812,29.2451
5491,-3770.2,102.83,29.2476
5492,-3771.42,102.847,29.2503
5493,-3772.65,102.864,29.2527
5494,-3773.88,102.881,29.2552
5495,-3775.12,102.898,29.2578
5496,-3776.35,102.915,29.2604
5497,-3777.58,102.932,29.2629
5498,-3778.81,102.949,29.2654
5499,-3780.04,102.966,29.2679
5500,-3781.27,102.984,29.2705
5501,-3782.5,103.001,29.2754
5502,-3783.73,103.018,29.278
5503,-3784.96,103.035,29.2806
5504,-3786.19,103.052,29.2831
5505,-3787.43,103.069,29.2857
5506,-3788.66,103.086,29.2882
5507,-3789.89,103.103,29.2909
5508,-3791.12,103.121,29.2935
5509,-3792.36,103.138,29.2961
5510,-3793.59,103.155,29.2986
5511,-3794.82,103.172,29.3012
5512,-3796.05,103.189,29.3039
5513,-3797.29,103.206,29.3064
5514,-3798.52,103.223,29.3088
5515,-3799.75,103.24,29.3112
5516,-3800.99,103.257,29.3135
5517,-3802.22,103.275,29.3162
5518,-3803.45,103.292,29.3187
5519,-3804.69,103.309,29.3212
5520,-3805.92,103.326,29.3238
5521,-3807.16,103.343,29.3263
5522,-3808.39,103.36,29.3288
5523,-3809.63,103.377,29.3314
5524,-3810.86,103.394,29.3339
5525,-3812.1,103.411,29.3364
5526,-3813.33,103.429,29.3389
5527,-3814.57,103.446,29.3414
5528,-3815.8,103.463,29.344
5529,-3817.04,103.48,29.3465
5530,-3818.28,103.497,29.349
5531,-3819.51,103.514,29.3516
5532,-3820.75,103.531,29.3541
5533,-3821.98,103.548,29.3567
5534,-3823.22,103.565,29.3592
5535,-3824.46,103.582,29.3618
5536,-3825.69,103.6,29.3642
5537,-3826.93,103.617,29.3668
5538,-3828.17,103.634,29.3694
5539,-3829.41,103.651,29.3718
5540,-3830.64,103.668,29.3745
5541,-3831.88,103.685,29.3771
5542,-3833.12,103.702,29.3797
5543,-3834.36,103.719,29.3823
5544,-3835.6,103.736,29.3848
5545,-3836.83,103.753,29.3874
5546,-3838.07,103.771,29.39
5547,-3839.31,103.788,29.3926
5548,-3840.55,103.805,29.3952
5549,-3841.79,103.822,29.3977
5550,-3843.03,103.839,29.4002
5551,-3844.27,103.856,29.4051
5552,-3845.51,103.873,29.4076
5553,-3846.75,103.89,29.4101
5554,-3847.99,103.907,29.4127
5555,-3849.23,103.924,29.4152
5556,-3850.47,103.941,29.4177
5557,-3851.71,103.959,29.4203
5558,-3852.95,103.976,29.4228
5559,-3854.19,103.993,29.4253
5560,-3855.43,104.01,29.4327
5561,-3856.67,104.027,29.4352
5562,-3857.91,104.044,29.4378
5563,-3859.15,104.061,29.4404
5564,-3860.39,104.078,29.443
5565,-3861.64,104.095,29.4456
5566,-3862.88,104.112,29.4482
5567,-3864.12,104.129,29.4508
5568,-3865.36,104.146,29.4534
5569,-3866.6,104.164,29.456
5570,-3867.85,104.181,29.4585
5571,-3869.09,104.198,29.4611
5572,-3870.33,104.215,29.4636
5573,-3871.57,104.232,29.4662
5574,-3872.82,104.249,29.4687
5575,-3874.06,104.266,29.4712
5576,-3875.3,104.283,29.4738
5577,-3876.55,104.3,29.4764
5578,-3877.79,104.317,29.479
5579,-3879.04,104.334,29.4815
5580,-3880.28,104.351,29.484
5581,-3881.52,104.368,29.4865
5582,-3882.77,104.386,29.4891
5583,-3884.01,104.403,29.4997
5584,-3885.26,104.42,29.5038
5585,-3886.5,104.437,29.5072
5586,-3887.75,104.454,29.5103
5587,-3888.99,104.471,29.5131
5588,-3890.24,104.488,29.5158
5589,-3891.48,104.505,29.5184
5590,-3892.73,104.522,29.521
5591,-3893.97,104.539,29.5237
5592,-3895.22,104.556,29.5263
5593,-3896.47,104.573,29.5288
5594,-3897.71,104.59,29.5315
5595,-3898.96,104.608,29.534
5596,-3900.21,104.625,29.5366
5597,-3901.45,104.642,29.5393
5598,-3902.7,104.659,29.5419
5599,-3903.95,104.676,29.5445
5600,-3905.2,104.693,29.5471
5601,-3906.44,104.71,29.5541
5602,-3907.69,104.727,29.5569
5603,-3908.94,104.744,29.5593
5604,-3910.19,104.761,29.5619
5605,-3911.43,104.778,29.5645
5606,-3912.68,104.795,29.567
5607,-3913.93,104.812,29.5695
5608,-3915.18,104.829,29.5721
5609,-3916.43,104.846,29.5746
5610,-3917.68,104.863,29.5771
5611,-3918.93,104.881,29.5796
5612,-3920.18,104.898,29.5822
5613,-3921.43,104.915,29.5848
5614,-3922.67,104.932,29.5873
5615,-3923.92,104.949,29.5898
5616,-3925.17,104.966,29.5922
5617,-3926.42,104.983,29.5947
5618,-3927.68,105,29.5971
5619,-3928.93,105.017,29.5999
5620,-3930.18,105.034,29.6025
5621,-3931.43,105.051,29.6051
5622,-3932.68,105.068,29.6076
5623,-3933.93,105.085,29.6101
5624,-3935.18,105.102,29.6126
5625,-3936.43,105.119,29.6151
5626,-3937.68,105.136,29.6177
5627,-3938.93,105.153,29.6202
5628,-3940.19,105.17,29.6228
5629,-3941.44,105.188,29.6253
5630,-3942.69,105.205,29.6277
5631,-3943.94,105.222,29.6303
5632,-3945.2,105.239,29.6329
5633,-3946.45,105.256,29.6355
5634,-3947.7,105.273,29.638
5635,-3948.95,105.29,29.6405
5636,-3950.21,105.307,29.643
5637,-3951.46,105.324,29.6456
5638,-3952.71,105.341,29.6481
5639,-3953.97,105.358,29.6506
5640,-3955.22,105.375,29.6531
5641,-3956.48,105.392,29.6556
5642,-3957.73,105.409,29.6581
5643,-3958.98,105.426,33.5997
5644,-3960.24,105.443,33.6052
5645,-3961.49,105.46,33.6102
5646,-3962.75,105.477,33.615
5647,-3964,105.494,33.6192
5648,-3965.26,105.511,33.623
5649,-3966.51,105.528,33.6269
5650,-3967.77,105.545,33.6306
5651,-3969.03,105.563,33.6537
5652,-3970.28,105.58,33.8105
5653,-3971.54,105.597,33.8146
5654,-3972.79,105.614,33.8179
5655,-3974.05,105.631,33.8207
5656,-3975.31,105.648,33.8236
5657,-3976.56,105.665,33.8262
5658,-3977.82,105.682,33.8291
5659,-3979.08,105.699,33.8317
5660,-3980.33,105.716,33.8344
5661,-3981.59,105.733,33.8369
5662,-3982.85,105.75,33.8395
5663,-3984.11,105.767,33.8422
5664,-3985.36,105.784,33.8448
5665,-3986.62,105.801,33.8474
5666,-3987.88,105.818,33.85
5667,-3989.14,105.835,33.8526
5668,-3990.4,105.852,33.8552
5669,-3991.65,105.869,33.8579
5670,-3992.91,105.886,33.8606
5671,-3994.17,105.903,33.8632
5672,-3995.43,105.92,33.8657
5673,-3996.69,105.937,33.8683
5674,-3997.95,105.954,33.8711
5675,-3999.21,105.971,33.8736
5676,-4000.47,105.988,33.8762
5677,-4001.73,106.005,33.8788
5678,-4002.99,106.022,33.8814
5679,-4004.25,106.039,33.884
5680,-4005.51,106.056,33.8865
5681,-4006.77,106.073,33.8891
5682,-4008.03,106.091,33.8916
5683,-4009.29,106.108,33.8942
5684,-4010.55,106.125,33.8967
5685,-4011.81,106.142,33.8992
5686,-4013.08,106.159,33.9018
5687,-4014.34,106.176,33.9043
5688,-4015.6,106.193,33.9069
5689,-4016.86,106.21,33.9095
5690,-4018.12,106.227,33.9121
5691,-4019.38,106.244,33.9146
5692,-4020.65,106.261,33.9173
5693,-4021.91,106.278,33.9198
5694,-4023.17,106.295,33.9222
5695,-4024.43,106.312,33.9247
5696,-4025.7,106.329,33.9273
5697,-4026.96,106.346,33.9298
5698,-4028.22,106.363,33.9323
5699,-4029.49,106.38,33.9348
5700,-4030.75,106.397,33.9374
5701,-4032.02,106.414,33.9445
5702,-4033.28,106.431,33.9473
5703,-4034.54,106.448,33.9498
5704,-4035.81,106.465,33.9524
5705,-4037.07,106.482,33.9549
5706,-4038.34,106.499,33.9574
5707,-4039.6,106.516,33.96
5708,-4040.87,106.533,33.9626
5709,-4042.13,106.55,33.965
5710,-4043.4,106.567,33.9675
5711,-4044.66,106.584,33.97
5712,-4045.93,106.601,33.9725
5713,-4047.19,106.618,33.975
5714,-4048.46,106.635,33.9776
5715,-4049.73,106.652,33.9801
5716,-4050.99,106.669,33.9827
5717,-4052.26,106.686,33.9852
5718,-4053.52,106.703,33.9877
5719,-4054.79,106.72,33.9903
5720,-4056.06,106.737,33.9928
5721,-4057.32,106.754,33.9953
5722,-4058.59,106.771,33.9977
5723,-4059.86,106.788,34.0002
5724,-4061.13,106.805,34.0027
5725,-4062.39,106.822,34.0052
5726,-4063.66,106.839,34.0077
5727,-4064.93,106.856,34.0101
5728,-4066.2,106.873,34.0126
5729,-4067.47,106.89,34.0151
5730,-4068.74,106.907,34.0177
5731,-4070,106.924,34.0202
5732,-4071.27,106.941,34.0228
5733,-4072.54,106.958,34.0253
5734,-4073.81,106.975,34.0278
5735,-4075.08,106.992,34.0303
5736,-4076.35,107.009,34.0328
5737,-4077.62,107.026,34.0353
5738,-4078.89,107.043,34.0379
5739,-4080.16,107.06,34.0404
5740,-4081.43,107.077,34.0429
5741,-4082.7,107.094,34.0454
5742,-4083.97,107.111,34.048
5743,-4085.24,107.128,34.0504
5744,-4086.51,107.145,34.0529
5745,-4087.78,107.162,34.0554
5746,-4089.05,107.179,34.0579
5747,-4090.32,107.196,34.0605
5748,-4091.6,107.213,34.063
5749,-4092.87,107.23,34.0654
5750,-4094.14,107.247,34.068
5751,-4095.41,107.264,34.0754
5752,-4096.68,107.281,34.078
5753,-4097.96,107.298,34.0804
5754,-4099.23,107.315,34.083
5755,-4100.5,107.332,34.0855
5756,-4101.77,107.349,34.088
5757,-4103.05,107.366,34.0906
5758,-4104.32,107.383,34.0931
5759,-4105.59,107.4,34.0956
5760,-4106.87,107.417,34.0981
5761,-4108.14,107.434,34.1007
5762,-4109.41,107.451,34.1032
5763,-4110.69,107.468,34.1058
5764,-4111.96,107.485,34.1083
5765,-4113.24,107.502,34.1109
5766,-4114.51,107.519,34.1134
5767,-4115.78,107.536,34.1159
5768,-4117.06,107.553,34.1184
5769,-4118.33,107.57,34.121
5770,-4119.61,107.587,34.1235
5771,-4120.88,107.604,34.126
5772,-4122.16,107.621,34.1284
5773,-4123.43,107.638,34.131
5774,-4124.71,107.655,34.1336
5775,-4125.99,107.672,34.1361
5776,-4127.26,107.689,34.1386
5777,-4128.54,107.705,34.1411
5778,-4129.81,107.722,34.1436
5779,-4131.09,107.739,34.1461
5780,-4132.37,107.756,34.1486
5781,-4133.64,107.773,34.1511
5782,-4134.92,107.79,34.1536
5783,-4136.2,107.807,34.156
5784,-4137.48,107.824,34.1585
5785,-4138.75,107.841,34.161
5786,-4140.03,107.858,34.1635
5787,-4141.31,107.875,34.166
5788,-4142.59,107.892,34.1686
5789,-4143.86,107.909,34.1711
5790,-4145.14,107.926,34.1736
5791,-4146.42,107.943,34.1761
5792,-4147.7,107.96,34.1785
5793,-4148.98,107.977,34.1811
5794,-4150.26,107.994,34.1836
5795,-4151.54,108.011,34.1861
5796,-4152.82,108.028,34.1887
5797,-4154.09,108.045,34.1913
5798,-4155.37,108.062,34.1939
5799,-4156.65,108.079,34.1963
5800,-4157.93,108.096,34.1988
5801,-4159.21,108.113,34.2044
5802,-4160.49,108.13,34.207
5803,-4161.77,108.147,34.2096
5804,-4163.06,108.164,34.2122
5805,-4164.34,108.181,34.2148
5806,-4165.62,108.198,34.2174
5807,-4166.9,108.215,34.2199
5808,-4168.18,108.232,34.2224
5809,-4169.46,108.248,34.2249
5810,-4170.74,108.265,34.2274
5811,-4172.02,108.282,34.23
5812,-4173.31,108.299,34.2327
5813,-4174.59,108.316,34.2353
5814,-4175.87,108.333,34.2378
5815,-4177.15,108.35,34.2403
5816,-4178.43,108.367,34.2428
5817,-4179.72,108.384,34.2453
5818,-4181,108.401,34.2478
5819,-4182.28,108.418,34.2505
5820,-4183.57,108.435,34.253
5821,-4184.85,108.452,34.2555
5822,-4186.13,108.469,34.258
5823,-4187.42,108.486,34.2605
5824,-4188.7,108.503,34.263
5825,-4189.98,108.52,34.2655
5826,-4191.27,108.537,34.2679
5827,-4192.55,108.554,34.2705
5828,-4193.84,108.571,34.273
5829,-4195.12,108.588,34.2754
5830,-4196.41,108.605,34.278
5831,-4197.69,108.622,34.2805
5832,-4198.98,108.638,34.283
5833,-4200.26,108.655,34.2854
5834,-4201.55,108.672,34.2879
5835,-4202.83,108.689,34.2905
5836,-4204.12,108.706,34.302
5837,-4205.4,108.723,34.3046
5838,-4206.69,108.74,34.3072
5839,-4207.98,108.757,34.3096
5840,-4209.26,108.774,34.3121
5841,-4210.55,108.791,34.3146
5842,-4211.83,108.808,34.3172
5843,-4213.12,108.825,34.3199
5844,-4214.41,108.842,34.3224
5845,-4215.7,108.859,34.325
5846,-4216.98,108.876,34.3276
5847,-4218.27,108.893,34.3301
5848,-4219.56,108.91,34.3327
5849,-4220.85,108.927,34.3353
5850,-4222.13,108.943,34.3378
5851,-4223.42,108.96,34.3426
5852,-4224.71,108.977,34.3452
5853,-4226,108.994,34.3477
5854,-4227.29,109.011,34.3504
5855,-4228.58,109.028,34.3529
5856,-4229.87,109.045,34.3554
5857,-4231.15,109.062,34.358
5858,-4232.44,109.079,34.3606
5859,-4233.73,109.096,34.3631
5860,-4235.02,109.113,34.3656
5861,-4236.31,109.13,34.3682
5862,-4237.6,109.147,34.3707
5863,-4238.89,109.164,34.3733
5864,-4240.18,109.181,34.3758
5865,-4241.47,109.198,34.3783
5866,-4242.76,109.214,34.3809
5867,-4244.05,109.231,34.3835
5868,-4245.35,109.248,34.3861
5869,-4246.64,109.265,34.3886
5870,-4247.93,109.282,34.3911
5871,-4249.22,109.299,34.3936
5872,-4250.51,109.316,34.3962
5873,-4251.8,109.333,34.3987
5874,-4253.09,109.35,34.4012
5875,-4254.39,109.367,34.4038
5876,-4255.68,109.384,34.4064
5877,-4256.97,109.401,34.4089
5878,-4258.26,109.418,34.4115
5879,-4259.56,109.435,34.414
5880,-4260.85,109.452,34.4165
5881,-4262.14,109.468,34.4191
5882,-4263.44,109.485,34.4217
5883,-4264.73,109.502,34.4242
5884,-4266.02,109.519,34.4267
5885,-4267.32,109.536,34.4293
5886,-4268.61,109.553,34.4318
5887,-4269.9,109.57,34.4343
5888,-4271.2,109.587,34.4368
5889,-4272.49,109.604,34.4394
5890,-4273.79,109.621,34.4419
5891,-4275.08,109.638,34.4444
5892,-4276.38,109.655,34.4469
5893,-4277.67,109.672,34.4495
5894,-4278.97,109.688,34.452
5895,-4280.26,109.705,34.4546
5896,-4281.56,109.722,34.4571
5897,-4282.85,109.739,34.4597
5898,-4284.15,109.756,34.4622
5899,-4285.44,109.773,34.4648
5900,-4286.74,109.79,34.4673
5901,-4288.04,109.807,34.4734
5902,-4289.33,109.824,34.4761
5903,-4290.63,109.841,34.4786
5904,-4291.93,109.858,34.4812
5905,-4293.22,109.875,34.4837
5906,-4294.52,109.891,34.4862
5907,-4295.82,109.908,34.4887
5908,-4297.11,109.925,34.4912
5909,-4298.41,109.942,34.4937
5910,-4299.71,109.959,34.4961
5911,-4301.01,109.976,34.4986
5912,-4302.31,109.993,34.5012
5913,-4303.6,110.01,34.5037
5914,-4304.9,110.027,34.5063
5915,-4306.2,110.044,34.5088
5916,-4307.5,110.061,34.5113
5917,-4308.8,110.077,34.5139
5918,-4310.1,110.094,34.5165
5919,-4311.4,110.111,34.5191
5920,-4312.7,110.128,34.5217
5921,-4314,110.145,34.5242
5922,-4315.29,110.162,34.5268
5923,-4316.59,110.179,34.5293
5924,-4317.89,110.196,34.5318
5925,-4319.19,110.213,34.5342
5926,-4320.5,110.23,34.5368
5927,-4321.8,110.247,34.5394
5928,-4323.1,110.263,34.542
5929,-4324.4,110.28,34.5445
5930,-4325.7,110.297,34.5469
5931,-4327,110.314,34.5494
5932,-4328.3,110.331,34.5519
5933,-4329.6,110.348,34.5544
5934,-4330.9,110.365,34.557
5935,-4332.21,110.382,34.5596
5936,-4333.51,110.399,34.562
5937,-4334.81,110.416,34.5646
5938,-4336.11,110.433,34.5671
5939,-4337.41,110.449,34.5695
5940,-4338.72,110.466,34.572
5941,-4340.02,110.483,34.5745
5942,-4341.32,110.5,34.5771
5943,-4342.62,110.517,34.5797
5944,-4343.93,110.534,34.5821
5945,-4345.23,110.551,34.5847
5946,-4346.54,110.568,34.5873
5947,-4347.84,110.585,34.5897
5948,-4349.14,110.601,34.5923
5949,-4350.45,110.618,34.5948
5950,-4351.75,110.635,34.5973
5951,-4353.06,110.652,34.6028
5952,-4354.36,110.669,34.6054
5953,-4355.66,110.686,34.6079
5954,-4356.97,110.703,34.6104
5955,-4358.27,110.72,34.6129
5956,-4359.58,110.737,34.6154
5957,-4360.88,110.754,34.618
5958,-4362.19,110.77,34.6204
5959,-4363.5,110.787,34.623
5960,-4364.8,110.804,34.6255
5961,-4366.11,110.821,34.628
5962,-4367.41,110.838,34.6305
5963,-4368.72,110.855,34.633
5964,-4370.03,110.872,34.6355
5965,-4371.33,110.889,34.638
5966,-4372.64,110.906,34.6405
5967,-4373.95,110.922,34.643
5968,-4375.25,110.939,34.6455
5969,-4376.56,110.956,34.648
5970,-4377.87,110.973,34.6505
5971,-4379.18,110.99,34.653
5972,-4380.48,111.007,34.6556
5973,-4381.79,111.024,34.658
5974,-4383.1,111.041,34.6606
5975,-4384.41,111.057,34.6631
5976,-4385.72,111.074,34.6656
5977,-4387.02,111.091,34.6682
5978,-4388.33,111.108,34.6707
5979,-4389.64,111.125,34.6732
5980,-4390.95,111.142,34.6756
5981,-4392.26,111.159,34.6782
5982,-4393.57,111.176,34.6807
5983,-4394.88,111.193,34.6832
5984,-4396.19,111.209,34.6857
5985,-4397.5,111.226,34.6882
5986,-4398.81,111.243,34.6907
5987,-4400.12,111.26,34.6932
5988,-4401.43,111.277,34.6957
5989,-4402.74,111.294,34.6982
5990,-4404.05,111.311,34.7008
5991,-4405.36,111.328,34.7033
5992,-4406.67,111.344,34.7059
5993,-4407.98,111.361,34.7084
5994,-4409.3,111.378,34.711
5995,-4410.61,111.395,34.7135
5996,-4411.92,111.412,34.716
5997,-4413.23,111.429,34.7186
5998,-4414.54,111.446,34.7211
5999,-4415.85,111.463,34.7236
6000,-4417.17,111.479,34.7261
6001,-4418.48,111.496,34.7318
6002,-4419.79,111.513,34.7344
6003,-4421.1,111.53,34.737
6004,-4422.42,111.547,34.7397
6005,-4423.73,111.564,34.7422
6006,-4425.04,111.581,34.7447
6007,-4426.36,111.598,34.7473
6008,-4427.67,111.614,34.7498
6009,-4428.98,111.631,34.7524
6010,-4430.3,111.648,34.7549
6011,-4431.61,111.665,34.7575
6012,-4432.93,111.682,34.7599
6013,-4434.24,111.699,34.7625
6014,-4435.56,111.716,34.765
6015,-4436.87,111.732,34.7676
6016,-4438.18,111.749,34.7701
6017,-4439.5,111.766,34.7726
6018,-4440.81,111.783,34.7751
6019,-4442.13,111.8,34.7776
6020,-4443.45,111.817,34.7801
6021,-4444.76,111.834,34.7827
6022,-4446.08,111.851,34.7851
6023,-4447.39,111.867,34.7877
6024,-4448.71,111.884,34.7901
6025,-4450.03,111.901,34.7926
6026,-4451.34,111.918,34.7953
6027,-4452.66,111.935,34.7978
6028,-4453.98,111.952,34.8003
6029,-4455.29,111.969,34.8028
6030,-4456.61,111.985,34.8053
6031,-4457.93,112.002,34.8077
6032,-4459.24,112.019,34.8102
6033,-4460.56,112.036,34.8127
6034,-4461.88,112.053,34.8152
6035,-4463.2,112.07,34.8178
6036,-4464.52,112.087,34.8203
6037,-4465.83,112.103,34.8229
6038,-4467.15,112.12,34.8256
6039,-4468.47,112.137,34.828
6040,-4469.79,112.154,34.8306
6041,-4471.11,112.171,34.833
6042,-4472.43,112.188,34.8356
6043,-4473.75,112.205,34.8381
6044,-4475.07,112.221,34.8406
6045,-4476.39,112.238,34.8431
6046,-4477.71,112.255,34.8457
6047,-4479.03,112.272,34.8482
6048,-4480.35,112.289,34.8508
6049,-4481.67,112.306,34.8533
6050,-4482.99,112.322,34.8558
6051,-4484.31,112.339,34.8611
6052,-4485.63,112.356,34.8637
6053,-4486.95,112.373,34.8662
6054,-4488.27,112.39,34.8687
6055,-4489.59,112.407,34.8712
6056,-4490.91,112.424,34.8737
6057,-4492.23,112.44,34.8762
6058,-4493.55,112.457,34.8788
6059,-4494.88,112.474,34.8813
6060,-4496.2,112.491,34.8839
6061,-4497.52,112.508,34.8865
6062,-4498.84,112.525,34.889
6063,-4500.17,112.541,34.8915
6064,-4501.49,112.558,34.894
6065,-4502.81,112.575,34.8965
6066,-4504.13,112.592,34.899
6067,-4505.46,112.609,34.9015
6068,-4506.78,112.626,34.904
6069,-4508.1,112.643,34.9066
6070,-4509.43,112.659,34.9091
6071,-4510.75,112.676,34.9116
6072,-4512.07,112.693,34.9141
6073,-4513.4,112.71,34.9167
6074,-4514.72,112.727,34.9193
6075,-4516.05,112.744,34.9218
6076,-4517.37,112.76,34.9243
6077,-4518.7,112.777,34.9269
6078,-4520.02,112.794,34.9293
6079,-4521.35,112.811,34.9318
6080,-4522.67,112.828,34.9343
6081,-4524,112.845,34.9369
6082,-4525.32,112.861,34.9395
6083,-4526.65,112.878,34.9421
6084,-4527.97,112.895,34.9446
6085,-4529.3,112.912,34.9471
6086,-4530.63,112.929,34.9496
6087,-4531.95,112.946,34.9522
6088,-4533.28,112.962,34.9547
6089,-4534.61,112.979,34.9572
6090,-4535.93,112.996,34.9597
6091,-4537.26,113.013,34.9622
6092,-4538.59,113.03,34.9647
6093,-4539.91,113.047,34.9673
6094,-4541.24,113.063,34.9698
6095,-4542.57,113.08,34.9723
6096,-4543.9,113.097,34.9748
6097,-4545.23,113.114,34.9773
6098,-4546.55,113.131,34.9798
6099,-4547.88,113.148,34.9823
6100,-4549.21,113.164,34.9848
6101,-4550.54,113.181,35.0004
6102,-4551.87,113.198,35.0046
6103,-4553.2,113.215,35.008
6104,-4554.53,113.232,35.0109
6105,-4555.85,113.249,35.0136
6106,-4557.18,113.265,35.0164
6107,-4558.51,113.282,35.0192
6108,-4559.84,113.299,35.0217
6109,-4561.17,113.316,35.0243
6110,-4562.5,113.333,35.0268
6111,-4563.83,113.35,35.0294
6112,-4565.16,113.366,35.0321
6113,-4566.49,113.383,35.0541
6114,-4567.83,113.4,35.0578
6115,-4569.16,113.417,35.0613
6116,-4570.49,113.434,35.0648
6117,-4571.82,113.45,35.0675
6118,-4573.15,113.467,35.0703
6119,-4574.48,113.484,35.073
6120,-4575.81,113.501,35.0756
6121,-4577.14,113.518,35.0784
6122,-4578.48,113.535,35.0811
6123,-4579.81,113.551,35.0838
6124,-4581.14,113.568,35.0864
6125,-4582.47,113.585,35.0889
6126,-4583.81,113.602,35.0915
6127,-4585.14,113.619,35.0942
6128,-4586.47,113.635,35.0968
6129,-4587.8,113.652,35.0994
6130,-4589.14,113.669,35.102
6131,-4590.47,113.686,35.1046
6132,-4591.81,113.703,35.1073
6133,-4593.14,113.72,35.11
6134,-4594.47,113.736,35.1127
6135,-4595.81,113.753,35.1152
6136,-4597.14,113.77,35.1179
6137,-4598.48,113.787,35.1205
6138,-4599.81,113.804,35.1232
6139,-4601.15,113.82,35.1258
6140,-4602.48,113.837,35.1284
6141,-4603.81,113.854,35.131
6142,-4605.15,113.871,35.1337
6143,-4606.49,113.888,35.1364
6144,-4607.82,113.904,35.139
6145,-4609.16,113.921,35.1417
6146,-4610.49,113.938,35.1442
6147,-4611.83,113.955,35.1467
6148,-4613.16,113.972,35.1493
6149,-4614.5,113.988,35.1518
6150,-4615.84,114.005,35.1544
6151,-4617.17,114.022,35.1602
6152,-4618.51,114.039,35.1628
6153,-4619.85,114.056,35.1654
6154,-4621.19,114.073,35.1679
6155,-4622.52,114.089,35.1705
6156,-4623.86,114.106,35.1729
6157,-4625.2,114.123,35.1756
6158,-4626.54,114.14,35.1782
6159,-4627.87,114.157,35.1807
6160,-4629.21,114.173,35.1833
6161,-4630.55,114.19,35.1858
6162,-4631.89,114.207,35.1884
6163,-4633.23,114.224,35.191
6164,-4634.57,114.241,35.1936
6165,-4635.9,114.257,35.1961
6166,-4637.24,114.274,35.1986
6167,-4638.58,114.291,35.2012
6168,-4639.92,114.308,35.2038
6169,-4641.26,114.325,35.2063
6170,-4642.6,114.341,35.2089
6171,-4643.94,114.358,35.2114
6172,-4645.28,114.375,35.2139
6173,-4646.62,114.392,35.2164
6174,-4647.96,114.409,35.2189
6175,-4649.3,114.425,35.2214
6176,-4650.64,114.442,35.2239
6177,-4651.98,114.459,35.2265
6178,-4653.33,114.476,35.229
6179,-4654.67,114.493,35.2317
6180,-4656.01,114.509,35.2343
6181,-4657.35,114.526,35.2368
6182,-4658.69,114.543,35.2393
6183,-4660.03,114.56,35.2485
6184,-4661.37,114.576,35.2529
6185,-4662.72,114.593,35.2565
6186,-4664.06,114.61,35.2595
6187,-4665.4,114.627,35.2623
6188,-4666.74,114.644,35.265
6189,-4668.09,114.66,35.2677
6190,-4669.43,114.677,35.2703
6191,-4670.77,114.694,35.2729
6192,-4672.12,114.711,35.2755
6193,-4673.46,114.728,35.2781
6194,-4674.8,114.744,35.2807
6195,-4676.15,114.761,35.2832
6196,-4677.49,114.778,35.2858
6197,-4678.84,114.795,35.2883
6198,-4680.18,114.812,35.2908
6199,-4681.52,114.828,35.2934
6200,-4682.87,114.845,35.2959
6201,-4684.21,114.862,35.3132
6202,-4685.56,114.879,35.3174
6203,-4686.9,114.895,35.3213
6204,-4688.25,114.912,35.325
6205,-4689.59,114.929,35.3284
6206,-4690.94,114.946,35.3313
6207,-4692.29,114.963,35.3342
6208,-4693.63,114.979,35.3369
6209,-4694.98,114.996,35.3397
6210,-4696.32,115.013,35.3424
6211,-4697.67,115.03,35.3451
6212,-4699.02,115.047,35.3478
6213,-4700.36,115.063,35.3505
6214,-4701.71,115.08,35.3531
6215,-4703.06,115.097,35.3558
6216,-4704.4,115.114,35.3584
6217,-4705.75,115.13,35.361
6218,-4707.1,115.147,35.3636
6219,-4708.45,115.164,35.3663
6220,-4709.79,115.181,35.369
6221,-4711.14,115.198,35.3717
6222,-4712.49,115.214,35.3744
6223,-4713.84,115.231,35.377
6224,-4715.19,115.248,35.3797
6225,-4716.54,115.265,35.3824
6226,-4717.88,115.281,35.3849
6227,-4719.23,115.298,35.3875
6228,-4720.58,115.315,35.3902
6229,-4721.93,115.332,35.3927
6230,-4723.28,115.348,35.3952
6231,-4724.63,115.365,35.3977
6232,-4725.98,115.382,35.4002
6233,-4727.33,115.399,35.4027
6234,-4728.68,115.416,35.4053
6235,-4730.03,115.432,35.4078
6236,-4731.38,115.449,35.4103
6237,-4732.73,115.466,35.413
6238,-4734.08,115.483,35.4156
6239,-4735.43,115.499,35.4182
6240,-4736.78,115.516,35.4207
6241,-4738.13,115.533,35.4233
6242,-4739.49,115.55,35.4259
6243,-4740.84,115.567,35.4284
6244,-4742.19,115.583,35.431
6245,-4743.54,115.6,35.4335
6246,-4744.89,115.617,35.4361
6247,-4746.25,115.634,35.4387
6248,-4747.6,115.65,35.4413
6249,-4748.95,115.667,35.4439
6250,-4750.3,115.684,35.4465
6251,-4751.66,115.701,35.4541
6252,-4753.01,115.717,35.457
6253,-4754.36,115.734,35.4597
6254,-4755.71,115.751,35.4623
6255,-4757.07,115.768,35.4649
6256,-4758.42,115.784,35.4675
6257,-4759.78,115.801,35.4701
6258,-4761.13,115.818,35.4726
6259,-4762.48,115.835,35.4751
6260,-4763.84,115.851,35.4777
6261,-4765.19,115.868,35.4802
6262,-4766.55,115.885,35.4828
6263,-4767.9,115.902,35.4855
6264,-4769.26,115.919,35.4881
6265,-4770.61,115.935,35.4907
6266,-4771.97,115.952,35.4933
6267,-4773.32,115.969,35.4958
6268,-4774.68,115.986,35.4984
6269,-4776.03,116.002,35.5009
6270,-4777.39,116.019,35.5034
6271,-4778.75,116.036,35.506
6272,-4780.1,116.053,35.5086
6273,-4781.46,116.069,35.5113
6274,-4782.81,116.086,35.5139
6275,-4784.17,116.103,35.5164
6276,-4785.53,116.12,35.519
6277,-4786.88,116.136,35.5216
6278,-4788.24,116.153,35.5242
6279,-4789.6,116.17,35.5267
6280,-4790.96,116.187,35.5293
6281,-4792.31,116.203,35.5319
6282,-4793.67,116.22,35.5344
6283,-4795.03,116.237,35.5369
6284,-4796.39,116.254,35.5395
6285,-4797.75,116.27,35.542
6286,-4799.1,116.287,35.5445
6287,-4800.46,116.304,35.547
6288,-4801.82,116.321,35.5495
6289,-4803.18,116.337,35.552
6290,-4804.54,116.354,35.5545
6291,-4805.9,116.371,35.5571
6292,-4807.26,116.388,35.5596
6293,-4808.62,116.404,35.5621
6294,-4809.98,116.421,35.5646
6295,-4811.34,116.438,35.5672
6296,-4812.7,116.455,35.5697
6297,-4814.06,116.471,35.5722
6298,-4815.42,116.488,35.5747
6299,-4816.78,116.505,35.5773
6300,-4818.14,116.522,35.5798
6301,-4819.5,116.538,35.5962
6302,-4820.86,116.555,35.6005
6303,-4822.22,116.572,35.6042
6304,-4823.58,116.589,35.6071
6305,-4824.95,116.605,35.6098
6306,-4826.31,116.622,35.6125
6307,-4827.67,116.639,35.6151
6308,-4829.03,116.656,35.6177
6309,-4830.39,116.672,35.6203
6310,-4831.76,116.689,35.6229
6311,-4833.12,116.706,35.6254
6312,-4834.48,116.723,35.6281
6313,-4835.84,116.739,35.6306
6314,-4837.21,116.756,35.6332
6315,-4838.57,116.773,35.6356
6316,-4839.93,116.789,35.6382
6317,-4841.3,116.806,35.6406
6318,-4842.66,116.823,35.6433
6319,-4844.02,116.84,35.6458
6320,-4845.39,116.856,35.6484
6321,-4846.75,116.873,35.6509
6322,-4848.12,116.89,35.6534
6323,-4849.48,116.907,35.6559
6324,-4850.84,116.923,35.6584
6325,-4852.21,116.94,35.6609
6326,-4853.57,116.957,35.6634
6327,-4854.94,116.974,35.6659
6328,-4856.3,116.99,35.6683
6329,-4857.67,117.007,35.6709
6330,-4859.03,117.024,35.6734
6331,-4860.4,117.04,35.676
6332,-4861.77,117.057,35.6785
6333,-4863.13,117.074,35.681
6334,-4864.5,117.091,35.6836
6335,-4865.86,117.107,35.6861
6336,-4867.23,117.124,35.6886
6337,-4868.6,117.141,35.6912
6338,-4869.96,117.158,35.6938
6339,-4871.33,117.174,35.6963
6340,-4872.7,117.191,35.6988
6341,-4874.07,117.208,35.7015
6342,-4875.43,117.225,35.7041
6343,-4876.8,117.241,35.7066
6344,-4878.17,117.258,35.709
6345,-4879.54,117.275,35.7116
6346,-4880.9,117.291,35.7141
6347,-4882.27,117.308,35.7167
6348,-4883.64,117.325,35.7192
6349,-4885.01,117.342,35.7217
6350,-4886.38,117.358,35.7242
6351,-4887.75,117.375,35.732
6352,-4889.12,117.392,35.735
6353,-4890.49,117.409,35.7375
6354,-4891.86,117.425,35.74
6355,-4893.22,117.442,35.7425
6356,-4894.59,117.459,35.745
6357,-4895.96,117.475,35.7474
6358,-4897.33,117.492,35.7499
6359,-4898.7,117.509,35.7524
6360,-4900.07,117.526,35.7549
6361,-4901.45,117.542,35.7574
6362,-4902.82,117.559,35.7598
6363,-4904.19,117.576,35.7623
6364,-4905.56,117.592,35.7649
6365,-4906.93,117.609,35.7674
6366,-4908.3,117.626,35.7699
6367,-4909.67,117.643,35.7724
6368,-4911.04,117.659,35.7749
6369,-4912.42,117.676,35.7774
6370,-4913.79,117.693,35.7799
6371,-4915.16,117.709,35.7823
6372,-4916.53,117.726,35.7848
6373,-4917.9,117.743,35.7873
6374,-4919.28,117.76,35.7898
6375,-4920.65,117.776,35.7923
6376,-4922.02,117.793,35.7948
6377,-4923.4,117.81,35.7973
6378,-4924.77,117.826,35.7998
6379,-4926.14,117.843,35.8023
6380,-4927.52,117.86,35.8048
6381,-4928.89,117.877,35.8074
6382,-4930.26,117.893,35.8098
6383,-4931.64,117.91,35.8122
6384,-4933.01,117.927,35.8148
6385,-4934.39,117.943,35.8173
6386,-4935.76,117.96,35.8198
6387,-4937.13,117.977,35.8223
6388,-4938.51,117.994,35.8248
6389,-4939.88,118.01,35.8325
6390,-4941.26,118.027,35.835
6391,-4942.64,118.044,35.8376
6392,-4944.01,118.06,35.8401
6393,-4945.39,118.077,35.8426
6394,-4946.76,118.094,35.8452
6395,-4948.14,118.111,35.8477
6396,-4949.51,118.127,35.8503
6397,-4950.89,118.144,35.8528
6398,-4952.27,118.161,35.8552
6399,-4953.64,118.177,35.8578
6400,-4955.02,118.194,35.8603
6401,-4956.4,118.211,35.8762
6402,-4957.77,118.227,35.8805
6403,-4959.15,118.244,35.884
6404,-4960.53,118.261,35.8868
6405,-4961.91,118.278,35.8894
6406,-4963.28,118.294,35.8921
6407,-4964.66,118.311,35.8946
6408,-4966.04,118.328,35.8972
6409,-4967.42,118.344,35.8997
6410,-4968.8,118.361,35.9022
6411,-4970.18,118.378,35.9048
6412,-4971.55,118.395,35.9074
6413,-4972.93,118.411,35.9099
6414,-4974.31,118.428,35.9124
6415,-4975.69,118.445,35.9149
6416,-4977.07,118.461,35.9175
6417,-4978.45,118.478,35.92
6418,-4979.83,118.495,35.9226
6419,-4981.21,118.511,35.9251
6420,-4982.59,118.528,35.9277
6421,-4983.97,118.545,35.9302
6422,-4985.35,118.562,35.9327
6423,-4986.73,118.578,35.9352
6424,-4988.11,118.595,35.9377
6425,-4989.49,118.612,35.9402
6426,-4990.87,118.628,35.9428
6427,-4992.25,118.645,35.9453
6428,-4993.64,118.662,35.9478
6429,-4995.02,118.678,35.9504
6430,-4996.4,118.695,35.9529
6431,-4997.78,118.712,35.9555
6432,-4999.16,118.728,35.9581
6433,-5000.54,118.745,35.9606
6434,-5001.93,118.762,35.9631
6435,-5003.31,118.779,35.9656
6436,-5004.69,118.795,35.9682
6437,-5006.07,118.812,35.9707
6438,-5007.46,118.829,35.9732
6439,-5008.84,118.845,35.9757
6440,-5010.22,118.862,35.9782
6441,-5011.61,118.879,35.9807
6442,-5012.99,118.895,35.9832
6443,-5014.37,118.912,35.9857
6444,-5015.76,118.929,35.9882
6445,-5017.14,118.945,35.9908
6446,-5018.53,118.962,35.9933
6447,-5019.91,118.979,35.9958
6448,-5021.29,118.995,35.9982
6449,-5022.68,119.012,36.0007
6450,-5024.06,119.029,36.0033
6451,-5025.45,119.046,36.525
6452,-5026.83,119.062,36.5348
6453,-5028.22,119.079,36.5387
6454,-5029.6,119.096,36.5424
6455,-5030.99,119.112,36.5461
6456,-5032.38,119.129,36.55
6457,-5033.76,119.146,36.5536
6458,-5035.15,119.162,36.5572
6459,-5036.53,119.179,36.5608
6460,-5037.92,119.196,36.5643
6461,-5039.31,119.212,36.5679
6462,-5040.69,119.229,36.5715
6463,-5042.08,119.246,36.5751
6464,-5043.47,119.262,36.5787
6465,-5044.85,119.279,36.5883
6466,-5046.24,119.296,36.5923
6467,-5047.63,119.312,36.5959
6468,-5049.02,119.329,36.5994
6469,-5050.41,119.346,36.6031
6470,-5051.79,119.363,36.6068
6471,-5053.18,119.379,36.6104
6472,-5054.57,119.396,36.6141
6473,-5055.96,119.413,36.6177
6474,-5057.35,119.429,36.6213
6475,-5058.74,119.446,36.6248
6476,-5060.12,119.463,36.6284
6477,-5061.51,119.479,36.6321
6478,-5062.9,119.496,36.6358
6479,-5064.29,119.513,36.6394
6480,-5065.68,119.529,36.6431
6481,-5067.07,119.546,36.6468
6482,-5068.46,119.563,36.6504
6483,-5069.85,119.579,36.654
6484,-5071.24,119.596,36.6576
6485,-5072.63,119.613,36.6612
6486,-5074.02,119.629,36.6649
6487,-5075.41,119.646,36.6686
6488,-5076.81,119.663,36.672
6489,-5078.2,119.679,36.6758
6490,-5079.59,119.696,36.6794
6491,-5080.98,119.713,36.6831
6492,-5082.37,119.729,36.6866
6493,-5083.76,119.746,36.6902
6494,-5085.15,119.763,36.6939
6495,-5086.55,119.779,36.6974
6496,-5087.94,119.796,36.7009
6497,-5089.33,119.813,36.7046
6498,-5090.72,119.829,36.7082
6499,-5092.12,119.846,36.7119
6500,-5093.51,119.863,36.7154
6501,-5094.9,119.879,36.728
6502,-5096.29,119.896,36.7317
6503,-5097.69,119.913,36.7352
6504,-5099.08,119.929,36.7388
6505,-5100.47,119.946,36.7423
6506,-5101.87,119.963,36.746
6507,-5103.26,119.979,36.7495
6508,-5104.66,119.996,36.753
6509,-5106.05,120.013,36.8419
6510,-5107.45,120.029,36.8454
6511,-5108.84,120.046,36.8483
6512,-5110.23,120.063,36.8509
6513,-5111.63,120.079,36.8535
6514,-5113.02,120.096,36.856
6515,-5114.42,120.113,36.8586
6516,-5115.82,120.129,36.8611
6517,-5117.21,120.146,36.8636
6518,-5118.61,120.163,36.8661
6519,-5120,120.179,36.8687
6520,-5121.4,120.196,36.8714
6521,-5122.79,120.213,36.874
6522,-5124.19,120.229,36.8765
6523,-5125.59,120.246,36.879
6524,-5126.98,120.263,36.8815
6525,-5128.38,120.279,36.884
6526,-5129.78,120.296,36.8946
6527,-5131.18,120.313,36.8977
6528,-5132.57,120.329,36.9003
6529,-5133.97,120.346,36.9029
6530,-5135.37,120.363,36.9055
6531,-5136.77,120.379,36.908
6532,-5138.16,120.396,36.9106
6533,-5139.56,120.412,36.9131
6534,-5140.96,120.429,36.9157
6535,-5142.36,120.446,36.9183
6536,-5143.76,120.462,36.9209
6537,-5145.16,120.479,36.9235
6538,-5146.55,120.496,36.9261
6539,-5147.95,120.512,36.9286
6540,-5149.35,120.529,36.9311
6541,-5150.75,120.546,36.9336
6542,-5152.15,120.562,36.9362
6543,-5153.55,120.579,36.9388
6544,-5154.95,120.596,36.9411
6545,-5156.35,120.612,36.9434
6546,-5157.75,120.629,36.9454
6547,-5159.15,120.646,36.9474
6548,-5160.55,120.662,36.9495
6549,-5161.95,120.679,36.9517
6550,-5163.35,120.696,36.954
6551,-5164.76,120.712,36.9689
6552,-5166.16,120.729,36.9716
6553,-5167.56,120.746,36.9735
6554,-5168.96,120.762,36.9756
6555,-5170.36,120.779,36.9779
6556,-5171.76,120.795,36.98
6557,-5173.17,120.812,36.9821
6558,-5174.57,120.829,36.9841
6559,-5175.97,120.845,36.9864
6560,-5177.37,120.862,36.9887
6561,-5178.77,120.879,36.9908
6562,-5180.18,120.895,36.9931
6563,-5181.58,120.912,36.9952
6564,-5182.98,120.929,36.9971
6565,-5184.39,120.945,36.9994
6566,-5185.79,120.962,37.0013
6567,-5187.19,120.979,37.0035
6568,-5188.6,120.995,37.0634
6569,-5190,121.012,37.0666
6570,-5191.41,121.028,37.0693
6571,-5192.81,121.045,37.0718
6572,-5194.21,121.062,37.0744
6573,-5195.62,121.078,37.0769
6574,-5197.02,121.095,37.0795
6575,-5198.43,121.112,37.0821
6576,-5199.83,121.128,37.0847
6577,-5201.24,121.145,37.0873
6578,-5202.64,121.162,37.0899
6579,-5204.05,121.178,37.0922
6580,-5205.45,121.195,37.0945
6581,-5206.86,121.211,37.0968
6582,-5208.27,121.228,37.0992
6583,-5209.67,121.245,37.1018
6584,-5211.08,121.261,37.1044
6585,-5212.49,121.278,37.107
6586,-5213.89,121.295,37.1095
6587,-5215.3,121.311,37.1121
6588,-5216.71,121.328,37.1147
6589,-5218.11,121.345,37.1173
6590,-5219.52,121.361,37.1276
6591,-5220.93,121.378,37.1302
6592,-5222.34,121.394,37.1328
6593,-5223.74,121.411,37.1355
6594,-5225.15,121.428,37.1381
6595,-5226.56,121.444,37.1407
6596,-5227.97,121.461,37.1433
6597,-5229.38,121.478,37.1459
6598,-5230.78,121.494,37.1484
6599,-5232.19,121.511,37.1509
6600,-5233.6,121.528,37.1535
6601,-5235.01,121.544,37.1629
6602,-5236.42,121.561,37.1658
6603,-5237.83,121.577,37.1682
6604,-5239.24,121.594,37.1705
6605,-5240.65,121.611,37.1725
6606,-5242.06,121.627,37.1744
6607,-5243.47,121.644,37.1765
6608,-5244.88,121.661,37.1786
6609,-5246.29,121.677,37.1809
6610,-5247.7,121.694,37.1829
6611,-5249.11,121.71,37.1852
6612,-5250.52,121.727,37.1875
6613,-5251.93,121.744,37.1898
6614,-5253.34,121.76,37.1918
6615,-5254.75,121.777,37.2012
6616,-5256.17,121.794,37.2043
6617,-5257.58,121.81,37.2069
6618,-5258.99,121.827,37.2095
6619,-5260.4,121.843,37.212
6620,-5261.81,121.86,37.2146
6621,-5263.23,121.877,37.2171
6622,-5264.64,121.893,37.2196
6623,-5266.05,121.91,37.2221
6624,-5267.46,121.927,37.2247
6625,-5268.88,121.943,37.2272
6626,-5270.29,121.96,37.2295
6627,-5271.7,121.976,37.2318
6628,-5273.12,121.993,37.2341
6629,-5274.53,122.01,37.2364
6630,-5275.94,122.026,37.2389
6631,-5277.36,122.043,37.2414
6632,-5278.77,122.06,37.244
6633,-5280.18,122.076,37.2466
6634,-5281.6,122.093,37.2492
6635,-5283.01,122.109,37.2517
6636,-5284.43,122.126,37.2543
6637,-5285.84,122.143,37.2568
6638,-5287.26,122.159,37.2593
6639,-5288.67,122.176,37.2618
6640,-5290.09,122.192,37.2643
6641,-5291.5,122.209,37.2668
6642,-5292.92,122.226,37.277
6643,-5294.33,122.242,37.3552
6644,-5295.75,122.259,37.3596
6645,-5297.17,122.276,37.3632
6646,-5298.58,122.292,37.3664
6647,-5300,122.309,37.3691
6648,-5301.42,122.325,37.3722
6649,-5302.83,122.342,37.3749
6650,-5304.25,122.359,37.3775
6651,-5305.67,122.375,37.387
6652,-5307.08,122.392,37.3902
6653,-5308.5,122.408,37.3928
6654,-5309.92,122.425,37.3954
6655,-5311.34,122.442,37.398
6656,-5312.75,122.458,37.4006
6657,-5314.17,122.475,37.4032
6658,-5315.59,122.491,37.4057
6659,-5317.01,122.508,37.4082
6660,-5318.43,122.525,37.4108
6661,-5319.85,122.541,37.4133
6662,-5321.26,122.558,37.4158
6663,-5322.68,122.575,37.425
6664,-5324.1,122.591,37.4424
6665,-5325.52,122.608,37.4451
6666,-5326.94,122.624,37.4477
6667,-5328.36,122.641,37.4502
6668,-5329.78,122.658,37.4528
6669,-5331.2,122.674,37.4553
6670,-5332.62,122.691,37.4578
6671,-5334.04,122.707,37.4603
6672,-5335.46,122.724,37.4626
6673,-5336.88,122.741,37.529
6674,-5338.3,122.757,37.5335
6675,-5339.72,122.774,37.5361
6676,-5341.15,122.79,37.5386
6677,-5342.57,122.807,37.5413
6678,-5343.99,122.824,37.5438
6679,-5345.41,122.84,37.546
6680,-5346.83,122.857,37.5483
6681,-5348.25,122.873,37.5505
6682,-5349.67,122.89,37.5527
6683,-5351.1,122.907,37.5551
6684,-5352.52,122.923,37.5577
6685,-5353.94,122.94,37.5602
6686,-5355.36,122.956,37.5628
6687,-5356.79,122.973,37.5653
6688,-5358.21,122.99,37.5678
6689,-5359.63,123.006,37.5704
6690,-5361.06,123.023,37.5729
6691,-5362.48,123.039,37.5755
6692,-5363.9,123.056,37.578
6693,-5365.33,123.073,37.5806
6694,-5366.75,123.089,37.5831
6695,-5368.18,123.106,37.5856
6696,-5369.6,123.122,37.5953
6697,-5371.02,123.139,37.5984
6698,-5372.45,123.156,37.601
6699,-5373.87,123.172,37.6036
6700,-5375.3,123.189,37.6062
6701,-5376.72,123.205,37.6154
6702,-5378.15,123.222,37.6182
6703,-5379.57,123.239,37.6204
6704,-5381,123.255,37.6226
6705,-5382.43,123.272,37.6247
6706,-5383.85,123.288,37.6266
6707,-5385.28,123.305,37.6286
6708,-5386.7,123.322,37.6307
6709,-5388.13,123.338,37.633
6710,-5389.56,123.355,37.6351
6711,-5390.98,123.371,37.6374
6712,-5392.41,123.388,37.6398
6713,-5393.84,123.404,37.6421
6714,-5395.26,123.421,37.644
6715,-5396.69,123.438,37.6461
6716,-5398.12,123.454,37.6486
6717,-5399.55,123.471,37.651
6718,-5400.97,123.487,37.6536
6719,-5402.4,123.504,37.6562
6720,-5403.83,123.521,37.7005
6721,-5405.26,123.537,37.7041
6722,-5406.69,123.554,37.7067
6723,-5408.12,123.57,37.7093
6724,-5409.54,123.587,37.7121
6725,-5410.97,123.604,37.7148
6726,-5412.4,123.62,37.7175
6727,-5413.83,123.637,37.7201
6728,-5415.26,123.653,37.7228
6729,-5416.69,123.67,37.7253
6730,-5418.12,123.686,37.7279
6731,-5419.55,123.703,37.7305
6732,-5420.98,123.72,37.7331
6733,-5422.41,123.736,37.7357
6734,-5423.84,123.753,37.7456
6735,-5425.27,123.769,37.7487
6736,-5426.7,123.786,37.7513
6737,-5428.13,123.803,37.754
6738,-5429.56,123.819,37.7566
6739,-5430.99,123.836,37.7592
6740,-5432.43,123.852,37.7618
6741,-5433.86,123.869,37.7644
6742,-5435.29,123.885,37.7671
6743,-5436.72,123.902,37.7697
6744,-5438.15,123.919,37.7723
6745,-5439.58,123.935,37.7749
6746,-5441.02,123.952,37.7774
6747,-5442.45,123.968,37.78
6748,-5443.88,123.985,37.7826
6749,-5445.31,124.001,37.7853
6750,-5446.75,124.018,37.7879
6751,-5448.18,124.035,37.7963
6752,-5449.61,124.051,37.7995
6753,-5451.05,124.068,37.8279
6754,-5452.48,124.084,37.8323
6755,-5453.91,124.101,37.8362
6756,-5455.35,124.118,37.8396
6757,-5456.78,124.134,37.8427
6758,-5458.22,124.151,37.8456
6759,-5459.65,124.167,37.8483
6760,-5461.08,124.184,37.8512
6761,-5462.52,124.2,37.8537
6762,-5463.95,124.217,37.8559
6763,-5465.39,124.234,37.8579
6764,-5466.82,124.25,37.8601
6765,-5468.26,124.267,37.8626
6766,-5469.7,124.283,37.8649
6767,-5471.13,124.3,37.8674
6768,-5472.57,124.316,37.8699
6769,-5474,124.333,37.8721
6770,-5475.44,124.35,37.8741
6771,-5476.87,124.366,37.8761
6772,-5478.31,124.383,37.8783
6773,-5479.75,124.399,37.8805
6774,-5481.18,124.416,37.8827
6775,-5482.62,124.432,37.8849
6776,-5484.06,124.449,37.8873
6777,-5485.5,124.466,37.8892
6778,-5486.93,124.482,37.8916
6779,-5488.37,124.499,37.8935
6780,-5489.81,124.515,37.9002
6781,-5491.25,124.532,37.9028
6782,-5492.68,124.548,37.9049
6783,-5494.12,124.565,37.9071
6784,-5495.56,124.581,37.9094
6785,-5497,124.598,37.9118
6786,-5498.44,124.615,37.9143
6787,-5499.88,124.631,37.9165
6788,-5501.32,124.648,37.9188
6789,-5502.75,124.664,37.9211
6790,-5504.19,124.681,37.9234
6791,-5505.63,124.697,37.9257
6792,-5507.07,124.714,37.9281
6793,-5508.51,124.731,37.9308
6794,-5509.95,124.747,37.9334
6795,-5511.39,124.764,37.936
6796,-5512.83,124.78,37.9386
6797,-5514.27,124.797,37.9412
6798,-5515.71,124.813,37.9439
6799,-5517.16,124.83,37.9465
6800,-5518.6,124.846,37.9491
6801,-5520.04,124.863,37.959
6802,-5521.48,124.88,37.9616
6803,-5522.92,124.896,37.9639
6804,-5524.36,124.913,37.966
6805,-5525.8,124.929,37.9684
6806,-5527.24,124.946,37.9709
6807,-5528.69,124.962,37.9735
6808,-5530.13,124.979,37.9761
6809,-5531.57,124.996,37.9787
6810,-5533.01,125.012,37.9812
6811,-5534.46,125.029,37.9839
6812,-5535.9,125.045,37.9864
6813,-5537.34,125.062,37.9888
6814,-5538.79,125.078,37.9913
6815,-5540.23,125.095,37.9938
6816,-5541.67,125.111,37.9962
6817,-5543.12,125.128,37.9987
6818,-5544.56,125.145,38.0011
6819,-5546,125.161,38.0037
6820,-5547.45,125.178,38.0062
6821,-5548.89,125.194,38.0086
6822,-5550.34,125.211,38.0108
6823,-5551.78,125.227,38.0132
6824,-5553.23,125.244,38.0156
6825,-5554.67,125.26,38.0179
6826,-5556.12,125.277,38.0204
6827,-5557.56,125.293,38.0229
6828,-5559.01,125.31,38.0254
6829,-5560.45,125.327,38.0281
6830,-5561.9,125.343,38.0307
6831,-5563.34,125.36,38.0332
6832,-5564.79,125.376,38.0357
6833,-5566.24,125.393,38.0383
6834,-5567.68,125.409,38.0409
6835,-5569.13,125.426,38.0435
6836,-5570.57,125.442,38.0461
6837,-5572.02,125.459,38.0487
6838,-5573.47,125.476,38.0513
6839,-5574.92,125.492,38.0539
6840,-5576.36,125.509,38.0565
6841,-5577.81,125.525,38.059
6842,-5579.26,125.542,38.0616
6843,-5580.71,125.558,38.0641
6844,-5582.15,125.575,38.0667
6845,-5583.6,125.591,38.0693
6846,-5585.05,125.608,38.0717
6847,-5586.5,125.624,38.0742
6848,-5587.95,125.641,38.0764
6849,-5589.4,125.658,38.0786
6850,-5590.84,125.674,38.0805
6851,-5592.29,125.691,38.0887
6852,-5593.74,125.707,38.0918
6853,-5595.19,125.724,38.0942
6854,-5596.64,125.74,38.0966
6855,-5598.09,125.757,38.0988
6856,-5599.54,125.773,38.1015
6857,-5600.99,125.79,38.1042
6858,-5602.44,125.806,38.1069
6859,-5603.89,125.823,38.1096
6860,-5605.34,125.839,38.1123
6861,-5606.79,125.856,38.1149
6862,-5608.24,125.873,38.1176
6863,-5609.69,125.889,38.1202
6864,-5611.15,125.906,38.123
6865,-5612.6,125.922,38.1257
6866,-5614.05,125.939,38.1285
6867,-5615.5,125.955,38.1311
6868,-5616.95,125.972,38.1338
6869,-5618.4,125.988,38.1365
6870,-5619.86,126.005,38.1391
6871,-5621.31,126.021,38.1418
6872,-5622.76,126.038,38.1445
6873,-5624.21,126.054,38.1471
6874,-5625.67,126.071,38.1498
6875,-5627.12,126.088,38.1524
6876,-5628.57,126.104,38.1552
6877,-5630.02,126.121,38.1579
6878,-5631.48,126.137,38.1605
6879,-5632.93,126.154,38.1632
6880,-5634.39,126.17,38.1656
6881,-5635.84,126.187,38.168
6882,-5637.29,126.203,38.1701
6883,-5638.75,126.22,38.1725
6884,-5640.2,126.236,38.1749
6885,-5641.66,126.253,38.1774
6886,-5643.11,126.269,38.1798
6887,-5644.57,126.286,38.1822
6888,-5646.02,126.302,38.1843
6889,-5647.48,126.319,38.1865
6890,-5648.93,126.336,38.1887
6891,-5650.39,126.352,38.1911
6892,-5651.84,126.369,38.1936
6893,-5653.3,126.385,38.1961
6894,-5654.75,126.402,38.1982
6895,-5656.21,126.418,38.2005
6896,-5657.67,126.435,38.2028
6897,-5659.12,126.451,38.2051
6898,-5660.58,126.468,38.2074
6899,-5662.04,126.484,38.2098
6900,-5663.49,126.501,38.2122
6901,-5664.95,126.517,38.2203
6902,-5666.41,126.534,38.223
6903,-5667.86,126.55,38.2251
6904,-5669.32,126.567,38.2274
6905,-5670.78,126.583,38.2298
6906,-5672.24,126.6,38.2323
6907,-5673.7,126.616,38.2349
6908,-5675.15,126.633,38.2375
6909,-5676.61,126.65,38.24
6910,-5678.07,126.666,38.2426
6911,-5679.53,126.683,38.2449
6912,-5680.99,126.699,38.2474
6913,-5682.45,126.716,38.2496
6914,-5683.91,126.732,38.252
6915,-5685.37,126.749,38.2546
6916,-5686.82,126.765,38.2571
6917,-5688.28,126.782,38.2596
6918,-5689.74,126.798,38.2617
6919,-5691.2,126.815,38.264
6920,-5692.66,126.831,38.2664
6921,-5694.12,126.848,38.2688
6922,-5695.58,126.864,38.2712
6923,-5697.04,126.881,38.2736
6924,-5698.51,126.897,38.276
6925,-5699.97,126.914,38.2786
6926,-5701.43,126.93,38.2811
6927,-5702.89,126.947,38.2837
6928,-5704.35,126.963,38.2863
6929,-5705.81,126.98,38.2888
6930,-5707.27,126.996,38.2914
6931,-5708.74,127.013,38.294
6932,-5710.2,127.03,38.2966
6933,-5711.66,127.046,38.2993
6934,-5713.12,127.063,38.3018
6935,-5714.58,127.079,38.3044
6936,-5716.05,127.096,38.307
6937,-5717.51,127.112,38.3096
6938,-5718.97,127.129,38.3122
6939,-5720.44,127.145,38.3148
6940,-5721.9,127.162,38.3368
6941,-5723.36,127.178,38.4136
6942,-5724.83,127.195,38.4178
6943,-5726.29,127.211,38.4213
6944,-5727.75,127.228,38.4245
6945,-5729.22,127.244,38.4273
6946,-5730.68,127.261,38.4301
6947,-5732.15,127.277,38.4329
6948,-5733.61,127.294,38.4355
6949,-5735.08,127.31,38.4383
6950,-5736.54,127.327,38.4412
6951,-5738.01,127.343,38.4528
6952,-5739.47,127.36,38.4559
6953,-5740.94,127.376,38.4585
6954,-5742.4,127.393,38.4611
6955,-5743.87,127.409,38.4638
6956,-5745.33,127.426,38.4665
6957,-5746.8,127.442,38.4691
6958,-5748.26,127.459,38.4718
6959,-5749.73,127.475,38.4744
6960,-5751.2,127.492,38.477
6961,-5752.66,127.508,38.4796
6962,-5754.13,127.525,38.4823
6963,-5755.6,127.541,38.485
6964,-5757.06,127.558,38.4877
6965,-5758.53,127.574,38.4904
6966,-5760,127.591,38.4931
6967,-5761.47,127.607,38.4961
6968,-5762.93,127.624,38.4986
6969,-5764.4,127.64,38.5012
6970,-5765.87,127.657,38.5039
6971,-5767.34,127.673,38.5065
6972,-5768.81,127.69,38.5092
6973,-5770.28,127.706,38.512
6974,-5771.74,127.723,38.5148
6975,-5773.21,127.739,38.5176
6976,-5774.68,127.756,38.5204
6977,-5776.15,127.772,38.5231
6978,-5777.62,127.789,38.5258
6979,-5779.09,127.805,38.5284
6980,-5780.56,127.822,38.5312
6981,-5782.03,127.838,38.534
6982,-5783.5,127.855,38.5367
6983,-5784.97,127.871,38.5394
6984,-5786.44,127.888,38.5421
6985,-5787.91,127.904,38.5448
6986,-5789.38,127.921,38.5475
6987,-5790.85,127.937,38.5502
6988,-5792.32,127.954,38.553
6989,-5793.79,127.97,38.5556
6990,-5795.27,127.987,38.5584
6991,-5796.74,128.003,38.561
6992,-5798.21,128.02,38.5637
6993,-5799.68,128.036,38.5664
6994,-5801.15,128.053,38.5691
6995,-5802.62,128.069,38.5718
6996,-5804.1,128.086,38.5744
6997,-5805.57,128.102,38.5773
6998,-5807.04,128.119,38.58
6999,-5808.51,128.135,38.5828
7000,-5809.99,128.152,38.5855
7001,-5811.46,128.168,38.5936
7002,-5812.93,128.185,38.5968
7003,-5814.41,128.201,38.5994
7004,-5815.88,128.218,38.6021
7005,-5817.35,128.234,38.6048
7006,-5818.83,128.251,38.6075
7007,-5820.3,128.267,38.6102
7008,-5821.78,128.284,38.613
7009,-5823.25,128.3,38.6157
7010,-5824.72,128.317,38.6185
7011,-5826.2,128.333,38.6212
7012,-5827.67,128.35,38.6238
7013,-5829.15,128.366,38.6265
7014,-5830.62,128.383,38.6292
7015,-5832.1,128.399,38.6319
7016,-5833.57,128.416,38.6348
7017,-5835.05,128.432,38.6374
7018,-5836.53,128.449,38.6403
7019,-5838,128.465,38.6431
7020,-5839.48,128.482,38.646
7021,-5840.95,128.498,38.6488
7022,-5842.43,128.515,38.6514
7023,-5843.91,128.531,38.6542
7024,-5845.38,128.548,38.657
7025,-5846.86,128.564,38.6597
7026,-5848.34,128.581,38.6623
7027,-5849.81,128.597,38.665
7028,-5851.29,128.614,38.6677
7029,-5852.77,128.63,38.6705
7030,-5854.25,128.647,38.6732
7031,-5855.72,128.663,38.6759
7032,-5857.2,128.68,38.6786
7033,-5858.68,128.696,38.6814
7034,-5860.16,128.713,38.6841
7035,-5861.64,128.729,38.6869
7036,-5863.12,128.745,38.6897
7037,-5864.59,128.762,38.6924
7038,-5866.07,128.778,38.6951
7039,-5867.55,128.795,38.6978
7040,-5869.03,128.811,38.7004
7041,-5870.51,128.828,38.7032
7042,-5871.99,128.844,38.706
7043,-5873.47,128.861,38.7088
7044,-5874.95,128.877,38.7117
7045,-5876.43,128.894,38.7145
7046,-5877.91,128.91,38.7173
7047,-5879.39,128.927,38.7201
7048,-5880.87,128.943,38.7229
7049,-5882.35,128.96,38.7256
7050,-5883.83,128.976,38.7284
7051,-5885.31,128.993,38.7362
7052,-5886.79,129.009,38.7394
7053,-5888.28,129.026,38.7421
7054,-5889.76,129.042,38.7448
7055,-5891.24,129.059,38.7476
7056,-5892.72,129.075,38.7504
7057,-5894.2,129.092,38.7532
7058,-5895.68,129.108,38.7559
7059,-5897.17,129.124,38.7586
7060,-5898.65,129.141,38.7614
7061,-5900.13,129.157,38.7641
7062,-5901.61,129.174,38.7668
7063,-5903.1,129.19,38.7696
7064,-5904.58,129.207,38.7723
7065,-5906.06,129.223,38.7751
7066,-5907.55,129.24,38.7779
7067,-5909.03,129.256,38.7807
7068,-5910.51,129.273,38.7834
7069,-5912,129.289,38.7863
7070,-5913.48,129.306,38.7891
7071,-5914.97,129.322,38.7918
7072,-5916.45,129.339,38.7946
7073,-5917.93,129.355,38.7974
7074,-5919.42,129.372,38.8002
7075,-5920.9,129.388,38.8029
7076,-5922.39,129.405,38.8054
7077,-5923.87,129.421,38.8082
7078,-5925.36,129.437,38.8109
7079,-5926.85,129.454,38.8135
7080,-5928.33,129.47,38.8163
7081,-5929.82,129.487,38.819
7082,-5931.3,129.503,38.8217
7083,-5932.79,129.52,38.8243
7084,-5934.27,129.536,38.8271
7085,-5935.76,129.553,38.8297
7086,-5937.25,129.569,38.8528
7087,-5938.73,129.586,38.8566
7088,-5940.22,129.602,38.8599
7089,-5941.71,129.619,38.8627
7090,-5943.2,129.635,38.8654
7091,-5944.68,129.652,38.8682
7092,-5946.17,129.668,38.8709
7093,-5947.66,129.685,38.8735
7094,-5949.15,129.701,38.8762
7095,-5950.63,129.717,38.8789
7096,-5952.12,129.734,38.8814
7097,-5953.61,129.75,38.884
7098,-5955.1,129.767,38.8865
7099,-5956.59,129.783,38.8892
7100,-5958.08,129.8,38.8918
7101,-5959.57,129.816,38.9005
7102,-5961.05,129.833,38.9035
7103,-5962.54,129.849,38.9061
7104,-5964.03,129.866,38.9086
7105,-5965.52,129.882,38.9112
7106,-5967.01,129.899,38.9137
7107,-5968.5,129.915,38.9163
7108,-5969.99,129.931,38.9189
7109,-5971.48,129.948,38.9215
7110,-5972.97,129.964,38.924
7111,-5974.46,129.981,38.9266
7112,-5975.95,129.997,38.9292
7113,-5977.44,130.014,38.9317
7114,-5978.94,130.03,38.9343
7115,-5980.43,130.047,38.9369
7116,-5981.92,130.063,38.9396
7117,-5983.41,130.08,38.9422
7118,-5984.9,130.096,38.9448
7119,-5986.39,130.113,38.9474
7120,-5987.89,130.129,38.9501
7121,-5989.38,130.145,38.9527
7122,-5990.87,130.162,38.9553
7123,-5992.36,130.178,38.9579
7124,-5993.85,130.195,38.9604
7125,-5995.35,130.211,38.963
7126,-5996.84,130.228,38.9655
7127,-5998.33,130.244,38.968
7128,-5999.83,130.261,38.9705
7129,-6001.32,130.277,38.9731
7130,-6002.81,130.294,38.9758
7131,-6004.31,130.31,38.9784
7132,-6005.8,130.326,38.9809
7133,-6007.3,130.343,38.9834
7134,-6008.79,130.359,38.986
7135,-6010.28,130.376,38.9885
7136,-6011.78,130.392,38.9907
7137,-6013.27,130.409,38.9929
7138,-6014.77,130.425,38.9955
7139,-6016.26,130.442,38.9978
7140,-6017.76,130.458,39.0004
7141,-6019.25,130.474,39.0028
7142,-6020.75,130.491,39.0051
7143,-6022.24,130.507,39.007
7144,-6023.74,130.524,39.009
7145,-6025.24,130.54,39.0112
7146,-6026.73,130.557,39.0137
7147,-6028.23,130.573,39.016
7148,-6029.73,130.59,39.0184
7149,-6031.22,130.606,39.0208
7150,-6032.72,130.623,39.0229
7151,-6034.22,130.639,39.0303
7152,-6035.71,130.655,39.0334
7153,-6037.21,130.672,39.0358
7154,-6038.71,130.688,39.0384
7155,-6040.2,130.705,39.0408
7156,-6041.7,130.721,39.0434
7157,-6043.2,130.738,39.0459
7158,-6044.7,130.754,39.0484
7159,-6046.2,130.771,39.051
7160,-6047.69,130.787,39.0535
7161,-6049.19,130.803,39.0559
7162,-6050.69,130.82,39.0582
7163,-6052.19,130.836,39.0602
7164,-6053.69,130.853,39.0625
7165,-6055.19,130.869,39.0649
7166,-6056.69,130.886,39.0671
7167,-6058.19,130.902,39.0694
7168,-6059.69,130.919,39.0718
7169,-6061.19,130.935,39.074
7170,-6062.69,130.951,39.076
7171,-6064.19,130.968,39.0785
7172,-6065.69,130.984,39.081
7173,-6067.19,131.001,39.0836
7174,-6068.69,131.017,39.0861
7175,-6070.19,131.034,39.0887
7176,-6071.69,131.05,39.0912
7177,-6073.19,131.067,39.0937
7178,-6074.69,131.083,39.0962
7179,-6076.19,131.099,39.0987
7180,-6077.7,131.116,39.1012
7181,-6079.2,131.132,39.1039
7182,-6080.7,131.149,39.1064
7183,-6082.2,131.165,39.109
7184,-6083.7,131.182,39.1116
7185,-6085.21,131.198,39.1142
7186,-6086.71,131.214,39.1167
7187,-6088.21,131.231,39.1192
7188,-6089.71,131.247,39.1218
7189,-6091.22,131.264,39.1243
7190,-6092.72,131.28,39.1269
7191,-6094.22,131.297,39.1294
7192,-6095.73,131.313,39.1319
7193,-6097.23,131.33,39.1344
7194,-6098.73,131.346,39.1369
7195,-6100.24,131.362,39.1395
7196,-6101.74,131.379,39.142
7197,-6103.25,131.395,39.1446
7198,-6104.75,131.412,39.1472
7199,-6106.25,131.428,39.1498
7200,-6107.76,131.445,39.1523
7201,-6109.26,131.461,39.1602
7202,-6110.77,131.477,39.1632
7203,-6112.27,131.494,39.1657
7204,-6113.78,131.51,39.1682
7205,-6115.29,131.527,39.1707
7206,-6116.79,131.543,39.1733
7207,-6118.3,131.56,39.1758
7208,-6119.8,131.576,39.1783
7209,-6121.31,131.592,39.1808
7210,-6122.82,131.609,39.1833
7211,-6124.32,131.625,39.1859
7212,-6125.83,131.642,39.1884
7213,-6127.33,131.658,39.1909
7214,-6128.84,131.675,39.1934
7215,-6130.35,131.691,39.1959
7216,-6131.86,131.707,39.1984
7217,-6133.36,131.724,39.2088
7218,-6134.87,131.74,39.2114
7219,-6136.38,131.757,39.2139
7220,-6137.89,131.773,39.2164
7221,-6139.39,131.79,39.219
7222,-6140.9,131.806,39.2215
7223,-6142.41,131.822,39.2242
7224,-6143.92,131.839,39.2266
7225,-6145.43,131.855,39.2291
7226,-6146.94,131.872,39.2316
7227,-6148.45,131.888,39.234
7228,-6149.96,131.905,39.2363
7229,-6151.47,131.921,39.2387
7230,-6152.97,131.937,39.2409
7231,-6154.48,131.954,39.2435
7232,-6155.99,131.97,39.2459
7233,-6157.5,131.987,39.2485
7234,-6159.01,132.003,39.251
7235,-6160.52,132.02,39.2536
7236,-6162.03,132.036,39.2561
7237,-6163.55,132.052,39.2586
7238,-6165.06,132.069,39.2611
7239,-6166.57,132.085,39.2638
7240,-6168.08,132.102,39.2663
7241,-6169.59,132.118,39.2688
7242,-6171.1,132.134,39.2713
7243,-6172.61,132.151,39.2739
7244,-6174.12,132.167,39.2764
7245,-6175.64,132.184,39.2789
7246,-6177.15,132.2,39.2814
7247,-6178.66,132.217,39.2839
7248,-6180.17,132.233,39.2864
7249,-6181.69,132.249,39.2889
7250,-6183.2,132.266,39.2915
7251,-6184.71,132.282,39.2991
7252,-6186.22,132.299,39.3021
7253,-6187.74,132.315,39.3046
7254,-6189.25,132.332,39.3069
7255,-6190.76,132.348,39.3089
7256,-6192.28,132.364,39.3112
7257,-6193.79,132.381,39.3136
7258,-6195.3,132.397,39.3159
7259,-6196.82,132.414,39.3184
7260,-6198.33,132.43,39.3208
7261,-6199.85,132.446,39.323
7262,-6201.36,132.463,39.3252
7263,-6202.88,132.479,39.3277
7264,-6204.39,132.496,39.3304
7265,-6205.91,132.512,39.333
7266,-6207.42,132.528,39.3356
7267,-6208.94,132.545,39.3381
7268,-6210.45,132.561,39.3406
7269,-6211.97,132.578,39.3431
7270,-6213.48,132.594,39.3681
7271,-6215,132.611,39.3723
7272,-6216.52,132.627,39.3758
7273,-6218.03,132.643,39.3789
7274,-6219.55,132.66,39.3816
7275,-6221.07,132.676,39.3843
7276,-6222.58,132.693,39.3869
7277,-6224.1,132.709,39.3896
7278,-6225.62,132.725,39.3923
7279,-6227.13,132.742,39.3948
7280,-6228.65,132.758,39.3975
7281,-6230.17,132.775,39.4
7282,-6231.69,132.791,39.4025
7283,-6233.21,132.807,39.4051
7284,-6234.72,132.824,39.4078
7285,-6236.24,132.84,39.4104
7286,-6237.76,132.857,39.4129
7287,-6239.28,132.873,39.4155
7288,-6240.8,132.89,39.418
7289,-6242.32,132.906,39.4206
7290,-6243.84,132.922,39.4233
7291,-6245.35,132.939,39.4257
7292,-6246.87,132.955,39.4282
7293,-6248.39,132.972,39.4308
7294,-6249.91,132.988,39.4333
7295,-6251.43,133.004,39.4357
7296,-6252.95,133.021,39.4383
7297,-6254.47,133.037,39.4409
7298,-6255.99,133.054,39.4434
7299,-6257.51,133.07,39.446
7300,-6259.03,133.086,39.4485
7301,-6260.55,133.103,39.4569
7302,-6262.08,133.119,39.4601
7303,-6263.6,133.136,39.4626
7304,-6265.12,133.152,39.4653
7305,-6266.64,133.168,39.4678
7306,-6268.16,133.185,39.4704
7307,-6269.68,133.201,39.473
7308,-6271.2,133.218,39.4756
7309,-6272.73,133.234,39.4782
7310,-6274.25,133.25,39.4807
7311,-6275.77,133.267,39.4834
7312,-6277.29,133.283,39.4859
7313,-6278.82,133.3,39.4884
7314,-6280.34,133.316,39.491
7315,-6281.86,133.332,39.4935
7316,-6283.39,133.349,39.4961
7317,-6284.91,133.365,39.4987
7318,-6286.43,133.382,39.5012
7319,-6287.96,133.398,39.5038
7320,-6289.48,133.414,39.5063
7321,-6291,133.431,39.5089
7322,-6292.53,133.447,39.5115
7323,-6294.05,133.464,39.5141
7324,-6295.58,133.48,39.5167
7325,-6297.1,133.496,39.5192
7326,-6298.63,133.513,39.5217
7327,-6300.15,133.529,39.5242
7328,-6301.68,133.546,39.5267
7329,-6303.2,133.562,39.5292
7330,-6304.73,133.578,39.5318
7331,-6306.25,133.595,39.5342
7332,-6307.78,133.611,39.5367
7333,-6309.3,133.628,39.5392
7334,-6310.83,133.644,39.5418
7335,-6312.36,133.66,39.5444
7336,-6313.88,133.677,39.547
7337,-6315.41,133.693,39.5496
7338,-6316.94,133.71,39.5522
7339,-6318.46,133.726,39.5547
7340,-6319.99,133.742,39.5573
7341,-6321.52,133.759,39.5599
7342,-6323.04,133.775,39.5624
7343,-6324.57,133.791,39.565
7344,-6326.1,133.808,39.5675
7345,-6327.63,133.824,39.5701
7346,-6329.15,133.841,39.5726
7347,-6330.68,133.857,39.5752
7348,-6332.21,133.873,39.5777
7349,-6333.74,133.89,39.5803
7350,-6335.27,133.906,39.5829
7351,-6336.8,133.923,39.5903
7352,-6338.33,133.939,39.5933
7353,-6339.85,133.955,39.5958
7354,-6341.38,133.972,39.5983
7355,-6342.91,133.988,39.6009
7356,-6344.44,134.005,39.6035
7357,-6345.97,134.021,39.606
7358,-6347.5,134.037,39.6086
7359,-6349.03,134.054,39.6111
7360,-6350.56,134.07,39.6137
7361,-6352.09,134.086,39.6162
7362,-6353.62,134.103,39.6187
7363,-6355.15,134.119,39.6212
7364,-6356.68,134.136,39.6237
7365,-6358.22,134.152,39.6262
7366,-6359.75,134.168,39.6286
7367,-6361.28,134.185,39.6312
7368,-6362.81,134.201,39.6337
7369,-6364.34,134.218,39.6363
7370,-6365.87,134.234,39.6388
7371,-6367.41,134.25,39.6413
7372,-6368.94,134.267,39.6439
7373,-6370.47,134.283,39.6464
7374,-6372,134.299,39.6489
7375,-6373.53,134.316,39.6514
7376,-6375.07,134.332,39.6539
7377,-6376.6,134.349,39.6564
7378,-6378.13,134.365,39.659
7379,-6379.67,134.381,39.6615
7380,-6381.2,134.398,39.6639
7381,-6382.73,134.414,39.6664
7382,-6384.27,134.431,39.669
7383,-6385.8,134.447,39.6715
7384,-6387.33,134.463,39.674
7385,-6388.87,134.48,39.6766
7386,-6390.4,134.496,39.6791
7387,-6391.94,134.512,39.6816
7388,-6393.47,134.529,39.6841
7389,-6395.01,134.545,39.6866
7390,-6396.54,134.562,39.6891
7391,-6398.08,134.578,39.6916
7392,-6399.61,134.594,39.6941
7393,-6401.15,134.611,39.6966
7394,-6402.68,134.627,39.6991
7395,-6404.22,134.643,39.7017
7396,-6405.75,134.66,39.7042
7397,-6407.29,134.676,39.7067
7398,-6408.83,134.693,39.7092
7399,-6410.36,134.709,39.7117
7400,-6411.9,134.725,39.7142
7401,-6413.44,134.742,39.7219
7402,-6414.97,134.758,39.7249
7403,-6416.51,134.774,39.7274
7404,-6418.05,134.791,39.73
7405,-6419.58,134.807,39.7325
7406,-6421.12,134.824,39.7349
7407,-6422.66,134.84,39.7375
7408,-6424.2,134.856,39.74
7409,-6425.74,134.873,39.7425
7410,-6427.27,134.889,39.745
7411,-6428.81,134.905,39.7476
7412,-6430.35,134.922,39.7501
7413,-6431.89,134.938,39.7526
7414,-6433.43,134.955,39.7551
7415,-6434.97,134.971,39.7576
7416,-6436.51,134.987,39.7601
7417,-6438.04,135.004,39.7627
7418,-6439.58,135.02,39.7653
7419,-6441.12,135.036,39.7678
7420,-6442.66,135.053,39.7703
7421,-6444.2,135.069,39.7726
7422,-6445.74,135.086,39.7751
7423,-6447.28,135.102,39.7776
7424,-6448.82,135.118,39.7801
7425,-6450.36,135.135,39.7826
7426,-6451.9,135.151,39.7851
7427,-6453.45,135.167,39.7876
7428,-6454.99,135.184,39.7901
7429,-6456.53,135.2,39.7924
7430,-6458.07,135.216,39.7947
7431,-6459.61,135.233,39.7972
7432,-6461.15,135.249,39.7997
7433,-6462.69,135.266,39.8021
7434,-6464.24,135.282,39.8047
7435,-6465.78,135.298,39.8073
7436,-6467.32,135.315,39.8097
7437,-6468.86,135.331,39.8122
7438,-6470.41,135.347,39.8147
7439,-6471.95,135.364,39.8173
7440,-6473.49,135.38,39.8198
7441,-6475.03,135.396,39.8223
7442,-6476.58,135.413,39.8247
7443,-6478.12,135.429,39.8272
7444,-6479.66,135.446,39.8297
7445,-6481.21,135.462,39.8322
7446,-6482.75,135.478,39.8348
7447,-6484.3,135.495,39.8373
7448,-6485.84,135.511,39.8398
7449,-6487.38,135.527,39.8424
7450,-6488.93,135.544,39.8448
7451,-6490.47,135.56,39.8525
7452,-6492.02,135.576,39.8555
7453,-6493.56,135.593,39.858
7454,-6495.11,135.609,39.8605
7455,-6496.65,135.626,39.8765
7456,-6498.2,135.642,39.8805
7457,-6499.74,135.658,39.8841
7458,-6501.29,135.675,39.887
7459,-6502.84,135.691,39.8898
7460,-6504.38,135.707,39.8924
7461,-6505.93,135.724,39.895
7462,-6507.47,135.74,39.8975
7463,-6509.02,135.756,39.9
7464,-6510.57,135.773,39.9027
7465,-6512.11,135.789,39.9053
7466,-6513.66,135.805,39.9079
7467,-6515.21,135.822,39.9103
7468,-6516.76,135.838,39.9129
7469,-6518.3,135.855,39.9154
7470,-6519.85,135.871,39.9179
7471,-6521.4,135.887,39.9205
7472,-6522.95,135.904,39.9229
7473,-6524.49,135.92,39.9254
7474,-6526.04,135.936,39.9279
7475,-6527.59,135.953,39.9305
7476,-6529.14,135.969,39.933
7477,-6530.69,135.985,39.9355
7478,-6532.24,136.002,39.938
7479,-6533.79,136.018,39.9406
7480,-6535.34,136.034,39.9433
7481,-6536.89,136.051,39.9458
7482,-6538.43,136.067,39.9484
7483,-6539.98,136.084,39.9509
7484,-6541.53,136.1,39.9535
7485,-6543.08,136.116,39.956
7486,-6544.63,136.133,39.9586
7487,-6546.18,136.149,39.9611
7488,-6547.74,136.165,39.9637
7489,-6549.29,136.182,39.9662
7490,-6550.84,136.198,39.9687
7491,-6552.39,136.214,39.9713
7492,-6553.94,136.231,39.9739
7493,-6555.49,136.247,39.9764
7494,-6557.04,136.263,39.985
7495,-6558.59,136.28,39.9875
7496,-6560.15,136.296,39.9901
7497,-6561.7,136.312,39.9927
7498,-6563.25,136.329,39.9952
7499,-6564.8,136.345,39.9977
7500,-6566.35,136.361,40.0003
7501,-6567.91,136.378,40.0081
7502,-6569.46,136.394,40.0112
7503,-6571.01,136.411,40.0137
7504,-6572.57,136.427,40.0164
7505,-6574.12,136.443,40.019
7506,-6575.67,136.46,40.0216
7507,-6577.23,136.476,40.0242
7508,-6578.78,136.492,40.0267
7509,-6580.33,136.509,40.0293
7510,-6581.89,136.525,40.0318
7511,-6583.44,136.541,40.0343
7512,-6585,136.558,40.0368
7513,-6586.55,136.574,40.0395
7514,-6588.1,136.59,40.042
7515,-6589.66,136.607,40.0445
7516,-6591.21,136.623,40.047
7517,-6592.77,136.639,40.0496
7518,-6594.32,136.656,40.0521
7519,-6595.88,136.672,40.0546
7520,-6597.44,136.688,40.0571
7521,-6598.99,136.705,40.0596
7522,-6600.55,136.721,40.0622
7523,-6602.1,136.737,40.0648
7524,-6603.66,136.754,40.0673
7525,-6605.22,136.77,40.0699
7526,-6606.77,136.786,40.0724
7527,-6608.33,136.803,40.0749
7528,-6609.89,136.819,40.0774
7529,-6611.44,136.835,40.08
7530,-6613,136.852,40.0826
7531,-6614.56,136.868,40.0852
7532,-6616.11,136.884,40.0877
7533,-6617.67,136.901,40.0901
7534,-6619.23,136.917,40.0927
7535,-6620.79,136.933,40.0952
7536,-6622.35,136.95,40.0978
7537,-6623.9,136.966,40.1003
7538,-6625.46,136.982,40.1029
7539,-6627.02,136.999,40.1054
7540,-6628.58,137.015,40.108
7541,-6630.14,137.031,40.1105
7542,-6631.7,137.048,40.1131
7543,-6633.26,137.064,40.1157
7544,-6634.82,137.081,40.1182
7545,-6636.38,137.097,40.1208
7546,-6637.94,137.113,40.1233
7547,-6639.5,137.13,40.1258
7548,-6641.06,137.146,40.1283
7549,-6642.62,137.162,40.1308
7550,-6644.18,137.179,40.1334
7551,-6645.74,137.195,40.183
7552,-6647.3,137.211,40.1873
7553,-6648.86,137.228,40.1907
7554,-6650.42,137.244,40.2165
7555,-6651.98,137.26,40.22
7556,-6653.54,137.277,40.2229
7557,-6655.1,137.293,40.2255
7558,-6656.66,137.309,40.2285
7559,-6658.23,137.326,40.231
7560,-6659.79,137.342,40.2337
7561,-6661.35,137.358,40.2362
7562,-6662.91,137.375,40.2388
7563,-6664.48,137.391,40.2413
7564,-6666.04,137.407,40.244
7565,-6667.6,137.423,40.2466
7566,-6669.16,137.44,40.2491
7567,-6670.73,137.456,40.2517
7568,-6672.29,137.472,40.2543
7569,-6673.85,137.489,40.2568
7570,-6675.42,137.505,40.2593
7571,-6676.98,137.521,40.2619
7572,-6678.54,137.538,40.2646
7573,-6680.11,137.554,40.2671
7574,-6681.67,137.57,40.2697
7575,-6683.24,137.587,40.2722
7576,-6684.8,137.603,40.2748
7577,-6686.37,137.619,40.2773
7578,-6687.93,137.636,40.2799
7579,-6689.49,137.652,40.2824
7580,-6691.06,137.668,40.3022
7581,-6692.63,137.685,40.3062
7582,-6694.19,137.701,40.3098
7583,-6695.76,137.717,40.3131
7584,-6697.32,137.734,40.3161
7585,-6698.89,137.75,40.3188
7586,-6700.45,137.766,40.3215
7587,-6702.02,137.783,40.3241
7588,-6703.59,137.799,40.3267
7589,-6705.15,137.815,40.3293
7590,-6706.72,137.832,40.3319
7591,-6708.29,137.848,40.3345
7592,-6709.85,137.864,40.3371
7593,-6711.42,137.881,40.3397
7594,-6712.99,137.897,40.3421
7595,-6714.56,137.913,40.3447
7596,-6716.12,137.93,40.3473
7597,-6717.69,137.946,40.35
7598,-6719.26,137.962,40.3525
7599,-6720.83,137.979,40.3551
7600,-6722.4,137.995,40.3577
7601,-6723.96,138.011,40.3667
7602,-6725.53,138.028,40.3699
7603,-6727.1,138.044,40.3952
7604,-6728.67,138.06,40.3992
7605,-6730.24,138.076,40.4028
7606,-6731.81,138.093,40.4057
7607,-6733.38,138.109,40.4085
7608,-6734.95,138.125,40.4112
7609,-6736.52,138.142,40.414
7610,-6738.09,138.158,40.4168
7611,-6739.66,138.174,40.4194
7612,-6741.23,138.191,40.4221
7613,-6742.8,138.207,40.4248
7614,-6744.37,138.223,40.4275
7615,-6745.94,138.24,40.4474
7616,-6747.51,138.256,40.4514
7617,-6749.08,138.272,40.4553
7618,-6750.65,138.289,40.4588
7619,-6752.22,138.305,40.4618
7620,-6753.79,138.321,40.4645
7621,-6755.37,138.338,40.4671
7622,-6756.94,138.354,40.4698
7623,-6758.51,138.37,40.4724
7624,-6760.08,138.387,40.475
7625,-6761.65,138.403,40.4776
7626,-6763.23,138.419,40.4802
7627,-6764.8,138.435,40.4829
7628,-6766.37,138.452,40.4856
7629,-6767.94,138.468,40.4882
7630,-6769.52,138.484,40.4907
7631,-6771.09,138.501,40.4934
7632,-6772.66,138.517,40.496
7633,-6774.24,138.533,40.4985
7634,-6775.81,138.55,40.501
7635,-6777.38,138.566,40.5036
7636,-6778.96,138.582,40.5063
7637,-6780.53,138.599,40.5088
7638,-6782.11,138.615,40.5114
7639,-6783.68,138.631,40.514
7640,-6785.26,138.648,40.5166
7641,-6786.83,138.664,40.5192
7642,-6788.41,138.68,40.5218
7643,-6789.98,138.696,40.5245
7644,-6791.56,138.713,40.527
7645,-6793.13,138.729,40.5297
7646,-6794.71,138.745,40.5323
7647,-6796.28,138.762,40.5348
7648,-6797.86,138.778,40.5373
7649,-6799.43,138.794,40.5398
7650,-6801.01,138.811,40.5423
7651,-6802.59,138.827,40.5506
7652,-6804.16,138.843,40.5537
7653,-6805.74,138.86,40.5561
7654,-6807.32,138.876,40.5588
7655,-6808.89,138.892,40.5613
7656,-6810.47,138.908,40.5639
7657,-6812.05,138.925,40.5664
7658,-6813.63,138.941,40.569
7659,-6815.2,138.957,40.5716
7660,-6816.78,138.974,40.5741
7661,-6818.36,138.99,40.5766
7662,-6819.94,139.006,40.5791
7663,-6821.52,139.023,40.5816
7664,-6823.09,139.039,40.5842
7665,-6824.67,139.055,40.5867
7666,-6826.25,139.071,40.5893
7667,-6827.83,139.088,40.5918
7668,-6829.41,139.104,40.5943
7669,-6830.99,139.12,40.5969
7670,-6832.57,139.137,40.5995
7671,-6834.15,139.153,40.6021
7672,-6835.73,139.169,40.6047
7673,-6837.31,139.186,40.6073
7674,-6838.89,139.202,40.6098
7675,-6840.47,139.218,40.6124
7676,-6842.05,139.235,40.615
7677,-6843.63,139.251,40.6175
7678,-6845.21,139.267,40.6201
7679,-6846.79,139.283,40.6226
7680,-6848.37,139.3,40.6251
7681,-6849.95,139.316,40.6276
7682,-6851.53,139.332,40.6301
7683,-6853.11,139.349,40.6326
7684,-6854.7,139.365,40.6351
7685,-6856.28,139.381,40.6377
7686,-6857.86,139.398,40.6403
7687,-6859.44,139.414,40.7295
7688,-6861.02,139.43,40.7334
7689,-6862.61,139.446,40.7365
7690,-6864.19,139.463,40.7392
7691,-6865.77,139.479,40.742
7692,-6867.35,139.495,40.7446
7693,-6868.94,139.512,40.7472
7694,-6870.52,139.528,40.7498
7695,-6872.1,139.544,40.7524
7696,-6873.69,139.56,40.7551
7697,-6875.27,139.577,40.7576
7698,-6876.85,139.593,40.7603
7699,-6878.44,139.609,40.7628
7700,-6880.02,139.626,40.7654
7701,-6881.61,139.642,40.774
7702,-6883.19,139.658,40.7771
7703,-6884.78,139.675,40.7797
7704,-6886.36,139.691,40.7822
7705,-6887.95,139.707,40.7847
7706,-6889.53,139.723,40.7872
7707,-6891.12,139.74,40.7896
7708,-6892.7,139.756,40.7923
7709,-6894.29,139.772,40.7949
7710,-6895.87,139.789,40.7975
7711,-6897.46,139.805,40.8
7712,-6899.04,139.821,40.8026
7713,-6900.63,139.837,40.8052
7714,-6902.22,139.854,40.8077
7715,-6903.8,139.87,40.8102
7716,-6905.39,139.886,40.8128
7717,-6906.98,139.903,40.8153
7718,-6908.56,139.919,40.8179
7719,-6910.15,139.935,40.8205
7720,-6911.74,139.952,40.823
7721,-6913.33,139.968,40.8256
7722,-6914.91,139.984,40.8281
7723,-6916.5,140,40.8306
7724,-6918.09,140.017,40.8334
7725,-6919.68,140.033,40.8359
7726,-6921.27,140.049,40.8384
7727,-6922.85,140.066,40.8409
7728,-6924.44,140.082,40.8434
7729,-6926.03,140.098,40.846
7730,-6927.62,140.114,40.8485
7731,-6929.21,140.131,40.8511
7732,-6930.8,140.147,40.8537
7733,-6932.39,140.163,40.8562
7734,-6933.98,140.18,40.8587
7735,-6935.57,140.196,40.8612
7736,-6937.16,140.212,40.8638
7737,-6938.75,140.228,40.8663
7738,-6940.34,140.245,40.8689
7739,-6941.93,140.261,40.8713
7740,-6943.52,140.277,40.8738
7741,-6945.11,140.294,40.8763
7742,-6946.7,140.31,40.8788
7743,-6948.29,140.326,40.8813
7744,-6949.88,140.342,40.8839
7745,-6951.47,140.359,40.923
7746,-6953.06,140.375,40.9275
7747,-6954.65,140.391,40.9314
7748,-6956.25,140.408,40.9349
7749,-6957.84,140.424,40.938
7750,-6959.43,140.44,40.9408
7751,-6961.02,140.456,40.9493
7752,-6962.61,140.473,40.9526
7753,-6964.21,140.489,40.9552
7754,-6965.8,140.505,40.9579
7755,-6967.39,140.522,40.9606
7756,-6968.99,140.538,40.9631
7757,-6970.58,140.554,40.9657
7758,-6972.17,140.57,40.9685
7759,-6973.77,140.587,40.9711
7760,-6975.36,140.603,40.9737
7761,-6976.95,140.619,40.9763
7762,-6978.55,140.635,40.9789
7763,-6980.14,140.652,40.9815
7764,-6981.74,140.668,40.9841
7765,-6983.33,140.684,40.9867
7766,-6984.92,140.701,40.9893
7767,-6986.52,140.717,40.9919
7768,-6988.11,140.733,40.9945
7769,-6989.71,140.749,40.997
7770,-6991.3,140.766,41.0069
7771,-6992.9,140.782,41.0096
7772,-6994.5,140.798,41.0122
7773,-6996.09,140.815,41.0148
7774,-6997.69,140.831,41.0173
7775,-6999.28,140.847,41.0199
7776,-7000.88,140.863,41.0224
7777,-7002.48,140.88,41.025
7778,-7004.07,140.896,41.0276
7779,-7005.67,140.912,41.0302
7780,-7007.27,140.928,41.0327
7781,-7008.86,140.945,41.0353
7782,-7010.46,140.961,41.0378
7783,-7012.06,140.977,41.0404
7784,-7013.65,140.994,41.0429
7785,-7015.25,141.01,41.0454
7786,-7016.85,141.026,41.048
7787,-7018.45,141.042,41.0505
7788,-7020.05,141.059,41.053
7789,-7021.64,141.075,41.0556
7790,-7023.24,141.091,41.082
7791,-7024.84,141.107,41.0862
7792,-7026.44,141.124,41.0899
7793,-7028.04,141.14,41.0929
7794,-7029.64,141.156,41.0955
7795,-7031.24,141.173,41.0981
7796,-7032.84,141.189,41.1007
7797,-7034.43,141.205,41.1034
7798,-7036.03,141.221,41.106
7799,-7037.63,141.238,41.1087
7800,-7039.23,141.254,41.1113
7801,-7040.83,141.27,41.1196
7802,-7042.43,141.286,41.1227
7803,-7044.03,141.303,41.1252
7804,-7045.64,141.319,41.1277
7805,-7047.24,141.335,41.1303
7806,-7048.84,141.352,41.1327
7807,-7050.44,141.368,41.1353
7808,-7052.04,141.384,41.1378
7809,-7053.64,141.4,41.1403
7810,-7055.24,141.417,41.1428
7811,-7056.84,141.433,41.1453
7812,-7058.45,141.449,41.1478
7813,-7060.05,141.465,41.1504
7814,-7061.65,141.482,41.153
7815,-7063.25,141.498,41.1556
7816,-7064.85,141.514,41.1581
7817,-7066.46,141.53,41.1606
7818,-7068.06,141.547,41.1632
7819,-7069.66,141.563,41.1657
7820,-7071.27,141.579,41.1682
7821,-7072.87,141.596,41.1708
7822,-7074.47,141.612,41.1734
7823,-7076.08,141.628,41.176
7824,-7077.68,141.644,41.1785
7825,-7079.28,141.661,41.181
7826,-7080.89,141.677,41.1835
7827,-7082.49,141.693,41.186
7828,-7084.1,141.709,41.1885
7829,-7085.7,141.726,41.1912
7830,-7087.31,141.742,41.1937
7831,-7088.91,141.758,41.1963
7832,-7090.52,141.774,41.1988
7833,-7092.12,141.791,41.2013
7834,-7093.73,141.807,41.2039
7835,-7095.33,141.823,41.2064
7836,-7096.94,141.839,41.2089
7837,-7098.54,141.856,41.2114
7838,-7100.15,141.872,41.2139
7839,-7101.76,141.888,41.2164
7840,-7103.36,141.904,41.2189
7841,-7104.97,141.921,41.2213
7842,-7106.58,141.937,41.2239
7843,-7108.18,141.953,41.2265
7844,-7109.79,141.97,41.229
7845,-7111.4,141.986,41.2316
7846,-7113,142.002,41.2341
7847,-7114.61,142.018,41.2367
7848,-7116.22,142.035,41.239
7849,-7117.83,142.051,41.2414
7850,-7119.43,142.067,41.2438
7851,-7121.04,142.083,41.2512
7852,-7122.65,142.1,41.2542
7853,-7124.26,142.116,41.2568
7854,-7125.87,142.132,41.2593
7855,-7127.48,142.148,41.2618
7856,-7129.08,142.165,41.2643
7857,-7130.69,142.181,41.2669
7858,-7132.3,142.197,41.2695
7859,-7133.91,142.213,41.272
7860,-7135.52,142.23,41.2745
7861,-7137.13,142.246,41.2771
7862,-7138.74,142.262,41.3043
7863,-7140.35,142.278,41.3084
7864,-7141.96,142.295,41.3121
7865,-7143.57,142.311,41.3154
7866,-7145.18,142.327,41.3183
7867,-7146.79,142.343,41.321
7868,-7148.4,142.36,41.3239
7869,-7150.01,142.376,41.3267
7870,-7151.62,142.392,41.3294
7871,-7153.24,142.408,41.332
7872,-7154.85,142.425,41.3347
7873,-7156.46,142.441,41.3374
7874,-7158.07,142.457,41.34
7875,-7159.68,142.473,41.3426
7876,-7161.29,142.49,41.3451
7877,-7162.91,142.506,41.3476
7878,-7164.52,142.522,41.3502
7879,-7166.13,142.538,41.3527
7880,-7167.74,142.555,41.3552
7881,-7169.36,142.571,41.3578
7882,-7170.97,142.587,41.3604
7883,-7172.58,142.603,41.3629
7884,-7174.2,142.62,41.3654
7885,-7175.81,142.636,41.368
7886,-7177.42,142.652,41.3705
7887,-7179.04,142.668,41.373
7888,-7180.65,142.685,41.3756
7889,-7182.26,142.701,41.3781
7890,-7183.88,142.717,41.3807
7891,-7185.49,142.733,41.3832
7892,-7187.11,142.75,41.3857
7893,-7188.72,142.766,41.3883
7894,-7190.34,142.782,41.3908
7895,-7191.95,142.798,41.3933
7896,-7193.57,142.815,41.3958
7897,-7195.18,142.831,41.3984
7898,-7196.8,142.847,41.4182
7899,-7198.41,142.863,41.4224
7900,-7200.03,142.88,41.4258
7901,-7201.64,142.896,41.435
7902,-7203.26,142.912,41.4383
7903,-7204.88,142.928,41.441
7904,-7206.49,142.945,41.4435
7905,-7208.11,142.961,41.446
7906,-7209.73,142.977,41.4486
7907,-7211.34,142.993,41.4512
7908,-7212.96,143.01,41.4537
7909,-7214.58,143.026,41.4562
7910,-7216.2,143.042,41.4588
7911,-7217.81,143.058,41.4614
7912,-7219.43,143.075,41.464
7913,-7221.05,143.091,41.4665
7914,-7222.67,143.107,41.4691
7915,-7224.28,143.123,41.4717
7916,-7225.9,143.14,41.4743
7917,-7227.52,143.156,41.4768
7918,-7229.14,143.172,41.4793
7919,-7230.76,143.188,41.4819
7920,-7232.38,143.204,41.4844
7921,-7234,143.221,41.487
7922,-7235.62,143.237,41.4897
7923,-7237.24,143.253,41.4922
7924,-7238.85,143.269,41.4948
7925,-7240.47,143.286,41.4972
7926,-7242.09,143.302,41.4997
7927,-7243.71,143.318,41.5023
7928,-7245.33,143.334,41.5048
7929,-7246.96,143.351,41.5073
7930,-7248.58,143.367,41.5099
7931,-7250.2,143.383,41.5125
7932,-7251.82,143.399,41.5151
7933,-7253.44,143.416,41.5176
7934,-7255.06,143.432,41.5201
7935,-7256.68,143.448,41.5227
7936,-7258.3,143.464,41.5252
7937,-7259.92,143.481,41.5277
7938,-7261.55,143.497,41.5302
7939,-7263.17,143.513,41.5328
7940,-7264.79,143.529,41.5353
7941,-7266.41,143.545,41.5728
7942,-7268.03,143.562,41.5779
7943,-7269.66,143.578,41.5819
7944,-7271.28,143.594,41.5856
7945,-7272.9,143.61,41.5892
7946,-7274.53,143.627,41.593
7947,-7276.15,143.643,41.5967
7948,-7277.77,143.659,41.6003
7949,-7279.4,143.675,41.604
7950,-7281.02,143.692,41.6077
7951,-7282.64,143.708,41.623
7952,-7284.27,143.724,41.6262
7953,-7285.89,143.74,41.6289
7954,-7287.52,143.757,41.6315
7955,-7289.14,143.773,41.6342
7956,-7290.76,143.789,41.6367
7957,-7292.39,143.805,41.6394
7958,-7294.01,143.821,41.6419
7959,-7295.64,143.838,41.6445
7960,-7297.26,143.854,41.647
7961,-7298.89,143.87,41.6497
7962,-7300.52,143.886,41.6522
7963,-7302.14,143.903,41.6548
7964,-7303.77,143.919,41.6573
7965,-7305.39,143.935,41.6864
7966,-7307.02,143.951,41.6896
7967,-7308.65,143.968,41.6922
7968,-7310.27,143.984,41.6948
7969,-7311.9,144,41.7181
7970,-7313.53,144.016,41.721
7971,-7315.15,144.032,41.7236
7972,-7316.78,144.049,41.7262
7973,-7318.41,144.065,41.7288
7974,-7320.04,144.081,41.7313
7975,-7321.66,144.097,41.734
7976,-7323.29,144.114,41.7365
7977,-7324.92,144.13,41.739
7978,-7326.55,144.146,41.7502
7979,-7328.17,144.162,41.7528
7980,-7329.8,144.178,41.7554
7981,-7331.43,144.195,41.7579
7982,-7333.06,144.211,41.7604
7983,-7334.69,144.227,41.7631
7984,-7336.32,144.243,41.7656
7985,-7337.95,144.26,41.768
7986,-7339.58,144.276,41.7706
7987,-7341.21,144.292,41.7731
7988,-7342.84,144.308,41.7757
7989,-7344.47,144.324,41.7782
7990,-7346.1,144.341,41.7807
7991,-7347.73,144.357,41.7833
7992,-7349.36,144.373,41.7858
7993,-7350.99,144.389,41.7882
7994,-7352.62,144.406,41.7907
7995,-7354.25,144.422,41.7933
7996,-7355.88,144.438,41.8087
7997,-7357.51,144.454,41.8425
7998,-7359.14,144.471,41.8598
7999,-7360.77,144.487,41.8632
8000,-7362.4,144.503,41.8663
8001,-7364.04,144.519,41.8761
8002,-7365.67,144.535,41.8792
8003,-7367.3,144.552,41.8818
8004,-7368.93,144.568,41.8843
8005,-7370.57,144.584,41.8869
8006,-7372.2,144.6,41.8894
8007,-7373.83,144.616,41.8921
8008,-7375.46,144.633,41.8946
8009,-7377.1,144.649,41.8971
8010,-7378.73,144.665,41.8997
8011,-7380.36,144.681,41.9022
8012,-7382,144.698,41.9118
8013,-7383.63,144.714,41.9152
8014,-7385.26,144.73,41.9178
8015,-7386.9,144.746,41.9204
8016,-7388.53,144.762,41.9231
8017,-7390.17,144.779,41.9256
8018,-7391.8,144.795,41.9282
8019,-7393.44,144.811,41.9307
8020,-7395.07,144.827,41.9333
8021,-7396.7,144.844,41.9358
8022,-7398.34,144.86,41.9384
8023,-7399.98,144.876,41.941
8024,-7401.61,144.892,41.9437
8025,-7403.25,144.908,41.9463
8026,-7404.88,144.925,41.9488
8027,-7406.52,144.941,41.9514
8028,-7408.15,144.957,41.954
8029,-7409.79,144.973,41.9565
8030,-7411.43,144.989,41.959
8031,-7413.06,145.006,41.9666
8032,-7414.7,145.022,41.9693
8033,-7416.34,145.038,41.9719
8034,-7417.97,145.054,41.9746
8035,-7419.61,145.071,41.9773
8036,-7421.25,145.087,41.9874
8037,-7422.88,145.103,41.9905
8038,-7424.52,145.119,41.9931
8039,-7426.16,145.135,41.9957
8040,-7427.8,145.152,41.9983
8041,-7429.44,145.168,42.0009
8042,-7431.07,145.184,42.0035
8043,-7432.71,145.2,42.0061
8044,-7434.35,145.216,42.0086
8045,-7435.99,145.233,42.0111
8046,-7437.63,145.249,42.0138
8047,-7439.27,145.265,42.0334
8048,-7440.91,145.281,42.036
8049,-7442.55,145.298,42.0387
8050,-7444.19,145.314,42.0413
8051,-7445.83,145.33,42.0494
8052,-7447.47,145.346,42.0524
8053,-7449.11,145.362,42.0626
8054,-7450.75,145.379,42.0717
8055,-7452.39,145.395,42.0744
8056,-7454.03,145.411,42.0769
8057,-7455.67,145.427,42.0795
8058,-7457.31,145.443,42.141
8059,-7458.95,145.46,42.145
8060,-7460.59,145.476,42.1477
8061,-7462.23,145.492,42.1502
8062,-7463.87,145.508,42.1528
8063,-7465.51,145.524,42.1553
8064,-7467.16,145.541,42.1579
8065,-7468.8,145.557,42.1604
8066,-7470.44,145.573,42.163
8067,-7472.08,145.589,42.1655
8068,-7473.72,145.605,42.1681
8069,-7475.37,145.622,42.1708
8070,-7477.01,145.638,42.1733
8071,-7478.65,145.654,42.176
8072,-7480.29,145.67,42.1785
8073,-7481.94,145.686,42.181
8074,-7483.58,145.703,42.1836
8075,-7485.22,145.719,42.1862
8076,-7486.87,145.735,42.1887
8077,-7488.51,145.751,42.1912
8078,-7490.16,145.767,42.1938
8079,-7491.8,145.784,42.1964
8080,-7493.44,145.8,42.1989
8081,-7495.09,145.816,42.2014
8082,-7496.73,145.832,42.204
8083,-7498.38,145.849,42.2066
8084,-7500.02,145.865,42.2169
8085,-7501.67,145.881,42.2196
8086,-7503.31,145.897,42.2221
8087,-7504.96,145.913,42.2246
8088,-7506.6,145.93,42.2272
8089,-7508.25,145.946,42.2297
8090,-7509.89,145.962,42.2427
8091,-7511.54,145.978,42.2473
8092,-7513.19,145.994,42.2507
8093,-7514.83,146.011,42.2539
8094,-7516.48,146.027,42.2569
8095,-7518.13,146.043,42.2596
8096,-7519.77,146.059,42.2622
8097,-7521.42,146.075,42.2649
8098,-7523.07,146.092,42.2676
8099,-7524.71,146.108,42.304
8100,-7526.36,146.124,42.3088
8101,-7528.01,146.14,42.3192
8102,-7529.66,146.156,42.3227
8103,-7531.3,146.173,42.3257
8104,-7532.95,146.189,42.3285
8105,-7534.6,146.205,42.3311
8106,-7536.25,146.221,42.3337
8107,-7537.9,146.237,42.3363
8108,-7539.55,146.253,42.3388
8109,-7541.19,146.27,42.3414
8110,-7542.84,146.286,42.3932
8111,-7544.49,146.302,42.3965
8112,-7546.14,146.318,42.3991
8113,-7547.79,146.334,42.4016
8114,-7549.44,146.351,42.4041
8115,-7551.09,146.367,42.4067
8116,-7552.74,146.383,42.4093
8117,-7554.39,146.399,42.412
8118,-7556.04,146.415,42.4145
8119,-7557.69,146.432,42.4171
8120,-7559.34,146.448,42.4196
8121,-7560.99,146.464,42.4221
8122,-7562.64,146.48,42.4247
8123,-7564.29,146.496,42.4272
8124,-7565.95,146.513,42.4297
8125,-7567.6,146.529,42.4323
8126,-7569.25,146.545,42.4348
8127,-7570.9,146.561,42.4374
8128,-7572.55,146.577,42.4665
8129,-7574.2,146.594,42.4696
8130,-7575.86,146.61,42.4722
8131,-7577.51,146.626,42.475
8132,-7579.16,146.642,42.4775
8133,-7580.81,146.658,42.4801
8134,-7582.47,146.675,42.4826
8135,-7584.12,146.691,42.4852
8136,-7585.77,146.707,42.4878
8137,-7587.43,146.723,42.4904
8138,-7589.08,146.739,42.4929
8139,-7590.73,146.755,42.4955
8140,-7592.39,146.772,42.4979
8141,-7594.04,146.788,42.5004
8142,-7595.69,146.804,42.503
8143,-7597.35,146.82,42.5056
8144,-7599,146.836,42.5081
8145,-7600.66,146.853,42.5109
8146,-7602.31,146.869,42.5134
8147,-7603.97,146.885,42.5233
8148,-7605.62,146.901,42.5263
8149,-7607.28,146.917,42.5289
8150,-7608.93,146.934,42.5315
8151,-7610.59,146.95,42.5399
8152,-7612.24,146.966,42.543
8153,-7613.9,146.982,42.5456
8154,-7615.55,146.998,42.5481
8155,-7617.21,147.014,42.5603
8156,-7618.87,147.031,42.6234
8157,-7620.52,147.047,42.6278
8158,-7622.18,147.063,42.6313
8159,-7623.84,147.079,42.6344
8160,-7625.49,147.095,42.637
8161,-7627.15,147.112,42.6397
8162,-7628.81,147.128,42.6422
8163,-7630.46,147.144,42.6448
8164,-7632.12,147.16,42.6473
8165,-7633.78,147.176,42.6499
8166,-7635.44,147.192,42.6525
8167,-7637.1,147.209,42.655
8168,-7638.75,147.225,42.6578
8169,-7640.41,147.241,42.6603
8170,-7642.07,147.257,42.6629
8171,-7643.73,147.273,42.6655
8172,-7645.39,147.29,42.668
8173,-7647.05,147.306,42.6706
8174,-7648.71,147.322,42.6733
8175,-7650.37,147.338,42.6759
8176,-7652.02,147.354,42.6785
8177,-7653.68,147.37,42.681
8178,-7655.34,147.387,42.6836
8179,-7657,147.403,42.6861
8180,-7658.66,147.419,42.6888
8181,-7660.32,147.435,42.6913
8182,-7661.98,147.451,42.6939
8183,-7663.64,147.468,42.6964
8184,-7665.31,147.484,42.6989
8185,-7666.97,147.5,42.7014
8186,-7668.63,147.516,42.704
8187,-7670.29,147.532,42.7066
8188,-7671.95,147.548,42.7169
8189,-7673.61,147.565,42.7201
8190,-7675.27,147.581,42.7227
8191,-7676.93,147.597,42.7253
8192,-7678.6,147.613,42.7279
8193,-7680.26,147.629,42.7306
8194,-7681.92,147.646,42.7331
8195,-7683.58,147.662,42.7356
8196,-7685.25,147.678,42.7381
8197,-7686.91,147.694,42.7407
8198,-7688.57,147.71,42.7432
8199,-7690.23,147.726,42.7711
8200,-7691.9,147.743,42.7758
8201,-7693.56,147.759,42.7864
8202,-7695.22,147.775,42.7901
8203,-7696.89,147.791,42.7932
8204,-7698.55,147.807,42.796
8205,-7700.22,147.823,42.7987
8206,-7701.88,147.84,42.8013
8207,-7703.54,147.856,42.8039
8208,-7705.21,147.872,42.8066
8209,-7706.87,147.888,42.8093
8210,-7708.54,147.904,42.819
8211,-7710.2,147.921,42.8216
8212,-7711.87,147.937,42.8244
8213,-7713.53,147.953,42.827
8214,-7715.2,147.969,42.8296
8215,-7716.86,147.985,42.8322
8216,-7718.53,148.001,42.8347
8217,-7720.19,148.018,42.8372
8218,-7721.86,148.034,42.8398
8219,-7723.53,148.05,42.8423
8220,-7725.19,148.066,42.853
8221,-7726.86,148.082,42.8563
8222,-7728.53,148.098,42.8589
8223,-7730.19,148.115,42.8615
8224,-7731.86,148.131,42.864
8225,-7733.53,148.147,42.8666
8226,-7735.19,148.163,42.8692
8227,-7736.86,148.179,42.8718
8228,-7738.53,148.195,42.8744
8229,-7740.2,148.212,42.8769
8230,-7741.87,148.228,42.8796
8231,-7743.53,148.244,42.8821
8232,-7745.2,148.26,42.8846
8233,-7746.87,148.276,42.8872
8234,-7748.54,148.292,42.8897
8235,-7750.21,148.309,42.8922
8236,-7751.88,148.325,42.8948
8237,-7753.54,148.341,42.8973
8238,-7755.21,148.357,42.8998
8239,-7756.88,148.373,42.9024
8240,-7758.55,148.389,42.9049
8241,-7760.22,148.406,42.9074
8242,-7761.89,148.422,42.9099
8243,-7763.56,148.438,42.9125
8244,-7765.23,148.454,42.915
8245,-7766.9,148.47,42.9176
8246,-7768.57,148.486,42.9202
8247,-7770.24,148.503,42.9227
8248,-7771.91,148.519,42.9252
8249,-7773.59,148.535,42.9277
8250,-7775.26,148.551,42.9303
8251,-7776.93,148.567,42.938
8252,-7778.6,148.583,42.941
8253,-7780.27,148.6,42.9436
8254,-7781.94,148.616,42.9462
8255,-7783.61,148.632,42.9487
8256,-7785.29,148.648,42.9513
8257,-7786.96,148.664,42.9539
8258,-7788.63,148.68,42.9564
8259,-7790.3,148.697,42.9589
8260,-7791.98,148.713,42.9615
8261,-7793.65,148.729,42.9641
8262,-7795.32,148.745,42.9666
8263,-7796.99,148.761,42.969
8264,-7798.67,148.777,42.9716
8265,-7800.34,148.794,42.9742
8266,-7802.01,148.81,42.9767
8267,-7803.69,148.826,42.9793
8268,-7805.36,148.842,42.9819
8269,-7807.04,148.858,42.9844
8270,-7808.71,148.874,42.9869
8271,-7810.38,148.89,42.9894
8272,-7812.06,148.907,42.992
8273,-7813.73,148.923,42.9945
8274,-7815.41,148.939,42.997
8275,-7817.08,148.955,42.9996
8276,-7818.76,148.971,43.0021
8277,-7820.43,148.987,43.0047
8278,-7822.11,149.004,43.0072
8279,-7823.79,149.02,43.0097
8280,-7825.46,149.036,43.0247
8281,-7827.14,149.052,43.0285
8282,-7828.81,149.068,43.0313
8283,-7830.49,149.084,43.034
8284,-7832.17,149.101,43.0367
8285,-7833.84,149.117,43.0394
8286,-7835.52,149.133,43.042
8287,-7837.2,149.149,43.0448
8288,-7838.87,149.165,43.0475
8289,-7840.55,149.181,43.0502
8290,-7842.23,149.197,43.0528
8291,-7843.91,149.214,43.0555
8292,-7845.58,149.23,43.0582
8293,-7847.26,149.246,43.0703
8294,-7848.94,149.262,43.0737
8295,-7850.62,149.278,43.0763
8296,-7852.3,149.294,43.0789
8297,-7853.97,149.311,43.0815
8298,-7855.65,149.327,43.084
8299,-7857.33,149.343,43.0928
8300,-7859.01,149.359,43.0954
8301,-7860.69,149.375,43.1056
8302,-7862.37,149.391,43.1087
8303,-7864.05,149.408,43.1112
8304,-7865.73,149.424,43.1138
8305,-7867.41,149.44,43.1163
8306,-7869.09,149.456,43.119
8307,-7870.77,149.472,43.1215
8308,-7872.45,149.488,43.1242
8309,-7874.13,149.504,43.1267
8310,-7875.81,149.521,43.1293
8311,-7877.49,149.537,43.1318
8312,-7879.17,149.553,43.1343
8313,-7880.85,149.569,43.1368
8314,-7882.53,149.585,43.1394
8315,-7884.21,149.601,43.1419
8316,-7885.89,149.617,43.1444
8317,-7887.58,149.634,43.1469
8318,-7889.26,149.65,43.1495
8319,-7890.94,149.666,43.1521
8320,-7892.62,149.682,43.1547
8321,-7894.3,149.698,43.1573
8322,-7895.99,149.714,43.1598
8323,-7897.67,149.731,43.1726
8324,-7899.35,149.747,43.1752
8325,-7901.03,149.763,43.1778
8326,-7902.72,149.779,43.1803
8327,-7904.4,149.795,43.1829
8328,-7906.08,149.811,43.1854
8329,-7907.77,149.827,43.1879
8330,-7909.45,149.844,43.1905
8331,-7911.14,149.86,43.1931
8332,-7912.82,149.876,43.1956
8333,-7914.5,149.892,43.1981
8334,-7916.19,149.908,43.2006
8335,-7917.87,149.924,43.2031
8336,-7919.56,149.94,43.2056
8337,-7921.24,149.957,43.2081
8338,-7922.93,149.973,43.2106
8339,-7924.61,149.989,43.2131
8340,-7926.3,150.005,43.2156
8341,-7927.98,150.021,43.2182
8342,-7929.67,150.037,43.2207
8343,-7931.35,150.053,43.2233
8344,-7933.04,150.07,43.226
8345,-7934.73,150.086,43.2285
8346,-7936.41,150.102,43.231
8347,-7938.1,150.118,43.2336
8348,-7939.78,150.134,43.2361
8349,-7941.47,150.15,43.2387
8350,-7943.16,150.166,43.2412
8351,-7944.85,150.183,43.2488
8352,-7946.53,150.199,43.2518
8353,-7948.22,150.215,43.2544
8354,-7949.91,150.231,43.2569
8355,-7951.59,150.247,43.2594
8356,-7953.28,150.263,43.2619
8357,-7954.97,150.279,43.2644
8358,-7956.66,150.296,43.267
8359,-7958.35,150.312,43.2695
8360,-7960.03,150.328,43.2721
8361,-7961.72,150.344,43.2746
8362,-7963.41,150.36,43.2772
8363,-7965.1,150.376,43.2797
8364,-7966.79,150.392,43.3073
8365,-7968.48,150.409,43.311
8366,-7970.17,150.425,43.3229
8367,-7971.86,150.441,43.3272
8368,-7973.55,150.457,43.3304
8369,-7975.24,150.473,43.3333
8370,-7976.93,150.489,43.336
8371,-7978.62,150.505,43.3387
8372,-7980.31,150.522,43.3412
8373,-7982,150.538,43.3438
8374,-7983.69,150.554,43.3466
8375,-7985.38,150.57,43.3491
8376,-7987.07,150.586,43.3516
8377,-7988.76,150.602,43.3543
8378,-7990.45,150.618,43.3569
8379,-7992.14,150.635,43.3595
8380,-7993.84,150.651,43.3621
8381,-7995.53,150.667,43.3647
8382,-7997.22,150.683,43.3673
8383,-7998.91,150.699,43.3697
8384,-8000.6,150.715,43.3723
8385,-8002.3,150.731,43.375
8386,-8003.99,150.747,43.3776
8387,-8005.68,150.764,43.3801
8388,-8007.37,150.78,43.3827
8389,-8009.07,150.796,43.3853
8390,-8010.76,150.812,43.3878
8391,-8012.45,150.828,43.3903
8392,-8014.15,150.844,43.3929
8393,-8015.84,150.86,43.3954
8394,-8017.53,150.877,43.4056
8395,-8019.23,150.893,43.4083
8396,-8020.92,150.909,43.4108
8397,-8022.62,150.925,43.4134
8398,-8024.31,150.941,43.416
8399,-8026.01,150.957,43.4186
8400,-8027.7,150.973,43.4211
8401,-8029.39,150.989,43.4603
8402,-8031.09,151.006,43.4635
8403,-8032.79,151.022,43.4661
8404,-8034.48,151.038,43.4687
8405,-8036.18,151.054,43.4712
8406,-8037.87,151.07,43.4738
8407,-8039.57,151.086,43.4764
8408,-8041.26,151.102,43.4789
8409,-8042.96,151.119,43.4815
8410,-8044.66,151.135,43.4842
8411,-8046.35,151.151,43.4868
8412,-8048.05,151.167,43.4894
8413,-8049.75,151.183,43.4919
8414,-8051.44,151.199,43.4944
8415,-8053.14,151.215,43.4969
8416,-8054.84,151.231,43.4993
8417,-8056.53,151.248,43.5018
8418,-8058.23,151.264,43.5043
8419,-8059.93,151.28,43.5068
8420,-8061.63,151.296,43.5094
8421,-8063.33,151.312,43.5119
8422,-8065.02,151.328,43.5145
8423,-8066.72,151.344,43.517
8424,-8068.42,151.36,43.5195
8425,-8070.12,151.377,43.5221
8426,-8071.82,151.393,43.5247
8427,-8073.52,151.409,43.5273
8428,-8075.22,151.425,43.5298
8429,-8076.91,151.441,43.5323
8430,-8078.61,151.457,43.5349
8431,-8080.31,151.473,43.5376
8432,-8082.01,151.489,43.5401
8433,-8083.71,151.506,43.5427
8434,-8085.41,151.522,43.5452
8435,-8087.11,151.538,43.5478
8436,-8088.81,151.554,43.5503
8437,-8090.51,151.57,43.5528
8438,-8092.22,151.586,43.5554
8439,-8093.92,151.602,43.5579
8440,-8095.62,151.618,43.5605
8441,-8097.32,151.635,43.563
8442,-8099.02,151.651,43.5655
8443,-8100.72,151.667,43.5681
8444,-8102.42,151.683,43.5706
8445,-8104.12,151.699,43.5731
8446,-8105.83,151.715,43.5756
8447,-8107.53,151.731,43.5781
8448,-8109.23,151.747,43.5806
8449,-8110.93,151.764,43.5832
8450,-8112.64,151.78,43.5857
8451,-8114.34,151.796,43.6001
8452,-8116.04,151.812,43.6541
8453,-8117.74,151.828,43.6592
8454,-8119.45,151.844,43.663
8455,-8121.15,151.86,43.6665
8456,-8122.85,151.876,43.6695
8457,-8124.56,151.893,43.6724
8458,-8126.26,151.909,43.6751
8459,-8127.97,151.925,43.6778
8460,-8129.67,151.941,43.6805
8461,-8131.37,151.957,43.683
8462,-8133.08,151.973,43.6856
8463,-8134.78,151.989,43.6882
8464,-8136.49,152.005,43.6907
8465,-8138.19,152.021,43.6934
8466,-8139.9,152.038,43.696
8467,-8141.6,152.054,43.6987
8468,-8143.31,152.07,43.7014
8469,-8145.01,152.086,43.7041
8470,-8146.72,152.102,43.7067
8471,-8148.43,152.118,43.7093
8472,-8150.13,152.134,43.7119
8473,-8151.84,152.15,43.7145
8474,-8153.54,152.167,43.7171
8475,-8155.25,152.183,43.7196
8476,-8156.96,152.199,43.7222
8477,-8158.66,152.215,43.7247
8478,-8160.37,152.231,43.7272
8479,-8162.08,152.247,43.7298
8480,-8163.79,152.263,43.7323
8481,-8165.49,152.279,43.7349
8482,-8167.2,152.295,43.7374
8483,-8168.91,152.312,43.74
8484,-8170.62,152.328,43.7426
8485,-8172.33,152.344,43.7451
8486,-8174.03,152.36,43.7477
8487,-8175.74,152.376,43.7503
8488,-8177.45,152.392,43.7528
8489,-8179.16,152.408,43.7553
8490,-8180.87,152.424,43.7578
8491,-8182.58,152.441,43.7603
8492,-8184.29,152.457,43.7628
8493,-8186,152.473,43.7654
8494,-8187.7,152.489,43.7681
8495,-8189.41,152.505,43.7706
8496,-8191.12,152.521,43.7732
8497,-8192.83,152.537,43.7757
8498,-8194.54,152.553,43.7783
8499,-8196.25,152.569,43.7808
8500,-8197.97,152.586,43.7835
8501,-8199.68,152.602,43.8395
8502,-8201.39,152.618,43.8447
8503,-8203.1,152.634,43.8473
8504,-8204.81,152.65,43.8498
8505,-8206.52,152.666,43.8524
8506,-8208.23,152.682,43.8548
8507,-8209.94,152.698,43.8573
8508,-8211.65,152.714,43.8598
8509,-8213.37,152.731,43.8623
8510,-8215.08,152.747,43.8649
8511,-8216.79,152.763,43.8674
8512,-8218.5,152.779,43.8699
8513,-8220.22,152.795,43.8724
8514,-8221.93,152.811,43.8749
8515,-8223.64,152.827,43.8775
8516,-8225.35,152.843,43.8799
8517,-8227.07,152.859,43.8824
8518,-8228.78,152.875,43.885
8519,-8230.49,152.892,43.8875
8520,-8232.21,152.908,43.89
8521,-8233.92,152.924,43.8926
8522,-8235.63,152.94,43.8951
8523,-8237.35,152.956,43.8976
8524,-8239.06,152.972,43.9001
8525,-8240.78,152.988,43.9026
8526,-8242.49,153.004,43.9052
8527,-8244.21,153.02,43.9077
8528,-8245.92,153.037,43.9102
8529,-8247.64,153.053,43.9127
8530,-8249.35,153.069,43.9153
8531,-8251.07,153.085,43.9178
8532,-8252.78,153.101,43.9203
8533,-8254.5,153.117,43.9228
8534,-8256.21,153.133,43.9254
8535,-8257.93,153.149,43.9279
8536,-8259.65,153.165,43.9305
8537,-8261.36,153.181,43.9329
8538,-8263.08,153.198,43.9354
8539,-8264.8,153.214,43.938
8540,-8266.51,153.23,43.9405
8541,-8268.23,153.246,43.943
8542,-8269.95,153.262,43.9455
8543,-8271.66,153.278,43.948
8544,-8273.38,153.294,43.9506
8545,-8275.1,153.31,43.9531
8546,-8276.82,153.326,43.9553
8547,-8278.53,153.343,43.9576
8548,-8280.25,153.359,43.9599
8549,-8281.97,153.375,43.9623
8550,-8283.69,153.391,43.9645
8551,-8285.41,153.407,43.9736
8552,-8287.13,153.423,43.9767
8553,-8288.84,153.439,43.9792
8554,-8290.56,153.455,43.9816
8555,-8292.28,153.471,43.9841
8556,-8294,153.487,43.9867
8557,-8295.72,153.504,43.9892
8558,-8297.44,153.52,43.9918
8559,-8299.16,153.536,43.9943
8560,-8300.88,153.552,43.9968
8561,-8302.6,153.568,43.9994
8562,-8304.32,153.584,44.002
8563,-8306.04,153.6,44.0045
8564,-8307.76,153.616,44.007
8565,-8309.48,153.632,44.0095
8566,-8311.2,153.648,44.012
8567,-8312.92,153.665,44.0146
8568,-8314.64,153.681,44.0171
8569,-8316.37,153.697,44.0196
8570,-8318.09,153.713,44.0222
8571,-8319.81,153.729,44.0246
8572,-8321.53,153.745,44.0271
8573,-8323.25,153.761,44.0296
8574,-8324.97,153.777,44.0321
8575,-8326.7,153.793,44.0346
8576,-8328.42,153.809,44.0371
8577,-8330.14,153.825,44.0396
8578,-8331.86,153.842,44.0421
8579,-8333.59,153.858,44.0446
8580,-8335.31,153.874,44.0471
8581,-8337.03,153.89,44.0497
8582,-8338.76,153.906,44.0522
8583,-8340.48,153.922,44.0548
8584,-8342.2,153.938,44.0573
8585,-8343.93,153.954,44.0598
8586,-8345.65,153.97,44.0623
8587,-8347.38,153.986,44.0648
8588,-8349.1,154.003,44.0673
8589,-8350.83,154.019,44.0699
8590,-8352.55,154.035,44.0724
8591,-8354.27,154.051,44.0749
8592,-8356,154.067,44.0774
8593,-8357.72,154.083,44.08
8594,-8359.45,154.099,44.0825
8595,-8361.18,154.115,44.085
8596,-8362.9,154.131,44.0875
8597,-8364.63,154.147,44.09
8598,-8366.35,154.163,44.0925
8599,-8368.08,154.18,44.1051
8600,-8369.8,154.196,44.1078
8601,-8371.53,154.212,44.1159
8602,-8373.26,154.228,44.1189
8603,-8374.98,154.244,44.1215
8604,-8376.71,154.26,44.124
8605,-8378.44,154.276,44.1266
8606,-8380.17,154.292,44.1291
8607,-8381.89,154.308,44.1317
8608,-8383.62,154.324,44.1343
8609,-8385.35,154.34,44.1477
8610,-8387.08,154.357,44.1498
8611,-8388.8,154.373,44.1522
8612,-8390.53,154.389,44.1648
8613,-8392.26,154.405,44.1691
8614,-8393.99,154.421,44.1723
8615,-8395.72,154.437,44.175
8616,-8397.44,154.453,44.1776
8617,-8399.17,154.469,44.1804
8618,-8400.9,154.485,44.183
8619,-8402.63,154.501,44.1857
8620,-8404.36,154.517,44.1884
8621,-8406.09,154.534,44.1908
8622,-8407.82,154.55,44.1935
8623,-8409.55,154.566,44.1961
8624,-8411.28,154.582,44.1986
8625,-8413.01,154.598,44.2011
8626,-8414.74,154.614,44.2038
8627,-8416.47,154.63,44.2063
8628,-8418.2,154.646,44.2089
8629,-8419.93,154.662,44.2115
8630,-8421.66,154.678,44.2142
8631,-8423.39,154.694,44.2167
8632,-8425.13,154.71,44.2193
8633,-8426.86,154.727,44.2219
8634,-8428.59,154.743,44.2246
8635,-8430.32,154.759,44.2271
8636,-8432.05,154.775,44.2297
8637,-8433.78,154.791,44.2324
8638,-8435.52,154.807,44.2348
8639,-8437.25,154.823,44.2374
8640,-8438.98,154.839,44.24
8641,-8440.71,154.855,44.2426
8642,-8442.45,154.871,44.2452
8643,-8444.18,154.887,44.2478
8644,-8445.91,154.903,44.2503
8645,-8447.65,154.92,44.2528
8646,-8449.38,154.936,44.2553
8647,-8451.11,154.952,44.2579
8648,-8452.85,154.968,44.2604
8649,-8454.58,154.984,44.2629
8650,-8456.31,155,44.2655
8651,-8458.05,155.016,44.2752
8652,-8459.78,155.032,44.2783
8653,-8461.52,155.048,44.2808
8654,-8463.25,155.064,44.2833
8655,-8464.99,155.08,44.2858
8656,-8466.72,155.096,44.2883
8657,-8468.46,155.113,44.2908
8658,-8470.19,155.129,44.2933
8659,-8471.93,155.145,44.2959
8660,-8473.66,155.161,44.2985
8661,-8475.4,155.177,44.301
8662,-8477.14,155.193,44.3036
8663,-8478.87,155.209,44.3061
8664,-8480.61,155.225,44.3087
8665,-8482.34,155.241,44.3113
8666,-8484.08,155.257,44.3138
8667,-8485.82,155.273,44.3163
8668,-8487.55,155.289,44.3188
8669,-8489.29,155.305,44.3213
8670,-8491.03,155.322,44.3239
8671,-8492.77,155.338,44.3264
8672,-8494.5,155.354,44.3289
8673,-8496.24,155.37,44.3314
8674,-8497.98,155.386,44.334
8675,-8499.72,155.402,44.3365
8676,-8501.45,155.418,44.339
8677,-8503.19,155.434,44.3415
8678,-8504.93,155.45,44.344
8679,-8506.67,155.466,44.3465
8680,-8508.41,155.482,44.3491
8681,-8510.15,155.498,44.3516
8682,-8511.89,155.514,44.3541
8683,-8513.63,155.531,44.3567
8684,-8515.37,155.547,44.3592
8685,-8517.11,155.563,44.3618
8686,-8518.84,155.579,44.3877
8687,-8520.58,155.595,44.3917
8688,-8522.32,155.611,44.3943
8689,-8524.06,155.627,44.3969
8690,-8525.81,155.643,44.3994
8691,-8527.55,155.659,44.402
8692,-8529.29,155.675,44.4045
8693,-8531.03,155.691,44.407
8694,-8532.77,155.707,44.4096
8695,-8534.51,155.723,44.4122
8696,-8536.25,155.739,44.4147
8697,-8537.99,155.756,44.4172
8698,-8539.73,155.772,44.4198
8699,-8541.48,155.788,44.4223
8700,-8543.22,155.804,44.4248
8701,-8544.96,155.82,44.4341
8702,-8546.7,155.836,44.4371
8703,-8548.44,155.852,44.4396
8704,-8550.19,155.868,44.442
8705,-8551.93,155.884,44.4447
8706,-8553.67,155.9,44.4472
8707,-8555.41,155.916,44.4497
8708,-8557.16,155.932,44.4523
8709,-8558.9,155.948,44.4547
8710,-8560.64,155.964,44.4572
8711,-8562.39,155.981,44.4597
8712,-8564.13,155.997,44.4623
8713,-8565.88,156.013,44.4647
8714,-8567.62,156.029,44.4673
8715,-8569.36,156.045,44.4696
8716,-8571.11,156.061,44.4721
8717,-8572.85,156.077,44.4745
8718,-8574.6,156.093,44.4769
8719,-8576.34,156.109,44.4789
8720,-8578.09,156.125,44.4814
8721,-8579.83,156.141,44.4837
8722,-8581.58,156.157,44.4861
8723,-8583.32,156.173,44.4884
8724,-8585.07,156.189,44.4909
8725,-8586.82,156.205,44.4935
8726,-8588.56,156.222,44.4961
8727,-8590.31,156.238,44.4986
8728,-8592.05,156.254,44.5011
8729,-8593.8,156.27,44.5037
8730,-8595.55,156.286,44.5063
8731,-8597.29,156.302,44.5088
8732,-8599.04,156.318,44.5113
8733,-8600.79,156.334,44.5137
8734,-8602.54,156.35,44.5163
8735,-8604.28,156.366,44.5188
8736,-8606.03,156.382,44.5213
8737,-8607.78,156.398,44.5238
8738,-8609.53,156.414,44.5264
8739,-8611.27,156.43,44.5289
8740,-8613.02,156.446,44.5314
8741,-8614.77,156.463,44.5339
8742,-8616.52,156.479,44.5364
8743,-8618.27,156.495,44.539
8744,-8620.02,156.511,44.5415
8745,-8621.77,156.527,44.5441
8746,-8623.51,156.543,44.5467
8747,-8625.26,156.559,44.5492
8748,-8627.01,156.575,44.5517
8749,-8628.76,156.591,44.5543
8750,-8630.51,156.607,44.5567
8751,-8632.26,156.623,44.5641
8752,-8634.01,156.639,44.5671
8753,-8635.76,156.655,44.5697
8754,-8637.51,156.671,44.5722
8755,-8639.26,156.687,44.5746
8756,-8641.01,156.703,44.5771
8757,-8642.77,156.72,44.5796
8758,-8644.52,156.736,44.5821
8759,-8646.27,156.752,44.5846
8760,-8648.02,156.768,44.5872
8761,-8649.77,156.784,44.5897
8762,-8651.52,156.8,44.5923
8763,-8653.27,156.816,44.5948
8764,-8655.03,156.832,44.5973
8765,-8656.78,156.848,44.5998
8766,-8658.53,156.864,44.6024
8767,-8660.28,156.88,44.6049
8768,-8662.04,156.896,44.6075
8769,-8663.79,156.912,44.61
8770,-8665.54,156.928,44.6127
8771,-8667.29,156.944,44.6152
8772,-8669.05,156.96,44.6177
8773,-8670.8,156.976,44.6203
8774,-8672.55,156.993,44.6229
8775,-8674.31,157.009,44.6254
8776,-8676.06,157.025,44.628
8777,-8677.82,157.041,44.6305
8778,-8679.57,157.057,44.6331
8779,-8681.32,157.073,44.6356
8780,-8683.08,157.089,44.6381
8781,-8684.83,157.105,44.6406
8782,-8686.59,157.121,44.6433
8783,-8688.34,157.137,44.6459
8784,-8690.1,157.153,44.6484
8785,-8691.85,157.169,44.651
8786,-8693.61,157.185,44.6536
8787,-8695.36,157.201,44.6561
8788,-8697.12,157.217,44.6586
8789,-8698.88,157.233,44.6611
8790,-8700.63,157.249,44.6637
8791,-8702.39,157.265,44.6663
8792,-8704.14,157.282,44.6689
8793,-8705.9,157.298,44.6715
8794,-8707.66,157.314,44.674
8795,-8709.42,157.33,44.6767
8796,-8711.17,157.346,44.6793
8797,-8712.93,157.362,44.6818
8798,-8714.69,157.378,44.6844
8799,-8716.44,157.394,44.6924
8800,-8718.2,157.41,44.6965
8801,-8719.96,157.426,44.705
8802,-8721.72,157.442,44.7083
8803,-8723.48,157.458,44.7111
8804,-8725.23,157.474,44.7138
8805,-8726.99,157.49,44.7164
8806,-8728.75,157.506,44.719
8807,-8730.51,157.522,44.7215
8808,-8732.27,157.538,44.7241
8809,-8734.03,157.554,44.7266
8810,-8735.79,157.57,44.7291
8811,-8737.55,157.587,44.7317
8812,-8739.31,157.603,44.7343
8813,-8741.06,157.619,44.7368
8814,-8742.82,157.635,44.7394
8815,-8744.58,157.651,44.7419
8816,-8746.34,157.667,44.7444
8817,-8748.11,157.683,44.747
8818,-8749.87,157.699,44.7495
8819,-8751.63,157.715,44.752
8820,-8753.39,157.731,44.7545
8821,-8755.15,157.747,44.7568
8822,-8756.91,157.763,44.7589
8823,-8758.67,157.779,44.7608
8824,-8760.43,157.795,44.7633
8825,-8762.19,157.811,44.7759
8826,-8763.95,157.827,44.779
8827,-8765.72,157.843,44.7817
8828,-8767.48,157.859,44.7843
8829,-8769.24,157.875,44.7869
8830,-8771,157.891,44.7895
8831,-8772.77,157.907,44.7921
8832,-8774.53,157.924,44.7946
8833,-8776.29,157.94,44.7972
8834,-8778.05,157.956,44.7997
8835,-8779.82,157.972,44.8023
8836,-8781.58,157.988,44.8048
8837,-8783.34,158.004,44.8074
8838,-8785.11,158.02,44.81
8839,-8786.87,158.036,44.8126
8840,-8788.64,158.052,44.8151
8841,-8790.4,158.068,44.8177
8842,-8792.16,158.084,44.8203
8843,-8793.93,158.1,44.8228
8844,-8795.69,158.116,44.8253
8845,-8797.46,158.132,44.8279
8846,-8799.22,158.148,44.8305
8847,-8800.99,158.164,44.8331
8848,-8802.75,158.18,44.8356
8849,-8804.52,158.196,44.8382
8850,-8806.28,158.212,44.8407
8851,-8808.05,158.228,44.8499
8852,-8809.81,158.244,44.853
8853,-8811.58,158.26,44.8556
8854,-8813.35,158.277,44.8582
8855,-8815.11,158.293,44.8608
8856,-8816.88,158.309,44.8634
8857,-8818.65,158.325,44.866
8858,-8820.41,158.341,44.8686
8859,-8822.18,158.357,44.8712
8860,-8823.95,158.373,44.8738
8861,-8825.71,158.389,44.8763
8862,-8827.48,158.405,44.879
8863,-8829.25,158.421,44.8815
8864,-8831.02,158.437,44.8841
8865,-8832.78,158.453,44.8868
8866,-8834.55,158.469,44.8893
8867,-8836.32,158.485,44.8919
8868,-8838.09,158.501,44.8944
8869,-8839.86,158.517,44.897
8870,-8841.63,158.533,44.8995
8871,-8843.39,158.549,44.9021
8872,-8845.16,158.565,44.9046
8873,-8846.93,158.581,44.9072
8874,-8848.7,158.597,44.9097
8875,-8850.47,158.613,44.9209
8876,-8852.24,158.629,44.9235
8877,-8854.01,158.645,44.926
8878,-8855.78,158.661,44.9286
8879,-8857.55,158.677,44.9311
8880,-8859.32,158.694,44.9336
8881,-8861.09,158.71,44.9361
8882,-8862.86,158.726,44.9606
8883,-8864.63,158.742,44.9654
8884,-8866.4,158.758,44.9686
8885,-8868.17,158.774,44.9714
8886,-8869.94,158.79,44.974
8887,-8871.72,158.806,44.9765
8888,-8873.49,158.822,44.9791
8889,-8875.26,158.838,44.9816
8890,-8877.03,158.854,44.9839
8891,-8878.8,158.87,44.9863
8892,-8880.57,158.886,44.9971
8893,-8882.35,158.902,45
8894,-8884.12,158.918,45.003
8895,-8885.89,158.934,45.0061
8896,-8887.66,158.95,45.009
8897,-8889.44,158.966,45.0117
8898,-8891.21,158.982,45.0143
8899,-8892.98,158.998,45.0169
8900,-8894.76,159.014,45.0196
8901,-8896.53,159.03,45.0292
8902,-8898.3,159.046,45.0323
8903,-8900.08,159.062,45.0349
8904,-8901.85,159.078,45.0375
8905,-8903.63,159.094,45.0399
8906,-8905.4,159.11,45.0426
8907,-8907.17,159.126,45.0453
8908,-8908.95,159.143,45.0478
8909,-8910.72,159.159,45.0504
8910,-8912.5,159.175,45.0531
8911,-8914.27,159.191,45.0558
8912,-8916.05,159.207,45.0584
8913,-8917.82,159.223,45.0609
8914,-8919.6,159.239,45.0636
8915,-8921.38,159.255,45.0661
8916,-8923.15,159.271,45.0686
8917,-8924.93,159.287,45.0711
8918,-8926.7,159.303,45.0737
8919,-8928.48,159.319,45.0762
8920,-8930.26,159.335,45.0787
8921,-8932.03,159.351,45.0813
8922,-8933.81,159.367,45.0839
8923,-8935.59,159.383,45.0865
8924,-8937.36,159.399,45.089
8925,-8939.14,159.415,45.0915
8926,-8940.92,159.431,45.0941
8927,-8942.7,159.447,45.0967
8928,-8944.47,159.463,45.0993
8929,-8946.25,159.479,45.1019
8930,-8948.03,159.495,45.1045
8931,-8949.81,159.511,45.107
8932,-8951.59,159.527,45.1097
8933,-8953.36,159.543,45.1122
8934,-8955.14,159.559,45.1147
8935,-8956.92,159.575,45.1174
8936,-8958.7,159.591,45.1199
8937,-8960.48,159.607,45.1225
8938,-8962.26,159.623,45.1249
8939,-8964.04,159.639,45.1274
8940,-8965.82,159.655,45.13
8941,-8967.6,159.671,45.1325
8942,-8969.38,159.687,45.1351
8943,-8971.16,159.704,45.1376
8944,-8972.94,159.72,45.1401
8945,-8974.72,159.736,45.1427
8946,-8976.5,159.752,45.1453
8947,-8978.28,159.768,45.1479
8948,-8980.06,159.784,45.1505
8949,-8981.84,159.8,45.1531
8950,-8983.62,159.816,45.1556
8951,-8985.4,159.832,45.1632
8952,-8987.19,159.848,45.1662
8953,-8988.97,159.864,45.1687
8954,-8990.75,159.88,45.1712
8955,-8992.53,159.896,45.1738
8956,-8994.31,159.912,45.1763
8957,-8996.1,159.928,45.1789
8958,-8997.88,159.944,45.1814
8959,-8999.66,159.96,45.1839
8960,-9001.44,159.976,45.1864
8961,-9003.23,159.992,45.1888
8962,-9005.01,160.008,45.1913
8963,-9006.79,160.024,45.1939
8964,-9008.58,160.04,45.1964
8965,-9010.36,160.056,45.1989
8966,-9012.14,160.072,45.2015
8967,-9013.93,160.088,45.204
8968,-9015.71,160.104,45.2066
8969,-9017.5,160.12,45.2092
8970,-9019.28,160.136,45.2117
8971,-9021.06,160.152,45.2142
8972,-9022.85,160.168,45.2166
8973,-9024.63,160.184,45.2191
8974,-9026.42,160.2,45.2216
8975,-9028.2,160.216,45.2242
8976,-9029.99,160.232,45.2267
8977,-9031.77,160.248,45.2292
8978,-9033.56,160.264,45.2316
8979,-9035.35,160.28,45.2461
8980,-9037.13,160.296,45.2493
8981,-9038.92,160.312,45.2518
8982,-9040.7,160.328,45.2544
8983,-9042.49,160.344,45.257
8984,-9044.28,160.36,45.2593
8985,-9046.06,160.376,45.2614
8986,-9047.85,160.392,45.2635
8987,-9049.64,160.408,45.2655
8988,-9051.42,160.424,45.2678
8989,-9053.21,160.44,45.2703
8990,-9055,160.457,45.2726
8991,-9056.79,160.473,45.2752
8992,-9058.57,160.489,45.2779
8993,-9060.36,160.505,45.2804
8994,-9062.15,160.521,45.283
8995,-9063.94,160.537,45.2855
8996,-9065.73,160.553,45.288
8997,-9067.52,160.569,45.2904
8998,-9069.3,160.585,45.2925
8999,-9071.09,160.601,45.2945
9000,-9072.88,160.617,45.2969
9001,-9074.67,160.633,45.3345
9002,-9076.46,160.649,45.3377
9003,-9078.25,160.665,45.3403
9004,-9080.04,160.681,45.3429
9005,-9081.83,160.697,45.3454
9006,-9083.62,160.713,45.3479
9007,-9085.41,160.729,45.3505
9008,-9087.2,160.745,45.3529
9009,-9088.99,160.761,45.3554
9010,-9090.78,160.777,45.358
9011,-9092.57,160.793,45.3606
9012,-9094.36,160.809,45.3863
9013,-9096.15,160.825,45.3912
9014,-9097.94,160.841,45.3948
9015,-9099.74,160.857,45.398
9016,-9101.53,160.873,45.4095
9017,-9103.32,160.889,45.4128
9018,-9105.11,160.905,45.4156
9019,-9106.9,160.921,45.4182
9020,-9108.7,160.937,45.421
9021,-9110.49,160.953,45.4238
9022,-9112.28,160.969,45.4265
9023,-9114.07,160.985,45.429
9024,-9115.87,161.001,45.4316
9025,-9117.66,161.017,45.4342
9026,-9119.45,161.033,45.4366
9027,-9121.24,161.049,45.4392
9028,-9123.04,161.065,45.4417
9029,-9124.83,161.081,45.4442
9030,-9126.63,161.097,45.4467
9031,-9128.42,161.113,45.4492
9032,-9130.21,161.129,45.4518
9033,-9132.01,161.145,45.4543
9034,-9133.8,161.161,45.4569
9035,-9135.6,161.177,45.4596
9036,-9137.39,161.193,45.4622
9037,-9139.19,161.209,45.4647
9038,-9140.98,161.225,45.4672
9039,-9142.78,161.241,45.4697
9040,-9144.57,161.257,45.4723
9041,-9146.37,161.273,45.5126
9042,-9148.16,161.289,45.5153
9043,-9149.96,161.305,45.5179
9044,-9151.75,161.321,45.5205
9045,-9153.55,161.337,45.523
9046,-9155.35,161.353,45.5256
9047,-9157.14,161.369,45.5281
9048,-9158.94,161.385,45.5307
9049,-9160.74,161.401,45.5332
9050,-9162.53,161.417,45.5358
9051,-9164.33,161.433,45.5453
9052,-9166.13,161.449,45.5486
9053,-9167.92,161.465,45.5511
9054,-9169.72,161.481,45.5642
9055,-9171.52,161.497,45.5669
9056,-9173.32,161.513,45.5695
9057,-9175.12,161.529,45.5719
9058,-9176.91,161.545,45.5744
9059,-9178.71,161.561,45.5769
9060,-9180.51,161.577,45.5794
9061,-9182.31,161.593,45.582
9062,-9184.11,161.609,45.5846
9063,-9185.91,161.625,45.5871
9064,-9187.71,161.641,45.5896
9065,-9189.5,161.657,45.5921
9066,-9191.3,161.673,45.5946
9067,-9193.1,161.689,45.5971
9068,-9194.9,161.705,45.5996
9069,-9196.7,161.721,45.602
9070,-9198.5,161.737,45.6045
9071,-9200.3,161.753,45.607
9072,-9202.1,161.769,45.6096
9073,-9203.9,161.785,45.6121
9074,-9205.7,161.801,45.6146
9075,-9207.51,161.817,45.6171
9076,-9209.31,161.833,45.6196
9077,-9211.11,161.849,45.6221
9078,-9212.91,161.865,45.6246
9079,-9214.71,161.881,45.6271
9080,-9216.51,161.897,45.6395
9081,-9218.31,161.913,45.6421
9082,-9220.12,161.929,45.6446
9083,-9221.92,161.945,45.6472
9084,-9223.72,161.961,45.6497
9085,-9225.52,161.977,45.6522
9086,-9227.32,161.993,45.6547
9087,-9229.13,162.009,45.7896
9088,-9230.93,162.025,45.793
9089,-9232.73,162.041,45.7956
9090,-9234.54,162.057,45.7982
9091,-9236.34,162.073,45.8008
9092,-9238.14,162.089,45.8035
9093,-9239.95,162.105,45.806
9094,-9241.75,162.121,45.8087
9095,-9243.55,162.137,45.8113
9096,-9245.36,162.153,45.8138
9097,-9247.16,162.169,45.8164
9098,-9248.97,162.185,45.8189
9099,-9250.77,162.201,45.8214
9100,-9252.58,162.217,45.824
9101,-9254.38,162.233,45.8465
9102,-9256.19,162.249,45.8496
9103,-9257.99,162.265,45.8521
9104,-9259.8,162.281,45.8546
9105,-9261.6,162.297,45.8572
9106,-9263.41,162.313,45.8597
9107,-9265.21,162.329,45.8622
9108,-9267.02,162.345,45.8646
9109,-9268.83,162.361,45.8672
9110,-9270.63,162.377,45.8698
9111,-9272.44,162.393,45.8723
9112,-9274.24,162.409,45.875
9113,-9276.05,162.425,45.8775
9114,-9277.86,162.441,45.88
9115,-9279.67,162.457,45.8825
9116,-9281.47,162.473,45.885
9117,-9283.28,162.489,45.8875
9118,-9285.09,162.505,45.8901
9119,-9286.9,162.521,45.8927
9120,-9288.7,162.537,45.8952
9121,-9290.51,162.553,45.9309
9122,-9292.32,162.569,45.9759
9123,-9294.13,162.585,45.9793
9124,-9295.94,162.601,45.9819
9125,-9297.74,162.617,45.9846
9126,-9299.55,162.633,45.9871
9127,-9301.36,162.649,45.9897
9128,-9303.17,162.665,45.9923
9129,-9304.98,162.681,45.9949
9130,-9306.79,162.697,46.0343
9131,-9308.6,162.713,46.0388
9132,-9310.41,162.729,46.0423
9133,-9312.22,162.745,46.0455
9134,-9314.03,162.761,46.0484
9135,-9315.84,162.777,46.0511
9136,-9317.65,162.793,46.0537
9137,-9319.46,162.809,46.0563
9138,-9321.27,162.825,46.0588
9139,-9323.08,162.841,46.0614
9140,-9324.89,162.857,46.0639
9141,-9326.7,162.873,46.0665
9142,-9328.52,162.889,46.069
9143,-9330.33,162.905,46.0715
9144,-9332.14,162.921,46.0838
9145,-9333.95,162.937,46.0866
9146,-9335.76,162.953,46.0892
9147,-9337.57,162.969,46.0918
9148,-9339.39,162.985,46.0943
9149,-9341.2,163.001,46.0971
9150,-9343.01,163.017,46.0997
9151,-9344.82,163.033,46.1669
9152,-9346.64,163.049,46.1712
9153,-9348.45,163.065,46.1738
9154,-9350.26,163.081,46.1764
9155,-9352.08,163.097,46.2712
9156,-9353.89,163.113,46.2751
9157,-9355.7,163.129,46.2777
9158,-9357.52,163.145,46.2804
9159,-9359.33,163.161,46.2829
9160,-9361.15,163.177,46.2854
9161,-9362.96,163.193,46.288
9162,-9364.77,163.209,46.2906
9163,-9366.59,163.225,46.2932
9164,-9368.4,163.241,46.2957
9165,-9370.22,163.257,46.2982
9166,-9372.03,163.273,46.3008
9167,-9373.85,163.289,46.3033
9168,-9375.66,163.305,46.3058
9169,-9377.48,163.321,46.3084
9170,-9379.29,163.337,46.3109
9171,-9381.11,163.353,46.324
9172,-9382.93,163.369,46.3267
9173,-9384.74,163.385,46.3292
9174,-9386.56,163.401,46.3318
9175,-9388.38,163.417,46.3343
9176,-9390.19,163.433,46.3368
9177,-9392.01,163.449,46.3394
9178,-9393.83,163.465,46.3419
9179,-9395.64,163.481,46.3444
9180,-9397.46,163.497,46.347
9181,-9399.28,163.513,46.3495
9182,-9401.1,163.528,46.352
9183,-9402.91,163.544,46.3547
9184,-9404.73,163.56,46.3572
9185,-9406.55,163.576,46.3597
9186,-9408.37,163.592,46.3623
9187,-9410.19,163.608,46.3648
9188,-9412,163.624,46.3674
9189,-9413.82,163.64,46.3699
9190,-9415.64,163.656,46.3724
9191,-9417.46,163.672,46.3748
9192,-9419.28,163.688,46.3773
9193,-9421.1,163.704,46.3798
9194,-9422.92,163.72,46.3823
9195,-9424.74,163.736,46.3848
9196,-9426.56,163.752,46.3873
9197,-9428.38,163.768,46.3984
9198,-9430.2,163.784,46.4007
9199,-9432.02,163.8,46.4143
9200,-9433.84,163.816,46.4187
9201,-9435.66,163.832,46.4298
9202,-9437.48,163.848,46.4329
9203,-9439.3,163.864,46.4356
9204,-9441.12,163.88,46.4383
9205,-9442.94,163.896,46.4409
9206,-9444.76,163.912,46.4435
9207,-9446.58,163.928,46.4462
9208,-9448.41,163.944,46.4487
9209,-9450.23,163.96,46.4513
9210,-9452.05,163.976,46.4538
9211,-9453.87,163.992,46.4565
9212,-9455.69,164.008,46.4591
9213,-9457.52,164.024,46.4615
9214,-9459.34,164.04,46.4758
9215,-9461.16,164.056,46.4789
9216,-9462.99,164.072,46.4815
9217,-9464.81,164.088,46.4841
9218,-9466.63,164.104,46.4866
9219,-9468.45,164.12,46.4891
9220,-9470.28,164.136,46.4917
9221,-9472.1,164.152,46.4943
9222,-9473.93,164.168,46.4968
9223,-9475.75,164.184,46.4994
9224,-9477.57,164.2,46.5018
9225,-9479.4,164.216,46.5043
9226,-9481.22,164.232,46.5068
9227,-9483.05,164.248,46.5094
9228,-9484.87,164.264,46.512
9229,-9486.7,164.279,46.5145
9230,-9488.52,164.295,46.517
9231,-9490.35,164.311,46.5195
9232,-9492.17,164.327,46.5221
9233,-9494,164.343,46.5557
9234,-9495.82,164.359,46.5593
9235,-9497.65,164.375,46.5622
9236,-9499.48,164.391,46.5648
9237,-9501.3,164.407,46.5674
9238,-9503.13,164.423,46.5702
9239,-9504.95,164.439,46.5729
9240,-9506.78,164.455,46.5754
9241,-9508.61,164.471,46.578
9242,-9510.43,164.487,46.5805
9243,-9512.26,164.503,46.583
9244,-9514.09,164.519,46.5855
9245,-9515.92,164.535,46.588
9246,-9517.74,164.551,46.5906
9247,-9519.57,164.567,46.5931
9248,-9521.4,164.583,46.6277
9249,-9523.23,164.599,46.6319
9250,-9525.06,164.615,46.6355
9251,-9526.88,164.631,46.6444
9252,-9528.71,164.647,46.6478
9253,-9530.54,164.663,46.6504
9254,-9532.37,164.679,46.6531
9255,-9534.2,164.695,46.6558
9256,-9536.03,164.711,46.6583
9257,-9537.86,164.727,46.661
9258,-9539.69,164.743,46.6635
9259,-9541.52,164.759,46.6661
9260,-9543.35,164.775,46.6686
9261,-9545.18,164.791,46.6711
9262,-9547.01,164.807,46.6736
9263,-9548.84,164.823,46.6762
9264,-9550.67,164.839,46.6787
9265,-9552.5,164.854,46.6813
9266,-9554.33,164.87,46.6839
9267,-9556.16,164.886,46.6865
9268,-9557.99,164.902,46.6891
9269,-9559.82,164.918,46.6917
9270,-9561.65,164.934,46.7037
9271,-9563.48,164.95,46.7069
9272,-9565.32,164.966,46.7094
9273,-9567.15,164.982,46.712
9274,-9568.98,164.998,46.7145
9275,-9570.81,165.014,46.717
9276,-9572.64,165.03,46.7197
9277,-9574.48,165.046,46.7223
9278,-9576.31,165.062,46.7248
9279,-9578.14,165.078,46.7274
9280,-9579.98,165.094,46.7359
9281,-9581.81,165.11,46.7384
9282,-9583.64,165.126,46.7409
9283,-9585.47,165.142,46.7435
9284,-9587.31,165.158,46.7461
9285,-9589.14,165.174,46.7486
9286,-9590.98,165.19,46.7511
9287,-9592.81,165.206,46.7537
9288,-9594.64,165.222,46.7562
9289,-9596.48,165.238,46.7587
9290,-9598.31,165.254,46.7612
9291,-9600.15,165.27,46.7637
9292,-9601.98,165.286,46.7662
9293,-9603.82,165.302,46.7687
9294,-9605.65,165.318,46.8052
9295,-9607.49,165.333,46.8079
9296,-9609.32,165.349,46.8104
9297,-9611.16,165.365,46.813
9298,-9612.99,165.381,46.8155
9299,-9614.83,165.397,46.8181
9300,-9616.67,165.413,46.8206
9301,-9618.5,165.429,46.8288
9302,-9620.34,165.445,46.8317
9303,-9622.18,165.461,46.8343
9304,-9624.01,165.477,46.8367
9305,-9625.85,165.493,46.8393
9306,-9627.69,165.509,46.8418
9307,-9629.52,165.525,46.8443
9308,-9631.36,165.541,46.8573
9309,-9633.2,165.557,46.8603
9310,-9635.04,165.573,46.8629
9311,-9636.87,165.589,46.8654
9312,-9638.71,165.605,46.868
9313,-9640.55,165.621,46.8706
9314,-9642.39,165.637,46.8732
9315,-9644.23,165.653,46.8757
9316,-9646.06,165.669,46.8783
9317,-9647.9,165.685,46.8808
9318,-9649.74,165.701,46.8833
9319,-9651.58,165.717,46.8858
9320,-9653.42,165.733,46.8883
9321,-9655.26,165.748,46.8908
9322,-9657.1,165.764,46.8933
9323,-9658.94,165.78,46.8958
9324,-9660.78,165.796,46.8982
9325,-9662.62,165.812,46.9007
9326,-9664.46,165.828,46.9033
9327,-9666.3,165.844,46.9058
9328,-9668.14,165.86,46.9083
9329,-9669.98,165.876,46.9108
9330,-9671.82,165.892,46.9134
9331,-9673.66,165.908,46.9159
9332,-9675.5,165.924,46.9184
9333,-9677.34,165.94,46.921
9334,-9679.18,165.956,46.9333
9335,-9681.03,165.972,46.936
9336,-9682.87,165.988,46.9386
9337,-9684.71,166.004,46.9412
9338,-9686.55,166.02,46.9438
9339,-9688.39,166.036,46.9463
9340,-9690.24,166.052,46.9488
9341,-9692.08,166.068,46.9514
9342,-9693.92,166.084,46.9539
9343,-9695.76,166.1,46.9564
9344,-9697.61,166.115,46.959
9345,-9699.45,166.131,46.9615
9346,-9701.29,166.147,46.9641
9347,-9703.14,166.163,46.9667
9348,-9704.98,166.179,46.9692
9349,-9706.82,166.195,46.9716
9350,-9708.67,166.211,46.9741
9351,-9710.51,166.227,46.9819
9352,-9712.36,166.243,46.9849
9353,-9714.2,166.259,46.9874
9354,-9716.04,166.275,46.99
9355,-9717.89,166.291,46.9924
9356,-9719.73,166.307,46.9947
9357,-9721.58,166.323,46.997
9358,-9723.42,166.339,47.0095
9359,-9725.27,166.355,47.0121
9360,-9727.12,166.371,47.0147
9361,-9728.96,166.387,47.0174
9362,-9730.81,166.403,47.0199
9363,-9732.65,166.419,47.0225
9364,-9734.5,166.435,47.025
9365,-9736.34,166.451,47.0275
9366,-9738.19,166.466,47.03
9367,-9740.04,166.482,47.0326
9368,-9741.88,166.498,47.0609
9369,-9743.73,166.514,47.0649
9370,-9745.58,166.53,47.0681
9371,-9747.43,166.546,47.071
9372,-9749.27,166.562,47.0833
9373,-9751.12,166.578,47.0865
9374,-9752.97,166.594,47.0892
9375,-9754.82,166.61,47.0919
9376,-9756.66,166.626,47.0945
9377,-9758.51,166.642,47.097
9378,-9760.36,166.658,47.0995
9379,-9762.21,166.674,47.1021
9380,-9764.06,166.69,47.1048
9381,-9765.91,166.706,47.1075
9382,-9767.75,166.722,47.1101
9383,-9769.6,166.738,47.1126
9384,-9771.45,166.754,47.1152
9385,-9773.3,166.77,47.1177
9386,-9775.15,166.785,47.1203
9387,-9777,166.801,47.1229
9388,-9778.85,166.817,47.1256
9389,-9780.7,166.833,47.1282
9390,-9782.55,166.849,47.1307
9391,-9784.4,166.865,47.1333
9392,-9786.25,166.881,47.1359
9393,-9788.1,166.897,47.1384
9394,-9789.95,166.913,47.141
9395,-9791.8,166.929,47.1435
9396,-9793.65,166.945,47.1461
9397,-9795.51,166.961,47.1577
9398,-9797.36,166.977,47.1609
9399,-9799.21,166.993,47.1636
9400,-9801.06,167.009,47.1661
9401,-9802.91,167.025,47.1745
9402,-9804.76,167.041,47.1775
9403,-9806.62,167.057,47.1801
9404,-9808.47,167.073,47.1827
9405,-9810.32,167.088,47.1853
9406,-9812.17,167.104,47.1878
9407,-9814.03,167.12,47.1904
9408,-9815.88,167.136,47.1929
9409,-9817.73,167.152,47.1954
9410,-9819.59,167.168,47.1978
9411,-9821.44,167.184,47.2004
9412,-9823.29,167.2,47.2029
9413,-9825.15,167.216,47.2055
9414,-9827,167.232,47.2081
9415,-9828.85,167.248,47.2106
9416,-9830.71,167.264,47.2131
9417,-9832.56,167.28,47.2156
9418,-9834.42,167.296,47.2182
9419,-9836.27,167.312,47.2208
9420,-9838.13,167.328,47.2233
9421,-9839.98,167.344,47.2355
9422,-9841.84,167.36,47.2381
9423,-9843.69,167.375,47.2406
9424,-9845.55,167.391,47.2431
9425,-9847.4,167.407,47.2457
9426,-9849.26,167.423,47.2483
9427,-9851.12,167.439,47.2508
9428,-9852.97,167.455,47.2644
9429,-9854.83,167.471,47.267
9430,-9856.68,167.487,47.2697
9431,-9858.54,167.503,47.2722
9432,-9860.4,167.519,47.2749
9433,-9862.25,167.535,47.2774
9434,-9864.11,167.551,47.2799
9435,-9865.97,167.567,47.2824
9436,-9867.83,167.583,47.285
9437,-9869.68,167.599,47.2875
9438,-9871.54,167.615,47.29
9439,-9873.4,167.631,47.2927
9440,-9875.26,167.646,47.2952
9441,-9877.11,167.662,47.2977
9442,-9878.97,167.678,47.3101
9443,-9880.83,167.694,47.3131
9444,-9882.69,167.71,47.3156
9445,-9884.55,167.726,47.3182
9446,-9886.41,167.742,47.3208
9447,-9888.27,167.758,47.3233
9448,-9890.13,167.774,47.3258
9449,-9891.99,167.79,47.3284
9450,-9893.84,167.806,47.3618
9451,-9895.7,167.822,47.3732
9452,-9897.56,167.838,47.3964
9453,-9899.42,167.854,47.4004
9454,-9901.28,167.87,47.4031
9455,-9903.14,167.886,47.4057
9456,-9905,167.901,47.4082
9457,-9906.87,167.917,47.4109
9458,-9908.73,167.933,47.4134
9459,-9910.59,167.949,47.416
9460,-9912.45,167.965,47.4186
9461,-9914.31,167.981,47.4211
9462,-9916.17,167.997,47.4237
9463,-9918.03,168.013,47.4263
9464,-9919.89,168.029,47.4288
9465,-9921.76,168.045,47.4314
9466,-9923.62,168.061,47.434
9467,-9925.48,168.077,47.4366
9468,-9927.34,168.093,47.4391
9469,-9929.21,168.109,47.4416
9470,-9931.07,168.125,47.4442
9471,-9932.93,168.141,47.4467
9472,-9934.79,168.156,47.4492
9473,-9936.66,168.172,47.4517
9474,-9938.52,168.188,47.4645
9475,-9940.38,168.204,47.4672
9476,-9942.25,168.22,47.4698
9477,-9944.11,168.236,47.4724
9478,-9945.97,168.252,47.4749
9479,-9947.84,168.268,47.4774
9480,-9949.7,168.284,47.48
9481,-9951.57,168.3,47.4826
9482,-9953.43,168.316,47.4852
9483,-9955.3,168.332,47.4877
9484,-9957.16,168.348,47.4903
9485,-9959.03,168.364,47.4929
9486,-9960.89,168.38,47.4956
9487,-9962.76,168.395,47.4982
9488,-9964.62,168.411,47.5008
9489,-9966.49,168.427,47.5033
9490,-9968.35,168.443,47.5058
9491,-9970.22,168.459,47.5083
9492,-9972.09,168.475,47.5109
9493,-9973.95,168.491,47.5135
9494,-9975.82,168.507,47.5161
9495,-9977.68,168.523,47.5187
9496,-9979.55,168.539,47.5212
9497,-9981.42,168.555,47.5237
9498,-9983.29,168.571,47.5262
9499,-9985.15,168.587,47.5378
9500,-9987.02,168.603,47.5409
9501,-9988.89,168.618,47.5494
9502,-9990.75,168.634,47.5524
9503,-9992.62,168.65,47.5547
9504,-9994.49,168.666,47.5571
9505,-9996.36,168.682,47.5594
9506,-9998.23,168.698,47.5619
9507,-10000.1,168.714,47.5643
9508,-10002,168.73,47.5665
9509,-10003.8,168.746,47.569
9510,-10005.7,168.762,47.5713
9511,-10007.6,168.778,47.5738
9512,-10009.4,168.794,47.5762
9513,-10011.3,168.81,47.5787
9514,-10013.2,168.826,47.5814
9515,-10015,168.842,47.584
9516,-10016.9,168.857,47.5866
9517,-10018.8,168.873,47.5892
9518,-10020.7,168.889,47.5917
9519,-10022.5,168.905,47.5943
9520,-10024.4,168.921,47.5969
9521,-10026.3,168.937,47.5994
9522,-10028.1,168.953,47.602
9523,-10030,168.969,47.6147
9524,-10031.9,168.985,47.6175
9525,-10033.8,169.001,47.6201
9526,-10035.6,169.017,47.6228
9527,-10037.5,169.033,47.6253
9528,-10039.4,169.049,47.6279
9529,-10041.2,169.064,47.6304
9530,-10043.1,169.08,47.633
9531,-10045,169.096,47.6356
9532,-10046.9,169.112,47.6382
9533,-10048.7,169.128,47.6408
9534,-10050.6,169.144,47.6433
9535,-10052.5,169.16,47.6459
9536,-10054.3,169.176,47.6485
9537,-10056.2,169.192,47.6511
9538,-10058.1,169.208,47.6537
9539,-10060,169.224,47.6562
9540,-10061.8,169.24,47.6588
9541,-10063.7,169.256,47.6613
9542,-10065.6,169.271,47.6639
9543,-10067.5,169.287,47.6665
9544,-10069.3,169.303,47.669
9545,-10071.2,169.319,47.6716
9546,-10073.1,169.335,47.6741
9547,-10075,169.351,47.6767
9548,-10076.8,169.367,47.6885
9549,-10078.7,169.383,47.6916
9550,-10080.6,169.399,47.6942
9551,-10082.5,169.415,47.702
9552,-10084.3,169.431,47.705
9553,-10086.2,169.447,47.7076
9554,-10088.1,169.463,47.7103
9555,-10090,169.478,47.7128
9556,-10091.8,169.494,47.7153
9557,-10093.7,169.51,47.7178
9558,-10095.6,169.526,47.7204
9559,-10097.5,169.542,47.723
9560,-10099.3,169.558,47.7256
9561,-10101.2,169.574,47.7279
9562,-10103.1,169.59,47.73
9563,-10105,169.606,47.732
9564,-10106.9,169.622,47.7343
9565,-10108.7,169.638,47.7363
9566,-10110.6,169.654,47.7387
9567,-10112.5,169.67,47.7413
9568,-10114.4,169.685,47.7436
9569,-10116.2,169.701,47.7461
9570,-10118.1,169.717,47.7488
9571,-10120,169.733,47.7513
9572,-10121.9,169.749,47.7633
9573,-10123.8,169.765,47.7666
9574,-10125.6,169.781,47.7692
9575,-10127.5,169.797,47.7719
9576,-10129.4,169.813,47.7744
9577,-10131.3,169.829,47.7771
9578,-10133.2,169.845,47.7797
9579,-10135,169.861,47.7822
9580,-10136.9,169.876,47.7848
9581,-10138.8,169.892,47.7873
9582,-10140.7,169.908,47.7899
9583,-10142.6,169.924,47.7926
9584,-10144.4,169.94,47.7951
9585,-10146.3,169.956,47.7977
9586,-10148.2,169.972,47.8002
9587,-10150.1,169.988,47.8027
9588,-10152,170.004,47.8053
9589,-10153.8,170.02,47.8079
9590,-10155.7,170.036,47.8105
9591,-10157.6,170.052,47.8131
9592,-10159.5,170.067,47.8157
9593,-10161.4,170.083,47.8182
9594,-10163.2,170.099,47.8209
9595,-10165.1,170.115,47.8234
9596,-10167,170.131,47.8259
9597,-10168.9,170.147,47.8286
9598,-10170.8,170.163,47.8408
9599,-10172.7,170.179,47.8435
9600,-10174.5,170.195,47.8461
9601,-10176.4,170.211,47.8538
9602,-10178.3,170.227,47.8568
9603,-10180.2,170.243,47.8594
9604,-10182.1,170.258,47.8619
9605,-10184,170.274,47.8645
9606,-10185.8,170.29,47.8671
9607,-10187.7,170.306,47.8696
9608,-10189.6,170.322,47.8721
9609,-10191.5,170.338,47.8746
9610,-10193.4,170.354,47.8771
9611,-10195.3,170.37,47.8797
9612,-10197.2,170.386,47.8822
9613,-10199,170.402,47.8848
9614,-10200.9,170.418,47.8874
9615,-10202.8,170.433,47.89
9616,-10204.7,170.449,47.8925
9617,-10206.6,170.465,47.8951
9618,-10208.5,170.481,47.8976
9619,-10210.3,170.497,47.9001
9620,-10212.2,170.513,47.9027
9621,-10214.1,170.529,47.9144
9622,-10216,170.545,47.9176
9623,-10217.9,170.561,47.9202
9624,-10219.8,170.577,47.9227
9625,-10221.7,170.593,47.9253
9626,-10223.6,170.609,47.9279
9627,-10225.4,170.624,47.9305
9628,-10227.3,170.64,47.9331
9629,-10229.2,170.656,47.9356
9630,-10231.1,170.672,47.9381
9631,-10233,170.688,47.9407
9632,-10234.9,170.704,47.9433
9633,-10236.8,170.72,47.9458
9634,-10238.7,170.736,47.9484
9635,-10240.5,170.752,47.951
9636,-10242.4,170.768,47.9536
9637,-10244.3,170.784,47.9562
9638,-10246.2,170.799,47.9588
9639,-10248.1,170.815,47.9613
9640,-10250,170.831,47.9639
9641,-10251.9,170.847,47.9665
9642,-10253.8,170.863,47.969
9643,-10255.7,170.879,47.9716
9644,-10257.5,170.895,47.9742
9645,-10259.4,170.911,47.9767
9646,-10261.3,170.927,47.9792
9647,-10263.2,170.943,47.9915
9648,-10265.1,170.958,47.9941
9649,-10267,170.974,47.9967
9650,-10268.9,170.99,47.9993
9651,-10270.8,171.006,48.0068
9652,-10272.7,171.022,48.0099
9653,-10274.6,171.038,48.0124
9654,-10276.5,171.054,48.015
9655,-10278.3,171.07,48.0176
9656,-10280.2,171.086,48.0201
9657,-10282.1,171.102,48.0227
9658,-10284,171.118,48.0252
9659,-10285.9,171.133,48.0278
9660,-10287.8,171.149,48.0304
9661,-10289.7,171.165,48.0329
9662,-10291.6,171.181,48.0354
9663,-10293.5,171.197,48.038
9664,-10295.4,171.213,48.0405
9665,-10297.3,171.229,48.043
9666,-10299.2,171.245,48.0456
9667,-10301.1,171.261,48.0481
9668,-10303,171.277,48.0507
9669,-10304.8,171.292,48.0534
9670,-10306.7,171.308,48.0655
9671,-10308.6,171.324,48.0686
9672,-10310.5,171.34,48.071
9673,-10312.4,171.356,48.0734
9674,-10314.3,171.372,48.0758
9675,-10316.2,171.388,48.0783
9676,-10318.1,171.404,48.0805
9677,-10320,171.42,48.0829
9678,-10321.9,171.436,48.0853
9679,-10323.8,171.452,48.0879
9680,-10325.7,171.467,48.0902
9681,-10327.6,171.483,48.0928
9682,-10329.5,171.499,48.0953
9683,-10331.4,171.515,48.0978
9684,-10333.3,171.531,48.1003
9685,-10335.2,171.547,48.103
9686,-10337.1,171.563,48.1056
9687,-10339,171.579,48.1082
9688,-10340.9,171.595,48.1108
9689,-10342.8,171.611,48.1134
9690,-10344.6,171.626,48.116
9691,-10346.5,171.642,48.1186
9692,-10348.4,171.658,48.1211
9693,-10350.3,171.674,48.1236
9694,-10352.2,171.69,48.1262
9695,-10354.1,171.706,48.1287
9696,-10356,171.722,48.1405
9697,-10357.9,171.738,48.1437
9698,-10359.8,171.754,48.1463
9699,-10361.7,171.77,48.1488
9700,-10363.6,171.785,48.1514
9701,-10365.5,171.801,48.1591
9702,-10367.4,171.817,48.1622
9703,-10369.3,171.833,48.1647
9704,-10371.2,171.849,48.1673
9705,-10373.1,171.865,48.1784
9706,-10375,171.881,48.1811
9707,-10376.9,171.897,48.1837
9708,-10378.8,171.913,48.1862
9709,-10380.7,171.929,48.1887
9710,-10382.6,171.944,48.1913
9711,-10384.5,171.96,48.194
9712,-10386.4,171.976,48.1967
9713,-10388.3,171.992,48.1993
9714,-10390.2,172.008,48.2019
9715,-10392.1,172.024,48.2045
9716,-10394,172.04,48.2167
9717,-10395.9,172.056,48.2198
9718,-10397.8,172.072,48.2223
9719,-10399.7,172.087,48.2249
9720,-10401.6,172.103,48.2275
9721,-10403.5,172.119,48.2301
9722,-10405.4,172.135,48.2325
9723,-10407.3,172.151,48.2345
9724,-10409.2,172.167,48.2364
9725,-10411.1,172.183,48.2386
9726,-10413,172.199,48.241
9727,-10414.9,172.215,48.2534
9728,-10416.9,172.231,48.2575
9729,-10418.8,172.246,48.26
9730,-10420.7,172.262,48.2622
9731,-10422.6,172.278,48.2647
9732,-10424.5,172.294,48.2673
9733,-10426.4,172.31,48.2701
9734,-10428.3,172.326,48.2728
9735,-10430.2,172.342,48.2754
9736,-10432.1,172.358,48.2779
9737,-10434,172.374,48.2806
9738,-10435.9,172.389,48.2954
9739,-10437.8,172.405,48.2986
9740,-10439.7,172.421,48.3012
9741,-10441.6,172.437,48.3038
9742,-10443.5,172.453,48.3064
9743,-10445.4,172.469,48.3089
9744,-10447.3,172.485,48.3115
9745,-10449.2,172.501,48.3141
9746,-10451.1,172.517,48.3166
9747,-10453,172.533,48.3192
9748,-10454.9,172.548,48.3218
9749,-10456.9,172.564,48.3243
9750,-10458.8,172.58,48.3269
9751,-10460.7,172.596,48.3361
9752,-10462.6,172.612,48.3393
9753,-10464.5,172.628,48.342
9754,-10466.4,172.644,48.3446
9755,-10468.3,172.66,48.3472
9756,-10470.2,172.676,48.3499
9757,-10472.1,172.691,48.3525
9758,-10474,172.707,48.3551
9759,-10475.9,172.723,48.3576
9760,-10477.8,172.739,48.3694
9761,-10479.7,172.755,48.3724
9762,-10481.6,172.771,48.375
9763,-10483.6,172.787,48.3776
9764,-10485.5,172.803,48.3802
9765,-10487.4,172.819,48.3827
9766,-10489.3,172.834,48.3852
9767,-10491.2,172.85,48.3878
9768,-10493.1,172.866,48.3903
9769,-10495,172.882,48.3929
9770,-10496.9,172.898,48.3953
9771,-10498.8,172.914,48.3979
9772,-10500.7,172.93,48.4004
9773,-10502.6,172.946,48.4029
9774,-10504.6,172.962,48.4054
9775,-10506.5,172.977,48.4079
9776,-10508.4,172.993,48.4104
9777,-10510.3,173.009,48.4129
9778,-10512.2,173.025,48.4155
9779,-10514.1,173.041,48.418
9780,-10516,173.057,48.4206
9781,-10517.9,173.073,48.4231
9782,-10519.8,173.089,48.4256
9783,-10521.8,173.105,48.4281
9784,-10523.7,173.12,48.4306
9785,-10525.6,173.136,48.4331
9786,-10527.5,173.152,48.445
9787,-10529.4,173.168,48.448
9788,-10531.3,173.184,48.4507
9789,-10533.2,173.2,48.4533
9790,-10535.1,173.216,48.456
9791,-10537.1,173.232,48.4587
9792,-10539,173.247,48.4613
9793,-10540.9,173.263,48.4638
9794,-10542.8,173.279,48.4663
9795,-10544.7,173.295,48.4688
9796,-10546.6,173.311,48.4714
9797,-10548.5,173.327,48.474
9798,-10550.4,173.343,48.4766
9799,-10552.4,173.359,48.4791
9800,-10554.3,173.375,48.5085
9801,-10556.2,173.39,48.5286
9802,-10558.1,173.406,48.5316
9803,-10560,173.422,48.5342
9804,-10561.9,173.438,48.5368
9805,-10563.9,173.454,48.5394
9806,-10565.8,173.47,48.542
9807,-10567.7,173.486,48.5447
9808,-10569.6,173.502,48.5473
9809,-10571.5,173.518,48.5499
9810,-10573.4,173.533,48.5525
9811,-10575.3,173.549,48.5551
9812,-10577.3,173.565,48.5576
9813,-10579.2,173.581,48.5602
9814,-10581.1,173.597,48.5627
9815,-10583,173.613,48.5654
9816,-10584.9,173.629,48.568
9817,-10586.8,173.645,48.5706
9818,-10588.8,173.66,48.5732
9819,-10590.7,173.676,48.5759
9820,-10592.6,173.692,48.5784
9821,-10594.5,173.708,48.5809
9822,-10596.4,173.724,48.5835
9823,-10598.3,173.74,48.5858
9824,-10600.3,173.756,48.5975
9825,-10602.2,173.772,48.6005
9826,-10604.1,173.787,48.6028
9827,-10606,173.803,48.6054
9828,-10607.9,173.819,48.608
9829,-10609.9,173.835,48.6106
9830,-10611.8,173.851,48.6132
9831,-10613.7,173.867,48.6157
9832,-10615.6,173.883,48.6183
9833,-10617.5,173.899,48.6208
9834,-10619.5,173.915,48.6233
9835,-10621.4,173.93,48.6258
9836,-10623.3,173.946,48.6284
9837,-10625.2,173.962,48.6309
9838,-10627.1,173.978,48.6335
9839,-10629.1,173.994,48.636
9840,-10631,174.01,48.6386
9841,-10632.9,174.026,48.6412
9842,-10634.8,174.042,48.6438
9843,-10636.7,174.057,48.6463
9844,-10638.7,174.073,48.6488
9845,-10640.6,174.089,48.6513
9846,-10642.5,174.105,48.6539
9847,-10644.4,174.121,48.6565
9848,-10646.3,174.137,48.659
9849,-10648.3,174.153,48.6614
9850,-10650.2,174.169,48.6865
9851,-10652.1,174.184,48.6971
9852,-10654,174.2,48.7007
9853,-10656,174.216,48.7039
9854,-10657.9,174.232,48.7067
9855,-10659.8,174.248,48.7094
9856,-10661.7,174.264,48.7121
9857,-10663.6,174.28,48.7147
9858,-10665.6,174.296,48.7173
9859,-10667.5,174.311,48.7198
9860,-10669.4,174.327,48.7224
9861,-10671.3,174.343,48.725
9862,-10673.3,174.359,48.7275
9863,-10675.2,174.375,48.73
9864,-10677.1,174.391,48.7327
9865,-10679,174.407,48.7353
9866,-10681,174.423,48.7477
9867,-10682.9,174.438,48.751
9868,-10684.8,174.454,48.7535
9869,-10686.7,174.47,48.756
9870,-10688.7,174.486,48.7585
9871,-10690.6,174.502,48.7686
9872,-10692.5,174.518,48.7713
9873,-10694.4,174.534,48.7739
9874,-10696.4,174.55,48.7765
9875,-10698.3,174.565,48.7792
9876,-10700.2,174.581,48.8421
9877,-10702.1,174.597,48.8449
9878,-10704.1,174.613,48.8474
9879,-10706,174.629,48.85
9880,-10707.9,174.645,48.8526
9881,-10709.8,174.661,48.8552
9882,-10711.8,174.677,48.8577
9883,-10713.7,174.692,48.8603
9884,-10715.6,174.708,48.8629
9885,-10717.6,174.724,48.8654
9886,-10719.5,174.74,48.868
9887,-10721.4,174.756,48.8705
9888,-10723.3,174.772,48.8731
9889,-10725.3,174.788,48.8756
9890,-10727.2,174.803,48.8781
9891,-10729.1,174.819,48.8807
9892,-10731.1,174.835,48.8832
9893,-10733,174.851,48.8857
9894,-10734.9,174.867,48.8883
9895,-10736.8,174.883,48.8908
9896,-10738.8,174.899,48.9042
9897,-10740.7,174.915,48.9069
9898,-10742.6,174.93,48.9095
9899,-10744.6,174.946,48.912
9900,-10746.5,174.962,48.9146
9901,-10748.4,174.978,48.923
9902,-10750.3,174.994,48.9255
9903,-10752.3,175.01,48.9275
9904,-10754.2,175.026,48.9297
9905,-10756.1,175.042,48.9417
9906,-10758.1,175.057,48.9457
9907,-10760,175.073,48.9478
9908,-10761.9,175.089,48.9504
9909,-10763.9,175.105,48.9531
9910,-10765.8,175.121,48.9557
9911,-10767.7,175.137,48.9582
9912,-10769.7,175.153,48.9607
9913,-10771.6,175.168,48.9633
9914,-10773.5,175.184,48.9658
9915,-10775.5,175.2,49.0689
9916,-10777.4,175.216,49.0741
9917,-10779.3,175.232,49.0887
9918,-10781.2,175.248,49.0915
9919,-10783.2,175.264,49.0942
9920,-10785.1,175.28,49.0967
9921,-10787,175.295,49.0989
9922,-10789,175.311,49.1014
9923,-10790.9,175.327,49.1038
9924,-10792.8,175.343,49.1058
9925,-10794.8,175.359,49.1079
9926,-10796.7,175.375,49.1103
9927,-10798.6,175.391,49.1128
9928,-10800.6,175.406,49.1152
9929,-10802.5,175.422,49.1173
9930,-10804.5,175.438,49.1193
9931,-10806.4,175.454,49.1213
9932,-10808.3,175.47,49.1237
9933,-10810.3,175.486,49.1259
9934,-10812.2,175.502,49.128
9935,-10814.1,175.517,49.1303
9936,-10816.1,175.533,49.1327
9937,-10818,175.549,49.135
9938,-10819.9,175.565,49.1374
9939,-10821.9,175.581,49.197
9940,-10823.8,175.597,49.2013
9941,-10825.7,175.613,49.2052
9942,-10827.7,175.629,49.4291
9943,-10829.6,175.644,49.7158
9944,-10831.6,175.66,49.719
9945,-10833.5,175.676,49.7218
9946,-10835.4,175.692,49.7244
9947,-10837.4,175.708,49.727
9948,-10839.3,175.724,49.7295
9949,-10841.2,175.74,49.7322
9950,-10843.2,175.755,49.7349
9951,-10845.1,175.771,49.7486
9952,-10847.1,175.787,49.7517
9953,-10849,175.803,49.7543
9954,-10850.9,175.819,49.7571
9955,-10852.9,175.835,49.7597
9956,-10854.8,175.851,49.7622
9957,-10856.7,175.866,49.7647
9958,-10858.7,175.882,49.7673
9959,-10860.6,175.898,49.7698
9960,-10862.6,175.914,49.7723
9961,-10864.5,175.93,49.7833
9962,-10866.4,175.946,49.7864
9963,-10868.4,175.962,49.789
9964,-10870.3,175.977,49.7915
9965,-10872.3,175.993,49.7941
9966,-10874.2,176.009,49.7967
9967,-10876.1,176.025,49.7993
9968,-10878.1,176.041,49.8018
9969,-10880,176.057,49.8042
9970,-10882,176.073,49.8064
9971,-10883.9,176.088,49.8085
9972,-10885.8,176.104,49.8106
9973,-10887.8,176.12,49.813
9974,-10889.7,176.136,49.8153
9975,-10891.7,176.152,49.8179
9976,-10893.6,176.168,49.8204
9977,-10895.6,176.184,49.823
9978,-10897.5,176.2,49.8256
9979,-10899.4,176.215,49.9138
9980,-10901.4,176.231,49.9159
9981,-10903.3,176.247,49.9177
9982,-10905.3,176.263,49.949
9983,-10907.2,176.279,49.9516
9984,-10909.1,176.295,49.9538
9985,-10911.1,176.311,49.9561
9986,-10913,176.326,49.9584
9987,-10915,176.342,49.9607
9988,-10916.9,176.358,49.9632
9989,-10918.9,176.374,49.9655
9990,-10920.8,176.39,49.9679
9991,-10922.8,176.406,49.97
9992,-10924.7,176.421,49.9725
9993,-10926.6,176.437,49.9751
9994,-10928.6,176.453,49.9777
9995,-10930.5,176.469,49.9803
9996,-10932.5,176.485,49.9828
9997,-10934.4,176.501,49.9853
9998,-10936.4,176.517,49.9878
9999,-10938.3,176.532,49.9903
10000,-10940.3,176.548,49.9929
10001,-10942.2,176.564,50.0039
10002,-10944.1,176.58,50.007
10003,-10946.1,176.596,50.0097
10004,-10948,176.612,50.0207
10005,-10950,176.628,50.0235
10006,-10951.9,176.643,50.0261
10007,-10953.9,176.659,50.0287
10008,-10955.8,176.675,50.0314
10009,-10957.8,176.691,50.0339
10010,-10959.7,176.707,50.0366
10011,-10961.7,176.723,50.0391
10012,-10963.6,176.739,50.0417
10013,-10965.6,176.754,50.0443
10014,-10967.5,176.77,50.0468
10015,-10969.5,176.786,50.0494
10016,-10971.4,176.802,50.052
10017,-10973.4,176.818,50.0546
10018,-10975.3,176.834,50.0572
10019,-10977.2,176.85,50.0597
10020,-10979.2,176.865,50.0623
10021,-10981.1,176.881,50.065
10022,-10983.1,176.897,50.0676
10023,-10985,176.913,50.0701
10024,-10987,176.929,50.0728
10025,-10988.9,176.945,50.0754
10026,-10990.9,176.961,50.0779
10027,-10992.8,176.976,50.0806
10028,-10994.8,176.992,50.0832
10029,-10996.7,177.008,50.0858
10030,-10998.7,177.024,50.0884
10031,-11000.6,177.04,50.0906
10032,-11002.6,177.056,50.0929
10033,-11004.5,177.071,50.0949
10034,-11006.5,177.087,50.0969
10035,-11008.4,177.103,50.0991
10036,-11010.4,177.119,50.1017
10037,-11012.3,177.135,50.104
10038,-11014.3,177.151,50.1128
10039,-11016.2,177.167,50.1157
10040,-11018.2,177.182,50.1183
10041,-11020.2,177.198,50.1207
10042,-11022.1,177.214,50.1233
10043,-11024.1,177.23,50.126
10044,-11026,177.246,50.1286
10045,-11028,177.262,50.1312
10046,-11029.9,177.277,50.1338
10047,-11031.9,177.293,50.1363
10048,-11033.8,177.309,50.1389
10049,-11035.8,177.325,50.1414
10050,-11037.7,177.341,50.1439
10051,-11039.7,177.357,50.2054
10052,-11041.6,177.373,50.2089
10053,-11043.6,177.388,50.2116
10054,-11045.5,177.404,50.2143
10055,-11047.5,177.42,50.2168
10056,-11049.4,177.436,50.2194
10057,-11051.4,177.452,50.2219
10058,-11053.4,177.468,50.2245
10059,-11055.3,177.483,50.2384
10060,-11057.3,177.499,50.2414
10061,-11059.2,177.515,50.2434
10062,-11061.2,177.531,50.2458
10063,-11063.1,177.547,50.2481
10064,-11065.1,177.563,50.2504
10065,-11067,177.579,50.2526
10066,-11069,177.594,50.2551
10067,-11071,177.61,50.2575
10068,-11072.9,177.626,50.2597
10069,-11074.9,177.642,50.2623
10070,-11076.8,177.658,50.2649
10071,-11078.8,177.674,50.2674
10072,-11080.7,177.689,50.2699
10073,-11082.7,177.705,50.2724
10074,-11084.6,177.721,50.275
10075,-11086.6,177.737,50.2775
10076,-11088.6,177.753,50.2801
10077,-11090.5,177.769,50.2827
10078,-11092.5,177.785,50.2852
10079,-11094.4,177.8,50.2877
10080,-11096.4,177.816,50.2903
10081,-11098.4,177.832,50.2929
10082,-11100.3,177.848,50.2954
10083,-11102.3,177.864,50.298
10084,-11104.2,177.88,50.3005
10085,-11106.2,177.895,50.3031
10086,-11108.1,177.911,50.3056
10087,-11110.1,177.927,50.3083
10088,-11112.1,177.943,50.3108
10089,-11114,177.959,50.3134
10090,-11116,177.975,50.3159
10091,-11117.9,177.99,50.3185
10092,-11119.9,178.006,50.3212
10093,-11121.9,178.022,50.3238
10094,-11123.8,178.038,50.3264
10095,-11125.8,178.054,50.3289
10096,-11127.7,178.07,50.3315
10097,-11129.7,178.086,50.334
10098,-11131.7,178.101,50.3366
10099,-11133.6,178.117,50.3392
10100,-11135.6,178.133,50.3418
10101,-11137.5,178.149,50.3505
10102,-11139.5,178.165,50.3536
10103,-11141.5,178.181,50.3562
10104,-11143.4,178.196,50.3589
10105,-11145.4,178.212,50.3615
10106,-11147.4,178.228,50.3641
10107,-11149.3,178.244,50.3668
10108,-11151.3,178.26,50.3694
10109,-11153.2,178.276,50.372
10110,-11155.2,178.291,50.3745
10111,-11157.2,178.307,50.377
10112,-11159.1,178.323,50.3796
10113,-11161.1,178.339,50.382
10114,-11163.1,178.355,50.3844
10115,-11165,178.371,50.3865
10116,-11167,178.386,50.3886
10117,-11168.9,178.402,50.3909
10118,-11170.9,178.418,50.3933
10119,-11172.9,178.434,50.3958
10120,-11174.8,178.45,50.3984
10121,-11176.8,178.466,50.401
10122,-11178.8,178.482,50.4035
10123,-11180.7,178.497,50.4055
10124,-11182.7,178.513,50.4078
10125,-11184.7,178.529,50.4103
10126,-11186.6,178.545,50.4127
10127,-11188.6,178.561,50.4153
10128,-11190.6,178.577,50.4179
10129,-11192.5,178.592,50.4205
10130,-11194.5,178.608,50.423
10131,-11196.5,178.624,50.4256
10132,-11198.4,178.64,50.4282
10133,-11200.4,178.656,50.4308
10134,-11202.4,178.672,50.4334
10135,-11204.3,178.687,50.4716
10136,-11206.3,178.703,50.4749
10137,-11208.3,178.719,50.4776
10138,-11210.2,178.735,50.48
10139,-11212.2,178.751,50.4822
10140,-11214.2,178.767,50.4847
10141,-11216.1,178.782,50.4871
10142,-11218.1,178.798,50.4893
10143,-11220.1,178.814,50.4917
10144,-11222,178.83,50.4943
10145,-11224,178.846,50.4967
10146,-11226,178.862,50.4992
10147,-11227.9,178.877,50.5018
10148,-11229.9,178.893,50.5044
10149,-11231.9,178.909,50.507
10150,-11233.8,178.925,50.5096
10151,-11235.8,178.941,50.5189
10152,-11237.8,178.957,50.522
10153,-11239.7,178.972,50.5247
10154,-11241.7,178.988,50.5273
10155,-11243.7,179.004,50.5299
10156,-11245.6,179.02,50.5326
10157,-11247.6,179.036,50.5353
10158,-11249.6,179.052,50.5379
10159,-11251.6,179.067,50.5405
10160,-11253.5,179.083,50.5432
10161,-11255.5,179.099,50.5458
10162,-11257.5,179.115,50.5484
10163,-11259.4,179.131,50.551
10164,-11261.4,179.147,50.5536
10165,-11263.4,179.162,50.5563
10166,-11265.4,179.178,50.5589
10167,-11267.3,179.194,50.5616
10168,-11269.3,179.21,50.5642
10169,-11271.3,179.226,50.5669
10170,-11273.2,179.242,50.5695
10171,-11275.2,179.257,50.5722
10172,-11277.2,179.273,50.5747
10173,-11279.2,179.289,50.5773
10174,-11281.1,179.305,50.5799
10175,-11283.1,179.321,50.5827
10176,-11285.1,179.337,50.5853
10177,-11287,179.352,50.5879
10178,-11289,179.368,50.5905
10179,-11291,179.384,50.5931
10180,-11293,179.4,50.5959
10181,-11294.9,179.416,50.5986
10182,-11296.9,179.431,50.6013
10183,-11298.9,179.447,50.6039
10184,-11300.9,179.463,50.6065
10185,-11302.8,179.479,50.6091
10186,-11304.8,179.495,50.6117
10187,-11306.8,179.511,50.6141
10188,-11308.8,179.526,50.6165
10189,-11310.7,179.542,50.6187
10190,-11312.7,179.558,50.6211
10191,-11314.7,179.574,50.6235
10192,-11316.7,179.59,50.6262
10193,-11318.6,179.606,50.6288
10194,-11320.6,179.621,50.6314
10195,-11322.6,179.637,50.6399
10196,-11324.6,179.653,50.6423
10197,-11326.5,179.669,50.645
10198,-11328.5,179.685,50.6476
10199,-11330.5,179.701,50.6503
10200,-11332.5,179.716,50.6578
10201,-11334.4,179.732,50.6642
10202,-11336.4,179.748,50.6668
10203,-11338.4,179.764,50.6694
10204,-11340.4,179.78,50.6721
10205,-11342.4,179.796,50.6747
10206,-11344.3,179.811,50.6773
10207,-11346.3,179.827,50.6799
10208,-11348.3,179.843,50.6824
10209,-11350.3,179.859,50.685
10210,-11352.2,179.875,50.6876
10211,-11354.2,179.89,50.6902
10212,-11356.2,179.906,50.6928
10213,-11358.2,179.922,50.6954
10214,-11360.2,179.938,50.698
10215,-11362.1,179.954,50.7007
10216,-11364.1,179.97,50.7033
10217,-11366.1,179.985,50.7061
10218,-11368.1,180.001,50.7088
10219,-11370.1,180.017,50.7114
10220,-11372,180.033,50.7141
10221,-11374,180.049,50.7167
10222,-11376,180.065,50.7193
10223,-11378,180.08,50.7219
10224,-11380,180.096,50.7245
10225,-11381.9,180.112,50.7272
10226,-11383.9,180.128,50.7298
10227,-11385.9,180.144,50.7325
10228,-11387.9,180.159,50.735
10229,-11389.9,180.175,50.7374
10230,-11391.8,180.191,50.7398
10231,-11393.8,180.207,50.7423
10232,-11395.8,180.223,50.7447
10233,-11397.8,180.239,50.7474
10234,-11399.8,180.254,50.7499
10235,-11401.8,180.27,50.7522
10236,-11403.7,180.286,50.7548
10237,-11405.7,180.302,50.7574
10238,-11407.7,180.318,50.76
10239,-11409.7,180.334,50.7627
10240,-11411.7,180.349,50.7653
10241,-11413.6,180.365,50.7679
10242,-11415.6,180.381,50.7706
10243,-11417.6,180.397,50.7732
10244,-11419.6,180.413,50.7758
10245,-11421.6,180.428,50.7784
10246,-11423.6,180.444,50.7811
10247,-11425.5,180.46,50.7837
10248,-11427.5,180.476,50.7863
10249,-11429.5,180.492,50.7889
10250,-11431.5,180.508,50.8277
10251,-11433.5,180.523,50.8459
10252,-11435.5,180.539,50.8497
10253,-11437.5,180.555,50.8529
10254,-11439.4,180.571,50.8561
10255,-11441.4,180.587,50.859
10256,-11443.4,180.602,50.8617
10257,-11445.4,180.618,50.8893
10258,-11447.4,180.634,50.893
10259,-11449.4,180.65,50.8964
10260,-11451.4,180.666,50.9045
10261,-11453.3,180.682,50.9076
10262,-11455.3,180.697,50.9103
10263,-11457.3,180.713,50.913
10264,-11459.3,180.729,50.9156
10265,-11461.3,180.745,50.9185
10266,-11463.3,180.761,50.9211
10267,-11465.3,180.776,50.9238
10268,-11467.2,180.792,50.9264
10269,-11469.2,180.808,50.9377
10270,-11471.2,180.824,50.9404
10271,-11473.2,180.84,50.9431
10272,-11475.2,180.856,50.9458
10273,-11477.2,180.871,50.9485
10274,-11479.2,180.887,50.9511
10275,-11481.2,180.903,50.9537
10276,-11483.1,180.919,50.9564
10277,-11485.1,180.935,50.9589
10278,-11487.1,180.95,50.9615
10279,-11489.1,180.966,50.9641
10280,-11491.1,180.982,50.9667
10281,-11493.1,180.998,50.9693
10282,-11495.1,181.014,50.972
10283,-11497.1,181.03,50.9746
10284,-11499.1,181.045,50.9772
10285,-11501.1,181.061,50.9798
10286,-11503,181.077,50.9825
10287,-11505,181.093,50.9852
10288,-11507,181.109,50.9878
10289,-11509,181.124,50.9904
10290,-11511,181.14,50.993
10291,-11513,181.156,50.9956
10292,-11515,181.172,50.998
10293,-11517,181.188,51.0003
10294,-11519,181.203,51.0028
10295,-11521,181.219,51.0052
10296,-11522.9,181.235,51.0077
10297,-11524.9,181.251,51.0101
10298,-11526.9,181.267,51.0125
10299,-11528.9,181.283,51.0151
10300,-11530.9,181.298,51.0178
10301,-11532.9,181.314,51.0264
10302,-11534.9,181.33,51.0294
10303,-11536.9,181.346,51.0321
10304,-11538.9,181.362,51.0348
10305,-11540.9,181.377,51.0375
10306,-11542.9,181.393,51.0401
10307,-11544.9,181.409,51.0428
10308,-11546.9,181.425,51.0454
10309,-11548.9,181.441,51.0482
10310,-11550.8,181.456,51.0509
10311,-11552.8,181.472,51.0536
10312,-11554.8,181.488,51.0563
10313,-11556.8,181.504,51.0589
10314,-11558.8,181.52,51.0615
10315,-11560.8,181.536,51.0641
10316,-11562.8,181.551,51.0666
10317,-11564.8,181.567,51.0692
10318,-11566.8,181.583,51.0718
10319,-11568.8,181.599,51.0744
10320,-11570.8,181.615,51.0771
10321,-11572.8,181.63,51.0798
10322,-11574.8,181.646,51.0824
10323,-11576.8,181.662,51.085
10324,-11578.8,181.678,51.0876
10325,-11580.8,181.694,51.0903
10326,-11582.8,181.709,51.093
10327,-11584.8,181.725,51.0955
10328,-11586.8,181.741,51.0981
10329,-11588.8,181.757,51.1008
10330,-11590.8,181.773,51.1034
10331,-11592.8,181.788,51.1061
10332,-11594.7,181.804,51.1087
10333,-11596.7,181.82,51.1113
10334,-11598.7,181.836,51.114
10335,-11600.7,181.852,51.1166
10336,-11602.7,181.868,51.1193
10337,-11604.7,181.883,51.1219
10338,-11606.7,181.899,51.1245
10339,-11608.7,181.915,51.1271
10340,-11610.7,181.931,51.1296
10341,-11612.7,181.947,51.1321
10342,-11614.7,181.962,51.1342
10343,-11616.7,181.978,51.1365
10344,-11618.7,181.994,51.1391
10345,-11620.7,182.01,51.1414
10346,-11622.7,182.026,51.1441
10347,-11624.7,182.041,51.1467
10348,-11626.7,182.057,51.1493
10349,-11628.7,182.073,51.1519
10350,-11630.7,182.089,51.1543
10351,-11632.7,182.105,51.1837
10352,-11634.7,182.12,51.1863
10353,-11636.7,182.136,51.1889
10354,-11638.7,182.152,51.1915
10355,-11640.7,182.168,51.1942
10356,-11642.7,182.184,51.1968
10357,-11644.7,182.199,51.1994
10358,-11646.7,182.215,51.2019
10359,-11648.7,182.231,51.2045
10360,-11650.7,182.247,51.2071
10361,-11652.7,182.263,51.2096
10362,-11654.7,182.278,51.218
10363,-11656.7,182.294,51.2206
10364,-11658.7,182.31,51.2232
10365,-11660.7,182.326,51.2258
10366,-11662.7,182.342,51.2284
10367,-11664.7,182.358,51.2309
10368,-11666.7,182.373,51.2335
10369,-11668.8,182.389,51.2361
10370,-11670.8,182.405,51.2387
10371,-11672.8,182.421,51.2413
10372,-11674.8,182.437,51.2439
10373,-11676.8,182.452,51.2466
10374,-11678.8,182.468,51.2491
10375,-11680.8,182.484,51.2517
10376,-11682.8,182.5,51.2542
10377,-11684.8,182.516,51.2568
10378,-11686.8,182.531,51.2594
10379,-11688.8,182.547,51.262
10380,-11690.8,182.563,51.2645
10381,-11692.8,182.579,51.2671
10382,-11694.8,182.595,51.2697
10383,-11696.8,182.61,51.2723
10384,-11698.8,182.626,51.2749
10385,-11700.8,182.642,51.2774
10386,-11702.8,182.658,51.28
10387,-11704.8,182.674,51.2825
10388,-11706.8,182.689,51.2851
10389,-11708.8,182.705,51.2877
10390,-11710.8,182.721,51.2902
10391,-11712.9,182.737,51.2929
10392,-11714.9,182.753,51.2955
10393,-11716.9,182.768,51.2982
10394,-11718.9,182.784,51.3008
10395,-11720.9,182.8,51.3035
10396,-11722.9,182.816,51.306
10397,-11724.9,182.832,51.3087
10398,-11726.9,182.847,51.3112
10399,-11728.9,182.863,51.3138
10400,-11730.9,182.879,51.3161
10401,-11732.9,182.895,51.3237
10402,-11734.9,182.911,51.3268
10403,-11736.9,182.926,51.3293
10404,-11739,182.942,51.3317
10405,-11741,182.958,51.3344
10406,-11743,182.974,51.3371
10407,-11745,182.99,51.3397
10408,-11747,183.005,51.3423
10409,-11749,183.021,51.3449
10410,-11751,183.037,51.3475
10411,-11753,183.053,51.3501
10412,-11755,183.069,51.3527
10413,-11757,183.084,51.3553
10414,-11759,183.1,51.3579
10415,-11761.1,183.116,51.3605
10416,-11763.1,183.132,51.3631
10417,-11765.1,183.148,51.3657
10418,-11767.1,183.163,51.3683
10419,-11769.1,183.179,51.3708
10420,-11771.1,183.195,51.3735
10421,-11773.1,183.211,51.3761
10422,-11775.1,183.227,51.3788
10423,-11777.1,183.242,51.3814
10424,-11779.2,183.258,51.384
10425,-11781.2,183.274,51.3867
10426,-11783.2,183.29,51.3893
10427,-11785.2,183.305,51.392
10428,-11787.2,183.321,51.3945
10429,-11789.2,183.337,51.3971
10430,-11791.2,183.353,51.3997
10431,-11793.2,183.369,51.4022
10432,-11795.2,183.384,51.4048
10433,-11797.3,183.4,51.407
10434,-11799.3,183.416,51.4094
10435,-11801.3,183.432,51.4119
10436,-11803.3,183.448,51.4143
10437,-11805.3,183.463,51.4167
10438,-11807.3,183.479,51.4194
10439,-11809.3,183.495,51.4215
10440,-11811.4,183.511,51.4242
10441,-11813.4,183.527,51.4268
10442,-11815.4,183.542,51.4294
10443,-11817.4,183.558,51.4321
10444,-11819.4,183.574,51.4347
10445,-11821.4,183.59,51.4374
10446,-11823.4,183.606,51.44
10447,-11825.5,183.621,51.4427
10448,-11827.5,183.637,51.4452
10449,-11829.5,183.653,51.4479
10450,-11831.5,183.669,51.4505
10451,-11833.5,183.685,51.4584
10452,-11835.5,183.7,51.4616
10453,-11837.6,183.716,51.4642
10454,-11839.6,183.732,51.4669
10455,-11841.6,183.748,51.4694
10456,-11843.6,183.764,51.472
10457,-11845.6,183.779,51.4812
10458,-11847.6,183.795,51.4837
10459,-11849.6,183.811,51.4908
10460,-11851.7,183.827,51.4936
10461,-11853.7,183.842,51.4963
10462,-11855.7,183.858,51.4988
10463,-11857.7,183.874,51.5011
10464,-11859.7,183.89,51.5033
10465,-11861.8,183.906,51.5058
10466,-11863.8,183.921,51.5081
10467,-11865.8,183.937,51.5107
10468,-11867.8,183.953,51.5133
10469,-11869.8,183.969,51.516
10470,-11871.8,183.985,51.5186
10471,-11873.9,184,51.5212
10472,-11875.9,184.016,51.5241
10473,-11877.9,184.032,51.5656
10474,-11879.9,184.048,51.5684
10475,-11881.9,184.064,51.571
10476,-11884,184.079,51.5736
10477,-11886,184.095,51.5762
10478,-11888,184.111,51.5787
10479,-11890,184.127,51.5814
10480,-11892,184.142,51.5841
10481,-11894.1,184.158,51.5867
10482,-11896.1,184.174,51.5892
10483,-11898.1,184.19,51.5918
10484,-11900.1,184.206,51.5944
10485,-11902.1,184.221,51.5971
10486,-11904.2,184.237,51.5997
10487,-11906.2,184.253,51.6023
10488,-11908.2,184.269,51.6049
10489,-11910.2,184.285,51.6076
10490,-11912.3,184.3,51.6102
10491,-11914.3,184.316,51.6129
10492,-11916.3,184.332,51.6156
10493,-11918.3,184.348,51.6182
10494,-11920.3,184.364,51.6208
10495,-11922.4,184.379,51.6234
10496,-11924.4,184.395,51.626
10497,-11926.4,184.411,51.6286
10498,-11928.4,184.427,51.6313
10499,-11930.5,184.442,51.6339
10500,-11932.5,184.458,51.6362
10501,-11934.5,184.474,51.6444
10502,-11936.5,184.49,51.6473
10503,-11938.5,184.506,51.65
10504,-11940.6,184.521,51.6523
10505,-11942.6,184.537,51.6549
10506,-11944.6,184.553,51.6575
10507,-11946.6,184.569,51.6601
10508,-11948.7,184.585,51.6627
10509,-11950.7,184.6,51.6653
10510,-11952.7,184.616,51.6678
10511,-11954.7,184.632,51.6703
10512,-11956.8,184.648,51.6728
10513,-11958.8,184.663,51.6754
10514,-11960.8,184.679,51.678
10515,-11962.8,184.695,51.6806
10516,-11964.9,184.711,51.6831
10517,-11966.9,184.727,51.6857
10518,-11968.9,184.742,51.6967
10519,-11970.9,184.758,51.6994
10520,-11973,184.774,51.702
10521,-11975,184.79,51.7047
10522,-11977,184.806,51.7073
10523,-11979.1,184.821,51.7099
10524,-11981.1,184.837,51.7125
10525,-11983.1,184.853,51.7151
10526,-11985.1,184.869,51.7178
10527,-11987.2,184.884,51.7204
10528,-11989.2,184.9,51.723
10529,-11991.2,184.916,51.7256
10530,-11993.2,184.932,51.7282
10531,-11995.3,184.948,51.7307
10532,-11997.3,184.963,51.7333
10533,-11999.3,184.979,51.7358
10534,-12001.4,184.995,51.7384
10535,-12003.4,185.011,51.7408
10536,-12005.4,185.026,51.7432
10537,-12007.4,185.042,51.7456
10538,-12009.5,185.058,51.7478
10539,-12011.5,185.074,51.7498
10540,-12013.5,185.09,51.7522
10541,-12015.6,185.105,51.7547
10542,-12017.6,185.121,51.7567
10543,-12019.6,185.137,51.7586
10544,-12021.7,185.153,51.7728
10545,-12023.7,185.169,51.7756
10546,-12025.7,185.184,51.7938
10547,-12027.7,185.2,51.7965
10548,-12029.8,185.216,51.7991
10549,-12031.8,185.232,51.8017
10550,-12033.8,185.247,51.8043
10551,-12035.9,185.263,51.813
10552,-12037.9,185.279,51.8162
10553,-12039.9,185.295,51.8189
10554,-12042,185.311,51.8216
10555,-12044,185.326,51.8243
10556,-12046,185.342,51.827
10557,-12048.1,185.358,51.8298
10558,-12050.1,185.374,51.8323
10559,-12052.1,185.389,51.835
10560,-12054.2,185.405,51.8376
10561,-12056.2,185.421,51.8402
10562,-12058.2,185.437,51.8428
10563,-12060.3,185.453,51.8454
10564,-12062.3,185.468,51.8479
10565,-12064.3,185.484,51.8502
10566,-12066.4,185.5,51.8522
10567,-12068.4,185.516,51.8545
10568,-12070.4,185.531,51.8568
10569,-12072.5,185.547,51.8592
10570,-12074.5,185.563,51.8615
10571,-12076.5,185.579,51.8741
10572,-12078.6,185.595,51.8759
10573,-12080.6,185.61,51.8942
10574,-12082.6,185.626,51.8962
10575,-12084.7,185.642,51.8985
10576,-12086.7,185.658,51.9038
10577,-12088.7,185.673,51.9059
10578,-12090.8,185.689,51.9081
10579,-12092.8,185.705,51.9106
10580,-12094.8,185.721,51.9129
10581,-12096.9,185.737,51.9152
10582,-12098.9,185.752,51.9175
10583,-12101,185.768,51.9198
10584,-12103,185.784,51.9222
10585,-12105,185.8,51.9248
10586,-12107.1,185.815,51.9275
10587,-12109.1,185.831,51.9301
10588,-12111.1,185.847,51.9328
10589,-12113.2,185.863,51.9353
10590,-12115.2,185.879,51.9379
10591,-12117.2,185.894,51.9404
10592,-12119.3,185.91,51.9427
10593,-12121.3,185.926,51.9448
10594,-12123.4,185.942,51.9472
10595,-12125.4,185.957,51.9495
10596,-12127.4,185.973,51.9518
10597,-12129.5,185.989,51.9544
10598,-12131.5,186.005,51.9568
10599,-12133.6,186.02,51.9594
10600,-12135.6,186.036,51.962
10601,-12137.6,186.052,51.9712
10602,-12139.7,186.068,51.9743
10603,-12141.7,186.084,51.9769
10604,-12143.7,186.099,51.9795
10605,-12145.8,186.115,51.9821
10606,-12147.8,186.131,51.9848
10607,-12149.9,186.147,51.9874
10608,-12151.9,186.162,51.99
10609,-12153.9,186.178,51.9925
10610,-12156,186.194,51.9952
10611,-12158,186.21,51.9977
10612,-12160.1,186.226,52.0004
10613,-12162.1,186.241,52.003
10614,-12164.1,186.257,52.0057
10615,-12166.2,186.273,52.0084
10616,-12168.2,186.289,52.011
10617,-12170.3,186.304,52.0136
10618,-12172.3,186.32,52.0163
10619,-12174.4,186.336,52.0189
10620,-12176.4,186.352,52.0215
10621,-12178.4,186.367,52.0241
10622,-12180.5,186.383,52.0267
10623,-12182.5,186.399,52.0293
10624,-12184.6,186.415,52.0319
10625,-12186.6,186.431,52.0345
10626,-12188.7,186.446,52.0372
10627,-12190.7,186.462,52.0398
10628,-12192.7,186.478,52.0424
10629,-12194.8,186.494,52.0448
10630,-12196.8,186.509,52.0469
10631,-12198.9,186.525,52.0489
10632,-12200.9,186.541,52.0513
10633,-12203,186.557,52.0538
10634,-12205,186.573,52.0693
10635,-12207,186.588,52.0719
10636,-12209.1,186.604,52.089
10637,-12211.1,186.62,52.0922
10638,-12213.2,186.636,52.0949
10639,-12215.2,186.651,52.0976
10640,-12217.3,186.667,52.1002
10641,-12219.3,186.683,52.1029
10642,-12221.4,186.699,52.1056
10643,-12223.4,186.714,52.1083
10644,-12225.5,186.73,52.111
10645,-12227.5,186.746,52.1136
10646,-12229.5,186.762,52.1162
10647,-12231.6,186.777,52.1188
10648,-12233.6,186.793,52.1215
10649,-12235.7,186.809,52.124
10650,-12237.7,186.825,52.1267
10651,-12239.8,186.841,52.1349
10652,-12241.8,186.856,52.1381
10653,-12243.9,186.872,52.1407
10654,-12245.9,186.888,52.1433
10655,-12248,186.904,52.1459
10656,-12250,186.919,52.1485
10657,-12252.1,186.935,52.1511
10658,-12254.1,186.951,52.1537
10659,-12256.2,186.967,52.1563
10660,-12258.2,186.982,52.1589
10661,-12260.3,186.998,52.1615
10662,-12262.3,187.014,52.1641
10663,-12264.3,187.03,52.1668
10664,-12266.4,187.046,52.1694
10665,-12268.4,187.061,52.172
10666,-12270.5,187.077,52.1743
10667,-12272.5,187.093,52.1766
10668,-12274.6,187.109,52.1788
10669,-12276.6,187.124,52.1811
10670,-12278.7,187.14,52.1837
10671,-12280.7,187.156,52.1954
10672,-12282.8,187.172,52.1983
10673,-12284.8,187.187,52.2006
10674,-12286.9,187.203,52.2033
10675,-12288.9,187.219,52.2105
10676,-12291,187.235,52.2133
10677,-12293,187.25,52.2159
10678,-12295.1,187.266,52.2186
10679,-12297.1,187.282,52.2211
10680,-12299.2,187.298,52.2237
10681,-12301.3,187.314,52.2263
10682,-12303.3,187.329,52.2289
10683,-12305.4,187.345,52.2315
10684,-12307.4,187.361,52.2342
10685,-12309.5,187.377,52.2368
10686,-12311.5,187.392,52.2395
10687,-12313.6,187.408,52.2422
10688,-12315.6,187.424,52.2448
10689,-12317.7,187.44,52.2474
10690,-12319.7,187.455,52.2501
10691,-12321.8,187.471,52.2527
10692,-12323.8,187.487,52.2553
10693,-12325.9,187.503,52.2579
10694,-12327.9,187.518,52.2605
10695,-12330,187.534,52.2715
10696,-12332,187.55,52.2749
10697,-12334.1,187.566,52.2775
10698,-12336.1,187.581,52.2802
10699,-12338.2,187.597,52.2828
10700,-12340.3,187.613,52.2854
10701,-12342.3,187.629,52.2935
10702,-12344.4,187.645,52.2966
10703,-12346.4,187.66,52.2991
10704,-12348.5,187.676,52.3453
10705,-12350.5,187.692,52.3477
10706,-12352.6,187.708,52.3502
10707,-12354.6,187.723,52.3526
10708,-12356.7,187.739,52.355
10709,-12358.8,187.755,52.3577
10710,-12360.8,187.771,52.36
10711,-12362.9,187.786,52.3625
10712,-12364.9,187.802,52.3651
10713,-12367,187.818,52.3677
10714,-12369,187.834,52.3704
10715,-12371.1,187.849,52.3729
10716,-12373.1,187.865,52.3756
10717,-12375.2,187.881,52.3781
10718,-12377.3,187.897,52.3807
10719,-12379.3,187.912,52.3833
10720,-12381.4,187.928,52.3859
10721,-12383.4,187.944,52.3885
10722,-12385.5,187.96,52.3911
10723,-12387.6,187.975,52.3937
10724,-12389.6,187.991,52.3964
10725,-12391.7,188.007,52.3989
10726,-12393.7,188.023,52.4015
10727,-12395.8,188.039,52.4041
10728,-12397.8,188.054,52.4067
10729,-12399.9,188.07,52.4095
10730,-12402,188.086,52.4122
10731,-12404,188.102,52.4148
10732,-12406.1,188.117,52.4175
10733,-12408.1,188.133,52.4201
10734,-12410.2,188.149,52.4227
10735,-12412.3,188.165,52.4254
10736,-12414.3,188.18,52.428
10737,-12416.4,188.196,52.4305
10738,-12418.4,188.212,52.4332
10739,-12420.5,188.228,52.4358
10740,-12422.6,188.243,52.4383
10741,-12424.6,188.259,52.441
10742,-12426.7,188.275,52.4435
10743,-12428.7,188.291,52.4458
10744,-12430.8,188.306,52.4478
10745,-12432.9,188.322,52.4499
10746,-12434.9,188.338,52.4521
10747,-12437,188.354,52.4546
10748,-12439.1,188.369,52.457
10749,-12441.1,188.385,52.4596
10750,-12443.2,188.401,52.4679
10751,-12445.2,188.417,52.4761
10752,-12447.3,188.432,52.4793
10753,-12449.4,188.448,52.4819
10754,-12451.4,188.464,52.5221
10755,-12453.5,188.48,52.5251
10756,-12455.6,188.495,52.5275
10757,-12457.6,188.511,52.5298
10758,-12459.7,188.527,52.5322
10759,-12461.7,188.543,52.5347
10760,-12463.8,188.558,52.5372
10761,-12465.9,188.574,52.5394
10762,-12467.9,188.59,52.5419
10763,-12470,188.606,52.5445
10764,-12472.1,188.621,52.5472
10765,-12474.1,188.637,52.5498
10766,-12476.2,188.653,52.5523
10767,-12478.3,188.669,52.5549
10768,-12480.3,188.685,52.5575
10769,-12482.4,188.7,52.5993
10770,-12484.4,188.716,52.6043
10771,-12486.5,188.732,52.6077
10772,-12488.6,188.748,52.6106
10773,-12490.6,188.763,52.6131
10774,-12492.7,188.779,52.6159
10775,-12494.8,188.795,52.6186
10776,-12496.8,188.811,52.6213
10777,-12498.9,188.826,52.624
10778,-12501,188.842,52.6263
10779,-12503,188.858,52.6288
10780,-12505.1,188.874,52.631
10781,-12507.2,188.889,52.6334
10782,-12509.2,188.905,52.636
10783,-12511.3,188.921,52.6384
10784,-12513.4,188.937,52.641
10785,-12515.4,188.952,52.6436
10786,-12517.5,188.968,52.6574
10787,-12519.6,188.984,52.6599
10788,-12521.7,189,52.6625
10789,-12523.7,189.015,52.6751
10790,-12525.8,189.031,52.6778
10791,-12527.9,189.047,52.6852
10792,-12529.9,189.063,52.6879
10793,-12532,189.078,52.6906
10794,-12534.1,189.094,52.6932
10795,-12536.1,189.11,52.6958
10796,-12538.2,189.126,52.6984
10797,-12540.3,189.141,52.7011
10798,-12542.3,189.157,52.7038
10799,-12544.4,189.173,52.7063
10800,-12546.5,189.189,52.7088
10801,-12548.5,189.204,52.7183
10802,-12550.6,189.22,52.7213
10803,-12552.7,189.236,52.7238
10804,-12554.8,189.252,52.7261
10805,-12556.8,189.267,52.7287
10806,-12558.9,189.283,52.731
10807,-12561,189.299,52.7337
10808,-12563,189.315,52.7363
10809,-12565.1,189.33,52.7389
10810,-12567.2,189.346,52.7415
10811,-12569.3,189.362,52.7441
10812,-12571.3,189.378,52.7466
10813,-12573.4,189.393,52.7492
10814,-12575.5,189.409,52.7519
10815,-12577.5,189.425,52.7545
10816,-12579.6,189.441,52.7572
10817,-12581.7,189.456,52.7598
10818,-12583.8,189.472,52.7624
10819,-12585.8,189.488,52.765
10820,-12587.9,189.503,52.7727
10821,-12590,189.519,52.7755
10822,-12592.1,189.535,52.7781
10823,-12594.1,189.551,52.7807
10824,-12596.2,189.566,52.7834
10825,-12598.3,189.582,52.786
10826,-12600.4,189.598,52.7886
10827,-12602.4,189.614,52.7912
10828,-12604.5,189.629,52.7939
10829,-12606.6,189.645,52.7965
10830,-12608.6,189.661,52.7991
10831,-12610.7,189.677,52.8017
10832,-12612.8,189.692,52.8043
10833,-12614.9,189.708,52.8069
10834,-12616.9,189.724,52.8095
10835,-12619,189.74,52.8121
10836,-12621.1,189.755,52.8147
10837,-12623.2,189.771,52.8173
10838,-12625.3,189.787,52.8199
10839,-12627.3,189.803,52.8225
10840,-12629.4,189.818,52.8251
10841,-12631.5,189.834,52.8277
10842,-12633.6,189.85,52.8303
10843,-12635.6,189.866,52.8329
10844,-12637.7,189.881,52.8355
10845,-12639.8,189.897,52.8381
10846,-12641.9,189.913,52.8406
10847,-12643.9,189.929,52.8432
10848,-12646,189.944,52.8458
10849,-12648.1,189.96,52.9036
10850,-12650.2,189.976,52.9084
10851,-12652.3,189.992,52.9189
10852,-12654.3,190.007,52.9227
10853,-12656.4,190.023,52.9257
10854,-12658.5,190.039,52.9286
10855,-12660.6,190.055,52.9314
10856,-12662.6,190.07,52.9341
10857,-12664.7,190.086,52.9369
10858,-12666.8,190.102,52.9396
10859,-12668.9,190.118,52.9423
10860,-12671,190.133,52.945
10861,-12673,190.149,52.948
10862,-12675.1,190.165,52.9507
10863,-12677.2,190.18,52.9534
10864,-12679.3,190.196,52.9561
10865,-12681.4,190.212,52.9589
10866,-12683.4,190.228,52.9616
10867,-12685.5,190.243,52.9644
10868,-12687.6,190.259,52.9671
10869,-12689.7,190.275,52.9697
10870,-12691.8,190.291,52.9723
10871,-12693.8,190.306,52.9749
10872,-12695.9,190.322,52.9775
10873,-12698,190.338,52.9802
10874,-12700.1,190.354,52.9829
10875,-12702.2,190.369,52.9855
10876,-12704.2,190.385,52.9882
10877,-12706.3,190.401,52.9909
10878,-12708.4,190.417,52.9935
10879,-12710.5,190.432,52.9962
10880,-12712.6,190.448,52.9988
10881,-12714.7,190.464,53.0015
10882,-12716.7,190.48,53.0042
10883,-12718.8,190.495,53.0069
10884,-12720.9,190.511,53.0094
10885,-12723,190.527,53.0118
10886,-12725.1,190.543,53.0139
10887,-12727.2,190.558,53.0162
10888,-12729.2,190.574,53.0186
10889,-12731.3,190.59,53.0211
10890,-12733.4,190.605,53.0236
10891,-12735.5,190.621,53.0262
10892,-12737.6,190.637,53.0289
10893,-12739.7,190.653,53.0315
10894,-12741.7,190.668,53.0338
10895,-12743.8,190.684,53.0361
10896,-12745.9,190.7,53.0383
10897,-12748,190.716,53.041
10898,-12750.1,190.731,53.0435
10899,-12752.2,190.747,53.0462
10900,-12754.3,190.763,53.0488
10901,-12756.3,190.779,53.0583
10902,-12758.4,190.794,53.0609
10903,-12760.5,190.81,53.0635
10904,-12762.6,190.826,53.0661
10905,-12764.7,190.842,53.0687
10906,-12766.8,190.857,53.0714
10907,-12768.9,190.873,53.074
10908,-12770.9,190.889,53.0767
10909,-12773,190.904,53.0792
10910,-12775.1,190.92,53.0818
10911,-12777.2,190.936,53.1672
10912,-12779.3,190.952,53.1713
10913,-12781.4,190.967,53.1739
10914,-12783.5,190.983,53.1763
10915,-12785.6,190.999,53.1789
10916,-12787.6,191.015,53.1815
10917,-12789.7,191.03,53.1841
10918,-12791.8,191.046,53.1867
10919,-12793.9,191.062,53.1893
10920,-12796,191.078,53.1919
10921,-12798.1,191.093,53.1945
10922,-12800.2,191.109,53.1971
10923,-12802.3,191.125,53.1998
10924,-12804.4,191.141,53.2024
10925,-12806.4,191.156,53.2051
10926,-12808.5,191.172,53.2077
10927,-12810.6,191.188,53.2103
10928,-12812.7,191.203,53.2129
10929,-12814.8,191.219,53.2155
10930,-12816.9,191.235,53.2182
10931,-12819,191.251,53.2208
10932,-12821.1,191.266,53.2232
10933,-12823.2,191.282,53.2256
10934,-12825.3,191.298,53.2276
10935,-12827.3,191.314,53.2299
10936,-12829.4,191.329,53.2429
10937,-12831.5,191.345,53.2455
10938,-12833.6,191.361,53.2479
10939,-12835.7,191.377,53.2547
10940,-12837.8,191.392,53.2575
10941,-12839.9,191.408,53.2601
10942,-12842,191.424,53.2628
10943,-12844.1,191.439,53.2654
10944,-12846.2,191.455,53.2679
10945,-12848.3,191.471,53.2705
10946,-12850.4,191.487,53.2731
10947,-12852.4,191.502,53.2756
10948,-12854.5,191.518,53.2834
10949,-12856.6,191.534,53.286
10950,-12858.7,191.55,53.2886
10951,-12860.8,191.565,53.2975
10952,-12862.9,191.581,53.3005
10953,-12865,191.597,53.3031
10954,-12867.1,191.612,53.3222
10955,-12869.2,191.628,53.3254
10956,-12871.3,191.644,53.328
10957,-12873.4,191.66,53.3307
10958,-12875.5,191.675,53.3333
10959,-12877.6,191.691,53.3359
10960,-12879.7,191.707,53.3385
10961,-12881.8,191.723,53.3411
10962,-12883.9,191.738,53.3437
10963,-12885.9,191.754,53.3463
10964,-12888,191.77,53.3489
10965,-12890.1,191.786,53.3515
10966,-12892.2,191.801,53.3541
10967,-12894.3,191.817,53.398
10968,-12896.4,191.833,53.4012
10969,-12898.5,191.848,53.4035
10970,-12900.6,191.864,53.4058
10971,-12902.7,191.88,53.4084
10972,-12904.8,191.896,53.4108
10973,-12906.9,191.911,53.4132
10974,-12909,191.927,53.4159
10975,-12911.1,191.943,53.4185
10976,-12913.2,191.959,53.4212
10977,-12915.3,191.974,53.4238
10978,-12917.4,191.99,53.4264
10979,-12919.5,192.006,53.4291
10980,-12921.6,192.021,53.4317
10981,-12923.7,192.037,53.4344
10982,-12925.8,192.053,53.437
10983,-12927.9,192.069,53.4395
10984,-12930,192.084,53.4422
10985,-12932.1,192.1,53.4449
10986,-12934.2,192.116,53.4475
10987,-12936.3,192.132,53.4502
10988,-12938.4,192.147,53.4528
10989,-12940.5,192.163,53.4554
10990,-12942.6,192.179,53.4579
10991,-12944.7,192.194,53.4606
10992,-12946.8,192.21,53.4631
10993,-12948.9,192.226,53.4658
10994,-12951,192.242,53.4684
10995,-12953.1,192.257,53.4711
10996,-12955.2,192.273,53.4737
10997,-12957.3,192.289,53.4763
10998,-12959.4,192.305,53.4789
10999,-12961.5,192.32,53.4815
11000,-12963.6,192.336,53.4841
11001,-12965.7,192.352,53.4926
11002,-12967.8,192.367,53.4957
11003,-12969.9,192.383,53.4983
11004,-12972,192.399,53.5008
11005,-12974.1,192.415,53.5033
11006,-12976.2,192.43,53.5054
11007,-12978.3,192.446,53.5074
11008,-12980.4,192.462,53.5097
11009,-12982.5,192.477,53.5122
11010,-12984.6,192.493,53.5145
11011,-12986.7,192.509,53.5172
11012,-12988.8,192.525,53.5198
11013,-12990.9,192.54,53.5223
11014,-12993,192.556,53.5249
11015,-12995.1,192.572,53.5272
11016,-12997.2,192.588,53.5292
11017,-12999.3,192.603,53.5315
11018,-13001.4,192.619,53.5339
11019,-13003.5,192.635,53.5364
11020,-13005.6,192.65,53.539
11021,-13007.7,192.666,53.5417
11022,-13009.8,192.682,53.5442
11023,-13011.9,192.698,53.5467
11024,-13014,192.713,53.5493
11025,-13016.2,192.729,53.552
11026,-13018.3,192.745,53.5546
11027,-13020.4,192.761,53.5572
11028,-13022.5,192.776,53.5598
11029,-13024.6,192.792,53.5624
11030,-13026.7,192.808,53.565
11031,-13028.8,192.823,53.5676
11032,-13030.9,192.839,53.5702
11033,-13033,192.855,53.5728
11034,-13035.1,192.871,53.5754
11035,-13037.2,192.886,53.578
11036,-13039.3,192.902,53.5806
11037,-13041.4,192.918,53.5831
11038,-13043.5,192.933,53.5857
11039,-13045.6,192.949,53.5882
11040,-13047.7,192.965,53.5908
11041,-13049.9,192.981,53.5933
11042,-13052,192.996,53.5959
11043,-13054.1,193.012,53.5985
11044,-13056.2,193.028,53.6012
11045,-13058.3,193.043,53.6038
11046,-13060.4,193.059,53.6467
11047,-13062.5,193.075,53.6491
11048,-13064.6,193.091,53.6516
11049,-13066.7,193.106,53.6542
11050,-13068.8,193.122,53.6567
11051,-13070.9,193.138,53.6711
11052,-13073,193.154,53.6742
11053,-13075.2,193.169,53.6768
11054,-13077.3,193.185,53.693
11055,-13079.4,193.201,53.6957
11056,-13081.5,193.216,53.6983
11057,-13083.6,193.232,53.701
11058,-13085.7,193.248,53.7036
11059,-13087.8,193.264,53.7062
11060,-13089.9,193.279,53.7088
11061,-13092,193.295,53.7114
11062,-13094.1,193.311,53.7141
11063,-13096.3,193.326,53.7167
11064,-13098.4,193.342,53.7193
11065,-13100.5,193.358,53.722
11066,-13102.6,193.374,53.7246
11067,-13104.7,193.389,53.7273
11068,-13106.8,193.405,53.7299
11069,-13108.9,193.421,53.7326
11070,-13111,193.436,53.7352
11071,-13113.1,193.452,53.7379
11072,-13115.3,193.468,53.7405
11073,-13117.4,193.484,53.7431
11074,-13119.5,193.499,53.7458
11075,-13121.6,193.515,53.7484
11076,-13123.7,193.531,53.751
11077,-13125.8,193.546,53.7536
11078,-13127.9,193.562,53.7562
11079,-13130,193.578,53.7587
11080,-13132.2,193.594,53.7613
11081,-13134.3,193.609,53.7639
11082,-13136.4,193.625,53.7663
11083,-13138.5,193.641,53.7684
11084,-13140.6,193.656,53.7706
11085,-13142.7,193.672,53.7729
11086,-13144.8,193.688,53.7753
11087,-13147,193.704,53.7777
11088,-13149.1,193.719,53.7804
11089,-13151.2,193.735,53.783
11090,-13153.3,193.751,53.7856
11091,-13155.4,193.766,53.788
11092,-13157.5,193.782,53.7903
11093,-13159.6,193.798,53.7924
11094,-13161.8,193.814,53.795
11095,-13163.9,193.829,53.7974
11096,-13166,193.845,53.7999
11097,-13168.1,193.861,53.8025
11098,-13170.2,193.876,53.8051
11099,-13172.3,193.892,53.8078
11100,-13174.5,193.908,53.8105
11101,-13176.6,193.924,53.8185
11102,-13178.7,193.939,53.8216
11103,-13180.8,193.955,53.8242
11104,-13182.9,193.971,53.8269
11105,-13185,193.986,53.8295
11106,-13187.2,194.002,53.8322
11107,-13189.3,194.018,53.8349
11108,-13191.4,194.034,53.8375
11109,-13193.5,194.049,53.8401
11110,-13195.6,194.065,53.8428
11111,-13197.7,194.081,53.8454
11112,-13199.9,194.096,53.848
11113,-13202,194.112,53.8505
11114,-13204.1,194.128,53.8531
11115,-13206.2,194.144,53.8558
11116,-13208.3,194.159,53.8585
11117,-13210.5,194.175,53.8611
11118,-13212.6,194.191,53.8637
11119,-13214.7,194.206,53.8661
11120,-13216.8,194.222,53.8682
11121,-13218.9,194.238,53.8704
11122,-13221.1,194.254,53.8726
11123,-13223.2,194.269,53.8746
11124,-13225.3,194.285,53.8766
11125,-13227.4,194.301,53.8788
11126,-13229.5,194.316,53.881
11127,-13231.7,194.332,53.8833
11128,-13233.8,194.348,53.8854
11129,-13235.9,194.364,53.8874
11130,-13238,194.379,53.8897
11131,-13240.1,194.395,53.8918
11132,-13242.3,194.411,53.8939
11133,-13244.4,194.426,53.8961
11134,-13246.5,194.442,53.898
11135,-13248.6,194.458,53.9001
11136,-13250.8,194.474,53.9022
11137,-13252.9,194.489,53.9043
11138,-13255,194.505,53.9514
11139,-13257.1,194.521,53.9538
11140,-13259.2,194.536,53.9562
11141,-13261.4,194.552,53.9586
11142,-13263.5,194.568,53.9611
11143,-13265.6,194.584,53.9631
11144,-13267.7,194.599,53.965
11145,-13269.9,194.615,53.9673
11146,-13272,194.631,53.9699
11147,-13274.1,194.646,53.9725
11148,-13276.2,194.662,53.9751
11149,-13278.4,194.678,53.9777
11150,-13280.5,194.693,53.9803
11151,-13282.6,194.709,53.9897
11152,-13284.7,194.725,53.9929
11153,-13286.9,194.741,53.9955
11154,-13289,194.756,53.9981
11155,-13291.1,194.772,54.0006
11156,-13293.2,194.788,54.0034
11157,-13295.4,194.803,54.0061
11158,-13297.5,194.819,54.0088
11159,-13299.6,194.835,54.0115
11160,-13301.7,194.851,54.0141
11161,-13303.9,194.866,54.0167
11162,-13306,194.882,54.0194
11163,-13308.1,194.898,54.022
11164,-13310.2,194.913,54.0246
11165,-13312.4,194.929,54.0272
11166,-13314.5,194.945,54.0298
11167,-13316.6,194.96,54.0325
11168,-13318.7,194.976,54.035
11169,-13320.9,194.992,54.0377
11170,-13323,195.008,54.0403
11171,-13325.1,195.023,54.0429
11172,-13327.3,195.039,54.0455
11173,-13329.4,195.055,54.0481
11174,-13331.5,195.07,54.0506
11175,-13333.6,195.086,54.0532
11176,-13335.8,195.102,54.0558
11177,-13337.9,195.118,54.0584
11178,-13340,195.133,54.0609
11179,-13342.1,195.149,54.0636
11180,-13344.3,195.165,54.0661
11181,-13346.4,195.18,54.0687
11182,-13348.5,195.196,54.0713
11183,-13350.7,195.212,54.0739
11184,-13352.8,195.227,54.0765
11185,-13354.9,195.243,54.0788
11186,-13357.1,195.259,54.081
11187,-13359.2,195.275,54.0829
11188,-13361.3,195.29,54.0852
11189,-13363.4,195.306,54.0877
11190,-13365.6,195.322,54.09
11191,-13367.7,195.337,54.0926
11192,-13369.8,195.353,54.0952
11193,-13372,195.369,54.0977
11194,-13374.1,195.385,54.1001
11195,-13376.2,195.4,54.1022
11196,-13378.4,195.416,54.1045
11197,-13380.5,195.432,54.1069
11198,-13382.6,195.447,54.1093
11199,-13384.8,195.463,54.1119
11200,-13386.9,195.479,54.1146
11201,-13389,195.494,54.123
11202,-13391.2,195.51,54.1261
11203,-13393.3,195.526,54.1288
11204,-13395.4,195.542,54.1315
11205,-13397.5,195.557,54.1342
11206,-13399.7,195.573,54.1368
11207,-13401.8,195.589,54.1395
11208,-13403.9,195.604,54.1421
11209,-13406.1,195.62,54.1448
11210,-13408.2,195.636,54.1476
11211,-13410.3,195.651,54.1501
11212,-13412.5,195.667,54.1529
11213,-13414.6,195.683,54.1555
11214,-13416.8,195.699,54.1581
11215,-13418.9,195.714,54.1609
11216,-13421,195.73,54.1635
11217,-13423.2,195.746,54.1662
11218,-13425.3,195.761,54.1688
11219,-13427.4,195.777,54.1714
11220,-13429.6,195.793,54.174
11221,-13431.7,195.808,54.1767
11222,-13433.8,195.824,54.1793
11223,-13436,195.84,54.1819
11224,-13438.1,195.856,54.1845
11225,-13440.2,195.871,54.1871
11226,-13442.4,195.887,54.1897
11227,-13444.5,195.903,54.1923
11228,-13446.6,195.918,54.1949
11229,-13448.8,195.934,54.1975
11230,-13450.9,195.95,54.2002
11231,-13453.1,195.965,54.2029
11232,-13455.2,195.981,54.2055
11233,-13457.3,195.997,54.208
11234,-13459.5,196.013,54.2108
11235,-13461.6,196.028,54.2135
11236,-13463.7,196.044,54.2162
11237,-13465.9,196.06,54.2188
11238,-13468,196.075,54.2214
11239,-13470.2,196.091,54.2242
11240,-13472.3,196.107,54.2268
11241,-13474.4,196.122,54.2295
11242,-13476.6,196.138,54.2322
11243,-13478.7,196.154,54.2348
11244,-13480.8,196.17,54.2374
11245,-13483,196.185,54.24
11246,-13485.1,196.201,54.2427
11247,-13487.3,196.217,54.2805
11248,-13489.4,196.232,54.2828
11249,-13491.5,196.248,54.2852
11250,-13493.7,196.264,54.2875
11251,-13495.8,196.279,54.2955
11252,-13498,196.295,54.2986
11253,-13500.1,196.311,54.3012
11254,-13502.2,196.327,54.3039
11255,-13504.4,196.342,54.3066
11256,-13506.5,196.358,54.3092
11257,-13508.7,196.374,54.3118
11258,-13510.8,196.389,54.3144
11259,-13512.9,196.405,54.3171
11260,-13515.1,196.421,54.3197
11261,-13517.2,196.436,54.3224
11262,-13519.4,196.452,54.3249
11263,-13521.5,196.468,54.3275
11264,-13523.7,196.483,54.3301
11265,-13525.8,196.499,54.3327
11266,-13527.9,196.515,54.3352
11267,-13530.1,196.531,54.3392
11268,-13532.2,196.546,54.3419
11269,-13534.4,196.562,54.3446
11270,-13536.5,196.578,54.3472
11271,-13538.7,196.593,54.3498
11272,-13540.8,196.609,54.3524
11273,-13542.9,196.625,54.3551
11274,-13545.1,196.64,54.3577
11275,-13547.2,196.656,54.3604
11276,-13549.4,196.672,54.3631
11277,-13551.5,196.688,54.3657
11278,-13553.7,196.703,54.3684
11279,-13555.8,196.719,54.371
11280,-13557.9,196.735,54.3737
11281,-13560.1,196.75,54.3764
11282,-13562.2,196.766,54.379
11283,-13564.4,196.782,54.3816
11284,-13566.5,196.797,54.3843
11285,-13568.7,196.813,54.3869
11286,-13570.8,196.829,54.3895
11287,-13573,196.844,54.3922
11288,-13575.1,196.86,54.3948
11289,-13577.3,196.876,54.3975
11290,-13579.4,196.892,54.4001
11291,-13581.5,196.907,54.4028
11292,-13583.7,196.923,54.4054
11293,-13585.8,196.939,54.4077
11294,-13588,196.954,54.4098
11295,-13590.1,196.97,54.412
11296,-13592.3,196.986,54.4147
11297,-13594.4,197.001,54.417
11298,-13596.6,197.017,54.4197
11299,-13598.7,197.033,54.4224
11300,-13600.9,197.048,54.4249
11301,-13603,197.064,54.4326
11302,-13605.2,197.08,54.4359
11303,-13607.3,197.096,54.4386
11304,-13609.5,197.111,54.4414
11305,-13611.6,197.127,54.4441
11306,-13613.8,197.143,54.4468
11307,-13615.9,197.158,54.4494
11308,-13618.1,197.174,54.452
11309,-13620.2,197.19,54.4547
11310,-13622.3,197.205,54.4574
11311,-13624.5,197.221,54.4601
11312,-13626.6,197.237,54.4628
11313,-13628.8,197.252,54.4654
11314,-13630.9,197.268,54.4681
11315,-13633.1,197.284,54.4707
11316,-13635.2,197.299,54.4734
11317,-13637.4,197.315,54.476
11318,-13639.5,197.331,54.4786
11319,-13641.7,197.347,54.4812
11320,-13643.8,197.362,54.4839
11321,-13646,197.378,54.5219
11322,-13648.1,197.394,54.5261
11323,-13650.3,197.409,54.5299
11324,-13652.5,197.425,54.5334
11325,-13654.6,197.441,54.5364
11326,-13656.8,197.456,54.5392
11327,-13658.9,197.472,54.5777
11328,-13661.1,197.488,54.5811
11329,-13663.2,197.503,54.5836
11330,-13665.4,197.519,54.5861
11331,-13667.5,197.535,54.5887
11332,-13669.7,197.551,54.5912
11333,-13671.8,197.566,54.5939
11334,-13674,197.582,54.5965
11335,-13676.1,197.598,54.5992
11336,-13678.3,197.613,54.602
11337,-13680.4,197.629,54.6047
11338,-13682.6,197.645,54.6075
11339,-13684.7,197.66,54.6102
11340,-13686.9,197.676,54.6131
11341,-13689,197.692,54.6159
11342,-13691.2,197.707,54.6187
11343,-13693.4,197.723,54.6214
11344,-13695.5,197.739,54.6241
11345,-13697.7,197.754,54.6268
11346,-13699.8,197.77,54.6293
11347,-13702,197.786,54.632
11348,-13704.1,197.802,54.6347
11349,-13706.3,197.817,54.6374
11350,-13708.4,197.833,54.6401
11351,-13710.6,197.849,54.6497
11352,-13712.7,197.864,54.6529
11353,-13714.9,197.88,54.6555
11354,-13717.1,197.896,54.6582
11355,-13719.2,197.911,54.6608
11356,-13721.4,197.927,54.6635
11357,-13723.5,197.943,54.6662
11358,-13725.7,197.958,54.6688
11359,-13727.8,197.974,54.6714
11360,-13730,197.99,54.6742
11361,-13732.2,198.005,54.6769
11362,-13734.3,198.021,54.6795
11363,-13736.5,198.037,54.6822
11364,-13738.6,198.052,54.6848
11365,-13740.8,198.068,54.6874
11366,-13742.9,198.084,54.69
11367,-13745.1,198.1,54.6928
11368,-13747.3,198.115,54.6953
11369,-13749.4,198.131,54.6974
11370,-13751.6,198.147,54.6995
11371,-13753.7,198.162,54.7019
11372,-13755.9,198.178,54.7044
11373,-13758,198.194,54.7071
11374,-13760.2,198.209,54.7097
11375,-13762.4,198.225,54.7123
11376,-13764.5,198.241,54.7146
11377,-13766.7,198.256,54.7167
11378,-13768.8,198.272,54.7191
11379,-13771,198.288,54.7215
11380,-13773.2,198.303,54.7241
11381,-13775.3,198.319,54.7269
11382,-13777.5,198.335,54.7295
11383,-13779.6,198.35,54.7321
11384,-13781.8,198.366,54.7348
11385,-13784,198.382,54.7375
11386,-13786.1,198.397,54.7402
11387,-13788.3,198.413,54.7428
11388,-13790.4,198.429,54.7454
11389,-13792.6,198.445,54.7481
11390,-13794.8,198.46,54.7507
11391,-13796.9,198.476,54.7533
11392,-13799.1,198.492,54.756
11393,-13801.3,198.507,54.7587
11394,-13803.4,198.523,54.7613
11395,-13805.6,198.539,54.764
11396,-13807.7,198.554,54.7667
11397,-13809.9,198.57,54.7693
11398,-13812.1,198.586,54.7719
11399,-13814.2,198.601,54.7746
11400,-13816.4,198.617,54.7773
11401,-13818.6,198.633,54.7857
11402,-13820.7,198.648,54.789
11403,-13822.9,198.664,54.7917
11404,-13825,198.68,54.7945
11405,-13827.2,198.695,54.7973
11406,-13829.4,198.711,54.8
11407,-13831.5,198.727,54.8028
11408,-13833.7,198.742,54.8055
11409,-13835.9,198.758,54.8082
11410,-13838,198.774,54.811
11411,-13840.2,198.79,54.8137
11412,-13842.4,198.805,54.8164
11413,-13844.5,198.821,54.8191
11414,-13846.7,198.837,54.8218
11415,-13848.9,198.852,54.8244
11416,-13851,198.868,54.8271
11417,-13853.2,198.884,54.8298
11418,-13855.4,198.899,54.8324
11419,-13857.5,198.915,54.835
11420,-13859.7,198.931,54.8377
11421,-13861.9,198.946,54.8403
11422,-13864,198.962,54.843
11423,-13866.2,198.978,54.8456
11424,-13868.4,198.993,54.8481
11425,-13870.5,199.009,54.8508
11426,-13872.7,199.025,54.8534
11427,-13874.9,199.04,54.8561
11428,-13877,199.056,54.8588
11429,-13879.2,199.072,54.8615
11430,-13881.4,199.087,54.8642
11431,-13883.5,199.103,54.867
11432,-13885.7,199.119,54.8697
11433,-13887.9,199.134,54.8724
11434,-13890,199.15,54.8999
11435,-13892.2,199.166,54.941
11436,-13894.4,199.181,54.9449
11437,-13896.5,199.197,54.9482
11438,-13898.7,199.213,54.9511
11439,-13900.9,199.228,54.9542
11440,-13903,199.244,54.9567
11441,-13905.2,199.26,54.9596
11442,-13907.4,199.276,54.9623
11443,-13909.5,199.291,54.9651
11444,-13911.7,199.307,54.9678
11445,-13913.9,199.323,54.9706
11446,-13916.1,199.338,54.9734
11447,-13918.2,199.354,54.976
11448,-13920.4,199.37,54.9787
11449,-13922.6,199.385,54.9814
11450,-13924.7,199.401,54.9841
11451,-13926.9,199.417,54.9933
11452,-13929.1,199.432,54.9966
11453,-13931.3,199.448,54.9992
11454,-13933.4,199.464,55.002
11455,-13935.6,199.479,55.0047
11456,-13937.8,199.495,55.0073
11457,-13939.9,199.511,55.0101
11458,-13942.1,199.526,55.0128
11459,-13944.3,199.542,55.0155
11460,-13946.5,199.558,55.0183
11461,-13948.6,199.573,55.021
11462,-13950.8,199.589,55.0237
11463,-13953,199.605,55.0263
11464,-13955.1,199.62,55.0291
11465,-13957.3,199.636,55.0316
11466,-13959.5,199.652,55.0343
11467,-13961.7,199.667,55.0369
11468,-13963.8,199.683,55.0396
11469,-13966,199.699,55.0422
11470,-13968.2,199.714,55.073
11471,-13970.4,199.73,55.0762
11472,-13972.5,199.746,55.0787
11473,-13974.7,199.761,55.0812
11474,-13976.9,199.777,55.084
11475,-13979.1,199.793,55.0865
11476,-13981.2,199.808,55.0889
11477,-13983.4,199.824,55.0913
11478,-13985.6,199.84,55.0938
11479,-13987.8,199.855,55.0958
11480,-13989.9,199.871,55.0982
11481,-13992.1,199.887,55.1006
11482,-13994.3,199.902,55.1027
11483,-13996.5,199.918,55.1049
11484,-13998.6,199.934,55.1075
11485,-14000.8,199.95,55.1102
11486,-14003,199.965,55.1129
11487,-14005.2,199.981,55.1157
11488,-14007.3,199.997,55.1184
11489,-14009.5,200.012,55.1211
11490,-14011.7,200.028,55.1238
11491,-14013.9,200.044,55.1265
11492,-14016,200.059,55.1292
11493,-14018.2,200.075,55.1318
11494,-14020.4,200.091,55.1345
11495,-14022.6,200.106,55.1372
11496,-14024.8,200.122,55.1398
11497,-14026.9,200.138,55.1425
11498,-14029.1,200.153,55.1451
11499,-14031.3,200.169,55.1478
11500,-14033.5,200.185,55.1506
11501,-14035.6,200.2,55.1594
11502,-14037.8,200.216,55.1625
11503,-14040,200.232,55.1653
11504,-14042.2,200.247,55.1681
11505,-14044.4,200.263,55.1708
11506,-14046.5,200.279,55.1736
11507,-14048.7,200.294,55.1762
11508,-14050.9,200.31,55.1788
11509,-14053.1,200.326,55.1816
11510,-14055.3,200.341,55.1843
11511,-14057.4,200.357,55.1869
11512,-14059.6,200.373,55.1895
11513,-14061.8,200.388,55.1922
11514,-14064,200.404,55.195
11515,-14066.2,200.42,55.1977
11516,-14068.3,200.435,55.2001
11517,-14070.5,200.451,55.2027
11518,-14072.7,200.467,55.2048
11519,-14074.9,200.482,55.2073
11520,-14077.1,200.498,55.2098
11521,-14079.3,200.514,55.2123
11522,-14081.4,200.529,55.215
11523,-14083.6,200.545,55.2177
11524,-14085.8,200.561,55.2203
11525,-14088,200.576,55.2227
11526,-14090.2,200.592,55.225
11527,-14092.3,200.608,55.2273
11528,-14094.5,200.623,55.2299
11529,-14096.7,200.639,55.2323
11530,-14098.9,200.655,55.235
11531,-14101.1,200.67,55.2377
11532,-14103.3,200.686,55.2404
11533,-14105.4,200.702,55.243
11534,-14107.6,200.717,55.2457
11535,-14109.8,200.733,55.2483
11536,-14112,200.749,55.2509
11537,-14114.2,200.764,55.2536
11538,-14116.4,200.78,55.2563
11539,-14118.6,200.796,55.2589
11540,-14120.7,200.811,55.2616
11541,-14122.9,200.827,55.2643
11542,-14125.1,200.843,55.2669
11543,-14127.3,200.858,55.31
11544,-14129.5,200.874,55.3128
11545,-14131.7,200.89,55.3152
11546,-14133.8,200.905,55.3178
11547,-14136,200.921,55.3205
11548,-14138.2,200.937,55.3229
11549,-14140.4,200.952,55.3256
11550,-14142.6,200.968,55.3283
11551,-14144.8,200.984,55.3368
11552,-14147,200.999,55.34
11553,-14149.1,201.015,55.3428
11554,-14151.3,201.031,55.3455
11555,-14153.5,201.046,55.3481
11556,-14155.7,201.062,55.3507
11557,-14157.9,201.078,55.3534
11558,-14160.1,201.093,55.356
11559,-14162.3,201.109,55.3587
11560,-14164.5,201.125,55.3614
11561,-14166.6,201.14,55.3641
11562,-14168.8,201.156,55.3667
11563,-14171,201.172,55.3694
11564,-14173.2,201.187,55.372
11565,-14175.4,201.203,55.3747
11566,-14177.6,201.219,55.3774
11567,-14179.8,201.234,55.38
11568,-14182,201.25,55.3826
11569,-14184.2,201.266,55.3853
11570,-14186.3,201.281,55.3879
11571,-14188.5,201.297,55.3906
11572,-14190.7,201.313,55.3932
11573,-14192.9,201.328,55.396
11574,-14195.1,201.344,55.3986
11575,-14197.3,201.36,55.4012
11576,-14199.5,201.375,55.4038
11577,-14201.7,201.391,55.4065
11578,-14203.9,201.406,55.4091
11579,-14206.1,201.422,55.4118
11580,-14208.2,201.438,55.4145
11581,-14210.4,201.453,55.4171
11582,-14212.6,201.469,55.4198
11583,-14214.8,201.485,55.4222
11584,-14217,201.5,55.4243
11585,-14219.2,201.516,55.4264
11586,-14221.4,201.532,55.4288
11587,-14223.6,201.547,55.4314
11588,-14225.8,201.563,55.4339
11589,-14228,201.579,55.4688
11590,-14230.2,201.594,55.4716
11591,-14232.4,201.61,55.4743
11592,-14234.5,201.626,55.477
11593,-14236.7,201.641,55.4796
11594,-14238.9,201.657,55.4823
11595,-14241.1,201.673,55.4849
11596,-14243.3,201.688,55.4876
11597,-14245.5,201.704,55.4902
11598,-14247.7,201.72,55.4928
11599,-14249.9,201.735,55.4955
11600,-14252.1,201.751,55.4981
11601,-14254.3,201.767,55.5065
11602,-14256.5,201.782,55.5186
11603,-14258.7,201.798,55.548
11604,-14260.9,201.814,55.5505
11605,-14263.1,201.829,55.5529
11606,-14265.3,201.845,55.5553
11607,-14267.5,201.861,55.5576
11608,-14269.7,201.876,55.5601
11609,-14271.8,201.892,55.5628
11610,-14274,201.908,55.565
11611,-14276.2,201.923,55.5676
11612,-14278.4,201.939,55.5702
11613,-14280.6,201.955,55.5728
11614,-14282.8,201.97,55.5989
11615,-14285,201.986,55.6018
11616,-14287.2,202.002,55.6045
11617,-14289.4,202.017,55.6069
11618,-14291.6,202.033,55.6095
11619,-14293.8,202.049,55.6123
11620,-14296,202.064,55.6146
11621,-14298.2,202.08,55.6172
11622,-14300.4,202.096,55.6199
11623,-14302.6,202.111,55.6226
11624,-14304.8,202.127,55.6253
11625,-14307,202.142,55.6279
11626,-14309.2,202.158,55.6305
11627,-14311.4,202.174,55.6332
11628,-14313.6,202.189,55.6358
11629,-14315.8,202.205,55.6384
11630,-14318,202.221,55.6411
11631,-14320.2,202.236,55.6438
11632,-14322.4,202.252,55.6464
11633,-14324.6,202.268,55.6491
11634,-14326.8,202.283,55.6518
11635,-14329,202.299,55.6544
11636,-14331.2,202.315,55.6567
11637,-14333.4,202.33,55.6591
11638,-14335.6,202.346,55.661
11639,-14337.8,202.362,55.663
11640,-14340,202.377,55.6653
11641,-14342.2,202.393,55.6678
11642,-14344.4,202.409,55.6702
11643,-14346.6,202.424,55.6728
11644,-14348.8,202.44,55.6755
11645,-14351,202.456,55.6781
11646,-14353.2,202.471,55.6805
11647,-14355.4,202.487,55.6828
11648,-14357.6,202.503,55.685
11649,-14359.8,202.518,55.6876
11650,-14362,202.534,55.6901
11651,-14364.2,202.55,55.6989
11652,-14366.4,202.565,55.7021
11653,-14368.6,202.581,55.7047
11654,-14370.8,202.596,55.7074
11655,-14373,202.612,55.7101
11656,-14375.2,202.628,55.7129
11657,-14377.4,202.643,55.7156
11658,-14379.6,202.659,55.7182
11659,-14381.8,202.675,55.7208
11660,-14384,202.69,55.7235
11661,-14386.2,202.706,55.7262
11662,-14388.4,202.722,55.7288
11663,-14390.6,202.737,55.7315
11664,-14392.8,202.753,55.7341
11665,-14395,202.769,55.7443
11666,-14397.2,202.784,55.7471
11667,-14399.4,202.8,55.7498
11668,-14401.6,202.816,55.7524
11669,-14403.8,202.831,55.755
11670,-14406.1,202.847,55.7576
11671,-14408.3,202.863,55.7602
11672,-14410.5,202.878,55.7629
11673,-14412.7,202.894,55.7656
11674,-14414.9,202.91,55.7682
11675,-14417.1,202.925,55.7709
11676,-14419.3,202.941,55.7735
11677,-14421.5,202.957,55.7761
11678,-14423.7,202.972,55.7788
11679,-14425.9,202.988,55.7814
11680,-14428.1,203.003,55.784
11681,-14430.3,203.019,55.7868
11682,-14432.5,203.035,55.7895
11683,-14434.7,203.05,55.8149
11684,-14436.9,203.066,55.8182
11685,-14439.1,203.082,55.8209
11686,-14441.4,203.097,55.8236
11687,-14443.6,203.113,55.8263
11688,-14445.8,203.129,55.829
11689,-14448,203.144,55.8317
11690,-14450.2,203.16,55.8344
11691,-14452.4,203.176,55.8372
11692,-14454.6,203.191,55.8398
11693,-14456.8,203.207,55.8425
11694,-14459,203.223,55.8451
11695,-14461.2,203.238,55.8478
11696,-14463.4,203.254,55.8504
11697,-14465.6,203.27,55.8531
11698,-14467.8,203.285,55.8558
11699,-14470.1,203.301,55.8584
11700,-14472.3,203.316,55.8611
11701,-14474.5,203.332,55.8679
11702,-14476.7,203.348,55.8708
11703,-14478.9,203.363,55.8735
11704,-14481.1,203.379,55.8763
11705,-14483.3,203.395,55.879
11706,-14485.5,203.41,55.8817
11707,-14487.7,203.426,55.8844
11708,-14489.9,203.442,55.8871
11709,-14492.2,203.457,55.8898
11710,-14494.4,203.473,55.9124
11711,-14496.6,203.489,55.9159
11712,-14498.8,203.504,55.9182
11713,-14501,203.52,55.9207
11714,-14503.2,203.536,55.9232
11715,-14505.4,203.551,55.9257
11716,-14507.6,203.567,55.9281
11717,-14509.9,203.582,55.9306
11718,-14512.1,203.598,55.9332
11719,-14514.3,203.614,55.9355
11720,-14516.5,203.629,55.9379
11721,-14518.7,203.645,55.9406
11722,-14520.9,203.661,55.9433
11723,-14523.1,203.676,55.9459
11724,-14525.3,203.692,55.9486
11725,-14527.6,203.708,55.9513
11726,-14529.8,203.723,55.954
11727,-14532,203.739,55.9566
11728,-14534.2,203.755,55.9593
11729,-14536.4,203.77,55.9619
11730,-14538.6,203.786,55.9644
11731,-14540.8,203.802,55.9671
11732,-14543,203.817,55.9698
11733,-14545.3,203.833,55.9724
11734,-14547.5,203.848,55.975
11735,-14549.7,203.864,55.9777
11736,-14551.9,203.88,55.9804
11737,-14554.1,203.895,55.9831
11738,-14556.3,203.911,55.9857
11739,-14558.6,203.927,55.9884
11740,-14560.8,203.942,55.9911
11741,-14563,203.958,55.9938
11742,-14565.2,203.974,55.9964
11743,-14567.4,203.989,55.9991
11744,-14569.6,204.005,56.0017
11745,-14571.8,204.021,56.0044
11746,-14574.1,204.036,56.0071
11747,-14576.3,204.052,56.0098
11748,-14578.5,204.068,56.0124
11749,-14580.7,204.083,56.015
11750,-14582.9,204.099,56.0177
11751,-14585.2,204.114,56.0246
11752,-14587.4,204.13,56.0274
11753,-14589.6,204.146,56.03
11754,-14591.8,204.161,56.0327
11755,-14594,204.177,56.0355
11756,-14596.2,204.193,56.0382
11757,-14598.5,204.208,56.0407
11758,-14600.7,204.224,56.0431
11759,-14602.9,204.24,56.0454
11760,-14605.1,204.255,56.0478
11761,-14607.3,204.271,56.0504
11762,-14609.6,204.287,56.053
11763,-14611.8,204.302,56.0556
11764,-14614,204.318,56.0583
11765,-14616.2,204.333,56.0609
11766,-14618.4,204.349,56.0731
11767,-14620.6,204.365,56.0767
11768,-14622.9,204.38,56.0794
11769,-14625.1,204.396,56.1047
11770,-14627.3,204.412,56.1079
11771,-14629.5,204.427,56.1106
11772,-14631.7,204.443,56.113
11773,-14634,204.459,56.1156
11774,-14636.2,204.474,56.1182
11775,-14638.4,204.49,56.1207
11776,-14640.6,204.506,56.1232
11777,-14642.9,204.521,56.1258
11778,-14645.1,204.537,56.1282
11779,-14647.3,204.552,56.1308
11780,-14649.5,204.568,56.1335
11781,-14651.7,204.584,56.1362
11782,-14654,204.599,56.1389
11783,-14656.2,204.615,56.1416
11784,-14658.4,204.631,56.1442
11785,-14660.6,204.646,56.1468
11786,-14662.9,204.662,56.1495
11787,-14665.1,204.678,56.1522
11788,-14667.3,204.693,56.1549
11789,-14669.5,204.709,56.1575
11790,-14671.7,204.724,56.1601
11791,-14674,204.74,56.1628
11792,-14676.2,204.756,56.1654
11793,-14678.4,204.771,56.1681
11794,-14680.6,204.787,56.1707
11795,-14682.9,204.803,56.1734
11796,-14685.1,204.818,56.176
11797,-14687.3,204.834,56.1785
11798,-14689.5,204.85,56.1809
11799,-14691.8,204.865,56.1834
11800,-14694,204.881,56.1858
11801,-14696.2,204.897,56.1941
11802,-14698.4,204.912,56.1973
11803,-14700.7,204.928,56.2
11804,-14702.9,204.943,56.2027
11805,-14705.1,204.959,56.2054
11806,-14707.3,204.975,56.2081
11807,-14709.6,204.99,56.2108
11808,-14711.8,205.006,56.2135
11809,-14714,205.022,56.216
11810,-14716.2,205.037,56.2184
11811,-14718.5,205.053,56.2205
11812,-14720.7,205.069,56.2226
11813,-14722.9,205.084,56.2253
11814,-14725.1,205.1,56.2276
11815,-14727.4,205.115,56.2303
11816,-14729.6,205.131,56.2329
11817,-14731.8,205.147,56.2456
11818,-14734.1,205.162,56.2638
11819,-14736.3,205.178,56.2667
11820,-14738.5,205.194,56.2694
11821,-14740.7,205.209,56.2721
11822,-14743,205.225,56.2747
11823,-14745.2,205.241,56.2775
11824,-14747.4,205.256,56.2801
11825,-14749.7,205.272,56.2828
11826,-14751.9,205.287,56.2854
11827,-14754.1,205.303,56.2881
11828,-14756.3,205.319,56.3
11829,-14758.6,205.334,56.3028
11830,-14760.8,205.35,56.3184
11831,-14763,205.366,56.3212
11832,-14765.3,205.381,56.3239
11833,-14767.5,205.397,56.3265
11834,-14769.7,205.413,56.3291
11835,-14772,205.428,56.3319
11836,-14774.2,205.444,56.3495
11837,-14776.4,205.459,56.3541
11838,-14778.6,205.475,56.3582
11839,-14780.9,205.491,56.362
11840,-14783.1,205.506,56.365
11841,-14785.3,205.522,56.3679
11842,-14787.6,205.538,56.3708
11843,-14789.8,205.553,56.3736
11844,-14792,205.569,56.3764
11845,-14794.3,205.585,56.3793
11846,-14796.5,205.6,56.3819
11847,-14798.7,205.616,56.3846
11848,-14801,205.631,56.3874
11849,-14803.2,205.647,56.3902
11850,-14805.4,205.663,56.393
11851,-14807.7,205.678,56.4024
11852,-14809.9,205.694,56.4056
11853,-14812.1,205.71,56.4083
11854,-14814.4,205.725,56.411
11855,-14816.6,205.741,56.4137
11856,-14818.8,205.757,56.4164
11857,-14821.1,205.772,56.4283
11858,-14823.3,205.788,56.4311
11859,-14825.5,205.803,56.4338
11860,-14827.8,205.819,56.4364
11861,-14830,205.835,56.4391
11862,-14832.2,205.85,56.4418
11863,-14834.5,205.866,56.4445
11864,-14836.7,205.882,56.4471
11865,-14838.9,205.897,56.4497
11866,-14841.2,205.913,56.4523
11867,-14843.4,205.928,56.455
11868,-14845.6,205.944,56.4577
11869,-14847.9,205.96,56.4604
11870,-14850.1,205.975,56.463
11871,-14852.3,205.991,56.4655
11872,-14854.6,206.007,56.4679
11873,-14856.8,206.022,56.4703
11874,-14859.1,206.038,56.4728
11875,-14861.3,206.054,56.4751
11876,-14863.5,206.069,56.4777
11877,-14865.8,206.085,56.4803
11878,-14868,206.1,56.4826
11879,-14870.2,206.116,56.4853
11880,-14872.5,206.132,56.488
11881,-14874.7,206.147,56.4906
11882,-14876.9,206.163,56.4934
11883,-14879.2,206.179,56.496
11884,-14881.4,206.194,56.4986
11885,-14883.7,206.21,56.5013
11886,-14885.9,206.225,56.504
11887,-14888.1,206.241,56.5067
11888,-14890.4,206.257,56.5093
11889,-14892.6,206.272,56.512
11890,-14894.9,206.288,56.5147
11891,-14897.1,206.304,56.5173
11892,-14899.3,206.319,56.52
11893,-14901.6,206.335,56.5227
11894,-14903.8,206.351,56.5253
11895,-14906.1,206.366,56.528
11896,-14908.3,206.382,56.5307
11897,-14910.5,206.397,56.5334
11898,-14912.8,206.413,56.5361
11899,-14915,206.429,56.5388
11900,-14917.3,206.444,56.5414
11901,-14919.5,206.46,56.5496
11902,-14921.7,206.476,56.5528
11903,-14924,206.491,56.5555
11904,-14926.2,206.507,56.5582
11905,-14928.5,206.522,56.5609
11906,-14930.7,206.538,56.5636
11907,-14932.9,206.554,56.5663
11908,-14935.2,206.569,56.5688
11909,-14937.4,206.585,56.5711
11910,-14939.7,206.601,56.5733
11911,-14941.9,206.616,56.5755
11912,-14944.1,206.632,56.5781
11913,-14946.4,206.647,56.5805
11914,-14948.6,206.663,56.5832
11915,-14950.9,206.679,56.6081
11916,-14953.1,206.694,56.6113
11917,-14955.4,206.71,56.6141
11918,-14957.6,206.726,56.6167
11919,-14959.8,206.741,56.6194
11920,-14962.1,206.757,56.6221
11921,-14964.3,206.772,56.6249
11922,-14966.6,206.788,56.6275
11923,-14968.8,206.804,56.6301
11924,-14971.1,206.819,56.6328
11925,-14973.3,206.835,56.6354
11926,-14975.6,206.851,56.6381
11927,-14977.8,206.866,56.6408
11928,-14980,206.882,56.6434
11929,-14982.3,206.897,56.6461
11930,-14984.5,206.913,56.6488
11931,-14986.8,206.929,56.6515
11932,-14989,206.944,56.6541
11933,-14991.3,206.96,56.6569
11934,-14993.5,206.976,56.6593
11935,-14995.8,206.991,56.6617
11936,-14998,207.007,56.6642
11937,-15000.2,207.022,56.6666
11938,-15002.5,207.038,56.6693
11939,-15004.7,207.054,56.672
11940,-15007,207.069,56.6745
11941,-15009.2,207.085,56.6771
11942,-15011.5,207.101,56.6798
11943,-15013.7,207.116,56.6825
11944,-15016,207.132,56.6851
11945,-15018.2,207.147,56.6878
11946,-15020.5,207.163,56.6905
11947,-15022.7,207.179,56.6932
11948,-15025,207.194,56.6958
11949,-15027.2,207.21,56.6985
11950,-15029.5,207.226,56.7011
11951,-15031.7,207.241,56.7083
11952,-15034,207.257,56.711
11953,-15036.2,207.272,56.7137
11954,-15038.5,207.288,56.7163
11955,-15040.7,207.304,56.7191
11956,-15043,207.319,56.7217
11957,-15045.2,207.335,56.7243
11958,-15047.5,207.351,56.7266
11959,-15049.7,207.366,56.7291
11960,-15052,207.382,56.7317
11961,-15054.2,207.397,56.7341
11962,-15056.4,207.413,56.7367
11963,-15058.7,207.429,56.7394
11964,-15061,207.444,56.7417
11965,-15063.2,207.46,56.7444
11966,-15065.5,207.476,56.7471
11967,-15067.7,207.491,56.7497
11968,-15070,207.507,56.7523
11969,-15072.2,207.522,56.755
11970,-15074.5,207.538,56.7577
11971,-15076.7,207.554,56.7603
11972,-15079,207.569,56.763
11973,-15081.2,207.585,56.7653
11974,-15083.5,207.601,56.7676
11975,-15085.7,207.616,56.7698
11976,-15088,207.632,56.7722
11977,-15090.2,207.647,56.7746
11978,-15092.5,207.663,56.7772
11979,-15094.7,207.679,56.7893
11980,-15097,207.694,56.792
11981,-15099.2,207.71,56.8084
11982,-15101.5,207.726,56.8112
11983,-15103.7,207.741,56.8139
11984,-15106,207.757,56.8166
11985,-15108.2,207.772,56.8193
11986,-15110.5,207.788,56.822
11987,-15112.7,207.804,56.8247
11988,-15115,207.819,56.8274
11989,-15117.3,207.835,56.8301
11990,-15119.5,207.851,56.8328
11991,-15121.8,207.866,56.8444
11992,-15124,207.882,56.8471
11993,-15126.3,207.897,56.8625
11994,-15128.5,207.913,56.8654
11995,-15130.8,207.929,56.868
11996,-15133,207.944,56.8707
11997,-15135.3,207.96,56.8734
11998,-15137.5,207.975,56.8761
11999,-15139.8,207.991,56.8787
12000,-15142.1,208.007,56.8813
12001,-15144.3,208.022,56.9006
12002,-15146.6,208.038,56.9051
12003,-15148.8,208.054,56.9093
12004,-15151.1,208.069,56.913
12005,-15153.3,208.085,56.916
12006,-15155.6,208.1,56.9188
12007,-15157.9,208.116,56.9216
12008,-15160.1,208.132,56.9244
12009,-15162.4,208.147,56.9272
12010,-15164.6,208.163,56.93
12011,-15166.9,208.179,56.9328
12012,-15169.1,208.194,56.9355
12013,-15171.4,208.21,56.9383
12014,-15173.7,208.225,56.9407
12015,-15175.9,208.241,56.9431
12016,-15178.2,208.257,56.9457
12017,-15180.4,208.272,56.9481
12018,-15182.7,208.288,56.9506
12019,-15184.9,208.303,56.9533
12020,-15187.2,208.319,56.9556
12021,-15189.5,208.335,56.9583
12022,-15191.7,208.35,56.961
12023,-15194,208.366,56.9637
12024,-15196.2,208.382,56.9665
12025,-15198.5,208.397,56.9692
12026,-15200.8,208.413,56.9717
12027,-15203,208.428,56.9741
12028,-15205.3,208.444,56.9761
12029,-15207.5,208.46,56.9795
12030,-15209.8,208.475,56.9817
12031,-15212.1,208.491,56.9845
12032,-15214.3,208.506,56.9866
12033,-15216.6,208.522,56.9885
12034,-15218.8,208.538,56.9919
12035,-15221.1,208.553,56.9943
12036,-15223.4,208.569,56.9966
12037,-15225.6,208.585,56.9987
12038,-15227.9,208.6,57.0011
12039,-15230.2,208.616,57.0036
12040,-15232.4,208.631,57.0061
12041,-15234.7,208.647,57.0087
12042,-15236.9,208.663,57.011
12043,-15239.2,208.678,57.0136
12044,-15241.5,208.694,57.0163
12045,-15243.7,208.709,57.0186
12046,-15246,208.725,57.0213
12047,-15248.3,208.741,57.0241
12048,-15250.5,208.756,57.0267
12049,-15252.8,208.772,57.0294
12050,-15255,208.788,57.032
12051,-15257.3,208.803,57.0409
12052,-15259.6,208.819,57.0439
12053,-15261.8,208.834,57.0463
12054,-15264.1,208.85,57.0483
12055,-15266.4,208.866,57.0506
12056,-15268.6,208.881,57.0533
12057,-15270.9,208.897,57.0558
12058,-15273.2,208.912,57.0583
12059,-15275.4,208.928,57.0719
12060,-15277.7,208.944,57.0747
12061,-15280,208.959,57.0931
12062,-15282.2,208.975,57.0959
12063,-15284.5,208.991,57.0986
12064,-15286.7,209.006,57.1012
12065,-15289,209.022,57.104
12066,-15291.3,209.037,57.1067
12067,-15293.5,209.053,57.1094
12068,-15295.8,209.069,57.1119
12069,-15298.1,209.084,57.1143
12070,-15300.3,209.1,57.1165
12071,-15302.6,209.115,57.1189
12072,-15304.9,209.131,57.1212
12073,-15307.1,209.147,57.1237
12074,-15309.4,209.162,57.1354
12075,-15311.7,209.178,57.1379
12076,-15313.9,209.194,57.1402
12077,-15316.2,209.209,57.1556
12078,-15318.5,209.225,57.1583
12079,-15320.8,209.24,57.161
12080,-15323,209.256,57.1638
12081,-15325.3,209.272,57.1665
12082,-15327.6,209.287,57.1691
12083,-15329.8,209.303,57.1717
12084,-15332.1,209.318,57.1745
12085,-15334.4,209.334,57.1773
12086,-15336.6,209.35,57.1801
12087,-15338.9,209.365,57.1827
12088,-15341.2,209.381,57.1854
12089,-15343.4,209.396,57.1882
12090,-15345.7,209.412,57.1909
12091,-15348,209.428,57.1935
12092,-15350.2,209.443,57.1962
12093,-15352.5,209.459,57.1988
12094,-15354.8,209.475,57.2015
12095,-15357.1,209.49,57.2042
12096,-15359.3,209.506,57.2068
12097,-15361.6,209.521,57.2095
12098,-15363.9,209.537,57.2121
12099,-15366.1,209.553,57.2148
12100,-15368.4,209.568,57.2174
12101,-15370.7,209.584,57.2259
12102,-15373,209.599,57.2291
12103,-15375.2,209.615,57.2319
12104,-15377.5,209.631,57.2345
12105,-15379.8,209.646,57.2372
12106,-15382,209.662,57.2397
12107,-15384.3,209.677,57.2421
12108,-15386.6,209.693,57.2445
12109,-15388.9,209.709,57.2469
12110,-15391.1,209.724,57.2493
12111,-15393.4,209.74,57.252
12112,-15395.7,209.755,57.2545
12113,-15398,209.771,57.257
12114,-15400.2,209.787,57.2597
12115,-15402.5,209.802,57.2624
12116,-15404.8,209.818,57.2651
12117,-15407,209.834,57.2678
12118,-15409.3,209.849,57.2704
12119,-15411.6,209.865,57.273
12120,-15413.9,209.88,57.2758
12121,-15416.1,209.896,57.2781
12122,-15418.4,209.912,57.2808
12123,-15420.7,209.927,57.2835
12124,-15423,209.943,57.2861
12125,-15425.2,209.958,57.2888
12126,-15427.5,209.974,57.3014
12127,-15429.8,209.99,57.3041
12128,-15432.1,210.005,57.3067
12129,-15434.3,210.021,57.3094
12130,-15436.6,210.036,57.3121
12131,-15438.9,210.052,57.3148
12132,-15441.2,210.068,57.3174
12133,-15443.4,210.083,57.3201
12134,-15445.7,210.099,57.3224
12135,-15448,210.114,57.3249
12136,-15450.3,210.13,57.3274
12137,-15452.6,210.146,57.3297
12138,-15454.8,210.161,57.3322
12139,-15457.1,210.177,57.3348
12140,-15459.4,210.193,57.3372
12141,-15461.7,210.208,57.3399
12142,-15463.9,210.224,57.3426
12143,-15466.2,210.239,57.3451
12144,-15468.5,210.255,57.3478
12145,-15470.8,210.271,57.3503
12146,-15473.1,210.286,57.3531
12147,-15475.3,210.302,57.3557
12148,-15477.6,210.317,57.3584
12149,-15479.9,210.333,57.361
12150,-15482.2,210.349,57.3637
12151,-15484.4,210.364,57.3718
12152,-15486.7,210.38,57.375
12153,-15489,210.395,57.3777
12154,-15491.3,210.411,57.3804
12155,-15493.6,210.427,57.3831
12156,-15495.8,210.442,57.3858
12157,-15498.1,210.458,57.3884
12158,-15500.4,210.473,57.3911
12159,-15502.7,210.489,57.3937
12160,-15505,210.505,57.4058
12161,-15507.2,210.52,57.4087
12162,-15509.5,210.536,57.4113
12163,-15511.8,210.551,57.4139
12164,-15514.1,210.567,57.4161
12165,-15516.4,210.583,57.4187
12166,-15518.7,210.598,57.4211
12167,-15520.9,210.614,57.4237
12168,-15523.2,210.629,57.4264
12169,-15525.5,210.645,57.429
12170,-15527.8,210.661,57.4317
12171,-15530.1,210.676,57.4345
12172,-15532.3,210.692,57.4372
12173,-15534.6,210.707,57.4398
12174,-15536.9,210.723,57.4424
12175,-15539.2,210.739,57.4451
12176,-15541.5,210.754,57.4478
12177,-15543.8,210.77,57.4505
12178,-15546,210.785,57.4532
12179,-15548.3,210.801,57.4558
12180,-15550.6,210.817,57.4585
12181,-15552.9,210.832,57.4611
12182,-15555.2,210.848,57.4924
12183,-15557.5,210.863,57.4953
12184,-15559.7,210.879,57.498
12185,-15562,210.895,57.5006
12186,-15564.3,210.91,57.5034
12187,-15566.6,210.926,57.506
12188,-15568.9,210.941,57.5087
12189,-15571.2,210.957,57.5114
12190,-15573.5,210.973,57.514
12191,-15575.7,210.988,57.5166
12192,-15578,211.004,57.5193
12193,-15580.3,211.019,57.522
12194,-15582.6,211.035,57.5246
12195,-15584.9,211.051,57.5273
12196,-15587.2,211.066,57.5299
12197,-15589.5,211.082,57.5324
12198,-15591.7,211.097,57.535
12199,-15594,211.113,57.5373
12200,-15596.3,211.129,57.5396
12201,-15598.6,211.144,57.5485
12202,-15600.9,211.16,57.5515
12203,-15603.2,211.175,57.5543
12204,-15605.5,211.191,57.5569
12205,-15607.7,211.207,57.5597
12206,-15610,211.222,57.5624
12207,-15612.3,211.238,57.5651
12208,-15614.6,211.253,57.5678
12209,-15616.9,211.269,57.5704
12210,-15619.2,211.285,57.573
12211,-15621.5,211.3,57.5757
12212,-15623.8,211.316,57.5784
12213,-15626.1,211.331,57.581
12214,-15628.3,211.347,57.5837
12215,-15630.6,211.363,57.5863
12216,-15632.9,211.378,57.5889
12217,-15635.2,211.394,57.5915
12218,-15637.5,211.409,57.5942
12219,-15639.8,211.425,57.5967
12220,-15642.1,211.441,57.5993
12221,-15644.4,211.456,57.6019
12222,-15646.7,211.472,57.6045
12223,-15648.9,211.487,57.6072
12224,-15651.2,211.503,57.6099
12225,-15653.5,211.519,57.6126
12226,-15655.8,211.534,57.6152
12227,-15658.1,211.55,57.6179
12228,-15660.4,211.565,57.6205
12229,-15662.7,211.581,57.6232
12230,-15665,211.597,57.6258
12231,-15667.3,211.612,57.6284
12232,-15669.6,211.628,57.6311
12233,-15671.9,211.643,57.6337
12234,-15674.1,211.659,57.6364
12235,-15676.4,211.675,57.639
12236,-15678.7,211.69,57.6417
12237,-15681,211.706,57.6444
12238,-15683.3,211.721,57.6471
12239,-15685.6,211.737,57.6497
12240,-15687.9,211.753,57.6518
12241,-15690.2,211.768,57.6543
12242,-15692.5,211.784,57.6569
12243,-15694.8,211.799,57.6649
12244,-15697.1,211.815,57.668
12245,-15699.4,211.831,57.6702
12246,-15701.7,211.846,57.6723
12247,-15704,211.862,57.6745
12248,-15706.3,211.877,57.6868
12249,-15708.5,211.893,57.7037
12250,-15710.8,211.909,57.7066
12251,-15713.1,211.924,57.7152
12252,-15715.4,211.94,57.7183
12253,-15717.7,211.955,57.7212
12254,-15720,211.971,57.7238
12255,-15722.3,211.987,57.7264
12256,-15724.6,212.002,57.7291
12257,-15726.9,212.018,57.7318
12258,-15729.2,212.033,57.7345
12259,-15731.5,212.049,57.7371
12260,-15733.8,212.065,57.7398
12261,-15736.1,212.08,57.7425
12262,-15738.4,212.096,57.7452
12263,-15740.7,212.111,57.7478
12264,-15743,212.127,57.7504
12265,-15745.3,212.143,57.7531
12266,-15747.6,212.158,57.7557
12267,-15749.9,212.174,57.7584
12268,-15752.2,212.189,57.7611
12269,-15754.5,212.205,57.7638
12270,-15756.8,212.221,57.7663
12271,-15759.1,212.236,57.7685
12272,-15761.4,212.252,57.7707
12273,-15763.7,212.267,57.7731
12274,-15765.9,212.283,57.7851
12275,-15768.2,212.298,57.7878
12276,-15770.5,212.314,57.8031
12277,-15772.8,212.33,57.806
12278,-15775.1,212.345,57.8087
12279,-15777.4,212.361,57.8114
12280,-15779.7,212.376,57.8141
12281,-15782,212.392,57.8168
12282,-15784.3,212.408,57.8195
12283,-15786.6,212.423,57.8221
12284,-15788.9,212.439,57.8248
12285,-15791.2,212.454,57.8275
12286,-15793.5,212.47,57.8301
12287,-15795.8,212.486,57.8328
12288,-15798.1,212.501,57.8355
12289,-15800.4,212.517,57.8382
12290,-15802.7,212.532,57.8409
12291,-15805,212.548,57.8436
12292,-15807.3,212.564,57.8463
12293,-15809.6,212.579,57.849
12294,-15811.9,212.595,57.8517
12295,-15814.2,212.61,57.8544
12296,-15816.5,212.626,57.857
12297,-15818.8,212.642,57.8596
12298,-15821.1,212.657,57.8623
12299,-15823.5,212.673,57.865
12300,-15825.8,212.688,57.8677
12301,-15828.1,212.704,57.8759
12302,-15830.4,212.719,57.8791
12303,-15832.7,212.735,57.8818
12304,-15835,212.751,57.8845
12305,-15837.3,212.766,57.8871
12306,-15839.6,212.782,57.8896
12307,-15841.9,212.797,57.8919
12308,-15844.2,212.813,57.8943
12309,-15846.5,212.829,57.8968
12310,-15848.8,212.844,57.8994
12311,-15851.1,212.86,57.9021
12312,-15853.4,212.875,57.9047
12313,-15855.7,212.891,57.9074
12314,-15858,212.907,57.9101
12315,-15860.3,212.922,57.9128
12316,-15862.6,212.938,57.9155
12317,-15864.9,212.953,57.9182
12318,-15867.2,212.969,57.9209
12319,-15869.5,212.985,57.9235
12320,-15871.8,213,57.9258
12321,-15874.1,213.016,57.9286
12322,-15876.4,213.031,57.931
12323,-15878.7,213.047,57.9334
12324,-15881,213.062,57.936
12325,-15883.4,213.078,57.9386
12326,-15885.7,213.094,57.9413
12327,-15888,213.109,57.944
12328,-15890.3,213.125,57.9467
12329,-15892.6,213.14,57.949
12330,-15894.9,213.156,57.9516
12331,-15897.2,213.172,57.9542
12332,-15899.5,213.187,57.9566
12333,-15901.8,213.203,57.9591
12334,-15904.1,213.218,57.9618
12335,-15906.4,213.234,57.9641
12336,-15908.7,213.25,57.9667
12337,-15911,213.265,57.9694
12338,-15913.3,213.281,57.9721
12339,-15915.7,213.296,57.9747
12340,-15918,213.312,57.9774
12341,-15920.3,213.327,57.9801
12342,-15922.6,213.343,57.9828
12343,-15924.9,213.359,57.9855
12344,-15927.2,213.374,57.9881
12345,-15929.5,213.39,57.9907
12346,-15931.8,213.405,57.993
12347,-15934.1,213.421,57.9952
12348,-15936.4,213.437,57.9975
12349,-15938.7,213.452,58.0001
12350,-15941.1,213.468,58.0027
12351,-15943.4,213.483,58.0211
12352,-15945.7,213.499,58.0382
12353,-15948,213.514,58.0409
12354,-15950.3,213.53,58.0436
12355,-15952.6,213.546,58.0562
12356,-15954.9,213.561,58.0833
12357,-15957.2,213.577,58.0874
12358,-15959.5,213.592,58.0909
12359,-15961.8,213.608,58.094
12360,-15964.2,213.624,58.0968
12361,-15966.5,213.639,58.0995
12362,-15968.8,213.655,58.1023
12363,-15971.1,213.67,58.1051
12364,-15973.4,213.686,58.1078
12365,-15975.7,213.702,58.1105
12366,-15978,213.717,58.1132
12367,-15980.3,213.733,58.116
12368,-15982.7,213.748,58.1187
12369,-15985,213.764,58.1213
12370,-15987.3,213.779,58.1241
12371,-15989.6,213.795,58.1268
12372,-15991.9,213.811,58.1295
12373,-15994.2,213.826,58.1321
12374,-15996.5,213.842,58.1348
12375,-15998.8,213.857,58.1373
12376,-16001.2,213.873,58.1399
12377,-16003.5,213.889,58.1426
12378,-16005.8,213.904,58.1454
12379,-16008.1,213.92,58.1481
12380,-16010.4,213.935,58.1509
12381,-16012.7,213.951,58.1536
12382,-16015,213.966,58.1563
12383,-16017.4,213.982,58.159
12384,-16019.7,213.998,58.1617
12385,-16022,214.013,58.1643
12386,-16024.3,214.029,58.167
12387,-16026.6,214.044,58.1696
12388,-16028.9,214.06,58.1723
12389,-16031.3,214.076,58.175
12390,-16033.6,214.091,58.1778
12391,-16035.9,214.107,58.1805
12392,-16038.2,214.122,58.1831
12393,-16040.5,214.138,58.1857
12394,-16042.8,214.153,58.2507
12395,-16045.2,214.169,58.255
12396,-16047.5,214.185,58.259
12397,-16049.8,214.2,58.2623
12398,-16052.1,214.216,58.2653
12399,-16054.4,214.231,58.268
12400,-16056.7,214.247,58.2708
12401,-16059.1,214.263,58.281
12402,-16061.4,214.278,58.2844
12403,-16063.7,214.294,58.2872
12404,-16066,214.309,58.2899
12405,-16068.3,214.325,58.2925
12406,-16070.6,214.34,58.2949
12407,-16073,214.356,58.2968
12408,-16075.3,214.372,58.2993
12409,-16077.6,214.387,58.3019
12410,-16079.9,214.403,58.3042
12411,-16082.2,214.418,58.318
12412,-16084.6,214.434,58.3375
12413,-16086.9,214.45,58.3403
12414,-16089.2,214.465,58.343
12415,-16091.5,214.481,58.3457
12416,-16093.8,214.496,58.3484
12417,-16096.2,214.512,58.3511
12418,-16098.5,214.527,58.3538
12419,-16100.8,214.543,58.3564
12420,-16103.1,214.559,58.3592
12421,-16105.4,214.574,58.3619
12422,-16107.8,214.59,58.3646
12423,-16110.1,214.605,58.3673
12424,-16112.4,214.621,58.3699
12425,-16114.7,214.636,58.3727
12426,-16117,214.652,58.3753
12427,-16119.4,214.668,58.378
12428,-16121.7,214.683,58.3806
12429,-16124,214.699,58.3832
12430,-16126.3,214.714,58.3859
12431,-16128.7,214.73,58.3885
12432,-16131,214.746,58.3912
12433,-16133.3,214.761,58.3939
12434,-16135.6,214.777,58.3966
12435,-16137.9,214.792,58.3993
12436,-16140.3,214.808,58.4019
12437,-16142.6,214.823,58.4046
12438,-16144.9,214.839,58.4073
12439,-16147.2,214.855,58.41
12440,-16149.6,214.87,58.4127
12441,-16151.9,214.886,58.4153
12442,-16154.2,214.901,58.4179
12443,-16156.5,214.917,58.4206
12444,-16158.9,214.932,58.4233
12445,-16161.2,214.948,58.4259
12446,-16163.5,214.964,58.4286
12447,-16165.8,214.979,58.4313
12448,-16168.2,214.995,58.4339
12449,-16170.5,215.01,58.4366
12450,-16172.8,215.026,58.4393
12451,-16175.1,215.042,58.4476
12452,-16177.5,215.057,58.4508
12453,-16179.8,215.073,58.4536
12454,-16182.1,215.088,58.4562
12455,-16184.4,215.104,58.4589
12456,-16186.8,215.119,58.4615
12457,-16189.1,215.135,58.4641
12458,-16191.4,215.151,58.4668
12459,-16193.7,215.166,58.4693
12460,-16196.1,215.182,58.4716
12461,-16198.4,215.197,58.4739
12462,-16200.7,215.213,58.4765
12463,-16203,215.228,58.4788
12464,-16205.4,215.244,58.4812
12465,-16207.7,215.26,58.4838
12466,-16210,215.275,58.4863
12467,-16212.4,215.291,58.4888
12468,-16214.7,215.306,58.4915
12469,-16217,215.322,58.4941
12470,-16219.3,215.337,58.4969
12471,-16221.7,215.353,58.4995
12472,-16224,215.369,58.5022
12473,-16226.3,215.384,58.5049
12474,-16228.7,215.4,58.5076
12475,-16231,215.415,58.5103
12476,-16233.3,215.431,58.5132
12477,-16235.6,215.447,58.5159
12478,-16238,215.462,58.5185
12479,-16240.3,215.478,58.5212
12480,-16242.6,215.493,58.5239
12481,-16245,215.509,58.5265
12482,-16247.3,215.524,58.5292
12483,-16249.6,215.54,58.5318
12484,-16252,215.556,58.5345
12485,-16254.3,215.571,58.5371
12486,-16256.6,215.587,58.5398
12487,-16258.9,215.602,58.5424
12488,-16261.3,215.618,58.545
12489,-16263.6,215.633,58.5476
12490,-16265.9,215.649,58.5502
12491,-16268.3,215.665,58.5529
12492,-16270.6,215.68,58.5555
12493,-16272.9,215.696,58.5582
12494,-16275.3,215.711,58.5609
12495,-16277.6,215.727,58.5744
12496,-16279.9,215.742,58.5771
12497,-16282.3,215.758,58.5798
12498,-16284.6,215.774,58.5824
12499,-16286.9,215.789,58.585
12500,-16289.3,215.805,58.5874
12501,-16291.6,215.82,58.5952
12502,-16293.9,215.836,58.5982
12503,-16296.3,215.851,58.6008
12504,-16298.6,215.867,58.7643
12505,-16300.9,215.883,58.7827
12506,-16303.3,215.898,58.7863
12507,-16305.6,215.914,58.789
12508,-16307.9,215.929,58.7917
12509,-16310.3,215.945,58.7943
12510,-16312.6,215.96,58.797
12511,-16314.9,215.976,58.8
12512,-16317.3,215.992,58.8027
12513,-16319.6,216.007,58.8054
12514,-16321.9,216.023,58.8081
12515,-16324.3,216.038,58.8186
12516,-16326.6,216.054,58.8215
12517,-16328.9,216.069,58.8243
12518,-16331.3,216.085,58.8271
12519,-16333.6,216.101,58.8299
12520,-16336,216.116,58.8325
12521,-16338.3,216.132,58.8353
12522,-16340.6,216.147,58.8381
12523,-16343,216.163,58.8408
12524,-16345.3,216.178,58.8435
12525,-16347.6,216.194,58.8462
12526,-16350,216.21,58.8488
12527,-16352.3,216.225,58.8515
12528,-16354.6,216.241,58.8541
12529,-16357,216.256,58.8698
12530,-16359.3,216.272,58.8738
12531,-16361.7,216.287,58.8771
12532,-16364,216.303,58.8901
12533,-16366.3,216.319,58.8939
12534,-16368.7,216.334,58.897
12535,-16371,216.35,58.8998
12536,-16373.3,216.365,58.9025
12537,-16375.7,216.381,58.9052
12538,-16378,216.396,58.9079
12539,-16380.4,216.412,58.9106
12540,-16382.7,216.428,58.9134
12541,-16385,216.443,58.9161
12542,-16387.4,216.459,58.9188
12543,-16389.7,216.474,58.9214
12544,-16392.1,216.49,58.924
12545,-16394.4,216.505,58.9267
12546,-16396.7,216.521,58.9293
12547,-16399.1,216.537,58.9321
12548,-16401.4,216.552,58.9347
12549,-16403.8,216.568,58.9374
12550,-16406.1,216.583,58.94
12551,-16408.4,216.599,58.9529
12552,-16410.8,216.614,58.9561
12553,-16413.1,216.63,58.9589
12554,-16415.5,216.646,58.9617
12555,-16417.8,216.661,58.9645
12556,-16420.2,216.677,58.9672
12557,-16422.5,216.692,58.97
12558,-16424.8,216.708,58.9727
12559,-16427.2,216.723,58.9754
12560,-16429.5,216.739,58.9782
12561,-16431.9,216.755,58.9809
12562,-16434.2,216.77,58.9837
12563,-16436.5,216.786,58.9865
12564,-16438.9,216.801,58.9892
12565,-16441.2,216.817,58.9919
12566,-16443.6,216.832,58.9947
12567,-16445.9,216.848,58.9974
12568,-16448.3,216.864,59.0001
12569,-16450.6,216.879,59.0029
12570,-16452.9,216.895,59.0057
12571,-16455.3,216.91,59.0084
12572,-16457.6,216.926,59.0111
12573,-16460,216.941,59.0138
12574,-16462.3,216.957,59.0165
12575,-16464.7,216.972,59.0191
12576,-16467,216.988,59.0218
12577,-16469.4,217.004,59.0246
12578,-16471.7,217.019,59.0274
12579,-16474,217.035,59.0301
12580,-16476.4,217.05,59.0327
12581,-16478.7,217.066,59.0354
12582,-16481.1,217.081,59.0381
12583,-16483.4,217.097,59.0409
12584,-16485.8,217.113,59.0437
12585,-16488.1,217.128,59.0463
12586,-16490.5,217.144,59.0491
12587,-16492.8,217.159,59.0519
12588,-16495.2,217.175,59.0545
12589,-16497.5,217.19,59.0572
12590,-16499.9,217.206,59.0599
12591,-16502.2,217.222,59.0626
12592,-16504.5,217.237,59.0653
12593,-16506.9,217.253,59.0679
12594,-16509.2,217.268,59.0706
12595,-16511.6,217.284,59.0734
12596,-16513.9,217.299,59.0762
12597,-16516.3,217.315,59.0789
12598,-16518.6,217.33,59.0817
12599,-16521,217.346,59.0844
12600,-16523.3,217.362,59.0872
12601,-16525.7,217.377,59.0953
12602,-16528,217.393,59.0984
12603,-16530.4,217.408,59.1011
12604,-16532.7,217.424,59.1039
12605,-16535.1,217.439,59.1065
12606,-16537.4,217.455,59.1092
12607,-16539.8,217.471,59.1119
12608,-16542.1,217.486,59.1145
12609,-16544.5,217.502,59.1172
12610,-16546.8,217.517,59.1198
12611,-16549.2,217.533,59.1225
12612,-16551.5,217.548,59.1252
12613,-16553.9,217.564,59.1279
12614,-16556.2,217.58,59.1305
12615,-16558.6,217.595,59.1332
12616,-16560.9,217.611,59.1357
12617,-16563.3,217.626,59.1385
12618,-16565.6,217.642,59.1412
12619,-16568,217.657,59.1438
12620,-16570.3,217.673,59.1465
12621,-16572.7,217.688,59.1491
12622,-16575,217.704,59.1518
12623,-16577.4,217.72,59.1545
12624,-16579.7,217.735,59.1571
12625,-16582.1,217.751,59.1598
12626,-16584.4,217.766,59.1625
12627,-16586.8,217.782,59.1651
12628,-16589.1,217.797,59.1678
12629,-16591.5,217.813,59.1705
12630,-16593.9,217.829,59.1732
12631,-16596.2,217.844,59.1759
12632,-16598.6,217.86,59.1785
12633,-16600.9,217.875,59.1812
12634,-16603.3,217.891,59.1839
12635,-16605.6,217.906,59.1866
12636,-16608,217.922,59.1891
12637,-16610.3,217.937,59.1918
12638,-16612.7,217.953,59.1945
12639,-16615,217.969,59.1971
12640,-16617.4,217.984,59.1998
12641,-16619.7,218,59.2024
12642,-16622.1,218.015,59.2054
12643,-16624.5,218.031,59.2081
12644,-16626.8,218.046,59.2108
12645,-16629.2,218.062,59.2135
12646,-16631.5,218.077,59.2161
12647,-16633.9,218.093,59.2188
12648,-16636.2,218.109,59.2215
12649,-16638.6,218.124,59.2242
12650,-16640.9,218.14,59.2268
12651,-16643.3,218.155,59.2349
12652,-16645.7,218.171,59.238
12653,-16648,218.186,59.2406
12654,-16650.4,218.202,59.2433
12655,-16652.7,218.218,59.246
12656,-16655.1,218.233,59.2486
12657,-16657.4,218.249,59.2513
12658,-16659.8,218.264,59.254
12659,-16662.2,218.28,59.2566
12660,-16664.5,218.295,59.2592
12661,-16666.9,218.311,59.2618
12662,-16669.2,218.326,59.2778
12663,-16671.6,218.342,59.2805
12664,-16673.9,218.358,59.2832
12665,-16676.3,218.373,59.2858
12666,-16678.7,218.389,59.2885
12667,-16681,218.404,59.2911
12668,-16683.4,218.42,59.2938
12669,-16685.7,218.435,59.2965
12670,-16688.1,218.451,59.2991
12671,-16690.5,218.466,59.3018
12672,-16692.8,218.482,59.3044
12673,-16695.2,218.498,59.3071
12674,-16697.5,218.513,59.3097
12675,-16699.9,218.529,59.3123
12676,-16702.3,218.544,59.315
12677,-16704.6,218.56,59.3178
12678,-16707,218.575,59.3205
12679,-16709.3,218.591,59.3232
12680,-16711.7,218.607,59.3259
12681,-16714.1,218.622,59.3286
12682,-16716.4,218.638,59.3312
12683,-16718.8,218.653,59.3338
12684,-16721.1,218.669,59.3364
12685,-16723.5,218.684,59.3391
12686,-16725.9,218.7,59.3417
12687,-16728.2,218.715,59.3443
12688,-16730.6,218.731,59.347
12689,-16732.9,218.747,59.3497
12690,-16735.3,218.762,59.3523
12691,-16737.7,218.778,59.3549
12692,-16740,218.793,59.3576
12693,-16742.4,218.809,59.3602
12694,-16744.8,218.824,59.3629
12695,-16747.1,218.84,59.3656
12696,-16749.5,218.855,59.3682
12697,-16751.8,218.871,59.3708
12698,-16754.2,218.887,59.3735
12699,-16756.6,218.902,59.3761
12700,-16758.9,218.918,59.3788
12701,-16761.3,218.933,59.3869
12702,-16763.7,218.949,59.39
12703,-16766,218.964,59.3927
12704,-16768.4,218.98,59.3953
12705,-16770.8,218.995,59.3979
12706,-16773.1,219.011,59.4006
12707,-16775.5,219.027,59.4033
12708,-16777.9,219.042,59.4059
12709,-16780.2,219.058,59.4085
12710,-16782.6,219.073,59.4112
12711,-16784.9,219.089,59.4139
12712,-16787.3,219.104,59.4165
12713,-16789.7,219.12,59.4191
12714,-16792,219.135,59.4218
12715,-16794.4,219.151,59.4245
12716,-16796.8,219.167,59.4271
12717,-16799.1,219.182,59.4297
12718,-16801.5,219.198,59.4323
12719,-16803.9,219.213,59.4349
12720,-16806.2,219.229,59.4376
12721,-16808.6,219.244,59.4403
12722,-16811,219.26,59.4429
12723,-16813.3,219.275,59.4456
12724,-16815.7,219.291,59.4482
12725,-16818.1,219.307,59.4509
12726,-16820.4,219.322,59.4535
12727,-16822.8,219.338,59.4562
12728,-16825.2,219.353,59.4588
12729,-16827.6,219.369,59.4615
12730,-16829.9,219.384,59.4641
12731,-16832.3,219.4,59.4668
12732,-16834.7,219.415,59.4694
12733,-16837,219.431,59.472
12734,-16839.4,219.446,59.4747
12735,-16841.8,219.462,59.4772
12736,-16844.1,219.478,59.4799
12737,-16846.5,219.493,59.4825
12738,-16848.9,219.509,59.4851
12739,-16851.2,219.524,59.4878
12740,-16853.6,219.54,59.4905
12741,-16856,219.555,59.4931
12742,-16858.4,219.571,59.4957
12743,-16860.7,219.586,59.4984
12744,-16863.1,219.602,59.501
12745,-16865.5,219.618,59.5037
12746,-16867.8,219.633,59.5063
12747,-16870.2,219.649,59.509
12748,-16872.6,219.664,59.5117
12749,-16874.9,219.68,59.5143
12750,-16877.3,219.695,59.517
12751,-16879.7,219.711,59.5249
12752,-16882.1,219.726,59.5281
12753,-16884.4,219.742,59.5307
12754,-16886.8,219.758,59.5334
12755,-16889.2,219.773,59.536
12756,-16891.6,219.789,59.5387
12757,-16893.9,219.804,59.5414
12758,-16896.3,219.82,59.5441
12759,-16898.7,219.835,59.5468
12760,-16901,219.851,59.5494
12761,-16903.4,219.866,59.5521
12762,-16905.8,219.882,59.5547
12763,-16908.2,219.897,59.5574
12764,-16910.5,219.913,59.56
12765,-16912.9,219.929,59.5626
12766,-16915.3,219.944,59.5653
12767,-16917.7,219.96,59.5679
12768,-16920,219.975,59.5705
12769,-16922.4,219.991,59.5731
12770,-16924.8,220.006,59.5758
12771,-16927.2,220.022,59.5785
12772,-16929.5,220.037,59.5812
12773,-16931.9,220.053,59.5838
12774,-16934.3,220.069,59.5865
12775,-16936.7,220.084,59.5891
12776,-16939,220.1,59.5918
12777,-16941.4,220.115,59.5945
12778,-16943.8,220.131,59.5971
12779,-16946.2,220.146,59.5998
12780,-16948.5,220.162,59.6025
12781,-16950.9,220.177,59.6051
12782,-16953.3,220.193,59.6078
12783,-16955.7,220.208,59.6104
12784,-16958,220.224,59.613
12785,-16960.4,220.24,59.6157
12786,-16962.8,220.255,59.6184
12787,-16965.2,220.271,59.621
12788,-16967.5,220.286,59.6237
12789,-16969.9,220.302,59.6263
12790,-16972.3,220.317,59.6289
12791,-16974.7,220.333,59.6315
12792,-16977.1,220.348,59.6341
12793,-16979.4,220.364,59.6368
12794,-16981.8,220.38,59.6395
12795,-16984.2,220.395,59.6421
12796,-16986.6,220.411,59.6447
12797,-16988.9,220.426,59.6474
12798,-16991.3,220.442,59.65
12799,-16993.7,220.457,59.6526
12800,-16996.1,220.473,59.6553
12801,-16998.5,220.488,59.6633
12802,-17000.8,220.504,59.6665
12803,-17003.2,220.519,59.6692
12804,-17005.6,220.535,59.672
12805,-17008,220.551,59.6747
12806,-17010.4,220.566,59.6774
12807,-17012.7,220.582,59.6801
12808,-17015.1,220.597,59.6828
12809,-17017.5,220.613,59.6855
12810,-17019.9,220.628,59.6882
12811,-17022.3,220.644,59.6907
12812,-17024.6,220.659,59.6934
12813,-17027,220.675,59.6962
12814,-17029.4,220.69,59.6989
12815,-17031.8,220.706,59.7015
12816,-17034.2,220.722,59.7043
12817,-17036.6,220.737,59.707
12818,-17038.9,220.753,59.7097
12819,-17041.3,220.768,59.7124
12820,-17043.7,220.784,59.715
12821,-17046.1,220.799,59.7178
12822,-17048.5,220.815,59.7204
12823,-17050.8,220.83,59.7231
12824,-17053.2,220.846,59.7258
12825,-17055.6,220.861,59.7284
12826,-17058,220.877,59.7311
12827,-17060.4,220.893,59.7338
12828,-17062.8,220.908,59.7365
12829,-17065.1,220.924,59.7391
12830,-17067.5,220.939,59.7419
12831,-17069.9,220.955,59.7446
12832,-17072.3,220.97,59.7473
12833,-17074.7,220.986,59.7499
12834,-17077.1,221.001,59.7527
12835,-17079.5,221.017,59.7553
12836,-17081.8,221.032,59.758
12837,-17084.2,221.048,59.7609
12838,-17086.6,221.064,59.7636
12839,-17089,221.079,59.7663
12840,-17091.4,221.095,59.769
12841,-17093.8,221.11,59.7716
12842,-17096.1,221.126,59.7743
12843,-17098.5,221.141,59.7769
12844,-17100.9,221.157,59.7796
12845,-17103.3,221.172,59.7822
12846,-17105.7,221.188,59.7849
12847,-17108.1,221.203,59.7876
12848,-17110.5,221.219,59.7903
12849,-17112.9,221.235,59.793
12850,-17115.2,221.25,59.7958
12851,-17117.6,221.266,59.8041
12852,-17120,221.281,59.8073
12853,-17122.4,221.297,59.8101
12854,-17124.8,221.312,59.8128
12855,-17127.2,221.328,59.8155
12856,-17129.6,221.343,59.8181
12857,-17131.9,221.359,59.8207
12858,-17134.3,221.374,59.8234
12859,-17136.7,221.39,59.826
12860,-17139.1,221.405,59.8286
12861,-17141.5,221.421,59.8313
12862,-17143.9,221.437,59.834
12863,-17146.3,221.452,59.8366
12864,-17148.7,221.468,59.8393
12865,-17151.1,221.483,59.8419
12866,-17153.4,221.499,59.8446
12867,-17155.8,221.514,59.8472
12868,-17158.2,221.53,59.8498
12869,-17160.6,221.545,59.8524
12870,-17163,221.561,59.855
12871,-17165.4,221.576,59.8576
12872,-17167.8,221.592,59.8603
12873,-17170.2,221.608,59.8629
12874,-17172.6,221.623,59.8656
12875,-17175,221.639,59.8682
12876,-17177.3,221.654,59.8709
12877,-17179.7,221.67,59.8735
12878,-17182.1,221.685,59.8762
12879,-17184.5,221.701,59.8788
12880,-17186.9,221.716,59.8814
12881,-17189.3,221.732,59.8841
12882,-17191.7,221.747,59.8868
12883,-17194.1,221.763,59.8894
12884,-17196.5,221.778,59.8921
12885,-17198.9,221.794,59.8948
12886,-17201.3,221.81,59.8974
12887,-17203.7,221.825,59.9001
12888,-17206.1,221.841,59.9028
12889,-17208.4,221.856,59.9055
12890,-17210.8,221.872,59.9081
12891,-17213.2,221.887,59.9108
12892,-17215.6,221.903,59.9135
12893,-17218,221.918,59.9162
12894,-17220.4,221.934,59.9189
12895,-17222.8,221.949,59.9215
12896,-17225.2,221.965,59.9242
12897,-17227.6,221.981,59.9269
12898,-17230,221.996,59.9394
12899,-17232.4,222.012,59.9437
12900,-17234.8,222.027,59.9475
12901,-17237.2,222.043,59.9564
12902,-17239.6,222.058,59.9598
12903,-17242,222.074,59.9625
12904,-17244.4,222.089,59.9654
12905,-17246.7,222.105,59.9681
12906,-17249.1,222.12,59.971
12907,-17251.5,222.136,59.9737
12908,-17253.9,222.151,59.9765
12909,-17256.3,222.167,59.9793
12910,-17258.7,222.183,59.9819
12911,-17261.1,222.198,59.9845
12912,-17263.5,222.214,59.9872
12913,-17265.9,222.229,59.9899
12914,-17268.3,222.245,59.9926
12915,-17270.7,222.26,59.9953
12916,-17273.1,222.276,59.9979
12917,-17275.5,222.291,60.0007
12918,-17277.9,222.307,60.0035
12919,-17280.3,222.322,60.0061
12920,-17282.7,222.338,60.0089
12921,-17285.1,222.353,60.0117
12922,-17287.5,222.369,60.0143
12923,-17289.9,222.385,60.0171
12924,-17292.3,222.4,60.0198
12925,-17294.7,222.416,60.0226
12926,-17297.1,222.431,60.0252
12927,-17299.5,222.447,60.0279
12928,-17301.9,222.462,60.0306
12929,-17304.3,222.478,60.0459
12930,-17306.7,222.493,60.0488
12931,-17309.1,222.509,60.0515
12932,-17311.5,222.524,60.0544
12933,-17313.9,222.54,60.0572
12934,-17316.3,222.555,60.0599
12935,-17318.7,222.571,60.0627
12936,-17321.1,222.586,60.0655
12937,-17323.5,222.602,60.2445
12938,-17325.9,222.618,60.2489
12939,-17328.3,222.633,60.2527
12940,-17330.7,222.649,60.2561
12941,-17333.1,222.664,60.2593
12942,-17335.5,222.68,60.2622
12943,-17337.9,222.695,60.2651
12944,-17340.3,222.711,60.2679
12945,-17342.7,222.726,60.2708
12946,-17345.1,222.742,60.2735
12947,-17347.5,222.757,60.2763
12948,-17349.9,222.773,60.2791
12949,-17352.3,222.788,60.2818
12950,-17354.7,222.804,60.2845
12951,-17357.1,222.82,60.2946
12952,-17359.5,222.835,60.4116
12953,-17361.9,222.851,60.4163
12954,-17364.3,222.866,60.4196
12955,-17366.7,222.882,60.4224
12956,-17369.1,222.897,60.425
12957,-17371.5,222.913,60.4278
12958,-17373.9,222.928,60.4305
12959,-17376.3,222.944,60.4332
12960,-17378.7,222.959,60.4359
12961,-17381.1,222.975,60.4385
12962,-17383.5,222.99,60.4412
12963,-17385.9,223.006,60.4439
12964,-17388.3,223.021,60.4466
12965,-17390.7,223.037,60.4492
12966,-17393.2,223.053,60.4519
12967,-17395.6,223.068,60.4546
12968,-17398,223.084,60.4572
12969,-17400.4,223.099,60.4601
12970,-17402.8,223.115,60.4629
12971,-17405.2,223.13,60.4656
12972,-17407.6,223.146,60.4683
12973,-17410,223.161,60.471
12974,-17412.4,223.177,60.4738
12975,-17414.8,223.192,60.4765
12976,-17417.2,223.208,60.4791
12977,-17419.6,223.223,60.4818
12978,-17422,223.239,60.4844
12979,-17424.4,223.254,60.4871
12980,-17426.8,223.27,60.4897
12981,-17429.2,223.286,60.4924
12982,-17431.6,223.301,60.4951
12983,-17434.1,223.317,60.4979
12984,-17436.5,223.332,60.5007
12985,-17438.9,223.348,60.5034
12986,-17441.3,223.363,60.5062
12987,-17443.7,223.379,60.5089
12988,-17446.1,223.394,60.5115
12989,-17448.5,223.41,60.5143
12990,-17450.9,223.425,60.517
12991,-17453.3,223.441,60.5197
12992,-17455.7,223.456,60.5223
12993,-17458.1,223.472,60.5249
12994,-17460.5,223.487,60.5276
12995,-17463,223.503,60.5303
12996,-17465.4,223.519,60.533
12997,-17467.8,223.534,60.5359
12998,-17470.2,223.55,60.539
12999,-17472.6,223.565,60.5599
13000,-17475,223.581,60.5644
13001,-17477.4,223.596,60.588
13002,-17479.8,223.612,60.5928
13003,-17482.2,223.627,60.5966
13004,-17484.6,223.643,60.6992
13005,-17487.1,223.658,60.7047
13006,-17489.5,223.674,60.7089
13007,-17491.9,223.689,60.7125
13008,-17494.3,223.705,60.7155
13009,-17496.7,223.72,60.7183
13010,-17499.1,223.736,60.7211
13011,-17501.5,223.751,60.7239
13012,-17503.9,223.767,60.7266
13013,-17506.3,223.783,60.7294
13014,-17508.8,223.798,60.7321
13015,-17511.2,223.814,60.7348
13016,-17513.6,223.829,60.7375
13017,-17516,223.845,60.7402
13018,-17518.4,223.86,60.7429
13019,-17520.8,223.876,60.7456
13020,-17523.2,223.891,60.7482
13021,-17525.6,223.907,60.7588
13022,-17528.1,223.922,60.7615
13023,-17530.5,223.938,60.7641
13024,-17532.9,223.953,60.7667
13025,-17535.3,223.969,60.7693
13026,-17537.7,223.984,60.7718
13027,-17540.1,224,60.7745
13028,-17542.5,224.015,60.7774
13029,-17545,224.031,60.78
13030,-17547.4,224.047,60.7828
13031,-17549.8,224.062,60.7855
13032,-17552.2,224.078,60.7882
13033,-17554.6,224.093,60.7908
13034,-17557,224.109,60.7935
13035,-17559.4,224.124,60.7962
13036,-17561.9,224.14,60.7988
13037,-17564.3,224.155,60.8014
13038,-17566.7,224.171,60.8041
13039,-17569.1,224.186,60.8068
13040,-17571.5,224.202,60.9861
13041,-17573.9,224.217,60.9893
13042,-17576.4,224.233,60.992
13043,-17578.8,224.248,60.9946
13044,-17581.2,224.264,60.9972
13045,-17583.6,224.279,60.9999
13046,-17586,224.295,61.0024
13047,-17588.4,224.31,61.0052
13048,-17590.9,224.326,61.0078
13049,-17593.3,224.342,61.0104
13050,-17595.7,224.357,61.0131
13051,-17598.1,224.373,61.0269
13052,-17600.5,224.388,61.0302
13053,-17602.9,224.404,61.0329
13054,-17605.4,224.419,61.0356
13055,-17607.8,224.435,61.0383
13056,-17610.2,224.45,61.0408
13057,-17612.6,224.466,61.0546
13058,-17615,224.481,61.0575
13059,-17617.5,224.497,61.0601
13060,-17619.9,224.512,61.0628
13061,-17622.3,224.528,61.1537
13062,-17624.7,224.543,61.1573
13063,-17627.1,224.559,61.1602
13064,-17629.6,224.574,61.1633
13065,-17632,224.59,61.166
13066,-17634.4,224.605,61.1687
13067,-17636.8,224.621,61.1714
13068,-17639.2,224.637,61.1741
13069,-17641.7,224.652,61.1768
13070,-17644.1,224.668,61.1794
13071,-17646.5,224.683,61.182
13072,-17648.9,224.699,61.1847
13073,-17651.3,224.714,61.1873
13074,-17653.8,224.73,61.1898
13075,-17656.2,224.745,61.1924
13076,-17658.6,224.761,61.195
13077,-17661,224.776,61.1976
13078,-17663.4,224.792,61.2002
13079,-17665.9,224.807,61.2028
13080,-17668.3,224.823,61.2055
13081,-17670.7,224.838,61.2081
13082,-17673.1,224.854,61.2107
13083,-17675.6,224.869,61.2134
13084,-17678,224.885,61.216
13085,-17680.4,224.9,61.2187
13086,-17682.8,224.916,61.2213
13087,-17685.3,224.932,61.2239
13088,-17687.7,224.947,61.2265
13089,-17690.1,224.963,61.2291
13090,-17692.5,224.978,61.2318
13091,-17694.9,224.994,61.2343
13092,-17697.4,225.009,61.2369
13093,-17699.8,225.025,61.2395
13094,-17702.2,225.04,61.2421
13095,-17704.6,225.056,61.2447
13096,-17707.1,225.071,61.2473
13097,-17709.5,225.087,61.2499
13098,-17711.9,225.102,61.2525
13099,-17714.3,225.118,61.255
13100,-17716.8,225.133,61.2577
13101,-17719.2,225.149,61.2681
13102,-17721.6,225.164,61.2712
13103,-17724,225.18,61.274
13104,-17726.5,225.195,61.2766
13105,-17728.9,225.211,61.2793
13106,-17731.3,225.226,61.2819
13107,-17733.7,225.242,61.2844
13108,-17736.2,225.257,61.287
13109,-17738.6,225.273,61.2896
13110,-17741,225.289,61.292
13111,-17743.5,225.304,61.2942
13112,-17745.9,225.32,61.3496
13113,-17748.3,225.335,61.3547
13114,-17750.7,225.351,61.3587
13115,-17753.2,225.366,61.3623
13116,-17755.6,225.382,61.3655
13117,-17758,225.397,61.3684
13118,-17760.4,225.413,61.3715
13119,-17762.9,225.428,61.3742
13120,-17765.3,225.444,61.377
13121,-17767.7,225.459,61.3797
13122,-17770.2,225.475,61.3822
13123,-17772.6,225.49,61.3849
13124,-17775,225.506,61.3875
13125,-17777.4,225.521,61.3902
13126,-17779.9,225.537,61.3929
13127,-17782.3,225.552,61.3956
13128,-17784.7,225.568,61.3983
13129,-17787.2,225.583,61.4009
13130,-17789.6,225.599,61.4036
13131,-17792,225.614,61.4063
13132,-17794.5,225.63,61.4091
13133,-17796.9,225.646,61.4118
13134,-17799.3,225.661,61.4145
13135,-17801.7,225.677,61.4173
13136,-17804.2,225.692,61.4199
13137,-17806.6,225.708,61.4225
13138,-17809,225.723,61.4252
13139,-17811.5,225.739,61.4278
13140,-17813.9,225.754,61.4305
13141,-17816.3,225.77,61.4331
13142,-17818.8,225.785,61.4358
13143,-17821.2,225.801,61.4384
13144,-17823.6,225.816,61.4411
13145,-17826.1,225.832,61.4438
13146,-17828.5,225.847,61.4465
13147,-17830.9,225.863,61.4492
13148,-17833.4,225.878,61.4518
13149,-17835.8,225.894,61.4544
13150,-17838.2,225.909,61.457
13151,-17840.7,225.925,61.4663
13152,-17843.1,225.94,61.4693
13153,-17845.5,225.956,61.472
13154,-17848,225.971,61.4746
13155,-17850.4,225.987,61.6015
13156,-17852.8,226.002,61.6065
13157,-17855.3,226.018,61.6105
13158,-17857.7,226.033,61.6144
13159,-17860.1,226.049,61.6182
13160,-17862.6,226.065,61.6222
13161,-17865,226.08,61.626
13162,-17867.4,226.096,61.6299
13163,-17869.9,226.111,61.6337
13164,-17872.3,226.127,61.6375
13165,-17874.7,226.142,61.6413
13166,-17877.2,226.158,61.645
13167,-17879.6,226.173,61.6488
13168,-17882,226.189,61.6828
13169,-17884.5,226.204,61.6856
13170,-17886.9,226.22,61.6882
13171,-17889.4,226.235,61.6909
13172,-17891.8,226.251,61.6988
13173,-17894.2,226.266,61.7015
13174,-17896.7,226.282,61.7042
13175,-17899.1,226.297,61.7069
13176,-17901.5,226.313,61.7096
13177,-17904,226.328,61.7123
13178,-17906.4,226.344,61.715
13179,-17908.8,226.359,61.7177
13180,-17911.3,226.375,61.7204
13181,-17913.7,226.39,61.7232
13182,-17916.2,226.406,61.7258
13183,-17918.6,226.421,61.7285
13184,-17921,226.437,61.7311
13185,-17923.5,226.452,61.7338
13186,-17925.9,226.468,61.7364
13187,-17928.4,226.483,61.739
13188,-17930.8,226.499,61.7417
13189,-17933.2,226.515,61.7444
13190,-17935.7,226.53,61.747
13191,-17938.1,226.546,61.7497
13192,-17940.6,226.561,61.7523
13193,-17943,226.577,61.755
13194,-17945.4,226.592,61.7576
13195,-17947.9,226.608,61.7602
13196,-17950.3,226.623,61.7628
13197,-17952.7,226.639,61.7824
13198,-17955.2,226.654,61.785
13199,-17957.6,226.67,61.7877
13200,-17960.1,226.685,61.7904
13201,-17962.5,226.701,61.8136
13202,-17965,226.716,61.8175
13203,-17967.4,226.732,61.8207
13204,-17969.8,226.747,61.8236
13205,-17972.3,226.763,61.8263
13206,-17974.7,226.778,61.8289
13207,-17977.2,226.794,61.854
13208,-17979.6,226.809,61.8568
13209,-17982,226.825,61.8595
13210,-17984.5,226.84,61.8621
13211,-17986.9,226.856,61.8647
13212,-17989.4,226.871,61.8672
13213,-17991.8,226.887,61.8698
13214,-17994.3,226.902,61.8724
13215,-17996.7,226.918,61.875
13216,-17999.1,226.933,61.8776
13217,-18001.6,226.949,61.8802
13218,-18004,226.964,61.8829
13219,-18006.5,226.98,61.8856
13220,-18008.9,226.995,61.8882
13221,-18011.4,227.011,61.8908
13222,-18013.8,227.027,61.8936
13223,-18016.2,227.042,61.8962
13224,-18018.7,227.058,61.8989
13225,-18021.1,227.073,61.9015
13226,-18023.6,227.089,61.9118
13227,-18026,227.104,61.9149
13228,-18028.5,227.12,61.9175
13229,-18030.9,227.135,61.9202
13230,-18033.4,227.151,61.9228
13231,-18035.8,227.166,61.9254
13232,-18038.3,227.182,61.928
13233,-18040.7,227.197,61.9306
13234,-18043.1,227.213,61.9333
13235,-18045.6,227.228,61.9359
13236,-18048,227.244,61.9384
13237,-18050.5,227.259,61.941
13238,-18052.9,227.275,61.9436
13239,-18055.4,227.29,61.9462
13240,-18057.8,227.306,61.9487
13241,-18060.3,227.321,61.9513
13242,-18062.7,227.337,61.9538
13243,-18065.2,227.352,61.9564
13244,-18067.6,227.368,61.9589
13245,-18070.1,227.383,61.9615
13246,-18072.5,227.399,61.9642
13247,-18075,227.414,61.9667
13248,-18077.4,227.43,61.9694
13249,-18079.9,227.445,61.9719
13250,-18082.3,227.461,61.9744
13251,-18084.7,227.476,61.9826
13252,-18087.2,227.492,61.9857
13253,-18089.6,227.507,61.9883
13254,-18092.1,227.523,61.9908
13255,-18094.5,227.538,61.9934
13256,-18097,227.554,61.9961
13257,-18099.4,227.569,62.0085
13258,-18101.9,227.585,62.0116
13259,-18104.3,227.6,62.0142
13260,-18106.8,227.616,62.0168
13261,-18109.2,227.631,62.0195
13262,-18111.7,227.647,62.022
13263,-18114.1,227.662,62.0246
13264,-18116.6,227.678,62.0271
13265,-18119,227.693,62.0297
13266,-18121.5,227.709,62.0322
13267,-18123.9,227.725,62.0349
13268,-18126.4,227.74,62.0375
13269,-18128.8,227.756,62.126
13270,-18131.3,227.771,62.1319
13271,-18133.7,227.787,62.1505
13272,-18136.2,227.802,62.1546
13273,-18138.7,227.818,62.1585
13274,-18141.1,227.833,62.169
13275,-18143.6,227.849,62.173
13276,-18146,227.864,62.1768
13277,-18148.5,227.88,62.1807
13278,-18150.9,227.895,62.1852
13279,-18153.4,227.911,62.1878
13280,-18155.8,227.926,62.1904
13281,-18158.3,227.942,62.1931
13282,-18160.7,227.957,62.1958
13283,-18163.2,227.973,62.1985
13284,-18165.6,227.988,62.201
13285,-18168.1,228.004,62.2037
13286,-18170.5,228.019,62.2064
13287,-18173,228.035,62.2091
13288,-18175.4,228.05,62.2118
13289,-18177.9,228.066,62.2145
13290,-18180.4,228.081,62.2171
13291,-18182.8,228.097,62.2197
13292,-18185.3,228.112,62.2224
13293,-18187.7,228.128,62.225
13294,-18190.2,228.143,62.2276
13295,-18192.6,228.159,62.2302
13296,-18195.1,228.174,62.2328
13297,-18197.5,228.19,62.2354
13298,-18200,228.205,62.238
13299,-18202.5,228.221,62.2406
13300,-18204.9,228.236,62.2433
13301,-18207.4,228.252,62.2545
13302,-18209.8,228.267,62.2576
13303,-18212.3,228.283,62.2602
13304,-18214.7,228.298,62.2628
13305,-18217.2,228.314,62.2654
13306,-18219.7,228.329,62.268
13307,-18222.1,228.345,62.2707
13308,-18224.6,228.36,62.2733
13309,-18227,228.376,62.2759
13310,-18229.5,228.391,62.2786
13311,-18231.9,228.407,62.2812
13312,-18234.4,228.422,62.2838
13313,-18236.9,228.438,62.2864
13314,-18239.3,228.453,62.289
13315,-18241.8,228.469,62.2916
13316,-18244.2,228.484,62.2942
13317,-18246.7,228.5,62.2968
13318,-18249.1,228.515,62.2995
13319,-18251.6,228.531,62.3021
13320,-18254.1,228.546,62.3048
13321,-18256.5,228.562,62.3074
13322,-18259,228.577,62.31
13323,-18261.4,228.593,62.3126
13324,-18263.9,228.608,62.3153
13325,-18266.4,228.624,62.3179
13326,-18268.8,228.639,62.3204
13327,-18271.3,228.655,62.323
13328,-18273.7,228.67,62.3256
13329,-18276.2,228.686,62.3282
13330,-18278.7,228.701,62.3307
13331,-18281.1,228.717,62.3332
13332,-18283.6,228.732,62.3358
13333,-18286,228.748,62.3384
13334,-18288.5,228.763,62.3484
13335,-18291,228.779,62.3511
13336,-18293.4,228.794,62.3537
13337,-18295.9,228.81,62.3564
13338,-18298.4,228.825,62.359
13339,-18300.8,228.841,62.3616
13340,-18303.3,228.857,62.3643
13341,-18305.7,228.872,62.3669
13342,-18308.2,228.888,62.3695
13343,-18310.7,228.903,62.3721
13344,-18313.1,228.919,62.3747
13345,-18315.6,228.934,62.3773
13346,-18318.1,228.95,62.3799
13347,-18320.5,228.965,62.3825
13348,-18323,228.981,62.3851
13349,-18325.4,228.996,62.3877
13350,-18327.9,229.012,62.3904
13351,-18330.4,229.027,62.4049
13352,-18332.8,229.043,62.4089
13353,-18335.3,229.058,62.4121
13354,-18337.8,229.074,62.4232
13355,-18340.2,229.089,62.4264
13356,-18342.7,229.105,62.4291
13357,-18345.2,229.12,62.4318
13358,-18347.6,229.136,62.4345
13359,-18350.1,229.151,62.4372
13360,-18352.6,229.167,62.4399
13361,-18355,229.182,62.4425
13362,-18357.5,229.198,62.4452
13363,-18360,229.213,62.4478
13364,-18362.4,229.229,62.4506
13365,-18364.9,229.244,62.4532
13366,-18367.3,229.26,62.4558
13367,-18369.8,229.275,62.4585
13368,-18372.3,229.291,62.4611
13369,-18374.7,229.306,62.4637
13370,-18377.2,229.322,62.4663
13371,-18379.7,229.337,62.4688
13372,-18382.1,229.353,62.4713
13373,-18384.6,229.368,62.4739
13374,-18387.1,229.384,62.4765
13375,-18389.6,229.399,62.4791
13376,-18392,229.415,62.4918
13377,-18394.5,229.43,62.4945
13378,-18397,229.446,62.4971
13379,-18399.4,229.461,62.4998
13380,-18401.9,229.477,62.5092
13381,-18404.4,229.492,62.5116
13382,-18406.8,229.508,62.5138
13383,-18409.3,229.523,62.516
13384,-18411.8,229.539,62.5184
13385,-18414.2,229.554,62.5265
13386,-18416.7,229.57,62.5292
13387,-18419.2,229.585,62.5318
13388,-18421.6,229.601,62.5344
13389,-18424.1,229.616,62.537
13390,-18426.6,229.632,62.5396
13391,-18429.1,229.647,62.5422
13392,-18431.5,229.663,62.5448
13393,-18434,229.678,62.5473
13394,-18436.5,229.694,62.5499
13395,-18438.9,229.709,62.5525
13396,-18441.4,229.725,62.555
13397,-18443.9,229.74,62.5576
13398,-18446.3,229.756,62.5602
13399,-18448.8,229.771,62.5628
13400,-18451.3,229.787,62.5654
13401,-18453.8,229.802,62.5736
13402,-18456.2,229.818,62.584
13403,-18458.7,229.833,62.5867
13404,-18461.2,229.849,62.5894
13405,-18463.6,229.864,62.592
13406,-18466.1,229.88,62.5945
13407,-18468.6,229.895,62.5972
13408,-18471.1,229.911,62.6
13409,-18473.5,229.926,62.6028
13410,-18476,229.942,62.6055
13411,-18478.5,229.957,62.6082
13412,-18481,229.973,62.6109
13413,-18483.4,229.988,62.6136
13414,-18485.9,230.004,62.6162
13415,-18488.4,230.019,62.6188
13416,-18490.9,230.035,62.6214
13417,-18493.3,230.05,62.624
13418,-18495.8,230.066,62.6267
13419,-18498.3,230.081,62.6292
13420,-18500.7,230.097,62.6319
13421,-18503.2,230.112,62.6344
13422,-18505.7,230.128,62.6371
13423,-18508.2,230.143,62.6396
13424,-18510.6,230.159,62.6422
13425,-18513.1,230.174,62.6448
13426,-18515.6,230.19,62.6473
13427,-18518.1,230.205,62.6499
13428,-18520.6,230.221,62.6525
13429,-18523,230.236,62.6551
13430,-18525.5,230.252,62.6577
13431,-18528,230.267,62.6724
13432,-18530.5,230.283,62.6756
13433,-18532.9,230.298,62.6782
13434,-18535.4,230.314,62.6808
13435,-18537.9,230.329,62.6884
13436,-18540.4,230.345,62.6909
13437,-18542.8,230.36,62.6936
13438,-18545.3,230.376,62.6962
13439,-18547.8,230.391,62.6989
13440,-18550.3,230.407,62.7015
13441,-18552.7,230.422,62.7043
13442,-18555.2,230.438,62.7069
13443,-18557.7,230.453,62.7095
13444,-18560.2,230.469,62.7121
13445,-18562.7,230.484,62.7148
13446,-18565.1,230.499,62.7174
13447,-18567.6,230.515,62.72
13448,-18570.1,230.53,62.7227
13449,-18572.6,230.546,62.7253
13450,-18575.1,230.561,62.728
13451,-18577.5,230.577,62.7387
13452,-18580,230.592,62.7417
13453,-18582.5,230.608,62.7443
13454,-18585,230.623,62.747
13455,-18587.5,230.639,62.7495
13456,-18589.9,230.654,62.7521
13457,-18592.4,230.67,62.7547
13458,-18594.9,230.685,62.7574
13459,-18597.4,230.701,62.76
13460,-18599.9,230.716,62.7626
13461,-18602.3,230.732,62.7652
13462,-18604.8,230.747,62.7678
13463,-18607.3,230.763,62.7703
13464,-18609.8,230.778,62.7729
13465,-18612.3,230.794,62.7884
13466,-18614.7,230.809,62.7911
13467,-18617.2,230.825,62.7938
13468,-18619.7,230.84,62.7964
13469,-18622.2,230.856,62.799
13470,-18624.7,230.871,62.8016
13471,-18627.2,230.887,62.8042
13472,-18629.6,230.902,62.8068
13473,-18632.1,230.918,62.8094
13474,-18634.6,230.933,62.812
13475,-18637.1,230.949,62.8146
13476,-18639.6,230.964,62.8171
13477,-18642,230.98,62.8197
13478,-18644.5,230.995,62.8222
13479,-18647,231.011,62.8248
13480,-18649.5,231.026,62.8274
13481,-18652,231.042,62.83
13482,-18654.5,231.057,62.8327
13483,-18657,231.073,62.8352
13484,-18659.4,231.088,62.8378
13485,-18661.9,231.104,62.8404
13486,-18664.4,231.119,62.843
13487,-18666.9,231.135,62.8456
13488,-18669.4,231.15,62.8482
13489,-18671.9,231.166,62.8507
13490,-18674.3,231.181,62.8533
13491,-18676.8,231.197,62.8559
13492,-18679.3,231.212,62.8584
13493,-18681.8,231.228,62.861
13494,-18684.3,231.243,62.8636
13495,-18686.8,231.259,62.8661
13496,-18689.3,231.274,62.8688
13497,-18691.7,231.29,62.8714
13498,-18694.2,231.305,62.874
13499,-18696.7,231.321,62.8766
13500,-18699.2,231.336,62.8791
13501,-18701.7,231.352,62.8869
13502,-18704.2,231.367,62.89
13503,-18706.7,231.383,62.8925
13504,-18709.2,231.398,62.8951
13505,-18711.6,231.414,62.8977
13506,-18714.1,231.429,62.9002
13507,-18716.6,231.445,62.9029
13508,-18719.1,231.46,62.9055
13509,-18721.6,231.476,62.9081
13510,-18724.1,231.491,62.9107
13511,-18726.6,231.507,62.9132
13512,-18729.1,231.522,62.9158
13513,-18731.5,231.538,62.9184
13514,-18734,231.553,62.921
13515,-18736.5,231.569,62.9236
13516,-18739,231.584,62.9261
13517,-18741.5,231.6,62.9287
13518,-18744,231.615,62.9313
13519,-18746.5,231.63,62.9339
13520,-18749,231.646,62.9365
13521,-18751.5,231.661,62.9391
13522,-18754,231.677,62.9417
13523,-18756.4,231.692,62.9443
13524,-18758.9,231.708,62.9469
13525,-18761.4,231.723,62.9495
13526,-18763.9,231.739,62.9521
13527,-18766.4,231.754,62.9547
13528,-18768.9,231.77,62.9573
13529,-18771.4,231.785,62.9598
13530,-18773.9,231.801,62.9624
13531,-18776.4,231.816,62.965
13532,-18778.9,231.832,62.9677
13533,-18781.4,231.847,62.9702
13534,-18783.8,231.863,62.9729
13535,-18786.3,231.878,62.9755
13536,-18788.8,231.894,62.978
13537,-18791.3,231.909,62.9806
13538,-18793.8,231.925,62.9833
13539,-18796.3,231.94,62.9859
13540,-18798.8,231.956,62.9883
13541,-18801.3,231.971,62.9909
13542,-18803.8,231.987,62.9935
13543,-18806.3,232.002,62.9961
13544,-18808.8,232.018,62.9988
13545,-18811.3,232.033,63.0014
13546,-18813.8,232.049,63.004
13547,-18816.3,232.064,63.0067
13548,-18818.7,232.08,63.0093
13549,-18821.2,232.095,63.0119
13550,-18823.7,232.111,63.0145
13551,-18826.2,232.126,63.0225
13552,-18828.7,232.142,63.0255
13553,-18831.2,232.157,63.0281
13554,-18833.7,232.173,63.0308
13555,-18836.2,232.188,63.0334
13556,-18838.7,232.204,63.0361
13557,-18841.2,232.219,63.0388
13558,-18843.7,232.235,63.0413
13559,-18846.2,232.25,63.044
13560,-18848.7,232.266,63.0466
13561,-18851.2,232.281,63.0492
13562,-18853.7,232.297,63.0519
13563,-18856.2,232.312,63.0545
13564,-18858.7,232.327,63.0571
13565,-18861.2,232.343,63.0598
13566,-18863.7,232.358,63.0624
13567,-18866.2,232.374,63.065
13568,-18868.7,232.389,63.0675
13569,-18871.2,232.405,63.0701
13570,-18873.7,232.42,63.0728
13571,-18876.2,232.436,63.0754
13572,-18878.7,232.451,63.078
13573,-18881.2,232.467,63.0807
13574,-18883.6,232.482,63.0833
13575,-18886.1,232.498,63.0859
13576,-18888.6,232.513,63.0885
13577,-18891.1,232.529,63.0911
13578,-18893.6,232.544,63.0937
13579,-18896.1,232.56,63.0963
13580,-18898.6,232.575,63.0988
13581,-18901.1,232.591,63.1014
13582,-18903.6,232.606,63.104
13583,-18906.1,232.622,63.1066
13584,-18908.6,232.637,63.1092
13585,-18911.1,232.653,63.1117
13586,-18913.6,232.668,63.1143
13587,-18916.1,232.684,63.117
13588,-18918.6,232.699,63.1196
13589,-18921.1,232.715,63.1222
13590,-18923.6,232.73,63.1247
13591,-18926.1,232.746,63.1273
13592,-18928.6,232.761,63.13
13593,-18931.1,232.777,63.1326
13594,-18933.6,232.792,63.1352
13595,-18936.1,232.808,63.1378
13596,-18938.6,232.823,63.1404
13597,-18941.1,232.839,63.1431
13598,-18943.7,232.854,63.1457
13599,-18946.2,232.869,63.1483
13600,-18948.7,232.885,63.1508
13601,-18951.2,232.9,63.1654
13602,-18953.7,232.916,63.1698
13603,-18956.2,232.931,63.1735
13604,-18958.7,232.947,63.177
13605,-18961.2,232.962,63.1801
13606,-18963.7,232.978,63.1829
13607,-18966.2,232.993,63.1856
13608,-18968.7,233.009,63.1883
13609,-18971.2,233.024,63.191
13610,-18973.7,233.04,63.1937
13611,-18976.2,233.055,63.1963
13612,-18978.7,233.071,63.199
13613,-18981.2,233.086,63.2016
13614,-18983.7,233.102,63.2042
13615,-18986.2,233.117,63.2068
13616,-18988.7,233.133,63.2094
13617,-18991.2,233.148,63.212
13618,-18993.7,233.164,63.2146
13619,-18996.2,233.179,63.2173
13620,-18998.7,233.195,63.2199
13621,-19001.2,233.21,63.2226
13622,-19003.7,233.226,63.2253
13623,-19006.2,233.241,63.2278
13624,-19008.8,233.257,63.2304
13625,-19011.3,233.272,63.233
13626,-19013.8,233.288,63.2357
13627,-19016.3,233.303,63.2383
13628,-19018.8,233.319,63.2409
13629,-19021.3,233.334,63.2435
13630,-19023.8,233.349,63.2461
13631,-19026.3,233.365,63.2486
13632,-19028.8,233.38,63.2512
13633,-19031.3,233.396,63.2538
13634,-19033.8,233.411,63.2564
13635,-19036.3,233.427,63.259
13636,-19038.8,233.442,63.2615
13637,-19041.3,233.458,63.2641
13638,-19043.8,233.473,63.2667
13639,-19046.4,233.489,63.2692
13640,-19048.9,233.504,63.2718
13641,-19051.4,233.52,63.2743
13642,-19053.9,233.535,63.277
13643,-19056.4,233.551,63.2796
13644,-19058.9,233.566,63.2822
13645,-19061.4,233.582,63.2848
13646,-19063.9,233.597,63.2873
13647,-19066.4,233.613,63.2898
13648,-19068.9,233.628,63.2924
13649,-19071.4,233.644,63.295
13650,-19074,233.659,63.2976
13651,-19076.5,233.675,63.3133
13652,-19079,233.69,63.3176
13653,-19081.5,233.706,63.3213
13654,-19084,233.721,63.3241
13655,-19086.5,233.736,63.3268
13656,-19089,233.752,63.3294
13657,-19091.5,233.767,63.3322
13658,-19094,233.783,63.3349
13659,-19096.5,233.798,63.3377
13660,-19099.1,233.814,63.3404
13661,-19101.6,233.829,63.3431
13662,-19104.1,233.845,63.3459
13663,-19106.6,233.86,63.3485
13664,-19109.1,233.876,63.3512
13665,-19111.6,233.891,63.3539
13666,-19114.1,233.907,63.3566
13667,-19116.6,233.922,63.3592
13668,-19119.2,233.938,63.3619
13669,-19121.7,233.953,63.3647
13670,-19124.2,233.969,63.3673
13671,-19126.7,233.984,63.37
13672,-19129.2,234,63.3726
13673,-19131.7,234.015,63.3755
13674,-19134.2,234.031,63.3781
13675,-19136.7,234.046,63.3807
13676,-19139.3,234.062,63.3833
13677,-19141.8,234.077,63.3859
13678,-19144.3,234.093,63.3885
13679,-19146.8,234.108,63.3912
13680,-19149.3,234.123,63.394
13681,-19151.8,234.139,63.3967
13682,-19154.3,234.154,63.3994
13683,-19156.9,234.17,63.402
13684,-19159.4,234.185,63.4047
13685,-19161.9,234.201,63.4074
13686,-19164.4,234.216,63.41
13687,-19166.9,234.232,63.4126
13688,-19169.4,234.247,63.4153
13689,-19172,234.263,63.418
13690,-19174.5,234.278,63.4207
13691,-19177,234.294,63.4233
13692,-19179.5,234.309,63.4259
13693,-19182,234.325,63.4285
13694,-19184.5,234.34,63.4311
13695,-19187.1,234.356,63.4337
13696,-19189.6,234.371,63.4363
13697,-19192.1,234.387,63.4389
13698,-19194.6,234.402,63.4416
13699,-19197.1,234.418,63.4441
13700,-19199.6,234.433,63.4468
13701,-19202.2,234.449,63.4552
13702,-19204.7,234.464,63.4583
13703,-19207.2,234.479,63.4608
13704,-19209.7,234.495,63.4635
13705,-19212.2,234.51,63.466
13706,-19214.7,234.526,63.4687
13707,-19217.3,234.541,63.4712
13708,-19219.8,234.557,63.4738
13709,-19222.3,234.572,63.4764
13710,-19224.8,234.588,63.479
13711,-19227.3,234.603,63.4816
13712,-19229.9,234.619,63.4843
13713,-19232.4,234.634,63.4868
13714,-19234.9,234.65,63.4894
13715,-19237.4,234.665,63.492
13716,-19239.9,234.681,63.4946
13717,-19242.5,234.696,63.4971
13718,-19245,234.712,63.4997
13719,-19247.5,234.727,63.5024
13720,-19250,234.743,63.505
13721,-19252.5,234.758,63.5076
13722,-19255.1,234.774,63.5102
13723,-19257.6,234.789,63.5128
13724,-19260.1,234.804,63.5154
13725,-19262.6,234.82,63.518
13726,-19265.1,234.835,63.5206
13727,-19267.7,234.851,63.5232
13728,-19270.2,234.866,63.5258
13729,-19272.7,234.882,63.5284
13730,-19275.2,234.897,63.5309
13731,-19277.8,234.913,63.5335
13732,-19280.3,234.928,63.5361
13733,-19282.8,234.944,63.544
13734,-19285.3,234.959,63.5466
13735,-19287.8,234.975,63.5492
13736,-19290.4,234.99,63.5518
13737,-19292.9,235.006,63.5543
13738,-19295.4,235.021,63.5569
13739,-19297.9,235.037,63.5594
13740,-19300.5,235.052,63.562
13741,-19303,235.068,63.5646
13742,-19305.5,235.083,63.5672
13743,-19308,235.098,63.5698
13744,-19310.6,235.114,63.5724
13745,-19313.1,235.129,63.575
13746,-19315.6,235.145,63.5776
13747,-19318.1,235.16,63.5802
13748,-19320.7,235.176,63.5828
13749,-19323.2,235.191,63.5853
13750,-19325.7,235.207,63.588
13751,-19328.2,235.222,63.5957
13752,-19330.8,235.238,63.5988
13753,-19333.3,235.253,63.6016
13754,-19335.8,235.269,63.6043
13755,-19338.3,235.284,63.607
13756,-19340.9,235.3,63.6097
13757,-19343.4,235.315,63.6125
13758,-19345.9,235.331,63.6152
13759,-19348.4,235.346,63.6179
13760,-19351,235.362,63.6204
13761,-19353.5,235.377,63.6231
13762,-19356,235.392,63.6258
13763,-19358.5,235.408,63.6285
13764,-19361.1,235.423,63.6312
13765,-19363.6,235.439,63.6339
13766,-19366.1,235.454,63.6365
13767,-19368.7,235.47,63.6391
13768,-19371.2,235.485,63.6418
13769,-19373.7,235.501,63.6444
13770,-19376.2,235.516,63.647
13771,-19378.8,235.532,63.6496
13772,-19381.3,235.547,63.6522
13773,-19383.8,235.563,63.6549
13774,-19386.4,235.578,63.6574
13775,-19388.9,235.594,63.66
13776,-19391.4,235.609,63.6626
13777,-19393.9,235.625,63.6652
13778,-19396.5,235.64,63.6679
13779,-19399,235.655,63.6706
13780,-19401.5,235.671,63.6733
13781,-19404.1,235.686,63.6759
13782,-19406.6,235.702,63.6784
13783,-19409.1,235.717,63.6811
13784,-19411.7,235.733,63.6837
13785,-19414.2,235.748,63.6863
13786,-19416.7,235.764,63.689
13787,-19419.2,235.779,63.6916
13788,-19421.8,235.795,63.6941
13789,-19424.3,235.81,63.6967
13790,-19426.8,235.826,63.6993
13791,-19429.4,235.841,63.7018
13792,-19431.9,235.857,63.7044
13793,-19434.4,235.872,63.707
13794,-19437,235.888,63.7097
13795,-19439.5,235.903,63.7123
13796,-19442,235.918,63.7148
13797,-19444.6,235.934,63.7174
13798,-19447.1,235.949,63.72
13799,-19449.6,235.965,63.7226
13800,-19452.2,235.98,63.7252
13801,-19454.7,235.996,63.7315
13802,-19457.2,236.011,63.7342
13803,-19459.8,236.027,63.7368
13804,-19462.3,236.042,63.7393
13805,-19464.8,236.058,63.7419
13806,-19467.4,236.073,63.7445
13807,-19469.9,236.089,63.747
13808,-19472.4,236.104,63.7496
13809,-19475,236.12,63.7522
13810,-19477.5,236.135,63.7549
13811,-19480,236.151,63.7574
13812,-19482.6,236.166,63.76
13813,-19485.1,236.181,63.7625
13814,-19487.6,236.197,63.7652
13815,-19490.2,236.212,63.7678
13816,-19492.7,236.228,63.7704
13817,-19495.2,236.243,63.7731
13818,-19497.8,236.259,63.7756
13819,-19500.3,236.274,63.7781
13820,-19502.8,236.29,63.7807
13821,-19505.4,236.305,63.7833
13822,-19507.9,236.321,63.7859
13823,-19510.5,236.336,63.7884
13824,-19513,236.352,63.791
13825,-19515.5,236.367,63.7936
13826,-19518.1,236.383,63.7962
13827,-19520.6,236.398,63.7988
13828,-19523.1,236.413,63.8014
13829,-19525.7,236.429,63.8039
13830,-19528.2,236.444,63.8065
13831,-19530.8,236.46,63.8091
13832,-19533.3,236.475,63.8118
13833,-19535.8,236.491,63.8143
13834,-19538.4,236.506,63.8169
13835,-19540.9,236.522,63.8195
13836,-19543.4,236.537,63.8221
13837,-19546,236.553,63.8247
13838,-19548.5,236.568,63.8273
13839,-19551.1,236.584,63.8299
13840,-19553.6,236.599,63.8325
13841,-19556.1,236.615,63.8351
13842,-19558.7,236.63,63.8377
13843,-19561.2,236.646,63.8402
13844,-19563.8,236.661,63.8428
13845,-19566.3,236.676,63.8455
13846,-19568.8,236.692,63.8548
13847,-19571.4,236.707,63.8589
13848,-19573.9,236.723,63.8628
13849,-19576.5,236.738,63.8661
13850,-19579,236.754,63.869
13851,-19581.5,236.769,63.8778
13852,-19584.1,236.785,63.8809
13853,-19586.6,236.8,63.8836
13854,-19589.2,236.816,63.8862
13855,-19591.7,236.831,63.8888
13856,-19594.2,236.847,63.8917
13857,-19596.8,236.862,63.8943
13858,-19599.3,236.878,63.8969
13859,-19601.9,236.893,63.8996
13860,-19604.4,236.908,63.9022
13861,-19606.9,236.924,63.9049
13862,-19609.5,236.939,63.9075
13863,-19612,236.955,63.91
13864,-19614.6,236.97,63.9128
13865,-19617.1,236.986,63.9155
13866,-19619.7,237.001,63.9181
13867,-19622.2,237.017,63.9207
13868,-19624.7,237.032,63.9233
13869,-19627.3,237.048,63.9259
13870,-19629.8,237.063,63.9285
13871,-19632.4,237.079,63.9311
13872,-19634.9,237.094,63.9338
13873,-19637.5,237.109,63.9363
13874,-19640,237.125,63.9388
13875,-19642.6,237.14,63.9416
13876,-19645.1,237.156,63.9441
13877,-19647.6,237.171,63.9468
13878,-19650.2,237.187,63.9493
13879,-19652.7,237.202,63.9519
13880,-19655.3,237.218,63.9545
13881,-19657.8,237.233,63.9571
13882,-19660.4,237.249,63.9597
13883,-19662.9,237.264,63.9622
13884,-19665.5,237.28,63.9647
13885,-19668,237.295,63.9674
13886,-19670.6,237.311,63.9699
13887,-19673.1,237.326,63.9726
13888,-19675.6,237.341,63.9751
13889,-19678.2,237.357,63.9778
13890,-19680.7,237.372,63.9804
13891,-19683.3,237.388,63.983
13892,-19685.8,237.403,63.9856
13893,-19688.4,237.419,63.9881
13894,-19690.9,237.434,63.9907
13895,-19693.5,237.45,63.9933
13896,-19696,237.465,63.9959
13897,-19698.6,237.481,63.9984
13898,-19701.1,237.496,64.0006
13899,-19703.7,237.512,64.0032
13900,-19706.2,237.527,64.0056
13901,-19708.8,237.542,64.0136
13902,-19711.3,237.558,64.0167
13903,-19713.9,237.573,64.0193
13904,-19716.4,237.589,64.022
13905,-19719,237.604,64.0247
13906,-19721.5,237.62,64.0274
13907,-19724.1,237.635,64.03
13908,-19726.6,237.651,64.0327
13909,-19729.2,237.666,64.0353
13910,-19731.7,237.682,64.038
13911,-19734.3,237.697,64.0407
13912,-19736.8,237.713,64.0433
13913,-19739.4,237.728,64.046
13914,-19741.9,237.743,64.0487
13915,-19744.5,237.759,64.0514
13916,-19747,237.774,64.0541
13917,-19749.6,237.79,64.0567
13918,-19752.1,237.805,64.0594
13919,-19754.7,237.821,64.0619
13920,-19757.2,237.836,64.0645
13921,-19759.8,237.852,64.0671
13922,-19762.3,237.867,64.0698
13923,-19764.9,237.883,64.0724
13924,-19767.4,237.898,64.075
13925,-19770,237.914,64.0776
13926,-19772.5,237.929,64.0803
13927,-19775.1,237.944,64.083
13928,-19777.6,237.96,64.0856
13929,-19780.2,237.975,64.0882
13930,-19782.7,237.991,64.0997
13931,-19785.3,238.006,64.1038
13932,-19787.8,238.022,64.1072
13933,-19790.4,238.037,64.11
13934,-19792.9,238.053,64.1128
13935,-19795.5,238.068,64.1156
13936,-19798,238.084,64.1182
13937,-19800.6,238.099,64.1211
13938,-19803.2,238.115,64.1237
13939,-19805.7,238.13,64.1265
13940,-19808.3,238.145,64.1291
13941,-19810.8,238.161,64.1319
13942,-19813.4,238.176,64.1346
13943,-19815.9,238.192,64.1372
13944,-19818.5,238.207,64.14
13945,-19821,238.223,64.1426
13946,-19823.6,238.238,64.1455
13947,-19826.1,238.254,64.1482
13948,-19828.7,238.269,64.1509
13949,-19831.3,238.285,64.1536
13950,-19833.8,238.3,64.1563
13951,-19836.4,238.315,64.165
13952,-19838.9,238.331,64.1681
13953,-19841.5,238.346,64.1707
13954,-19844,238.362,64.1733
13955,-19846.6,238.377,64.1759
13956,-19849.2,238.393,64.1784
13957,-19851.7,238.408,64.181
13958,-19854.3,238.424,64.1837
13959,-19856.8,238.439,64.1863
13960,-19859.4,238.455,64.1889
13961,-19861.9,238.47,64.1915
13962,-19864.5,238.486,64.1942
13963,-19867.1,238.501,64.1967
13964,-19869.6,238.516,64.1993
13965,-19872.2,238.532,64.2019
13966,-19874.7,238.547,64.2044
13967,-19877.3,238.563,64.207
13968,-19879.8,238.578,64.2096
13969,-19882.4,238.594,64.2122
13970,-19885,238.609,64.2148
13971,-19887.5,238.625,64.2174
13972,-19890.1,238.64,64.22
13973,-19892.6,238.656,64.2227
13974,-19895.2,238.671,64.2252
13975,-19897.8,238.686,64.2278
13976,-19900.3,238.702,64.2304
13977,-19902.9,238.717,64.233
13978,-19905.4,238.733,64.2356
13979,-19908,238.748,64.2382
13980,-19910.6,238.764,64.2409
13981,-19913.1,238.779,64.2435
13982,-19915.7,238.795,64.2461
13983,-19918.2,238.81,64.2487
13984,-19920.8,238.826,64.2513
13985,-19923.4,238.841,64.254
13986,-19925.9,238.857,64.2566
13987,-19928.5,238.872,64.2592
13988,-19931,238.887,64.2617
13989,-19933.6,238.903,64.2643
13990,-19936.2,238.918,64.2669
13991,-19938.7,238.934,64.2695
13992,-19941.3,238.949,64.2721
13993,-19943.9,238.965,64.2748
13994,-19946.4,238.98,64.2774
13995,-19949,238.996,64.28
13996,-19951.5,239.011,64.2827
13997,-19954.1,239.027,64.2853
13998,-19956.7,239.042,64.288
13999,-19959.2,239.057,64.2905
14000,-19961.8,239.073,64.2932
14001,-19964.4,239.088,64.3065
14002,-19966.9,239.104,64.3095
14003,-19969.5,239.119,64.3121
14004,-19972.1,239.135,64.3147
14005,-19974.6,239.15,64.3173
14006,-19977.2,239.166,64.3199
14007,-19979.7,239.181,64.3224
14008,-19982.3,239.197,64.325
14009,-19984.9,239.212,64.3277
14010,-19987.4,239.227,64.3303
14011,-19990,239.243,64.3329
14012,-19992.6,239.258,64.3355
14013,-19995.1,239.274,64.338
14014,-19997.7,239.289,64.3405
14015,-20000.3,239.305,64.343
14016,-20002.8,239.32,64.3458
14017,-20005.4,239.336,64.3484
14018,-20008,239.351,64.351
14019,-20010.5,239.367,64.3536
14020,-20013.1,239.382,64.3562
14021,-20015.7,239.397,64.3587
14022,-20018.2,239.413,64.3613
14023,-20020.8,239.428,64.3638
14024,-20023.4,239.444,64.3664
14025,-20025.9,239.459,64.3689
14026,-20028.5,239.475,64.3715
14027,-20031.1,239.49,64.3741
14028,-20033.6,239.506,64.3767
14029,-20036.2,239.521,64.3794
14030,-20038.8,239.537,64.382
14031,-20041.3,239.552,64.3847
14032,-20043.9,239.567,64.3872
14033,-20046.5,239.583,64.3899
14034,-20049.1,239.598,64.3924
14035,-20051.6,239.614,64.3951
14036,-20054.2,239.629,64.3976
14037,-20056.8,239.645,64.4001
14038,-20059.3,239.66,64.4028
14039,-20061.9,239.676,64.4053
14040,-20064.5,239.691,64.4079
14041,-20067,239.707,64.4105
14042,-20069.6,239.722,64.4131
14043,-20072.2,239.737,64.4157
14044,-20074.7,239.753,64.4184
14045,-20077.3,239.768,64.4209
14046,-20079.9,239.784,64.4235
14047,-20082.5,239.799,64.4261
14048,-20085,239.815,64.4287
14049,-20087.6,239.83,64.4313
14050,-20090.2,239.846,64.4339
14051,-20092.7,239.861,64.4419
14052,-20095.3,239.877,64.4449
14053,-20097.9,239.892,64.4476
14054,-20100.5,239.907,64.4503
14055,-20103,239.923,64.4529
14056,-20105.6,239.938,64.4556
14057,-20108.2,239.954,64.4582
14058,-20110.7,239.969,64.4608
14059,-20113.3,239.985,64.4634
14060,-20115.9,240,64.466
14061,-20118.5,240.016,64.469
14062,-20121,240.031,64.4716
14063,-20123.6,240.046,64.4742
14064,-20126.2,240.062,64.4768
14065,-20128.8,240.077,64.4824
14066,-20131.3,240.093,64.4849
14067,-20133.9,240.108,64.4874
14068,-20136.5,240.124,64.4899
14069,-20139.1,240.139,64.4924
14070,-20141.6,240.155,64.495
14071,-20144.2,240.17,64.4976
14072,-20146.8,240.186,64.5001
14073,-20149.3,240.201,64.5026
14074,-20151.9,240.216,64.5052
14075,-20154.5,240.232,64.5077
14076,-20157.1,240.247,64.5102
14077,-20159.6,240.263,64.5127
14078,-20162.2,240.278,64.5153
14079,-20164.8,240.294,64.5177
14080,-20167.4,240.309,64.5202
14081,-20170,240.325,64.5228
14082,-20172.5,240.34,64.5253
14083,-20175.1,240.355,64.5278
14084,-20177.7,240.371,64.5303
14085,-20180.3,240.386,64.5329
14086,-20182.8,240.402,64.5354
14087,-20185.4,240.417,64.538
14088,-20188,240.433,64.5405
14089,-20190.6,240.448,64.543
14090,-20193.1,240.464,64.5456
14091,-20195.7,240.479,64.5482
14092,-20198.3,240.495,64.5506
14093,-20200.9,240.51,64.5532
14094,-20203.5,240.525,64.5558
14095,-20206,240.541,64.5583
14096,-20208.6,240.556,64.5608
14097,-20211.2,240.572,64.5633
14098,-20213.8,240.587,64.5659
14099,-20216.3,240.603,64.5684
14100,-20218.9,240.618,64.5709
14101,-20221.5,240.634,65.0253
14102,-20224.1,240.649,65.0349
14103,-20226.7,240.664,65.0393
14104,-20229.2,240.68,65.0432
14105,-20231.8,240.695,65.0469
14106,-20234.4,240.711,65.0505
14107,-20237,240.726,65.0542
14108,-20239.6,240.742,65.058
14109,-20242.1,240.757,65.0616
14110,-20244.7,240.773,65.0653
14111,-20247.3,240.788,65.0689
14112,-20249.9,240.804,65.0725
14113,-20252.5,240.819,65.0761
14114,-20255,240.834,65.0798
14115,-20257.6,240.85,65.0836
14116,-20260.2,240.865,65.1214
14117,-20262.8,240.881,65.1271
14118,-20265.4,240.896,65.1318
14119,-20267.9,240.912,65.136
14120,-20270.5,240.927,65.1401
14121,-20273.1,240.943,65.144
14122,-20275.7,240.958,65.1478
14123,-20278.3,240.973,65.1515
14124,-20280.9,240.989,65.1552
14125,-20283.4,241.004,65.1589
14126,-20286,241.02,65.1629
14127,-20288.6,241.035,65.1656
14128,-20291.2,241.051,65.1681
14129,-20293.8,241.066,65.1707
14130,-20296.4,241.082,65.1733
14131,-20298.9,241.097,65.1759
14132,-20301.5,241.112,65.1784
14133,-20304.1,241.128,65.181
14134,-20306.7,241.143,65.1837
14135,-20309.3,241.159,65.1862
14136,-20311.9,241.174,65.1887
14137,-20314.4,241.19,65.1913
14138,-20317,241.205,65.1939
14139,-20319.6,241.221,65.1965
14140,-20322.2,241.236,65.199
14141,-20324.8,241.251,65.2015
14142,-20327.4,241.267,65.204
14143,-20330,241.282,65.2067
14144,-20332.5,241.298,65.2094
14145,-20335.1,241.313,65.2119
14146,-20337.7,241.329,65.2146
14147,-20340.3,241.344,65.2172
14148,-20342.9,241.36,65.2197
14149,-20345.5,241.375,65.2223
14150,-20348.1,241.39,65.2249
14151,-20350.6,241.406,65.2326
14152,-20353.2,241.421,65.2352
14153,-20355.8,241.437,65.2378
14154,-20358.4,241.452,65.2404
14155,-20361,241.468,65.243
14156,-20363.6,241.483,65.2456
14157,-20366.2,241.499,65.2482
14158,-20368.8,241.514,65.2507
14159,-20371.3,241.529,65.2532
14160,-20373.9,241.545,65.2558
14161,-20376.5,241.56,65.2583
14162,-20379.1,241.576,65.2608
14163,-20381.7,241.591,65.2634
14164,-20384.3,241.607,65.2659
14165,-20386.9,241.622,65.2684
14166,-20389.5,241.638,65.2709
14167,-20392.1,241.653,65.2735
14168,-20394.6,241.668,65.2761
14169,-20397.2,241.684,65.2786
14170,-20399.8,241.699,65.2812
14171,-20402.4,241.715,65.2838
14172,-20405,241.73,65.2863
14173,-20407.6,241.746,65.2889
14174,-20410.2,241.761,65.2915
14175,-20412.8,241.777,65.2941
14176,-20415.4,241.792,65.2967
14177,-20418,241.807,65.2993
14178,-20420.5,241.823,65.3019
14179,-20423.1,241.838,65.3045
14180,-20425.7,241.854,65.307
14181,-20428.3,241.869,65.3096
14182,-20430.9,241.885,65.3121
14183,-20433.5,241.9,65.3147
14184,-20436.1,241.916,65.3172
14185,-20438.7,241.931,65.3198
14186,-20441.3,241.946,65.3224
14187,-20443.9,241.962,65.3249
14188,-20446.5,241.977,65.3274
14189,-20449,241.993,65.33
14190,-20451.6,242.008,65.3325
14191,-20454.2,242.024,65.335
14192,-20456.8,242.039,65.3376
14193,-20459.4,242.055,65.3402
14194,-20462,242.07,65.3427
14195,-20464.6,242.085,65.3453
14196,-20467.2,242.101,65.3479
14197,-20469.8,242.116,65.3506
14198,-20472.4,242.132,65.3532
14199,-20475,242.147,65.3557
14200,-20477.6,242.163,65.3582
14201,-20480.2,242.178,65.3631
14202,-20482.8,242.194,65.3657
14203,-20485.4,242.209,65.3682
14204,-20488,242.224,65.3707
14205,-20490.5,242.24,65.3733
14206,-20493.1,242.255,65.3759
14207,-20495.7,242.271,65.3784
14208,-20498.3,242.286,65.3809
14209,-20500.9,242.302,65.3835
14210,-20503.5,242.317,65.3861
14211,-20506.1,242.333,65.3886
14212,-20508.7,242.348,65.3912
14213,-20511.3,242.363,65.3938
14214,-20513.9,242.379,65.3963
14215,-20516.5,242.394,65.399
14216,-20519.1,242.41,65.4016
14217,-20521.7,242.425,65.4041
14218,-20524.3,242.441,65.4068
14219,-20526.9,242.456,65.4094
14220,-20529.5,242.471,65.412
14221,-20532.1,242.487,65.4145
14222,-20534.7,242.502,65.417
14223,-20537.3,242.518,65.4196
14224,-20539.9,242.533,65.4222
14225,-20542.5,242.549,65.4247
14226,-20545.1,242.564,65.4272
14227,-20547.7,242.58,65.4298
14228,-20550.3,242.595,65.4323
14229,-20552.9,242.61,65.4348
14230,-20555.5,242.626,65.4373
14231,-20558.1,242.641,65.4399
14232,-20560.7,242.657,65.4424
14233,-20563.3,242.672,65.445
14234,-20565.9,242.688,65.4476
14235,-20568.5,242.703,65.4501
14236,-20571.1,242.719,65.4527
14237,-20573.7,242.734,65.4553
14238,-20576.3,242.749,65.4579
14239,-20578.9,242.765,65.4604
14240,-20581.5,242.78,65.463
14241,-20584.1,242.796,65.4656
14242,-20586.7,242.811,65.4681
14243,-20589.3,242.827,65.4707
14244,-20591.9,242.842,65.4732
14245,-20594.5,242.857,65.4757
14246,-20597.1,242.873,65.4782
14247,-20599.7,242.888,65.4808
14248,-20602.3,242.904,65.4834
14249,-20604.9,242.919,65.4859
14250,-20607.5,242.935,65.4885
14251,-20610.1,242.95,65.4932
14252,-20612.7,242.966,65.4958
14253,-20615.3,242.981,65.4984
14254,-20617.9,242.996,65.501
14255,-20620.5,243.012,65.5037
14256,-20623.1,243.027,65.5062
14257,-20625.7,243.043,65.5087
14258,-20628.3,243.058,65.5113
14259,-20630.9,243.074,65.5139
14260,-20633.5,243.089,65.5165
14261,-20636.1,243.104,65.5192
14262,-20638.7,243.12,65.5218
14263,-20641.3,243.135,65.5243
14264,-20643.9,243.151,65.5269
14265,-20646.5,243.166,65.5295
14266,-20649.1,243.182,65.532
14267,-20651.7,243.197,65.5346
14268,-20654.3,243.213,65.5371
14269,-20656.9,243.228,65.5546
14270,-20659.5,243.243,65.5572
14271,-20662.2,243.259,65.5597
14272,-20664.8,243.274,65.5623
14273,-20667.4,243.29,65.5649
14274,-20670,243.305,65.5675
14275,-20672.6,243.321,65.5702
14276,-20675.2,243.336,65.5728
14277,-20677.8,243.351,65.5753
14278,-20680.4,243.367,65.5778
14279,-20683,243.382,65.5803
14280,-20685.6,243.398,65.5829
14281,-20688.2,243.413,65.5856
14282,-20690.8,243.429,65.5883
14283,-20693.4,243.444,65.5909
14284,-20696,243.46,65.5935
14285,-20698.6,243.475,65.5961
14286,-20701.2,243.49,65.5986
14287,-20703.9,243.506,65.6012
14288,-20706.5,243.521,65.6039
14289,-20709.1,243.537,65.6064
14290,-20711.7,243.552,65.6091
14291,-20714.3,243.568,65.6117
14292,-20716.9,243.583,65.6142
14293,-20719.5,243.598,65.6169
14294,-20722.1,243.614,65.6195
14295,-20724.7,243.629,65.6221
14296,-20727.3,243.645,65.6246
14297,-20729.9,243.66,65.6271
14298,-20732.5,243.676,65.6297
14299,-20735.2,243.691,65.6322
14300,-20737.8,243.707,65.6348
14301,-20740.4,243.722,65.6395
14302,-20743,243.737,65.6422
14303,-20745.6,243.753,65.6448
14304,-20748.2,243.768,65.6474
14305,-20750.8,243.784,65.6499
14306,-20753.4,243.799,65.6525
14307,-20756,243.815,65.6551
14308,-20758.6,243.83,65.6577
14309,-20761.3,243.845,65.7093
14310,-20763.9,243.861,65.7133
14311,-20766.5,243.876,65.7168
14312,-20769.1,243.892,65.7197
14313,-20771.7,243.907,65.7226
14314,-20774.3,243.923,65.7252
14315,-20776.9,243.938,65.7278
14316,-20779.5,243.953,65.7306
14317,-20782.1,243.969,65.7332
14318,-20784.8,243.984,65.7359
14319,-20787.4,244,65.7385
14320,-20790,244.015,65.7414
14321,-20792.6,244.031,65.7442
14322,-20795.2,244.046,65.747
14323,-20797.8,244.062,65.7497
14324,-20800.4,244.077,65.7525
14325,-20803,244.092,65.7551
14326,-20805.7,244.108,65.7578
14327,-20808.3,244.123,65.7604
14328,-20810.9,244.139,65.763
14329,-20813.5,244.154,65.7656
14330,-20816.1,244.17,65.7682
14331,-20818.7,244.185,65.7708
14332,-20821.3,244.2,65.7734
14333,-20824,244.216,65.776
14334,-20826.6,244.231,65.7786
14335,-20829.2,244.247,65.7811
14336,-20831.8,244.262,65.7838
14337,-20834.4,244.278,65.7864
14338,-20837,244.293,65.789
14339,-20839.6,244.308,65.7916
14340,-20842.3,244.324,65.7941
14341,-20844.9,244.339,65.7967
14342,-20847.5,244.355,65.7993
14343,-20850.1,244.37,65.8123
14344,-20852.7,244.386,65.8163
14345,-20855.3,244.401,65.82
14346,-20858,244.416,65.8236
14347,-20860.6,244.432,65.8268
14348,-20863.2,244.447,65.8298
14349,-20865.8,244.463,65.8326
14350,-20868.4,244.478,65.8353
14351,-20871,244.494,65.8412
14352,-20873.7,244.509,65.8441
14353,-20876.3,244.524,65.8469
14354,-20878.9,244.54,65.8495
14355,-20881.5,244.555,65.8524
14356,-20884.1,244.571,65.8549
14357,-20886.8,244.586,65.8576
14358,-20889.4,244.602,65.8601
14359,-20892,244.617,65.8627
14360,-20894.6,244.633,65.8654
14361,-20897.2,244.648,65.8679
14362,-20899.8,244.663,65.8705
14363,-20902.5,244.679,65.873
14364,-20905.1,244.694,65.8757
14365,-20907.7,244.71,65.8783
14366,-20910.3,244.725,65.881
14367,-20912.9,244.741,65.8836
14368,-20915.6,244.756,65.8862
14369,-20918.2,244.771,65.8888
14370,-20920.8,244.787,65.8914
14371,-20923.4,244.802,65.8941
14372,-20926,244.818,65.8967
14373,-20928.7,244.833,65.8993
14374,-20931.3,244.849,65.902
14375,-20933.9,244.864,65.9047
14376,-20936.5,244.879,65.9073
14377,-20939.1,244.895,65.9098
14378,-20941.8,244.91,65.9124
14379,-20944.4,244.926,65.915
14380,-20947,244.941,65.9176
14381,-20949.6,244.957,65.9202
14382,-20952.3,244.972,65.9227
14383,-20954.9,244.987,65.9253
14384,-20957.5,245.003,65.9279
14385,-20960.1,245.018,65.9305
14386,-20962.7,245.034,65.933
14387,-20965.4,245.049,65.9355
14388,-20968,245.065,65.938
14389,-20970.6,245.08,65.9406
14390,-20973.2,245.095,65.9431
14391,-20975.9,245.111,65.9456
14392,-20978.5,245.126,65.9481
14393,-20981.1,245.142,65.9507
14394,-20983.7,245.157,65.9533
14395,-20986.4,245.173,65.9559
14396,-20989,245.188,65.9584
14397,-20991.6,245.203,65.9609
14398,-20994.2,245.219,65.9635
14399,-20996.9,245.234,65.966
14400,-20999.5,245.25,65.9685
14401,-21002.1,245.265,65.9734
14402,-21004.7,245.281,65.976
14403,-21007.4,245.296,65.9786
14404,-21010,245.311,65.9812
14405,-21012.6,245.327,65.9839
14406,-21015.2,245.342,65.9865
14407,-21017.9,245.358,65.9891
14408,-21020.5,245.373,65.9917
14409,-21023.1,245.389,65.9943
14410,-21025.7,245.404,65.9968
14411,-21028.4,245.419,65.9994
14412,-21031,245.435,66.0019
14413,-21033.6,245.45,66.0045
14414,-21036.2,245.466,66.007
14415,-21038.9,245.481,66.0096
14416,-21041.5,245.497,66.0122
14417,-21044.1,245.512,66.0147
14418,-21046.8,245.527,66.0173
14419,-21049.4,245.543,66.0199
14420,-21052,245.558,66.0225
14421,-21054.6,245.574,66.0251
14422,-21057.3,245.589,66.0277
14423,-21059.9,245.605,66.0302
14424,-21062.5,245.62,66.0328
14425,-21065.1,245.635,66.0353
14426,-21067.8,245.651,66.0378
14427,-21070.4,245.666,66.0404
14428,-21073,245.682,66.0429
14429,-21075.7,245.697,66.0455
14430,-21078.3,245.713,66.0481
14431,-21080.9,245.728,66.0506
14432,-21083.6,245.743,66.0532
14433,-21086.2,245.759,66.0558
14434,-21088.8,245.774,66.0583
14435,-21091.4,245.79,66.0609
14436,-21094.1,245.805,66.0635
14437,-21096.7,245.821,66.0661
14438,-21099.3,245.836,66.0686
14439,-21102,245.851,66.0711
14440,-21104.6,245.867,66.0738
14441,-21107.2,245.882,66.0763
14442,-21109.9,245.898,66.0789
14443,-21112.5,245.913,66.0814
14444,-21115.1,245.928,66.084
14445,-21117.8,245.944,66.0866
14446,-21120.4,245.959,66.089
14447,-21123,245.975,66.0916
14448,-21125.6,245.99,66.0942
14449,-21128.3,246.006,66.0967
14450,-21130.9,246.021,66.0993
14451,-21133.5,246.036,66.1041
14452,-21136.2,246.052,66.1068
14453,-21138.8,246.067,66.1094
14454,-21141.4,246.083,66.112
14455,-21144.1,246.098,66.1147
14456,-21146.7,246.114,66.1172
14457,-21149.3,246.129,66.1199
14458,-21152,246.144,66.1225
14459,-21154.6,246.16,66.1252
14460,-21157.2,246.175,66.1277
14461,-21159.9,246.191,66.1303
14462,-21162.5,246.206,66.133
14463,-21165.1,246.222,66.1356
14464,-21167.8,246.237,66.1383
14465,-21170.4,246.252,66.1408
14466,-21173.1,246.268,66.1434
14467,-21175.7,246.283,66.146
14468,-21178.3,246.299,66.1486
14469,-21181,246.314,66.1512
14470,-21183.6,246.33,66.1539
14471,-21186.2,246.345,66.1565
14472,-21188.9,246.36,66.1591
14473,-21191.5,246.376,66.1616
14474,-21194.1,246.391,66.1642
14475,-21196.8,246.407,66.1668
14476,-21199.4,246.422,66.1695
14477,-21202,246.438,66.1721
14478,-21204.7,246.453,66.1747
14479,-21207.3,246.468,66.1773
14480,-21210,246.484,66.1798
14481,-21212.6,246.499,66.1825
14482,-21215.2,246.515,66.1851
14483,-21217.9,246.53,66.1876
14484,-21220.5,246.545,66.1903
14485,-21223.1,246.561,66.1928
14486,-21225.8,246.576,66.1954
14487,-21228.4,246.592,66.1979
14488,-21231.1,246.607,66.2005
14489,-21233.7,246.623,66.2031
14490,-21236.3,246.638,66.2057
14491,-21239,246.653,66.2082
14492,-21241.6,246.669,66.2108
14493,-21244.3,246.684,66.2134
14494,-21246.9,246.7,66.216
14495,-21249.5,246.715,66.2187
14496,-21252.2,246.731,66.2214
14497,-21254.8,246.746,66.2239
14498,-21257.4,246.761,66.2264
14499,-21260.1,246.777,66.229
14500,-21262.7,246.792,66.2315
14501,-21265.4,246.808,66.2364
14502,-21268,246.823,66.239
14503,-21270.6,246.839,66.2415
14504,-21273.3,246.854,66.2442
14505,-21275.9,246.869,66.2467
14506,-21278.6,246.885,66.2493
14507,-21281.2,246.9,66.2519
14508,-21283.9,246.916,66.2544
14509,-21286.5,246.931,66.257
14510,-21289.1,246.946,66.2595
14511,-21291.8,246.962,66.2621
14512,-21294.4,246.977,66.2647
14513,-21297.1,246.993,66.2673
14514,-21299.7,247.008,66.2699
14515,-21302.3,247.024,66.2724
14516,-21305,247.039,66.275
14517,-21307.6,247.054,66.2775
14518,-21310.3,247.07,66.28
14519,-21312.9,247.085,66.2826
14520,-21315.6,247.101,66.2852
14521,-21318.2,247.116,66.2878
14522,-21320.8,247.132,66.2903
14523,-21323.5,247.147,66.2928
14524,-21326.1,247.162,66.2953
14525,-21328.8,247.178,66.2979
14526,-21331.4,247.193,66.3005
14527,-21334.1,247.209,66.303
14528,-21336.7,247.224,66.3056
14529,-21339.4,247.239,66.3082
14530,-21342,247.255,66.3108
14531,-21344.6,247.27,66.3134
14532,-21347.3,247.286,66.316
14533,-21349.9,247.301,66.3187
14534,-21352.6,247.317,66.3213
14535,-21355.2,247.332,66.3239
14536,-21357.9,247.347,66.3264
14537,-21360.5,247.363,66.3391
14538,-21363.2,247.378,66.3417
14539,-21365.8,247.394,66.3442
14540,-21368.5,247.409,66.3468
14541,-21371.1,247.424,66.3494
14542,-21373.7,247.44,66.352
14543,-21376.4,247.455,66.3546
14544,-21379,247.471,66.357
14545,-21381.7,247.486,66.3596
14546,-21384.3,247.502,66.3621
14547,-21387,247.517,66.3648
14548,-21389.6,247.532,66.3675
14549,-21392.3,247.548,66.37
14550,-21394.9,247.563,66.3727
14551,-21397.6,247.579,66.381
14552,-21400.2,247.594,66.3841
14553,-21402.9,247.61,66.3868
14554,-21405.5,247.625,66.3893
14555,-21408.2,247.64,66.3919
14556,-21410.8,247.656,66.3944
14557,-21413.5,247.671,66.397
14558,-21416.1,247.687,66.3995
14559,-21418.8,247.702,66.402
14560,-21421.4,247.717,66.4046
14561,-21424.1,247.733,66.4071
14562,-21426.7,247.748,66.4097
14563,-21429.4,247.764,66.4123
14564,-21432,247.779,66.4149
14565,-21434.7,247.795,66.4175
14566,-21437.3,247.81,66.42
14567,-21440,247.825,66.4226
14568,-21442.6,247.841,66.4252
14569,-21445.3,247.856,66.4278
14570,-21447.9,247.872,66.4303
14571,-21450.6,247.887,66.4398
14572,-21453.2,247.902,66.4431
14573,-21455.9,247.918,66.4458
14574,-21458.5,247.933,66.4484
14575,-21461.2,247.949,66.451
14576,-21463.8,247.964,66.4536
14577,-21466.5,247.98,66.4561
14578,-21469.1,247.995,66.4587
14579,-21471.8,248.01,66.4613
14580,-21474.4,248.026,66.4639
14581,-21477.1,248.041,66.4664
14582,-21479.7,248.057,66.4691
14583,-21482.4,248.072,66.4717
14584,-21485,248.087,66.4742
14585,-21487.7,248.103,66.4768
14586,-21490.3,248.118,66.4794
14587,-21493,248.134,66.482
14588,-21495.7,248.149,66.4846
14589,-21498.3,248.165,66.4872
14590,-21501,248.18,66.4897
14591,-21503.6,248.195,66.4924
14592,-21506.3,248.211,66.495
14593,-21508.9,248.226,66.4976
14594,-21511.6,248.242,66.5
14595,-21514.2,248.257,66.5026
14596,-21516.9,248.272,66.5052
14597,-21519.5,248.288,66.515
14598,-21522.2,248.303,66.5182
14599,-21524.9,248.319,66.5208
14600,-21527.5,248.334,66.5234
14601,-21530.2,248.35,66.5314
14602,-21532.8,248.365,66.5341
14603,-21535.5,248.38,66.5365
14604,-21538.1,248.396,66.5389
14605,-21540.8,248.411,66.5413
14606,-21543.4,248.427,66.5638
14607,-21546.1,248.442,66.5679
14608,-21548.8,248.457,66.5718
14609,-21551.4,248.473,66.575
14610,-21554.1,248.488,66.5779
14611,-21556.7,248.504,66.5805
14612,-21559.4,248.519,66.5832
14613,-21562,248.535,66.5859
14614,-21564.7,248.55,66.5887
14615,-21567.4,248.565,66.5913
14616,-21570,248.581,66.594
14617,-21572.7,248.596,66.5966
14618,-21575.3,248.612,66.5992
14619,-21578,248.627,66.6018
14620,-21580.6,248.642,66.6045
14621,-21583.3,248.658,66.607
14622,-21586,248.673,66.6097
14623,-21588.6,248.689,66.6123
14624,-21591.3,248.704,66.6149
14625,-21593.9,248.719,66.6175
14626,-21596.6,248.735,66.6201
14627,-21599.3,248.75,66.6228
14628,-21601.9,248.766,66.6254
14629,-21604.6,248.781,66.6279
14630,-21607.2,248.797,66.6305
14631,-21609.9,248.812,66.633
14632,-21612.6,248.827,66.6422
14633,-21615.2,248.843,66.6449
14634,-21617.9,248.858,66.6475
14635,-21620.5,248.874,66.6501
14636,-21623.2,248.889,66.6526
14637,-21625.9,248.904,66.6552
14638,-21628.5,248.92,66.6577
14639,-21631.2,248.935,66.6603
14640,-21633.8,248.951,66.6628
14641,-21636.5,248.966,66.6653
14642,-21639.2,248.982,66.6679
14643,-21641.8,248.997,66.6705
14644,-21644.5,249.012,66.673
14645,-21647.2,249.028,66.6865
14646,-21649.8,249.043,66.692
14647,-21652.5,249.059,66.6947
14648,-21655.1,249.074,66.6974
14649,-21657.8,249.089,66.7
14650,-21660.5,249.105,66.7027
14651,-21663.1,249.12,66.7574
14652,-21665.8,249.136,66.7608
14653,-21668.5,249.151,66.7635
14654,-21671.1,249.166,66.7662
14655,-21673.8,249.182,66.7689
14656,-21676.5,249.197,66.7716
14657,-21679.1,249.213,66.7742
14658,-21681.8,249.228,66.7768
14659,-21684.4,249.244,66.7795
14660,-21687.1,249.259,66.7821
14661,-21689.8,249.274,66.7847
14662,-21692.4,249.29,66.7873
14663,-21695.1,249.305,66.7898
14664,-21697.8,249.321,66.7926
14665,-21700.4,249.336,66.7953
14666,-21703.1,249.351,66.7979
14667,-21705.8,249.367,66.8006
14668,-21708.4,249.382,66.8034
14669,-21711.1,249.398,66.806
14670,-21713.8,249.413,66.8086
14671,-21716.4,249.428,66.8112
14672,-21719.1,249.444,66.8139
14673,-21721.8,249.459,66.8166
14674,-21724.4,249.475,66.8191
14675,-21727.1,249.49,66.8217
14676,-21729.8,249.506,66.8243
14677,-21732.4,249.521,66.827
14678,-21735.1,249.536,66.8297
14679,-21737.8,249.552,66.8322
14680,-21740.4,249.567,66.8347
14681,-21743.1,249.583,66.8373
14682,-21745.8,249.598,66.84
14683,-21748.4,249.613,66.8427
14684,-21751.1,249.629,66.8453
14685,-21753.8,249.644,66.8479
14686,-21756.4,249.66,66.8506
14687,-21759.1,249.675,66.8532
14688,-21761.8,249.69,66.8559
14689,-21764.4,249.706,66.866
14690,-21767.1,249.721,66.8686
14691,-21769.8,249.737,66.8711
14692,-21772.5,249.752,66.8739
14693,-21775.1,249.768,66.8765
14694,-21777.8,249.783,66.8791
14695,-21780.5,249.798,66.8819
14696,-21783.1,249.814,66.8845
14697,-21785.8,249.829,66.887
14698,-21788.5,249.845,66.8896
14699,-21791.1,249.86,66.8922
14700,-21793.8,249.875,66.8949
14701,-21796.5,249.891,66.9014
14702,-21799.2,249.906,66.904
14703,-21801.8,249.922,66.9066
14704,-21804.5,249.937,66.9093
14705,-21807.2,249.952,66.912
14706,-21809.8,249.968,66.9388
14707,-21812.5,249.983,66.9421
14708,-21815.2,249.999,66.9448
14709,-21817.9,250.014,66.9474
14710,-21820.5,250.029,66.9502
14711,-21823.2,250.045,66.9528
14712,-21825.9,250.06,66.9555
14713,-21828.6,250.076,66.9582
14714,-21831.2,250.091,66.9609
14715,-21833.9,250.107,66.9637
14716,-21836.6,250.122,66.9664
14717,-21839.2,250.137,66.9691
14718,-21841.9,250.153,66.9718
14719,-21844.6,250.168,66.9744
14720,-21847.3,250.184,66.9771
14721,-21849.9,250.199,66.9797
14722,-21852.6,250.214,66.9823
14723,-21855.3,250.23,66.985
14724,-21858,250.245,66.9877
14725,-21860.6,250.261,66.9904
14726,-21863.3,250.276,66.9932
14727,-21866,250.291,66.9959
14728,-21868.7,250.307,66.9986
14729,-21871.3,250.322,67.0012
14730,-21874,250.338,67.004
14731,-21876.7,250.353,67.0142
14732,-21879.4,250.368,67.0175
14733,-21882,250.384,67.0202
14734,-21884.7,250.399,67.0229
14735,-21887.4,250.415,67.0254
14736,-21890.1,250.43,67.0281
14737,-21892.7,250.445,67.0307
14738,-21895.4,250.461,67.0333
14739,-21898.1,250.476,67.0361
14740,-21900.8,250.492,67.0387
14741,-21903.4,250.507,67.0414
14742,-21906.1,250.523,67.0441
14743,-21908.8,250.538,67.0467
14744,-21911.5,250.553,67.0492
14745,-21914.2,250.569,67.0518
14746,-21916.8,250.584,67.0545
14747,-21919.5,250.6,67.0571
14748,-21922.2,250.615,67.0598
14749,-21924.9,250.63,67.0625
14750,-21927.5,250.646,67.065
14751,-21930.2,250.661,67.0736
14752,-21932.9,250.677,67.0768
14753,-21935.6,250.692,67.0795
14754,-21938.3,250.707,67.0821
14755,-21940.9,250.723,67.0848
14756,-21943.6,250.738,67.0874
14757,-21946.3,250.754,67.09
14758,-21949,250.769,67.0926
14759,-21951.7,250.784,67.0952
14760,-21954.3,250.8,67.0978
14761,-21957,250.815,67.1004
14762,-21959.7,250.831,67.1031
14763,-21962.4,250.846,67.1057
14764,-21965.1,250.861,67.1084
14765,-21967.7,250.877,67.111
14766,-21970.4,250.892,67.1137
14767,-21973.1,250.908,67.1163
14768,-21975.8,250.923,67.1189
14769,-21978.5,250.938,67.1216
14770,-21981.1,250.954,67.1242
14771,-21983.8,250.969,67.1269
14772,-21986.5,250.985,67.1295
14773,-21989.2,251,67.1321
14774,-21991.9,251.015,67.1348
14775,-21994.6,251.031,67.1375
14776,-21997.2,251.046,67.1402
14777,-21999.9,251.062,67.1428
14778,-22002.6,251.077,67.1455
14779,-22005.3,251.093,67.1481
14780,-22008,251.108,67.1509
14781,-22010.6,251.123,67.1536
14782,-22013.3,251.139,67.1562
14783,-22016,251.154,67.1588
14784,-22018.7,251.17,67.1615
14785,-22021.4,251.185,67.1642
14786,-22024.1,251.2,67.1669
14787,-22026.8,251.216,67.1696
14788,-22029.4,251.231,67.1723
14789,-22032.1,251.247,67.1749
14790,-22034.8,251.262,67.1775
14791,-22037.5,251.277,67.1801
14792,-22040.2,251.293,67.1827
14793,-22042.9,251.308,67.1854
14794,-22045.5,251.324,67.188
14795,-22048.2,251.339,67.1908
14796,-22050.9,251.354,67.1934
14797,-22053.6,251.37,67.196
14798,-22056.3,251.385,67.1987
14799,-22059,251.401,67.2012
14800,-22061.7,251.416,67.2039
14801,-22064.3,251.431,67.2102
14802,-22067,251.447,67.2129
14803,-22069.7,251.462,67.2155
14804,-22072.4,251.478,67.218
14805,-22075.1,251.493,67.231
14806,-22077.8,251.508,67.2336
14807,-22080.5,251.524,67.2361
14808,-22083.2,251.539,67.2388
14809,-22085.8,251.555,67.2413
14810,-22088.5,251.57,67.2439
14811,-22091.2,251.585,67.2464
14812,-22093.9,251.601,67.249
14813,-22096.6,251.616,67.2516
14814,-22099.3,251.632,67.2541
14815,-22102,251.647,67.2566
14816,-22104.7,251.662,67.2592
14817,-22107.3,251.678,67.2617
14818,-22110,251.693,67.2642
14819,-22112.7,251.709,67.2668
14820,-22115.4,251.724,67.2693
14821,-22118.1,251.739,67.2718
14822,-22120.8,251.755,67.2743
14823,-22123.5,251.77,67.2769
14824,-22126.2,251.786,67.2794
14825,-22128.9,251.801,67.282
14826,-22131.5,251.816,67.2845
14827,-22134.2,251.832,67.287
14828,-22136.9,251.847,67.2895
14829,-22139.6,251.863,67.292
14830,-22142.3,251.878,67.2945
14831,-22145,251.893,67.297
14832,-22147.7,251.909,67.2995
14833,-22150.4,251.924,67.302
14834,-22153.1,251.94,67.3045
14835,-22155.8,251.955,67.307
14836,-22158.5,251.97,67.3096
14837,-22161.1,251.986,67.3121
14838,-22163.8,252.001,67.3147
14839,-22166.5,252.017,67.3172
14840,-22169.2,252.032,67.3197
14841,-22171.9,252.047,67.3223
14842,-22174.6,252.063,67.3248
14843,-22177.3,252.078,67.3273
14844,-22180,252.094,67.3299
14845,-22182.7,252.109,67.3325
14846,-22185.4,252.124,67.335
14847,-22188.1,252.14,67.3376
14848,-22190.8,252.155,67.3401
14849,-22193.5,252.171,67.3427
14850,-22196.2,252.186,67.3452
14851,-22198.8,252.201,67.3602
14852,-22201.5,252.217,67.3641
14853,-22204.2,252.232,67.3674
14854,-22206.9,252.248,67.3705
14855,-22209.6,252.263,67.3735
14856,-22212.3,252.278,67.3762
14857,-22215,252.294,67.3788
14858,-22217.7,252.309,67.3814
14859,-22220.4,252.325,67.384
14860,-22223.1,252.34,67.3865
14861,-22225.8,252.355,67.3891
14862,-22228.5,252.371,67.3917
14863,-22231.2,252.386,67.3943
14864,-22233.9,252.402,67.3969
14865,-22236.6,252.417,67.3994
14866,-22239.3,252.432,67.402
14867,-22242,252.448,67.4046
14868,-22244.7,252.463,67.4073
14869,-22247.4,252.479,67.4099
14870,-22250.1,252.494,67.4124
14871,-22252.8,252.509,67.415
14872,-22255.4,252.525,67.4177
14873,-22258.1,252.54,67.4202
14874,-22260.8,252.556,67.4228
14875,-22263.5,252.571,67.4253
14876,-22266.2,252.586,67.4278
14877,-22268.9,252.602,67.4303
14878,-22271.6,252.617,67.4329
14879,-22274.3,252.633,67.4354
14880,-22277,252.648,67.4379
14881,-22279.7,252.663,67.4405
14882,-22282.4,252.679,67.443
14883,-22285.1,252.694,67.4456
14884,-22287.8,252.71,67.4481
14885,-22290.5,252.725,67.4507
14886,-22293.2,252.74,67.4532
14887,-22295.9,252.756,67.4556
14888,-22298.6,252.771,67.4582
14889,-22301.3,252.787,67.4607
14890,-22304,252.802,67.4633
14891,-22306.7,252.817,67.4659
14892,-22309.4,252.833,67.4683
14893,-22312.1,252.848,67.4708
14894,-22314.8,252.864,67.4733
14895,-22317.5,252.879,67.4758
14896,-22320.2,252.894,67.4784
14897,-22322.9,252.91,67.481
14898,-22325.6,252.925,67.4836
14899,-22328.3,252.941,67.4861
14900,-22331,252.956,67.4886
14901,-22333.7,252.971,67.4956
14902,-22336.4,252.987,67.4981
14903,-22339.1,253.002,67.5007
14904,-22341.8,253.018,67.5033
14905,-22344.5,253.033,67.5058
14906,-22347.2,253.048,67.5083
14907,-22349.9,253.064,67.5109
14908,-22352.6,253.079,67.5134
14909,-22355.3,253.095,67.516
14910,-22358,253.11,67.5186
14911,-22360.7,253.125,67.5211
14912,-22363.5,253.141,67.5237
14913,-22366.2,253.156,67.5262
14914,-22368.9,253.172,67.5288
14915,-22371.6,253.187,67.5313
14916,-22374.3,253.202,67.5339
14917,-22377,253.218,67.5364
14918,-22379.7,253.233,67.539
14919,-22382.4,253.249,67.5414
14920,-22385.1,253.264,67.544
14921,-22387.8,253.279,67.5465
14922,-22390.5,253.295,67.549
14923,-22393.2,253.31,67.5516
14924,-22395.9,253.326,67.5541
14925,-22398.6,253.341,67.5567
14926,-22401.3,253.356,67.5593
14927,-22404,253.372,67.5619
14928,-22406.7,253.387,67.5644
14929,-22409.4,253.402,67.5669
14930,-22412.1,253.418,67.5694
14931,-22414.8,253.433,67.5719
14932,-22417.5,253.449,67.5744
14933,-22420.3,253.464,67.5769
14934,-22423,253.479,67.5794
14935,-22425.7,253.495,67.582
14936,-22428.4,253.51,67.5845
14937,-22431.1,253.526,67.587
14938,-22433.8,253.541,67.5895
14939,-22436.5,253.556,67.5921
14940,-22439.2,253.572,67.5946
14941,-22441.9,253.587,67.5971
14942,-22444.6,253.603,67.5996
14943,-22447.3,253.618,67.6021
14944,-22450,253.633,67.6047
14945,-22452.7,253.649,67.6073
14946,-22455.4,253.664,67.6099
14947,-22458.2,253.68,67.6124
14948,-22460.9,253.695,67.615
14949,-22463.6,253.71,67.6176
14950,-22466.3,253.726,67.6201
14951,-22469,253.741,67.6334
14952,-22471.7,253.757,67.6373
14953,-22474.4,253.772,67.6409
14954,-22477.1,253.787,67.6444
14955,-22479.8,253.803,67.6476
14956,-22482.5,253.818,67.6503
14957,-22485.3,253.834,67.6529
14958,-22488,253.849,67.6555
14959,-22490.7,253.864,67.6582
14960,-22493.4,253.88,67.6608
14961,-22496.1,253.895,67.6634
14962,-22498.8,253.91,67.6661
14963,-22501.5,253.926,67.6688
14964,-22504.2,253.941,67.6715
14965,-22506.9,253.957,67.6742
14966,-22509.6,253.972,67.6769
14967,-22512.4,253.987,67.6796
14968,-22515.1,254.003,67.6823
14969,-22517.8,254.018,67.6849
14970,-22520.5,254.034,67.6875
14971,-22523.2,254.049,67.69
14972,-22525.9,254.064,67.6926
14973,-22528.6,254.08,67.6951
14974,-22531.3,254.095,67.6976
14975,-22534.1,254.111,67.7002
14976,-22536.8,254.126,67.7028
14977,-22539.5,254.141,67.7054
14978,-22542.2,254.157,67.7079
14979,-22544.9,254.172,67.7105
14980,-22547.6,254.188,67.713
14981,-22550.3,254.203,67.7156
14982,-22553,254.218,67.7181
14983,-22555.8,254.234,67.7208
14984,-22558.5,254.249,67.7233
14985,-22561.2,254.265,67.7259
14986,-22563.9,254.28,67.7285
14987,-22566.6,254.295,67.7311
14988,-22569.3,254.311,67.7336
14989,-22572.1,254.326,67.7362
14990,-22574.8,254.341,67.7387
14991,-22577.5,254.357,67.7412
14992,-22580.2,254.372,67.7438
14993,-22582.9,254.388,67.7463
14994,-22585.6,254.403,67.7488
14995,-22588.3,254.418,67.7513
14996,-22591.1,254.434,67.7538
14997,-22593.8,254.449,67.7564
14998,-22596.5,254.465,67.759
14999,-22599.2,254.48,67.7616
15000,-22601.9,254.495,67.7642
15001,-22604.6,254.511,67.7722
15002,-22607.4,254.526,67.7752
15003,-22610.1,254.542,67.7778
15004,-22612.8,254.557,67.7804
15005,-22615.5,254.572,67.783
15006,-22618.2,254.588,67.7856
15007,-22620.9,254.603,67.7881
15008,-22623.7,254.619,67.7907
15009,-22626.4,254.634,67.7932
15010,-22629.1,254.649,67.7958
15011,-22631.8,254.665,67.7983
15012,-22634.5,254.68,67.8009
15013,-22637.3,254.695,67.8034
15014,-22640,254.711,67.806
15015,-22642.7,254.726,67.8086
15016,-22645.4,254.742,67.8111
15017,-22648.1,254.757,67.8137
15018,-22650.8,254.772,67.8162
15019,-22653.6,254.788,67.8187
15020,-22656.3,254.803,67.8213
15021,-22659,254.819,67.8238
15022,-22661.7,254.834,67.8264
15023,-22664.4,254.849,67.8289
15024,-22667.2,254.865,67.8314
15025,-22669.9,254.88,67.8339
15026,-22672.6,254.896,67.8364
15027,-22675.3,254.911,67.839
15028,-22678,254.926,67.8415
15029,-22680.8,254.942,67.8441
15030,-22683.5,254.957,67.8467
15031,-22686.2,254.972,67.8491
15032,-22688.9,254.988,67.8517
15033,-22691.7,255.003,67.8542
15034,-22694.4,255.019,67.8568
15035,-22697.1,255.034,67.8593
15036,-22699.8,255.049,67.8619
15037,-22702.5,255.065,67.8645
15038,-22705.3,255.08,67.867
15039,-22708,255.096,67.8695
15040,-22710.7,255.111,67.872
15041,-22713.4,255.126,67.8746
15042,-22716.2,255.142,67.8772
15043,-22718.9,255.157,67.8797
15044,-22721.6,255.173,67.8823
15045,-22724.3,255.188,67.8848
15046,-22727,255.203,67.8873
15047,-22729.8,255.219,67.8899
15048,-22732.5,255.234,67.8924
15049,-22735.2,255.249,67.895
15050,-22737.9,255.265,67.8975
15051,-22740.7,255.28,67.9026
15052,-22743.4,255.296,67.9053
15053,-22746.1,255.311,67.9079
15054,-22748.8,255.326,67.9106
15055,-22751.6,255.342,67.9132
15056,-22754.3,255.357,67.9157
15057,-22757,255.373,67.9183
15058,-22759.7,255.388,67.9208
15059,-22762.5,255.403,67.9234
15060,-22765.2,255.419,67.9259
15061,-22767.9,255.434,67.9285
15062,-22770.6,255.45,67.931
15063,-22773.4,255.465,67.9336
15064,-22776.1,255.48,67.9361
15065,-22778.8,255.496,67.9386
15066,-22781.6,255.511,67.9411
15067,-22784.3,255.526,67.9438
15068,-22787,255.542,67.9463
15069,-22789.7,255.557,67.9488
15070,-22792.5,255.573,67.9514
15071,-22795.2,255.588,67.954
15072,-22797.9,255.603,67.9566
15073,-22800.6,255.619,67.965
15074,-22803.4,255.634,67.9676
15075,-22806.1,255.65,67.9702
15076,-22808.8,255.665,67.9728
15077,-22811.6,255.68,67.9753
15078,-22814.3,255.696,67.978
15079,-22817,255.711,67.9807
15080,-22819.7,255.726,67.9833
15081,-22822.5,255.742,67.9858
15082,-22825.2,255.757,67.9884
15083,-22827.9,255.773,67.9909
15084,-22830.7,255.788,67.9936
15085,-22833.4,255.803,67.9963
15086,-22836.1,255.819,67.9989
15087,-22838.8,255.834,68.0015
15088,-22841.6,255.85,68.0041
15089,-22844.3,255.865,68.015
15090,-22847,255.88,68.019
15091,-22849.8,255.896,68.0224
15092,-22852.5,255.911,68.0252
15093,-22855.2,255.926,68.0278
15094,-22858,255.942,68.0305
15095,-22860.7,255.957,68.0332
15096,-22863.4,255.973,68.0358
15097,-22866.2,255.988,68.0384
15098,-22868.9,256.003,68.0409
15099,-22871.6,256.019,68.0435
15100,-22874.3,256.034,68.0461
15101,-22877.1,256.05,68.0521
15102,-22879.8,256.065,68.0547
15103,-22882.5,256.08,68.0573
15104,-22885.3,256.096,68.0599
15105,-22888,256.111,68.0625
15106,-22890.7,256.126,68.0651
15107,-22893.5,256.142,68.0676
15108,-22896.2,256.157,68.0702
15109,-22898.9,256.173,68.0728
15110,-22901.7,256.188,68.0753
15111,-22904.4,256.203,68.0779
15112,-22907.1,256.219,68.0805
15113,-22909.9,256.234,68.083
15114,-22912.6,256.25,68.0855
15115,-22915.3,256.265,68.0881
15116,-22918.1,256.28,68.0907
15117,-22920.8,256.296,68.0932
15118,-22923.5,256.311,68.0959
15119,-22926.3,256.326,68.0982
15120,-22929,256.342,68.1005
15121,-22931.8,256.357,68.1028
15122,-22934.5,256.373,68.105
15123,-22937.2,256.388,68.1073
15124,-22940,256.403,68.1098
15125,-22942.7,256.419,68.1125
15126,-22945.4,256.434,68.115
15127,-22948.2,256.45,68.1176
15128,-22950.9,256.465,68.1201
15129,-22953.6,256.48,68.1226
15130,-22956.4,256.496,68.1251
15131,-22959.1,256.511,68.1277
15132,-22961.8,256.526,68.1302
15133,-22964.6,256.542,68.1328
15134,-22967.3,256.557,68.1352
15135,-22970.1,256.573,68.1377
15136,-22972.8,256.588,68.1403
15137,-22975.5,256.603,68.1429
15138,-22978.3,256.619,68.1454
15139,-22981,256.634,68.1479
15140,-22983.7,256.65,68.1504
15141,-22986.5,256.665,68.153
15142,-22989.2,256.68,68.1555
15143,-22992,256.696,68.158
15144,-22994.7,256.711,68.1605
15145,-22997.4,256.726,68.1631
15146,-23000.2,256.742,68.1657
15147,-23002.9,256.757,68.1683
15148,-23005.7,256.773,68.1708
15149,-23008.4,256.788,68.1734
15150,-23011.1,256.803,68.176
15151,-23013.9,256.819,68.3442
15152,-23016.6,256.834,68.3482
15153,-23019.4,256.849,68.3519
15154,-23022.1,256.865,68.3553
15155,-23024.8,256.88,68.3583
15156,-23027.6,256.896,68.361
15157,-23030.3,256.911,68.3636
15158,-23033.1,256.926,68.3663
15159,-23035.8,256.942,68.3688
15160,-23038.5,256.957,68.3714
15161,-23041.3,256.973,68.3741
15162,-23044,256.988,68.3767
15163,-23046.8,257.003,68.3794
15164,-23049.5,257.019,68.382
15165,-23052.2,257.034,68.3846
15166,-23055,257.049,68.3872
15167,-23057.7,257.065,68.3898
15168,-23060.5,257.08,68.3924
15169,-23063.2,257.096,68.395
15170,-23066,257.111,68.3976
15171,-23068.7,257.126,68.4002
15172,-23071.4,257.142,68.4028
15173,-23074.2,257.157,68.4053
15174,-23076.9,257.172,68.4078
15175,-23079.7,257.188,68.4103
15176,-23082.4,257.203,68.4128
15177,-23085.2,257.219,68.4153
15178,-23087.9,257.234,68.4179
15179,-23090.6,257.249,68.4204
15180,-23093.4,257.265,68.4229
15181,-23096.1,257.28,68.4254
15182,-23098.9,257.296,68.4279
15183,-23101.6,257.311,68.4305
15184,-23104.4,257.326,68.4331
15185,-23107.1,257.342,68.4356
15186,-23109.9,257.357,68.4382
15187,-23112.6,257.372,68.4407
15188,-23115.3,257.388,68.4433
15189,-23118.1,257.403,68.4458
15190,-23120.8,257.419,68.4483
15191,-23123.6,257.434,68.4509
15192,-23126.3,257.449,68.4534
15193,-23129.1,257.465,68.4559
15194,-23131.8,257.48,68.4585
15195,-23134.6,257.495,68.461
15196,-23137.3,257.511,68.4636
15197,-23140.1,257.526,68.4661
15198,-23142.8,257.542,68.4687
15199,-23145.6,257.557,68.4712
15200,-23148.3,257.572,68.4738
15201,-23151.1,257.588,68.4822
15202,-23153.8,257.603,68.4852
15203,-23156.5,257.619,68.4878
15204,-23159.3,257.634,68.4903
15205,-23162,257.649,68.4929
15206,-23164.8,257.665,68.4954
15207,-23167.5,257.68,68.4979
15208,-23170.3,257.695,68.5005
15209,-23173,257.711,68.503
15210,-23175.8,257.726,68.5056
15211,-23178.5,257.742,68.5081
15212,-23181.3,257.757,68.5106
15213,-23184,257.772,68.5133
15214,-23186.8,257.788,68.5159
15215,-23189.5,257.803,68.5184
15216,-23192.3,257.818,68.5209
15217,-23195,257.834,68.5234
15218,-23197.8,257.849,68.5259
15219,-23200.5,257.865,68.5284
15220,-23203.3,257.88,68.5309
15221,-23206,257.895,68.5334
15222,-23208.8,257.911,68.536
15223,-23211.5,257.926,68.5385
15224,-23214.3,257.941,68.5411
15225,-23217,257.957,68.5436
15226,-23219.8,257.972,68.5461
15227,-23222.5,257.988,68.5487
15228,-23225.3,258.003,68.5511
15229,-23228,258.018,68.5535
15230,-23230.8,258.034,68.5557
15231,-23233.5,258.049,68.5583
15232,-23236.3,258.064,68.5609
15233,-23239,258.08,68.5634
15234,-23241.8,258.095,68.5659
15235,-23244.5,258.111,68.5684
15236,-23247.3,258.126,68.571
15237,-23250.1,258.141,68.5736
15238,-23252.8,258.157,68.5762
15239,-23255.6,258.172,68.5788
15240,-23258.3,258.187,68.5813
15241,-23261.1,258.203,68.5838
15242,-23263.8,258.218,68.5864
15243,-23266.6,258.234,68.5889
15244,-23269.3,258.249,68.5915
15245,-23272.1,258.264,68.5941
15246,-23274.8,258.28,68.5966
15247,-23277.6,258.295,68.5991
15248,-23280.3,258.31,68.6016
15249,-23283.1,258.326,68.6041
15250,-23285.9,258.341,68.6067
15251,-23288.6,258.357,68.6143
15252,-23291.4,258.372,68.6172
15253,-23294.1,258.387,68.6198
15254,-23296.9,258.403,68.6224
15255,-23299.6,258.418,68.625
15256,-23302.4,258.433,68.6275
15257,-23305.1,258.449,68.63
15258,-23307.9,258.464,68.6326
15259,-23310.7,258.48,68.6351
15260,-23313.4,258.495,68.6377
15261,-23316.2,258.51,68.6402
15262,-23318.9,258.526,68.6427
15263,-23321.7,258.541,68.6452
15264,-23324.4,258.556,68.6477
15265,-23327.2,258.572,68.6503
15266,-23330,258.587,68.6528
15267,-23332.7,258.603,68.6554
15268,-23335.5,258.618,68.6579
15269,-23338.2,258.633,68.6604
15270,-23341,258.649,68.6629
15271,-23343.7,258.664,68.6655
15272,-23346.5,258.679,68.668
15273,-23349.3,258.695,68.6706
15274,-23352,258.71,68.6731
15275,-23354.8,258.726,68.6756
15276,-23357.5,258.741,68.6781
15277,-23360.3,258.756,68.6806
15278,-23363,258.772,68.6832
15279,-23365.8,258.787,68.6857
15280,-23368.6,258.802,68.6882
15281,-23371.3,258.818,68.6907
15282,-23374.1,258.833,68.6933
15283,-23376.8,258.849,68.6958
15284,-23379.6,258.864,68.6983
15285,-23382.4,258.879,68.7009
15286,-23385.1,258.895,68.7034
15287,-23387.9,258.91,68.706
15288,-23390.6,258.925,68.7086
15289,-23393.4,258.941,68.7111
15290,-23396.2,258.956,68.7136
15291,-23398.9,258.972,68.7162
15292,-23401.7,258.987,68.7187
15293,-23404.5,259.002,68.7226
15294,-23407.2,259.018,68.7252
15295,-23410,259.033,68.7277
15296,-23412.7,259.048,68.7304
15297,-23415.5,259.064,68.7329
15298,-23418.3,259.079,68.7355
15299,-23421,259.095,68.738
15300,-23423.8,259.11,68.7406
15301,-23426.5,259.125,68.747
15302,-23429.3,259.141,68.7496
15303,-23432.1,259.156,68.7523
15304,-23434.8,259.171,68.7549
15305,-23437.6,259.187,68.7574
15306,-23440.4,259.202,68.76
15307,-23443.1,259.218,68.7625
15308,-23445.9,259.233,68.7651
15309,-23448.7,259.248,68.7677
15310,-23451.4,259.264,68.7703
15311,-23454.2,259.279,68.7729
15312,-23456.9,259.294,68.7755
15313,-23459.7,259.31,68.778
15314,-23462.5,259.325,68.7806
15315,-23465.2,259.341,68.7832
15316,-23468,259.356,68.7857
15317,-23470.8,259.371,68.7883
15318,-23473.5,259.387,68.7909
15319,-23476.3,259.402,68.7935
15320,-23479.1,259.417,68.7961
15321,-23481.8,259.433,68.7987
15322,-23484.6,259.448,68.8014
15323,-23487.4,259.464,68.804
15324,-23490.1,259.479,68.8066
15325,-23492.9,259.494,68.8092
15326,-23495.7,259.51,68.8118
15327,-23498.4,259.525,68.8143
15328,-23501.2,259.54,68.8169
15329,-23504,259.556,68.8196
15330,-23506.7,259.571,68.8223
15331,-23509.5,259.587,68.8249
15332,-23512.3,259.602,68.8275
15333,-23515,259.617,68.8302
15334,-23517.8,259.633,68.8327
15335,-23520.6,259.648,68.8353
15336,-23523.3,259.663,68.838
15337,-23526.1,259.679,68.8405
15338,-23528.9,259.694,68.8431
15339,-23531.6,259.709,68.8457
15340,-23534.4,259.725,68.8483
15341,-23537.2,259.74,68.8562
15342,-23539.9,259.756,68.8589
15343,-23542.7,259.771,68.8615
15344,-23545.5,259.786,68.8642
15345,-23548.3,259.802,68.8669
15346,-23551,259.817,68.8695
15347,-23553.8,259.832,68.8723
15348,-23556.6,259.848,68.8749
15349,-23559.3,259.863,68.8774
15350,-23562.1,259.879,68.88
15351,-23564.9,259.894,68.8877
15352,-23567.6,259.909,68.8909
15353,-23570.4,259.925,68.8935
15354,-23573.2,259.94,68.8963
15355,-23576,259.955,68.8989
15356,-23578.7,259.971,68.9016
15357,-23581.5,259.986,68.9043
15358,-23584.3,260.002,68.9069
15359,-23587,260.017,68.9095
15360,-23589.8,260.032,68.9121
15361,-23592.6,260.048,68.9147
15362,-23595.4,260.063,68.9173
15363,-23598.1,260.078,68.9199
15364,-23600.9,260.094,68.9227
15365,-23603.7,260.109,68.9253
15366,-23606.4,260.124,68.9279
15367,-23609.2,260.14,68.9306
15368,-23612,260.155,68.9333
15369,-23614.8,260.171,68.9359
15370,-23617.5,260.186,68.9385
15371,-23620.3,260.201,68.9412
15372,-23623.1,260.217,68.9437
15373,-23625.9,260.232,68.9463
15374,-23628.6,260.247,68.949
15375,-23631.4,260.263,68.9515
15376,-23634.2,260.278,68.9542
15377,-23636.9,260.294,68.9567
15378,-23639.7,260.309,68.9594
15379,-23642.5,260.324,68.962
15380,-23645.3,260.34,68.9647
15381,-23648,260.355,68.9673
15382,-23650.8,260.37,68.9699
15383,-23653.6,260.386,68.9725
15384,-23656.4,260.401,68.9751
15385,-23659.1,260.416,68.9778
15386,-23661.9,260.432,68.9804
15387,-23664.7,260.447,68.9829
15388,-23667.5,260.463,68.9855
15389,-23670.2,260.478,68.9882
15390,-23673,260.493,68.9908
15391,-23675.8,260.509,68.9934
15392,-23678.6,260.524,68.9961
15393,-23681.4,260.539,68.9987
15394,-23684.1,260.555,69.0014
15395,-23686.9,260.57,69.0039
15396,-23689.7,260.586,69.0065
15397,-23692.5,260.601,69.009
15398,-23695.2,260.616,69.0116
15399,-23698,260.632,69.0142
15400,-23700.8,260.647,69.0169
15401,-23703.6,260.662,69.0245
15402,-23706.4,260.678,69.0276
15403,-23709.1,260.693,69.0302
15404,-23711.9,260.708,69.0328
15405,-23714.7,260.724,69.0353
15406,-23717.5,260.739,69.038
15407,-23720.2,260.755,69.0406
15408,-23723,260.77,69.0433
15409,-23725.8,260.785,69.0459
15410,-23728.6,260.801,69.0484
15411,-23731.4,260.816,69.051
15412,-23734.1,260.831,69.0536
15413,-23736.9,260.847,69.0561
15414,-23739.7,260.862,69.0588
15415,-23742.5,260.878,69.0614
15416,-23745.3,260.893,69.064
15417,-23748,260.908,69.0665
15418,-23750.8,260.924,69.0691
15419,-23753.6,260.939,69.0717
15420,-23756.4,260.954,69.0742
15421,-23759.2,260.97,69.0768
15422,-23761.9,260.985,69.0794
15423,-23764.7,261,69.082
15424,-23767.5,261.016,69.0848
15425,-23770.3,261.031,69.0874
15426,-23773.1,261.047,69.09
15427,-23775.8,261.062,69.0926
15428,-23778.6,261.077,69.0951
15429,-23781.4,261.093,69.0977
15430,-23784.2,261.108,69.1003
15431,-23787,261.123,69.1029
15432,-23789.8,261.139,69.1056
15433,-23792.5,261.154,69.1082
15434,-23795.3,261.169,69.1108
15435,-23798.1,261.185,69.1134
15436,-23800.9,261.2,69.116
15437,-23803.7,261.216,69.1186
15438,-23806.5,261.231,69.1212
15439,-23809.2,261.246,69.1238
15440,-23812,261.262,69.1264
15441,-23814.8,261.277,69.129
15442,-23817.6,261.292,69.1316
15443,-23820.4,261.308,69.1342
15444,-23823.2,261.323,69.1368
15445,-23825.9,261.338,69.1395
15446,-23828.7,261.354,69.1421
15447,-23831.5,261.369,69.1447
15448,-23834.3,261.385,69.1473
15449,-23837.1,261.4,69.1499
15450,-23839.9,261.415,69.1525
15451,-23842.7,261.431,69.1601
15452,-23845.4,261.446,69.1632
15453,-23848.2,261.461,69.1658
15454,-23851,261.477,69.1685
15455,-23853.8,261.492,69.1711
15456,-23856.6,261.507,69.1739
15457,-23859.4,261.523,69.1765
15458,-23862.2,261.538,69.1791
15459,-23864.9,261.554,69.1818
15460,-23867.7,261.569,69.1844
15461,-23870.5,261.584,69.1871
15462,-23873.3,261.6,69.1897
15463,-23876.1,261.615,69.1923
15464,-23878.9,261.63,69.1949
15465,-23881.7,261.646,69.1976
15466,-23884.5,261.661,69.2002
15467,-23887.2,261.676,69.2029
15468,-23890,261.692,69.2057
15469,-23892.8,261.707,69.2083
15470,-23895.6,261.723,69.211
15471,-23898.4,261.738,69.2137
15472,-23901.2,261.753,69.2164
15473,-23904,261.769,69.219
15474,-23906.8,261.784,69.2216
15475,-23909.6,261.799,69.2242
15476,-23912.3,261.815,69.2267
15477,-23915.1,261.83,69.2294
15478,-23917.9,261.845,69.232
15479,-23920.7,261.861,69.2346
15480,-23923.5,261.876,69.2372
15481,-23926.3,261.892,69.2398
15482,-23929.1,261.907,69.2424
15483,-23931.9,261.922,69.245
15484,-23934.7,261.938,69.2475
15485,-23937.5,261.953,69.2501
15486,-23940.2,261.968,69.2527
15487,-23943,261.984,69.2553
15488,-23945.8,261.999,69.2578
15489,-23948.6,262.014,69.2604
15490,-23951.4,262.03,69.263
15491,-23954.2,262.045,69.2656
15492,-23957,262.061,69.2682
15493,-23959.8,262.076,69.2709
15494,-23962.6,262.091,69.2735
15495,-23965.4,262.107,69.276
15496,-23968.2,262.122,69.2786
15497,-23971,262.137,69.2812
15498,-23973.7,262.153,69.2839
15499,-23976.5,262.168,69.2864
15500,-23979.3,262.183,69.289
15501,-23982.1,262.199,69.2958
15502,-23984.9,262.214,69.2984
15503,-23987.7,262.23,69.301
15504,-23990.5,262.245,69.3036
15505,-23993.3,262.26,69.3062
15506,-23996.1,262.276,69.3088
15507,-23998.9,262.291,69.3114
15508,-24001.7,262.306,69.314
15509,-24004.5,262.322,69.3165
15510,-24007.3,262.337,69.3191
15511,-24010.1,262.352,69.3217
15512,-24012.9,262.368,69.3244
15513,-24015.7,262.383,69.3269
15514,-24018.4,262.399,69.3295
15515,-24021.2,262.414,69.3321
15516,-24024,262.429,69.3347
15517,-24026.8,262.445,69.3374
15518,-24029.6,262.46,69.3399
15519,-24032.4,262.475,69.3425
15520,-24035.2,262.491,69.345
15521,-24038,262.506,69.3475
15522,-24040.8,262.521,69.3502
15523,-24043.6,262.537,69.3528
15524,-24046.4,262.552,69.3553
15525,-24049.2,262.567,69.3579
15526,-24052,262.583,69.3604
15527,-24054.8,262.598,69.3631
15528,-24057.6,262.614,69.3657
15529,-24060.4,262.629,69.3683
15530,-24063.2,262.644,69.3709
15531,-24066,262.66,69.3735
15532,-24068.8,262.675,69.3761
15533,-24071.6,262.69,69.3786
15534,-24074.4,262.706,69.3812
15535,-24077.2,262.721,69.3837
15536,-24080,262.736,69.3863
15537,-24082.8,262.752,69.3889
15538,-24085.6,262.767,69.3915
15539,-24088.4,262.783,69.3941
15540,-24091.2,262.798,69.3967
15541,-24094,262.813,69.3993
15542,-24096.8,262.829,69.4019
15543,-24099.6,262.844,69.4045
15544,-24102.4,262.859,69.4071
15545,-24105.2,262.875,69.4097
15546,-24108,262.89,69.4123
15547,-24110.8,262.905,69.415
15548,-24113.6,262.921,69.4176
15549,-24116.4,262.936,69.4202
15550,-24119.2,262.951,69.4228
15551,-24122,262.967,69.4366
15552,-24124.8,262.982,69.4407
15553,-24127.6,262.998,69.4442
15554,-24130.4,263.013,69.4472
15555,-24133.2,263.028,69.4498
15556,-24136,263.044,69.4524
15557,-24138.8,263.059,69.4551
15558,-24141.6,263.074,69.4579
15559,-24144.4,263.09,69.4606
15560,-24147.2,263.105,69.4633
15561,-24150,263.12,69.466
15562,-24152.8,263.136,69.4687
15563,-24155.6,263.151,69.4713
15564,-24158.4,263.166,69.4741
15565,-24161.2,263.182,69.4766
15566,-24164,263.197,69.4792
15567,-24166.8,263.213,69.4818
15568,-24169.6,263.228,69.4844
15569,-24172.4,263.243,69.487
15570,-24175.2,263.259,69.4896
15571,-24178,263.274,69.4922
15572,-24180.8,263.289,69.4948
15573,-24183.6,263.305,69.4975
15574,-24186.4,263.32,69.5002
15575,-24189.2,263.335,69.5028
15576,-24192,263.351,69.5054
15577,-24194.8,263.366,69.5081
15578,-24197.6,263.381,69.5107
15579,-24200.5,263.397,69.5132
15580,-24203.3,263.412,69.5159
15581,-24206.1,263.428,69.5185
15582,-24208.9,263.443,69.5211
15583,-24211.7,263.458,69.5238
15584,-24214.5,263.474,69.5264
15585,-24217.3,263.489,69.529
15586,-24220.1,263.504,69.5316
15587,-24222.9,263.52,69.5343
15588,-24225.7,263.535,69.537
15589,-24228.5,263.55,69.5396
15590,-24231.3,263.566,69.5423
15591,-24234.1,263.581,69.545
15592,-24236.9,263.596,69.5476
15593,-24239.7,263.612,69.5502
15594,-24242.5,263.627,69.5528
15595,-24245.4,263.643,69.5553
15596,-24248.2,263.658,69.5579
15597,-24251,263.673,69.5605
15598,-24253.8,263.689,69.5632
15599,-24256.6,263.704,69.5657
15600,-24259.4,263.719,69.5684
15601,-24262.2,263.735,69.5753
15602,-24265,263.75,69.578
15603,-24267.8,263.765,69.5806
15604,-24270.6,263.781,69.5832
15605,-24273.4,263.796,69.5857
15606,-24276.2,263.811,69.5884
15607,-24279.1,263.827,69.5909
15608,-24281.9,263.842,69.5935
15609,-24284.7,263.858,69.6013
15610,-24287.5,263.873,69.604
15611,-24290.3,263.888,69.6066
15612,-24293.1,263.904,69.6092
15613,-24295.9,263.919,69.6118
15614,-24298.7,263.934,69.6144
15615,-24301.5,263.95,69.617
15616,-24304.3,263.965,69.6196
15617,-24307.2,263.98,69.6222
15618,-24310,263.996,69.6248
15619,-24312.8,264.011,69.6275
15620,-24315.6,264.026,69.6302
15621,-24318.4,264.042,69.6328
15622,-24321.2,264.057,69.6353
15623,-24324,264.073,69.6379
15624,-24326.8,264.088,69.6405
15625,-24329.6,264.103,69.6431
15626,-24332.5,264.119,69.6458
15627,-24335.3,264.134,69.6483
15628,-24338.1,264.149,69.6509
15629,-24340.9,264.165,69.6536
15630,-24343.7,264.18,69.6562
15631,-24346.5,264.195,69.6738
15632,-24349.3,264.211,69.678
15633,-24352.1,264.226,69.6807
15634,-24355,264.241,69.6834
15635,-24357.8,264.257,69.686
15636,-24360.6,264.272,69.6886
15637,-24363.4,264.287,69.6912
15638,-24366.2,264.303,69.6938
15639,-24369,264.318,69.6964
15640,-24371.8,264.334,69.699
15641,-24374.7,264.349,69.7015
15642,-24377.5,264.364,69.7041
15643,-24380.3,264.38,69.7067
15644,-24383.1,264.395,69.7093
15645,-24385.9,264.41,69.712
15646,-24388.7,264.426,69.7146
15647,-24391.5,264.441,69.7172
15648,-24394.4,264.456,69.7197
15649,-24397.2,264.472,69.7223
15650,-24400,264.487,69.7249
15651,-24402.8,264.502,69.7622
15652,-24405.6,264.518,69.7654
15653,-24408.4,264.533,69.7679
15654,-24411.3,264.548,69.7705
15655,-24414.1,264.564,69.773
15656,-24416.9,264.579,69.7756
15657,-24419.7,264.595,69.7782
15658,-24422.5,264.61,69.7808
15659,-24425.3,264.625,69.7834
15660,-24428.2,264.641,69.786
15661,-24431,264.656,69.7886
15662,-24433.8,264.671,69.7912
15663,-24436.6,264.687,69.7937
15664,-24439.4,264.702,69.7963
15665,-24442.3,264.717,69.7989
15666,-24445.1,264.733,69.8015
15667,-24447.9,264.748,69.8041
15668,-24450.7,264.763,69.8068
15669,-24453.5,264.779,69.8094
15670,-24456.3,264.794,69.812
15671,-24459.2,264.809,69.8147
15672,-24462,264.825,69.8173
15673,-24464.8,264.84,69.8199
15674,-24467.6,264.856,69.8225
15675,-24470.4,264.871,69.8251
15676,-24473.3,264.886,69.8277
15677,-24476.1,264.902,69.8379
15678,-24478.9,264.917,69.8407
15679,-24481.7,264.932,69.8434
15680,-24484.5,264.948,69.8457
15681,-24487.4,264.963,69.8481
15682,-24490.2,264.978,69.8506
15683,-24493,264.994,69.8529
15684,-24495.8,265.009,69.8555
15685,-24498.6,265.024,69.8581
15686,-24501.5,265.04,69.8607
15687,-24504.3,265.055,69.8633
15688,-24507.1,265.07,69.8659
15689,-24509.9,265.086,69.8686
15690,-24512.8,265.101,69.8712
15691,-24515.6,265.117,69.8738
15692,-24518.4,265.132,69.8765
15693,-24521.2,265.147,69.8791
15694,-24524,265.163,69.8817
15695,-24526.9,265.178,69.8895
15696,-24529.7,265.193,69.8921
15697,-24532.5,265.209,69.8946
15698,-24535.3,265.224,69.8972
15699,-24538.2,265.239,69.8998
15700,-24541,265.255,69.9024
15701,-24543.8,265.27,69.9102
15702,-24546.6,265.285,69.9133
15703,-24549.5,265.301,69.9159
15704,-24552.3,265.316,69.9186
15705,-24555.1,265.331,69.9212
15706,-24557.9,265.347,69.9238
15707,-24560.7,265.362,69.9264
15708,-24563.6,265.377,69.929
15709,-24566.4,265.393,69.9315
15710,-24569.2,265.408,69.9341
15711,-24572,265.424,69.9367
15712,-24574.9,265.439,69.9393
15713,-24577.7,265.454,69.9418
15714,-24580.5,265.47,69.9443
15715,-24583.3,265.485,69.9532
15716,-24586.2,265.5,69.9559
15717,-24589,265.516,69.9586
15718,-24591.8,265.531,69.9613
15719,-24594.7,265.546,69.9639
15720,-24597.5,265.562,69.9665
15721,-24600.3,265.577,69.9692
15722,-24603.1,265.592,69.9718
15723,-24606,265.608,69.9744
15724,-24608.8,265.623,69.9772
15725,-24611.6,265.638,69.9798
15726,-24614.4,265.654,69.9825
15727,-24617.3,265.669,69.985
15728,-24620.1,265.684,69.9876
15729,-24622.9,265.7,69.9902
15730,-24625.8,265.715,69.9928
15731,-24628.6,265.731,69.9954
15732,-24631.4,265.746,69.9981
15733,-24634.2,265.761,70.0007
15734,-24637.1,265.777,70.0033
15735,-24639.9,265.792,70.0059
15736,-24642.7,265.807,70.0085
15737,-24645.6,265.823,70.0265
15738,-24648.4,265.838,70.0308
15739,-24651.2,265.853,70.0347
15740,-24654,265.869,70.0384
15741,-24656.9,265.884,70.0417
15742,-24659.7,265.899,70.0447
15743,-24662.5,265.915,70.0475
15744,-24665.4,265.93,70.0502
15745,-24668.2,265.945,70.0529
15746,-24671,265.961,70.0555
15747,-24673.9,265.976,70.0583
15748,-24676.7,265.991,70.0609
15749,-24679.5,266.007,70.0636
15750,-24682.3,266.022,70.0662
15751,-24685.2,266.037,70.0751
15752,-24688,266.053,70.0783
15753,-24690.8,266.068,70.0812
15754,-24693.7,266.084,70.084
15755,-24696.5,266.099,70.0867
15756,-24699.3,266.114,70.0893
15757,-24702.2,266.13,70.092
15758,-24705,266.145,70.0947
15759,-24707.8,266.16,70.0974
15760,-24710.7,266.176,70.1001
15761,-24713.5,266.191,70.1028
15762,-24716.3,266.206,70.1055
15763,-24719.2,266.222,70.1081
15764,-24722,266.237,70.1108
15765,-24724.8,266.252,70.1135
15766,-24727.7,266.268,70.1161
15767,-24730.5,266.283,70.1187
15768,-24733.3,266.298,70.1347
15769,-24736.2,266.314,70.1378
15770,-24739,266.329,70.1405
15771,-24741.8,266.344,70.1431
15772,-24744.7,266.36,70.1457
15773,-24747.5,266.375,70.1483
15774,-24750.3,266.39,70.1509
15775,-24753.2,266.406,70.1535
15776,-24756,266.421,70.1562
15777,-24758.8,266.437,70.1588
15778,-24761.7,266.452,70.1614
15779,-24764.5,266.467,70.1641
15780,-24767.3,266.483,70.1667
15781,-24770.2,266.498,70.1693
15782,-24773,266.513,70.1718
15783,-24775.9,266.529,70.1744
15784,-24778.7,266.544,70.1771
15785,-24781.5,266.559,70.1797
15786,-24784.4,266.575,70.1822
15787,-24787.2,266.59,70.1848
15788,-24790,266.605,70.1874
15789,-24792.9,266.621,70.19
15790,-24795.7,266.636,70.1997
15791,-24798.5,266.651,70.2029
15792,-24801.4,266.667,70.2055
15793,-24804.2,266.682,70.2082
15794,-24807.1,266.697,70.2108
15795,-24809.9,266.713,70.2135
15796,-24812.7,266.728,70.2161
15797,-24815.6,266.743,70.2187
15798,-24818.4,266.759,70.2212
15799,-24821.3,266.774,70.2238
15800,-24824.1,266.789,70.2264
15801,-24826.9,266.805,70.2346
15802,-24829.8,266.82,70.2377
15803,-24832.6,266.836,70.2403
15804,-24835.4,266.851,70.2431
15805,-24838.3,266.866,70.2457
15806,-24841.1,266.882,70.2484
15807,-24844,266.897,70.2511
15808,-24846.8,266.912,70.2537
15809,-24849.6,266.928,70.2563
15810,-24852.5,266.943,70.2589
15811,-24855.3,266.958,70.2615
15812,-24858.2,266.974,70.2642
15813,-24861,266.989,70.2668
15814,-24863.8,267.004,70.2694
15815,-24866.7,267.02,70.2721
15816,-24869.5,267.035,70.2747
15817,-24872.4,267.05,70.2773
15818,-24875.2,267.066,70.28
15819,-24878.1,267.081,70.2828
15820,-24880.9,267.096,70.2919
15821,-24883.7,267.112,70.295
15822,-24886.6,267.127,70.2978
15823,-24889.4,267.142,70.3005
15824,-24892.3,267.158,70.3031
15825,-24895.1,267.173,70.3059
15826,-24898,267.188,70.3085
15827,-24900.8,267.204,70.3114
15828,-24903.6,267.219,70.314
15829,-24906.5,267.234,70.3167
15830,-24909.3,267.25,70.3194
15831,-24912.2,267.265,70.3221
15832,-24915,267.28,70.3247
15833,-24917.9,267.296,70.3273
15834,-24920.7,267.311,70.3299
15835,-24923.5,267.327,70.3326
15836,-24926.4,267.342,70.3351
15837,-24929.2,267.357,70.3378
15838,-24932.1,267.373,70.3403
15839,-24934.9,267.388,70.343
15840,-24937.8,267.403,70.3456
15841,-24940.6,267.419,70.3482
15842,-24943.5,267.434,70.3508
15843,-24946.3,267.449,70.3535
15844,-24949.1,267.465,70.3561
15845,-24952,267.48,70.3668
15846,-24954.8,267.495,70.3701
15847,-24957.7,267.511,70.3728
15848,-24960.5,267.526,70.3754
15849,-24963.4,267.541,70.378
15850,-24966.2,267.557,70.3806
15851,-24969.1,267.572,70.3887
15852,-24971.9,267.587,70.3918
15853,-24974.8,267.603,70.3944
15854,-24977.6,267.618,70.397
15855,-24980.5,267.633,70.3996
15856,-24983.3,267.649,70.4022
15857,-24986.1,267.664,70.4048
15858,-24989,267.679,70.4074
15859,-24991.8,267.695,70.41
15860,-24994.7,267.71,70.4126
15861,-24997.5,267.725,70.4153
15862,-25000.4,267.741,70.4179
15863,-25003.2,267.756,70.4205
15864,-25006.1,267.771,70.423
15865,-25008.9,267.787,70.4256
15866,-25011.8,267.802,70.4282
15867,-25014.6,267.817,70.4308
15868,-25017.5,267.833,70.4334
15869,-25020.3,267.848,70.4435
15870,-25023.2,267.864,70.4462
15871,-25026,267.879,70.4489
15872,-25028.9,267.894,70.4516
15873,-25031.7,267.91,70.4541
15874,-25034.6,267.925,70.4568
15875,-25037.4,267.94,70.4594
15876,-25040.3,267.956,70.462
15877,-25043.1,267.971,70.4736
15878,-25046,267.986,70.4762
15879,-25048.8,268.002,70.4849
15880,-25051.7,268.017,70.4875
15881,-25054.5,268.032,70.4902
15882,-25057.4,268.048,70.4929
15883,-25060.2,268.063,70.4956
15884,-25063.1,268.078,70.4983
15885,-25065.9,268.094,70.501
15886,-25068.8,268.109,70.5036
15887,-25071.6,268.124,70.5063
15888,-25074.5,268.14,70.509
15889,-25077.3,268.155,70.5117
15890,-25080.2,268.17,70.5143
15891,-25083.1,268.186,70.517
15892,-25085.9,268.201,70.5197
15893,-25088.8,268.216,70.5224
15894,-25091.6,268.232,70.525
15895,-25094.5,268.247,70.5276
15896,-25097.3,268.262,70.5302
15897,-25100.2,268.278,70.5328
15898,-25103,268.293,70.5355
15899,-25105.9,268.308,70.5381
15900,-25108.7,268.324,70.5408
15901,-25111.6,268.339,70.549
15902,-25114.4,268.354,70.5597
15903,-25117.3,268.37,70.5623
15904,-25120.1,268.385,70.565
15905,-25123,268.4,70.5677
15906,-25125.9,268.416,70.5703
15907,-25128.7,268.431,70.5729
15908,-25131.6,268.446,70.5755
15909,-25134.4,268.462,70.578
15910,-25137.3,268.477,70.5806
15911,-25140.1,268.492,70.5831
15912,-25143,268.508,70.5919
15913,-25145.8,268.523,70.5948
15914,-25148.7,268.538,70.5973
15915,-25151.6,268.554,70.6
15916,-25154.4,268.569,70.6026
15917,-25157.3,268.584,70.6051
15918,-25160.1,268.6,70.6078
15919,-25163,268.615,70.6104
15920,-25165.8,268.631,70.613
15921,-25168.7,268.646,70.6156
15922,-25171.6,268.661,70.6182
15923,-25174.4,268.677,70.6208
15924,-25177.3,268.692,70.6234
15925,-25180.1,268.707,70.626
15926,-25183,268.723,70.6286
15927,-25185.8,268.738,70.6312
15928,-25188.7,268.753,70.6337
15929,-25191.6,268.769,70.6362
15930,-25194.4,268.784,70.6389
15931,-25197.3,268.799,70.6415
15932,-25200.1,268.815,70.6441
15933,-25203,268.83,70.6467
15934,-25205.9,268.845,70.6493
15935,-25208.7,268.861,70.652
15936,-25211.6,268.876,70.6546
15937,-25214.4,268.891,70.6571
15938,-25217.3,268.907,70.6672
15939,-25220.2,268.922,70.67
15940,-25223,268.937,70.6727
15941,-25225.9,268.953,70.6753
15942,-25228.7,268.968,70.6778
15943,-25231.6,268.983,70.6804
15944,-25234.5,268.999,70.683
15945,-25237.3,269.014,70.6856
15946,-25240.2,269.029,70.6882
15947,-25243,269.045,70.6907
15948,-25245.9,269.06,70.6932
15949,-25248.8,269.075,70.6958
15950,-25251.6,269.091,70.6984
15951,-25254.5,269.106,70.7065
15952,-25257.3,269.121,70.7097
15953,-25260.2,269.137,70.7123
15954,-25263.1,269.152,70.7149
15955,-25265.9,269.167,70.7175
15956,-25268.8,269.183,70.7201
15957,-25271.7,269.198,70.7227
15958,-25274.5,269.213,70.7254
15959,-25277.4,269.229,70.728
15960,-25280.2,269.244,70.7305
15961,-25283.1,269.259,70.7331
15962,-25286,269.275,70.7357
15963,-25288.8,269.29,70.7383
15964,-25291.7,269.305,70.7409
15965,-25294.6,269.321,70.753
15966,-25297.4,269.336,70.7562
15967,-25300.3,269.351,70.7587
15968,-25303.2,269.367,70.7659
15969,-25306,269.382,70.7685
15970,-25308.9,269.397,70.7711
15971,-25311.7,269.413,70.7737
15972,-25314.6,269.428,70.7763
15973,-25317.5,269.443,70.7789
15974,-25320.3,269.459,70.7814
15975,-25323.2,269.474,70.784
15976,-25326.1,269.489,70.7866
15977,-25328.9,269.505,70.7892
15978,-25331.8,269.52,70.7918
15979,-25334.7,269.535,70.7943
15980,-25337.5,269.551,70.7969
15981,-25340.4,269.566,70.7995
15982,-25343.3,269.581,70.8021
15983,-25346.1,269.597,70.8047
15984,-25349,269.612,70.8073
15985,-25351.9,269.627,70.8098
15986,-25354.7,269.643,70.8125
15987,-25357.6,269.658,70.8152
15988,-25360.5,269.673,70.8177
15989,-25363.3,269.689,70.8308
15990,-25366.2,269.704,70.834
15991,-25369.1,269.719,70.8366
15992,-25371.9,269.735,70.8392
15993,-25374.8,269.75,70.8418
15994,-25377.7,269.765,70.8444
15995,-25380.5,269.781,70.847
15996,-25383.4,269.796,70.8496
15997,-25386.3,269.811,70.8522
15998,-25389.2,269.827,70.8549
15999,-25392,269.842,70.8576
16000,-25394.9,269.857,70.8603
16001,-25397.8,269.873,70.8679
16002,-25400.6,269.888,70.871
16003,-25403.5,269.903,70.8737
16004,-25406.4,269.919,70.8763
16005,-25409.2,269.934,70.879
16006,-25412.1,269.949,70.8816
16007,-25415,269.965,70.8842
16008,-25417.9,269.98,70.8869
16009,-25420.7,269.995,70.8896
16010,-25423.6,270.011,70.8921
16011,-25426.5,270.026,70.8948
16012,-25429.3,270.041,70.9082
16013,-25432.2,270.057,70.9109
16014,-25435.1,270.072,70.9135
16015,-25437.9,270.087,70.9162
16016,-25440.8,270.103,70.9187
16017,-25443.7,270.118,70.9213
16018,-25446.6,270.133,70.924
16019,-25449.4,270.149,70.9266
16020,-25452.3,270.164,70.9292
16021,-25455.2,270.179,70.9318
16022,-25458.1,270.195,70.9344
16023,-25460.9,270.21,70.937
16024,-25463.8,270.225,70.9396
16025,-25466.7,270.241,70.9421
16026,-25469.5,270.256,70.9448
16027,-25472.4,270.271,70.9473
16028,-25475.3,270.287,70.9499
16029,-25478.2,270.302,70.9525
16030,-25481,270.317,70.9551
16031,-25483.9,270.333,70.9577
16032,-25486.8,270.348,70.9602
16033,-25489.7,270.363,70.9629
16034,-25492.5,270.379,70.9655
16035,-25495.4,270.394,70.9681
16036,-25498.3,270.409,70.9707
16037,-25501.2,270.425,70.9733
16038,-25504,270.44,70.9759
16039,-25506.9,270.455,70.9784
16040,-25509.8,270.471,70.981
16041,-25512.7,270.486,70.9836
16042,-25515.5,270.501,70.9862
16043,-25518.4,270.517,70.9887
16044,-25521.3,270.532,70.9976
16045,-25524.2,270.547,71.0003
16046,-25527,270.563,71.003
16047,-25529.9,270.578,71.0055
16048,-25532.8,270.593,71.0081
16049,-25535.7,270.609,71.0108
16050,-25538.5,270.624,71.0175
16051,-25541.4,270.639,71.0305
16052,-25544.3,270.655,71.0336
16053,-25547.2,270.67,71.0539
16054,-25550.1,270.685,71.0569
16055,-25552.9,270.701,71.0595
16056,-25555.8,270.716,71.0621
16057,-25558.7,270.731,71.0806
16058,-25561.6,270.747,71.0834
16059,-25564.4,270.762,71.086
16060,-25567.3,270.777,71.0886
16061,-25570.2,270.793,71.1256
16062,-25573.1,270.808,71.1289
16063,-25576,270.823,71.1316
16064,-25578.8,270.839,71.1343
16065,-25581.7,270.854,71.137
16066,-25584.6,270.869,71.1509
16067,-25587.5,270.885,71.1541
16068,-25590.4,270.9,71.1568
16069,-25593.2,270.915,71.1594
16070,-25596.1,270.931,71.162
16071,-25599,270.946,71.1647
16072,-25601.9,270.961,71.1673
16073,-25604.8,270.977,71.1699
16074,-25607.6,270.992,71.1725
16075,-25610.5,271.007,71.1751
16076,-25613.4,271.023,71.1778
16077,-25616.3,271.038,71.1804
16078,-25619.2,271.053,71.1831
16079,-25622,271.069,71.1857
16080,-25624.9,271.084,71.1884
16081,-25627.8,271.099,71.191
16082,-25630.7,271.115,71.1936
16083,-25633.6,271.13,71.1962
16084,-25636.4,271.145,71.1988
16085,-25639.3,271.161,71.2014
16086,-25642.2,271.176,71.204
16087,-25645.1,271.191,71.2067
16088,-25648,271.207,71.2093
16089,-25650.9,271.222,71.212
16090,-25653.7,271.237,71.2147
16091,-25656.6,271.253,71.2172
16092,-25659.5,271.268,71.2277
16093,-25662.4,271.283,71.2304
16094,-25665.3,271.299,71.233
16095,-25668.2,271.314,71.2357
16096,-25671,271.329,71.2383
16097,-25673.9,271.345,71.2411
16098,-25676.8,271.36,71.2438
16099,-25679.7,271.375,71.2464
16100,-25682.6,271.391,71.249
16101,-25685.5,271.406,71.2574
16102,-25688.3,271.421,71.2605
16103,-25691.2,271.437,71.2631
16104,-25694.1,271.452,71.2657
16105,-25697,271.467,71.2684
16106,-25699.9,271.483,71.271
16107,-25702.8,271.498,71.2736
16108,-25705.7,271.513,71.2762
16109,-25708.5,271.529,71.2788
16110,-25711.4,271.544,71.2814
16111,-25714.3,271.559,71.2841
16112,-25717.2,271.575,71.2866
16113,-25720.1,271.59,71.2892
16114,-25723,271.605,71.2919
16115,-25725.9,271.621,71.3024
16116,-25728.8,271.636,71.3051
16117,-25731.6,271.651,71.3078
16118,-25734.5,271.667,71.3103
16119,-25737.4,271.682,71.3129
16120,-25740.3,271.697,71.3154
16121,-25743.2,271.713,71.318
16122,-25746.1,271.728,71.3207
16123,-25749,271.743,71.3233
16124,-25751.9,271.759,71.3259
16125,-25754.7,271.774,71.3335
16126,-25757.6,271.789,71.3361
16127,-25760.5,271.804,71.3386
16128,-25763.4,271.82,71.3412
16129,-25766.3,271.835,71.3438
16130,-25769.2,271.85,71.3463
16131,-25772.1,271.866,71.3489
16132,-25775,271.881,71.3515
16133,-25777.8,271.896,71.3541
16134,-25780.7,271.912,71.3566
16135,-25783.6,271.927,71.3592
16136,-25786.5,271.942,71.3618
16137,-25789.4,271.958,71.3643
16138,-25792.3,271.973,71.3669
16139,-25795.2,271.988,71.3801
16140,-25798.1,272.004,71.3828
16141,-25801,272.019,71.3854
16142,-25803.9,272.034,71.3882
16143,-25806.8,272.05,71.3908
16144,-25809.6,272.065,71.3935
16145,-25812.5,272.08,71.405
16146,-25815.4,272.096,71.4076
16147,-25818.3,272.111,71.4121
16148,-25821.2,272.126,71.4148
16149,-25824.1,272.142,71.4175
16150,-25827,272.157,71.4203
16151,-25829.9,272.172,71.4285
16152,-25832.8,272.188,71.4316
16153,-25835.7,272.203,71.4343
16154,-25838.6,272.218,71.4369
16155,-25841.5,272.234,71.4396
16156,-25844.3,272.249,71.4423
16157,-25847.2,272.264,71.4523
16158,-25850.1,272.28,71.4555
16159,-25853,272.295,71.4581
16160,-25855.9,272.31,71.4608
16161,-25858.8,272.326,71.4636
16162,-25861.7,272.341,71.4662
16163,-25864.6,272.356,71.4689
16164,-25867.5,272.372,71.4715
16165,-25870.4,272.387,71.4742
16166,-25873.3,272.402,71.4768
16167,-25876.2,272.418,71.4794
16168,-25879.1,272.433,71.4821
16169,-25882,272.448,71.4848
16170,-25884.9,272.464,71.4874
16171,-25887.8,272.479,71.4902
16172,-25890.7,272.494,71.4927
16173,-25893.6,272.51,71.4954
16174,-25896.4,272.525,71.4981
16175,-25899.3,272.54,71.5006
16176,-25902.2,272.555,71.5034
16177,-25905.1,272.571,71.5061
16178,-25908,272.586,71.5087
16179,-25910.9,272.601,71.5113
16180,-25913.8,272.617,71.514
16181,-25916.7,272.632,71.5167
16182,-25919.6,272.647,71.53
16183,-25922.5,272.663,71.5333
16184,-25925.4,272.678,71.536
16185,-25928.3,272.693,71.5387
16186,-25931.2,272.709,71.5414
16187,-25934.1,272.724,71.5441
16188,-25937,272.739,71.5469
16189,-25939.9,272.755,71.5495
16190,-25942.8,272.77,71.5522
16191,-25945.7,272.785,71.5549
16192,-25948.6,272.801,71.5576
16193,-25951.5,272.816,71.5604
16194,-25954.4,272.831,71.5631
16195,-25957.3,272.847,71.5658
16196,-25960.2,272.862,71.5685
16197,-25963.1,272.877,71.5711
16198,-25966,272.893,71.5739
16199,-25968.9,272.908,71.5765
16200,-25971.8,272.923,71.5792
16201,-25974.7,272.939,71.5871
16202,-25977.6,272.954,71.5902
16203,-25980.5,272.969,71.5928
16204,-25983.4,272.985,71.6058
16205,-25986.3,273,71.609
16206,-25989.2,273.015,71.6119
16207,-25992.1,273.031,71.6145
16208,-25995,273.046,71.6172
16209,-25997.9,273.061,71.6199
16210,-26000.8,273.077,71.6225
16211,-26003.7,273.092,71.6252
16212,-26006.6,273.107,71.6278
16213,-26009.5,273.122,71.6304
16214,-26012.4,273.138,71.6331
16215,-26015.3,273.153,71.6358
16216,-26018.2,273.168,71.6384
16217,-26021.1,273.184,71.6411
16218,-26024,273.199,71.6438
16219,-26026.9,273.214,71.6465
16220,-26029.8,273.23,71.6492
16221,-26032.7,273.245,71.6519
16222,-26035.6,273.26,71.6546
16223,-26038.5,273.276,71.6573
16224,-26041.4,273.291,71.6599
16225,-26044.3,273.306,71.6626
16226,-26047.2,273.322,71.6651
16227,-26050.1,273.337,71.6677
16228,-26053,273.352,71.6704
16229,-26055.9,273.368,71.6803
16230,-26058.8,273.383,71.6835
16231,-26061.8,273.398,71.6862
16232,-26064.7,273.414,71.6888
16233,-26067.6,273.429,71.6963
16234,-26070.5,273.444,71.699
16235,-26073.4,273.46,71.7017
16236,-26076.3,273.475,71.7044
16237,-26079.2,273.49,71.7071
16238,-26082.1,273.506,71.7098
16239,-26085,273.521,71.7125
16240,-26087.9,273.536,71.7152
16241,-26090.8,273.552,71.7178
16242,-26093.7,273.567,71.7204
16243,-26096.6,273.582,71.7231
16244,-26099.5,273.598,71.7258
16245,-26102.4,273.613,71.7284
16246,-26105.3,273.628,71.731
16247,-26108.2,273.643,71.7337
16248,-26111.2,273.659,71.7364
16249,-26114.1,273.674,71.7391
16250,-26117,273.689,71.7418
16251,-26119.9,273.705,71.7654
16252,-26122.8,273.72,71.7687
16253,-26125.7,273.735,71.7714
16254,-26128.6,273.751,71.7741
16255,-26131.5,273.766,71.7767
16256,-26134.4,273.781,71.7794
16257,-26137.3,273.797,71.782
16258,-26140.2,273.812,71.7846
16259,-26143.1,273.827,71.7873
16260,-26146,273.843,71.79
16261,-26149,273.858,71.7927
16262,-26151.9,273.873,71.7954
16263,-26154.8,273.889,71.798
16264,-26157.7,273.904,71.8006
16265,-26160.6,273.919,71.8033
16266,-26163.5,273.935,71.8059
16267,-26166.4,273.95,71.8087
16268,-26169.3,273.965,71.8115
16269,-26172.2,273.981,71.8141
16270,-26175.1,273.996,71.8168
16271,-26178.1,274.011,71.8194
16272,-26181,274.026,71.822
16273,-26183.9,274.042,71.835
16274,-26186.8,274.057,71.8382
16275,-26189.7,274.072,71.8409
16276,-26192.6,274.088,71.8435
16277,-26195.5,274.103,71.8462
16278,-26198.4,274.118,71.8486
16279,-26201.3,274.134,71.8511
16280,-26204.3,274.149,71.8538
16281,-26207.2,274.164,71.8563
16282,-26210.1,274.18,71.8584
16283,-26213,274.195,71.8611
16284,-26215.9,274.21,71.8639
16285,-26218.8,274.226,71.8665
16286,-26221.7,274.241,71.8692
16287,-26224.6,274.256,71.8718
16288,-26227.6,274.272,71.8745
16289,-26230.5,274.287,71.8771
16290,-26233.4,274.302,71.8798
16291,-26236.3,274.318,71.8824
16292,-26239.2,274.333,71.8851
16293,-26242.1,274.348,71.8878
16294,-26245,274.364,71.8904
16295,-26248,274.379,71.8931
16296,-26250.9,274.394,71.8958
16297,-26253.8,274.409,71.8984
16298,-26256.7,274.425,71.9116
16299,-26259.6,274.44,71.9148
16300,-26262.5,274.455,71.9175
16301,-26265.4,274.471,71.9369
16302,-26268.4,274.486,71.9414
16303,-26271.3,274.501,71.9456
16304,-26274.2,274.517,71.9492
16305,-26277.1,274.532,71.9522
16306,-26280,274.547,71.9549
16307,-26282.9,274.563,71.9579
16308,-26285.8,274.578,71.9607
16309,-26288.8,274.593,71.9636
16310,-26291.7,274.609,71.9663
16311,-26294.6,274.624,71.9691
16312,-26297.5,274.639,71.9718
16313,-26300.4,274.655,71.9745
16314,-26303.3,274.67,71.9773
16315,-26306.3,274.685,71.9879
16316,-26309.2,274.701,71.9907
16317,-26312.1,274.716,71.9936
16318,-26315,274.731,71.9962
16319,-26317.9,274.746,71.9991
16320,-26320.9,274.762,72.002
16321,-26323.8,274.777,72.0047
16322,-26326.7,274.792,72.0075
16323,-26329.6,274.808,72.0103
16324,-26332.5,274.823,72.013
16325,-26335.4,274.838,72.0253
16326,-26338.4,274.854,72.0298
16327,-26341.3,274.869,72.0385
16328,-26344.2,274.884,72.0416
16329,-26347.1,274.9,72.0444
16330,-26350,274.915,72.0472
16331,-26353,274.93,72.0501
16332,-26355.9,274.946,72.0529
16333,-26358.8,274.961,72.0633
16334,-26361.7,274.976,72.0661
16335,-26364.6,274.992,72.0688
16336,-26367.6,275.007,72.0714
16337,-26370.5,275.022,72.0742
16338,-26373.4,275.038,72.0769
16339,-26376.3,275.053,72.0796
16340,-26379.2,275.068,72.0822
16341,-26382.2,275.083,72.0848
16342,-26385.1,275.099,72.0874
16343,-26388,275.114,72.0901
16344,-26390.9,275.129,72.0928
16345,-26393.9,275.145,72.0955
16346,-26396.8,275.16,72.0983
16347,-26399.7,275.175,72.101
16348,-26402.6,275.191,72.1037
16349,-26405.5,275.206,72.1169
16350,-26408.5,275.221,72.1202
16351,-26411.4,275.237,72.1316
16352,-26414.3,275.252,72.1348
16353,-26417.2,275.267,72.1376
16354,-26420.2,275.283,72.1403
16355,-26423.1,275.298,72.1431
16356,-26426,275.313,72.1458
16357,-26428.9,275.329,72.1485
16358,-26431.8,275.344,72.1511
16359,-26434.8,275.359,72.1539
16360,-26437.7,275.374,72.1564
16361,-26440.6,275.39,72.1591
16362,-26443.5,275.405,72.1618
16363,-26446.5,275.42,72.1645
16364,-26449.4,275.436,72.1673
16365,-26452.3,275.451,72.17
16366,-26455.2,275.466,72.1727
16367,-26458.2,275.482,72.1754
16368,-26461.1,275.497,72.1781
16369,-26464,275.512,72.1807
16370,-26466.9,275.528,72.1974
16371,-26469.9,275.543,72.2003
16372,-26472.8,275.558,72.203
16373,-26475.7,275.574,72.2057
16374,-26478.6,275.589,72.2083
16375,-26481.6,275.604,72.211
16376,-26484.5,275.62,72.2137
16377,-26487.4,275.635,72.2163
16378,-26490.4,275.65,72.2189
16379,-26493.3,275.665,72.2216
16380,-26496.2,275.681,72.2242
16381,-26499.1,275.696,72.2268
16382,-26502.1,275.711,72.2294
16383,-26505,275.727,72.2321
16384,-26507.9,275.742,72.2348
16385,-26510.8,275.757,72.2375
16386,-26513.8,275.773,72.2402
16387,-26516.7,275.788,72.2429
16388,-26519.6,275.803,72.2455
16389,-26522.6,275.819,72.2481
16390,-26525.5,275.834,72.2507
16391,-26528.4,275.849,72.2533
16392,-26531.3,275.865,72.256
16393,-26534.3,275.88,72.2636
16394,-26537.2,275.895,72.2665
16395,-26540.1,275.911,72.2692
16396,-26543.1,275.926,72.272
16397,-26546,275.941,72.2747
16398,-26548.9,275.956,72.2774
16399,-26551.8,275.972,72.28
16400,-26554.8,275.987,72.2826
16401,-26557.7,276.002,72.289
16402,-26560.6,276.018,72.2917
16403,-26563.6,276.033,72.2944
16404,-26566.5,276.048,72.297
16405,-26569.4,276.064,72.2997
16406,-26572.4,276.079,72.3023
16407,-26575.3,276.094,72.305
16408,-26578.2,276.11,72.3076
16409,-26581.2,276.125,72.3103
16410,-26584.1,276.14,72.313
16411,-26587,276.156,72.3157
16412,-26590,276.171,72.3184
16413,-26592.9,276.186,72.3274
16414,-26595.8,276.201,72.3301
16415,-26598.7,276.217,72.3328
16416,-26601.7,276.232,72.3354
16417,-26604.6,276.247,72.3381
16418,-26607.5,276.263,72.3407
16419,-26610.5,276.278,72.3433
16420,-26613.4,276.293,72.3461
16421,-26616.3,276.309,72.3487
16422,-26619.3,276.324,72.3514
16423,-26622.2,276.339,72.3542
16424,-26625.1,276.355,72.3569
16425,-26628.1,276.37,72.3596
16426,-26631,276.385,72.3623
16427,-26634,276.401,72.3649
16428,-26636.9,276.416,72.3676
16429,-26639.8,276.431,72.3702
16430,-26642.8,276.446,72.3728
16431,-26645.7,276.462,72.3755
16432,-26648.6,276.477,72.3781
16433,-26651.6,276.492,72.3807
16434,-26654.5,276.508,72.3833
16435,-26657.4,276.523,72.386
16436,-26660.4,276.538,72.3887
16437,-26663.3,276.554,72.3913
16438,-26666.2,276.569,72.394
16439,-26669.2,276.584,72.3966
16440,-26672.1,276.6,72.3992
16441,-26675,276.615,72.4019
16442,-26678,276.63,72.4046
16443,-26680.9,276.646,72.4073
16444,-26683.9,276.661,72.4099
16445,-26686.8,276.676,72.4126
16446,-26689.7,276.691,72.4153
16447,-26692.7,276.707,72.418
16448,-26695.6,276.722,72.4207
16449,-26698.5,276.737,72.4234
16450,-26701.5,276.753,72.426
16451,-26704.4,276.768,72.4312
16452,-26707.4,276.783,72.4339
16453,-26710.3,276.799,72.4366
16454,-26713.2,276.814,72.4393
16455,-26716.2,276.829,72.442
16456,-26719.1,276.845,72.4446
16457,-26722,276.86,72.4473
16458,-26725,276.875,72.4499
16459,-26727.9,276.891,72.4526
16460,-26730.9,276.906,72.4552
16461,-26733.8,276.921,72.4579
16462,-26736.7,276.936,72.4605
16463,-26739.7,276.952,72.4631
16464,-26742.6,276.967,72.4658
16465,-26745.6,276.982,72.4685
16466,-26748.5,276.998,72.4711
16467,-26751.4,277.013,72.4737
16468,-26754.4,277.028,72.4764
16469,-26757.3,277.044,72.479
16470,-26760.3,277.059,72.4816
16471,-26763.2,277.074,72.4843
16472,-26766.1,277.09,72.487
16473,-26769.1,277.105,72.4897
16474,-26772,277.12,72.4924
16475,-26775,277.135,72.495
16476,-26777.9,277.151,72.4977
16477,-26780.9,277.166,72.5004
16478,-26783.8,277.181,72.503
16479,-26786.7,277.197,72.5056
16480,-26789.7,277.212,72.5083
16481,-26792.6,277.227,72.5109
16482,-26795.6,277.243,72.5135
16483,-26798.5,277.258,72.5161
16484,-26801.5,277.273,72.5187
16485,-26804.4,277.289,72.5214
16486,-26807.3,277.304,72.5241
16487,-26810.3,277.319,72.5267
16488,-26813.2,277.335,72.5293
16489,-26816.2,277.35,72.5319
16490,-26819.1,277.365,72.5346
16491,-26822.1,277.38,72.5373
16492,-26825,277.396,72.54
16493,-26827.9,277.411,72.5427
16494,-26830.9,277.426,72.5454
16495,-26833.8,277.442,72.548
16496,-26836.8,277.457,72.5506
16497,-26839.7,277.472,72.5533
16498,-26842.7,277.488,72.5559
16499,-26845.6,277.503,72.5585
16500,-26848.6,277.518,72.5612
16501,-26851.5,277.534,72.5661
16502,-26854.5,277.549,72.5688
16503,-26857.4,277.564,72.5715
16504,-26860.3,277.579,72.5741
16505,-26863.3,277.595,72.5767
16506,-26866.2,277.61,72.5794
16507,-26869.2,277.625,72.5821
16508,-26872.1,277.641,72.5911
16509,-26875.1,277.656,72.5956
16510,-26878,277.671,72.5992
16511,-26881,277.687,72.6022
16512,-26883.9,277.702,72.6052
16513,-26886.9,277.717,72.6079
16514,-26889.8,277.733,72.6107
16515,-26892.8,277.748,72.6135
16516,-26895.7,277.763,72.6162
16517,-26898.7,277.778,72.6188
16518,-26901.6,277.794,72.6215
16519,-26904.5,277.809,72.6243
16520,-26907.5,277.824,72.627
16521,-26910.4,277.84,72.6299
16522,-26913.4,277.855,72.6326
16523,-26916.3,277.87,72.6353
16524,-26919.3,277.886,72.638
16525,-26922.2,277.901,72.6408
16526,-26925.2,277.916,72.6435
16527,-26928.1,277.932,72.6462
16528,-26931.1,277.947,72.6489
16529,-26934,277.962,72.6516
16530,-26937,277.977,72.6542
16531,-26939.9,277.993,72.6569
16532,-26942.9,278.008,72.6596
16533,-26945.8,278.023,72.6624
16534,-26948.8,278.039,72.6651
16535,-26951.7,278.054,72.6677
16536,-26954.7,278.069,72.6704
16537,-26957.6,278.085,72.6731
16538,-26960.6,278.1,72.6757
16539,-26963.5,278.115,72.6785
16540,-26966.5,278.131,72.6811
16541,-26969.4,278.146,72.6838
16542,-26972.4,278.161,72.6864
16543,-26975.4,278.176,72.6891
16544,-26978.3,278.192,72.6917
16545,-26981.3,278.207,72.6943
16546,-26984.2,278.222,72.697
16547,-26987.2,278.238,72.6997
16548,-26990.1,278.253,72.7024
16549,-26993.1,278.268,72.705
16550,-26996,278.284,72.7077
16551,-26999,278.299,72.7137
16552,-27001.9,278.314,72.7165
16553,-27004.9,278.33,72.7192
16554,-27007.8,278.345,72.7219
16555,-27010.8,278.36,72.7246
16556,-27013.7,278.375,72.7273
16557,-27016.7,278.391,72.73
16558,-27019.6,278.406,72.7326
16559,-27022.6,278.421,72.7353
16560,-27025.6,278.437,72.7379
16561,-27028.5,278.452,72.7406
16562,-27031.5,278.467,72.7432
16563,-27034.4,278.483,72.746
16564,-27037.4,278.498,72.7486
16565,-27040.3,278.513,72.7513
16566,-27043.3,278.529,72.7539
16567,-27046.2,278.544,72.7566
16568,-27049.2,278.559,72.7592
16569,-27052.2,278.574,72.7619
16570,-27055.1,278.59,72.7646
16571,-27058.1,278.605,72.7673
16572,-27061,278.62,72.77
16573,-27064,278.636,72.7727
16574,-27066.9,278.651,72.7754
16575,-27069.9,278.666,72.778
16576,-27072.8,278.682,72.7807
16577,-27075.8,278.697,72.7834
16578,-27078.8,278.712,72.786
16579,-27081.7,278.727,72.7887
16580,-27084.7,278.743,72.7913
16581,-27087.6,278.758,72.794
16582,-27090.6,278.773,72.7966
16583,-27093.6,278.789,72.7992
16584,-27096.5,278.804,72.8019
16585,-27099.5,278.819,72.8046
16586,-27102.4,278.835,72.8072
16587,-27105.4,278.85,72.8099
16588,-27108.3,278.865,72.8125
16589,-27111.3,278.881,72.8152
16590,-27114.3,278.896,72.818
16591,-27117.2,278.911,72.8206
16592,-27120.2,278.926,72.8233
16593,-27123.1,278.942,72.8261
16594,-27126.1,278.957,72.8288
16595,-27129.1,278.972,72.8314
16596,-27132,278.988,72.8342
16597,-27135,279.003,72.8369
16598,-27137.9,279.018,72.8395
16599,-27140.9,279.034,72.8422
16600,-27143.9,279.049,72.8449
16601,-27146.8,279.064,72.85
16602,-27149.8,279.079,72.8527
16603,-27152.7,279.095,72.8554
16604,-27155.7,279.11,72.8582
16605,-27158.7,279.125,72.8609
16606,-27161.6,279.141,72.8636
16607,-27164.6,279.156,72.8662
16608,-27167.6,279.171,72.869
16609,-27170.5,279.187,72.8717
16610,-27173.5,279.202,72.8743
16611,-27176.4,279.217,72.8769
16612,-27179.4,279.233,72.8795
16613,-27182.4,279.248,72.8822
16614,-27185.3,279.263,72.8848
16615,-27188.3,279.278,72.8875
16616,-27191.3,279.294,72.8901
16617,-27194.2,279.309,72.8928
16618,-27197.2,279.324,72.8954
16619,-27200.1,279.34,72.8981
16620,-27203.1,279.355,72.9008
16621,-27206.1,279.37,72.9036
16622,-27209,279.386,72.9063
16623,-27212,279.401,72.909
16624,-27215,279.416,72.9117
16625,-27217.9,279.431,72.9145
16626,-27220.9,279.447,72.9172
16627,-27223.9,279.462,72.9198
16628,-27226.8,279.477,72.9225
16629,-27229.8,279.493,72.9251
16630,-27232.7,279.508,72.9279
16631,-27235.7,279.523,72.9305
16632,-27238.7,279.539,72.9332
16633,-27241.6,279.554,72.9359
16634,-27244.6,279.569,72.9387
16635,-27247.6,279.584,72.9413
16636,-27250.5,279.6,72.9439
16637,-27253.5,279.615,72.9466
16638,-27256.5,279.63,72.9493
16639,-27259.4,279.646,72.9519
16640,-27262.4,279.661,72.9545
16641,-27265.4,279.676,72.9572
16642,-27268.3,279.692,72.9599
16643,-27271.3,279.707,72.9626
16644,-27274.3,279.722,72.9653
16645,-27277.2,279.738,72.9679
16646,-27280.2,279.753,72.9706
16647,-27283.2,279.768,72.9733
16648,-27286.1,279.783,72.9761
16649,-27289.1,279.799,72.9787
16650,-27292.1,279.814,72.9814
16651,-27295.1,279.829,72.9863
16652,-27298,279.845,72.989
16653,-27301,279.86,72.9918
16654,-27304,279.875,72.9945
16655,-27306.9,279.891,72.9972
16656,-27309.9,279.906,72.9999
16657,-27312.9,279.921,73.0025
16658,-27315.8,279.936,73.0052
16659,-27318.8,279.952,73.0078
16660,-27321.8,279.967,73.0105
16661,-27324.7,279.982,73.0132
16662,-27327.7,279.998,73.0158
16663,-27330.7,280.013,73.0185
16664,-27333.7,280.028,73.0213
16665,-27336.6,280.044,73.0241
16666,-27339.6,280.059,73.0269
16667,-27342.6,280.074,73.0296
16668,-27345.5,280.089,73.0323
16669,-27348.5,280.105,73.035
16670,-27351.5,280.12,73.0376
16671,-27354.4,280.135,73.0404
16672,-27357.4,280.151,73.0431
16673,-27360.4,280.166,73.0459
16674,-27363.4,280.181,73.0486
16675,-27366.3,280.197,73.0513
16676,-27369.3,280.212,73.054
16677,-27372.3,280.227,73.0567
16678,-27375.3,280.242,73.0593
16679,-27378.2,280.258,73.0621
16680,-27381.2,280.273,73.0647
16681,-27384.2,280.288,73.0726
16682,-27387.1,280.304,73.0754
16683,-27390.1,280.319,73.078
16684,-27393.1,280.334,73.0808
16685,-27396.1,280.35,73.0835
16686,-27399,280.365,73.0861
16687,-27402,280.38,73.0888
16688,-27405,280.395,73.0915
16689,-27408,280.411,73.0941
16690,-27410.9,280.426,73.0968
16691,-27413.9,280.441,73.0995
16692,-27416.9,280.457,73.1021
16693,-27419.9,280.472,73.1048
16694,-27422.8,280.487,73.1075
16695,-27425.8,280.503,73.1101
16696,-27428.8,280.518,73.1128
16697,-27431.8,280.533,73.1155
16698,-27434.7,280.548,73.1182
16699,-27437.7,280.564,73.1208
16700,-27440.7,280.579,73.1235
16701,-27443.7,280.594,73.1285
16702,-27446.6,280.61,73.1312
16703,-27449.6,280.625,73.1339
16704,-27452.6,280.64,73.1366
16705,-27455.6,280.656,73.1393
16706,-27458.5,280.671,73.1419
16707,-27461.5,280.686,73.1446
16708,-27464.5,280.701,73.1472
16709,-27467.5,280.717,73.1499
16710,-27470.4,280.732,73.1525
16711,-27473.4,280.747,73.1552
16712,-27476.4,280.763,73.1578
16713,-27479.4,280.778,73.1604
16714,-27482.4,280.793,73.1631
16715,-27485.3,280.809,73.1658
16716,-27488.3,280.824,73.1685
16717,-27491.3,280.839,73.1711
16718,-27494.3,280.854,73.1738
16719,-27497.3,280.87,73.1765
16720,-27500.2,280.885,73.1791
16721,-27503.2,280.9,73.1818
16722,-27506.2,280.916,73.1845
16723,-27509.2,280.931,73.1871
16724,-27512.1,280.946,73.1898
16725,-27515.1,280.962,73.1925
16726,-27518.1,280.977,73.1951
16727,-27521.1,280.992,73.1978
16728,-27524.1,281.007,73.2005
16729,-27527,281.023,73.2031
16730,-27530,281.038,73.2058
16731,-27533,281.053,73.2085
16732,-27536,281.069,73.2111
16733,-27539,281.084,73.2138
16734,-27542,281.099,73.2165
16735,-27544.9,281.114,73.2192
16736,-27547.9,281.13,73.2219
16737,-27550.9,281.145,73.2245
16738,-27553.9,281.16,73.2272
16739,-27556.9,281.176,73.2298
16740,-27559.8,281.191,73.2325
16741,-27562.8,281.206,73.2351
16742,-27565.8,281.222,73.2377
16743,-27568.8,281.237,73.2404
16744,-27571.8,281.252,73.243
16745,-27574.8,281.267,73.2456
16746,-27577.7,281.283,73.2483
16747,-27580.7,281.298,73.2509
16748,-27583.7,281.313,73.2536
16749,-27586.7,281.329,73.2562
16750,-27589.7,281.344,73.2589
16751,-27592.6,281.359,73.2639
16752,-27595.6,281.375,73.2667
16753,-27598.6,281.39,73.2694
16754,-27601.6,281.405,73.2722
16755,-27604.6,281.42,73.275
16756,-27607.6,281.436,73.2777
16757,-27610.6,281.451,73.2804
16758,-27613.5,281.466,73.2831
16759,-27616.5,281.482,73.2858
16760,-27619.5,281.497,73.2886
16761,-27622.5,281.512,73.2913
16762,-27625.5,281.527,73.294
16763,-27628.5,281.543,73.2967
16764,-27631.4,281.558,73.2993
16765,-27634.4,281.573,73.302
16766,-27637.4,281.589,73.3048
16767,-27640.4,281.604,73.3075
16768,-27643.4,281.619,73.3103
16769,-27646.4,281.635,73.313
16770,-27649.4,281.65,73.3156
16771,-27652.4,281.665,73.3183
16772,-27655.3,281.68,73.321
16773,-27658.3,281.696,73.3236
16774,-27661.3,281.711,73.3263
16775,-27664.3,281.726,73.3291
16776,-27667.3,281.742,73.3318
16777,-27670.3,281.757,73.3345
16778,-27673.3,281.772,73.3371
16779,-27676.3,281.788,73.3397
16780,-27679.2,281.803,73.3424
16781,-27682.2,281.818,73.3451
16782,-27685.2,281.833,73.3478
16783,-27688.2,281.849,73.3505
16784,-27691.2,281.864,73.3532
16785,-27694.2,281.879,73.3558
16786,-27697.2,281.895,73.3585
16787,-27700.2,281.91,73.3612
16788,-27703.1,281.925,73.3639
16789,-27706.1,281.94,73.3666
16790,-27709.1,281.956,73.3692
16791,-27712.1,281.971,73.3718
16792,-27715.1,281.986,73.3744
16793,-27718.1,282.002,73.3771
16794,-27721.1,282.017,73.3797
16795,-27724.1,282.032,73.3824
16796,-27727.1,282.048,73.385
16797,-27730.1,282.063,73.3877
16798,-27733,282.078,73.3905
16799,-27736,282.093,73.3931
16800,-27739,282.109,73.3958
16801,-27742,282.124,73.4008
16802,-27745,282.139,73.4035
16803,-27748,282.155,73.4062
16804,-27751,282.17,73.4089
16805,-27754,282.185,73.4115
16806,-27757,282.2,73.4142
16807,-27760,282.216,73.4169
16808,-27763,282.231,73.4196
16809,-27766,282.246,73.4223
16810,-27768.9,282.262,73.425
16811,-27771.9,282.277,73.4276
16812,-27774.9,282.292,73.4302
16813,-27777.9,282.308,73.4328
16814,-27780.9,282.323,73.4355
16815,-27783.9,282.338,73.4381
16816,-27786.9,282.353,73.4408
16817,-27789.9,282.369,73.4434
16818,-27792.9,282.384,73.446
16819,-27795.9,282.399,73.4487
16820,-27798.9,282.415,73.4513
16821,-27801.9,282.43,73.4539
16822,-27804.9,282.445,73.4565
16823,-27807.9,282.46,73.4592
16824,-27810.9,282.476,73.4618
16825,-27813.9,282.491,73.4645
16826,-27816.8,282.506,73.4671
16827,-27819.8,282.522,73.4697
16828,-27822.8,282.537,73.4722
16829,-27825.8,282.552,73.4749
16830,-27828.8,282.568,73.4775
16831,-27831.8,282.583,73.4801
16832,-27834.8,282.598,73.4827
16833,-27837.8,282.613,73.4854
16834,-27840.8,282.629,73.4881
16835,-27843.8,282.644,73.4907
16836,-27846.8,282.659,73.4934
16837,-27849.8,282.675,73.496
16838,-27852.8,282.69,73.4986
16839,-27855.8,282.705,73.5012
16840,-27858.8,282.72,73.5039
16841,-27861.8,282.736,73.5065
16842,-27864.8,282.751,73.5092
16843,-27867.8,282.766,73.5118
16844,-27870.8,282.782,73.5145
16845,-27873.8,282.797,73.5171
16846,-27876.8,282.812,73.5198
16847,-27879.8,282.827,73.5225
16848,-27882.8,282.843,73.5251
16849,-27885.8,282.858,73.5277
16850,-27888.8,282.873,73.5302
16851,-27891.8,282.889,73.5352
16852,-27894.8,282.904,73.5379
16853,-27897.8,282.919,73.5406
16854,-27900.8,282.935,73.5432
16855,-27903.8,282.95,73.546
16856,-27906.8,282.965,73.5486
16857,-27909.8,282.98,73.5513
16858,-27912.8,282.996,73.554
16859,-27915.8,283.011,73.5568
16860,-27918.8,283.026,73.5595
16861,-27921.8,283.042,73.5621
16862,-27924.8,283.057,73.5649
16863,-27927.8,283.072,73.5675
16864,-27930.8,283.087,73.5702
16865,-27933.8,283.103,73.5728
16866,-27936.8,283.118,73.5756
16867,-27939.8,283.133,73.5783
16868,-27942.8,283.149,73.581
16869,-27945.8,283.164,73.5836
16870,-27948.8,283.179,73.5863
16871,-27951.8,283.194,73.5889
16872,-27954.8,283.21,73.5915
16873,-27957.8,283.225,73.5943
16874,-27960.8,283.24,73.597
16875,-27963.8,283.256,73.5997
16876,-27966.8,283.271,73.6024
16877,-27969.8,283.286,73.605
16878,-27972.8,283.302,73.6077
16879,-27975.8,283.317,73.6104
16880,-27978.8,283.332,73.6132
16881,-27981.8,283.347,73.6159
16882,-27984.8,283.363,73.6187
16883,-27987.8,283.378,73.6214
16884,-27990.8,283.393,73.624
16885,-27993.8,283.409,73.6267
16886,-27996.8,283.424,73.6294
16887,-27999.8,283.439,73.632
16888,-28002.8,283.454,73.6348
16889,-28005.8,283.47,73.6374
16890,-28008.8,283.485,73.6401
16891,-28011.8,283.5,73.6428
16892,-28014.8,283.516,73.6456
16893,-28017.9,283.531,73.6483
16894,-28020.9,283.546,73.6509
16895,-28023.9,283.561,73.6536
16896,-28026.9,283.577,73.6562
16897,-28029.9,283.592,73.6748
16898,-28032.9,283.607,73.6782
16899,-28035.9,283.623,73.6809
16900,-28038.9,283.638,73.6836
16901,-28041.9,283.653,73.695
16902,-28044.9,283.668,73.6978
16903,-28047.9,283.684,73.7005
16904,-28050.9,283.699,73.7031
16905,-28053.9,283.714,73.7058
16906,-28056.9,283.73,73.7084
16907,-28059.9,283.745,73.711
16908,-28062.9,283.76,73.7183
16909,-28066,283.776,73.7211
16910,-28069,283.791,73.7239
16911,-28072,283.806,73.7266
16912,-28075,283.821,73.7293
16913,-28078,283.837,73.732
16914,-28081,283.852,73.7347
16915,-28084,283.867,73.7374
16916,-28087,283.883,73.7401
16917,-28090,283.898,73.7529
16918,-28093,283.913,73.7561
16919,-28096,283.928,73.7588
16920,-28099.1,283.944,73.7696
16921,-28102.1,283.959,73.774
16922,-28105.1,283.974,73.7778
16923,-28108.1,283.99,73.7811
16924,-28111.1,284.005,73.784
16925,-28114.1,284.02,73.7868
16926,-28117.1,284.035,73.7897
16927,-28120.1,284.051,73.7925
16928,-28123.1,284.066,73.7953
16929,-28126.1,284.081,73.798
16930,-28129.2,284.097,73.8006
16931,-28132.2,284.112,73.8034
16932,-28135.2,284.127,73.8062
16933,-28138.2,284.142,73.8089
16934,-28141.2,284.158,73.8116
16935,-28144.2,284.173,73.8143
16936,-28147.2,284.188,73.8169
16937,-28150.2,284.204,73.8311
16938,-28153.2,284.219,73.8339
16939,-28156.3,284.234,73.8367
16940,-28159.3,284.249,73.8393
16941,-28162.3,284.265,73.8421
16942,-28165.3,284.28,73.8448
16943,-28168.3,284.295,73.8474
16944,-28171.3,284.311,73.8501
16945,-28174.3,284.326,73.8527
16946,-28177.3,284.341,73.855
16947,-28180.4,284.356,73.8577
16948,-28183.4,284.372,73.8601
16949,-28186.4,284.387,73.8703
16950,-28189.4,284.402,73.8729
16951,-28192.4,284.418,74.5826
16952,-28195.4,284.433,74.5875
16953,-28198.4,284.448,74.5903
16954,-28201.5,284.463,74.5931
16955,-28204.5,284.479,74.5959
16956,-28207.5,284.494,74.5986
16957,-28210.5,284.509,74.6013
16958,-28213.5,284.525,74.6057
16959,-28216.5,284.54,74.6085
16960,-28219.5,284.555,74.6126
16961,-28222.6,284.57,74.6154
16962,-28225.6,284.586,74.6182
16963,-28228.6,284.601,74.6292
16964,-28231.6,284.616,74.6322
16965,-28234.6,284.632,74.635
16966,-28237.6,284.647,74.6379
16967,-28240.7,284.662,74.6407
16968,-28243.7,284.678,74.6436
16969,-28246.7,284.693,74.6576
16970,-28249.7,284.708,74.661
16971,-28252.7,284.723,74.6639
16972,-28255.7,284.739,74.6667
16973,-28258.8,284.754,74.6695
16974,-28261.8,284.769,74.6722
16975,-28264.8,284.785,74.675
16976,-28267.8,284.8,74.6779
16977,-28270.8,284.815,74.6807
16978,-28273.8,284.83,74.6835
16979,-28276.9,284.846,74.6862
16980,-28279.9,284.861,74.689
16981,-28282.9,284.876,74.6918
16982,-28285.9,284.892,74.6946
16983,-28288.9,284.907,74.6974
16984,-28292,284.922,74.7002
16985,-28295,284.937,74.703
16986,-28298,284.953,74.7058
16987,-28301,284.968,74.7087
16988,-28304,284.983,74.7115
16989,-28307.1,284.999,74.7143
16990,-28310.1,285.014,74.717
16991,-28313.1,285.029,74.7202
16992,-28316.1,285.044,74.7343
16993,-28319.1,285.06,74.7378
16994,-28322.2,285.075,74.7406
16995,-28325.2,285.09,74.7434
16996,-28328.2,285.106,74.7462
16997,-28331.2,285.121,74.7491
16998,-28334.2,285.136,74.7519
16999,-28337.3,285.151,74.7546
17000,-28340.3,285.167,74.7574
17001,-28343.3,285.182,75.8881
17002,-28346.3,285.197,75.8991
17003,-28349.3,285.212,75.9035
17004,-28352.4,285.228,75.9076
17005,-28355.4,285.243,75.9239
17006,-28358.4,285.258,75.9281
17007,-28361.4,285.274,75.9322
17008,-28364.5,285.289,75.9364
17009,-28367.5,285.304,75.9404
17010,-28370.5,285.319,75.9629
17011,-28373.5,285.335,75.9675
17012,-28376.5,285.35,75.9714
17013,-28379.6,285.365,75.9756
17014,-28382.6,285.381,75.9796
17015,-28385.6,285.396,75.9836
17016,-28388.6,285.411,75.9876
17017,-28391.7,285.426,75.9915
17018,-28394.7,285.442,75.9954
17019,-28397.7,285.457,75.9993
17020,-28400.7,285.472,76.0032
17021,-28403.8,285.488,76.0073
17022,-28406.8,285.503,76.0106
17023,-28409.8,285.518,76.0142
17024,-28412.8,285.533,76.0175
17025,-28415.9,285.549,76.0649
17026,-28418.9,285.564,76.0712
17027,-28421.9,285.579,76.0743
17028,-28424.9,285.595,76.0772
17029,-28428,285.61,76.0802
17030,-28431,285.625,76.0834
17031,-28434,285.64,76.0862
17032,-28437,285.656,76.0892
17033,-28440.1,285.671,76.0921
17034,-28443.1,285.686,76.095
17035,-28446.1,285.702,76.0979
17036,-28449.2,285.717,76.1007
17037,-28452.2,285.732,76.1036
17038,-28455.2,285.747,76.1064
17039,-28458.2,285.763,76.1093
17040,-28461.3,285.778,76.1121
17041,-28464.3,285.793,76.1149
17042,-28467.3,285.809,76.1178
17043,-28470.3,285.824,76.1206
17044,-28473.4,285.839,76.1235
17045,-28476.4,285.854,76.1354
17046,-28479.4,285.87,76.1384
17047,-28482.5,285.885,76.1412
17048,-28485.5,285.9,76.1441
17049,-28488.5,285.916,76.1469
17050,-28491.5,285.931,76.1498
17051,-28494.6,285.946,76.2228
17052,-28497.6,285.961,76.2264
17053,-28500.6,285.977,76.2293
17054,-28503.7,285.992,76.2322
17055,-28506.7,286.007,76.2352
17056,-28509.7,286.023,76.2381
17057,-28512.8,286.038,76.2411
17058,-28515.8,286.053,76.2441
17059,-28518.8,286.068,76.2471
17060,-28521.8,286.084,76.2499
17061,-28524.9,286.099,76.2528
17062,-28527.9,286.114,76.2557
17063,-28530.9,286.13,76.2585
17064,-28534,286.145,76.2613
17065,-28537,286.16,76.2642
17066,-28540,286.175,76.2727
17067,-28543.1,286.191,76.2755
17068,-28546.1,286.206,76.2784
17069,-28549.1,286.221,76.2813
17070,-28552.2,286.236,76.2842
17071,-28555.2,286.252,76.287
17072,-28558.2,286.267,76.2975
17073,-28561.3,286.282,76.3004
17074,-28564.3,286.298,76.3033
17075,-28567.3,286.313,76.3062
17076,-28570.4,286.328,76.309
17077,-28573.4,286.343,76.3118
17078,-28576.4,286.359,76.3146
17079,-28579.5,286.374,76.3173
17080,-28582.5,286.389,76.3202
17081,-28585.5,286.405,76.323
17082,-28588.6,286.42,76.3258
17083,-28591.6,286.435,76.3285
17084,-28594.6,286.45,76.3313
17085,-28597.7,286.466,76.3341
17086,-28600.7,286.481,76.3369
17087,-28603.7,286.496,76.3396
17088,-28606.8,286.512,76.355
17089,-28609.8,286.527,76.358
17090,-28612.8,286.542,76.361
17091,-28615.9,286.557,76.3767
17092,-28618.9,286.573,76.3809
17093,-28621.9,286.588,76.3848
17094,-28625,286.603,76.3886
17095,-28628,286.619,76.3921
17096,-28631,286.634,76.3952
17097,-28634.1,286.649,76.3982
17098,-28637.1,286.664,76.4013
17099,-28640.2,286.68,76.4043
17100,-28643.2,286.695,76.4073
17101,-28646.2,286.71,76.5379
17102,-28649.3,286.725,76.5424
17103,-28652.3,286.741,76.5465
17104,-28655.3,286.756,76.5503
17105,-28658.4,286.771,76.5537
17106,-28661.4,286.787,76.5568
17107,-28664.4,286.802,76.5598
17108,-28667.5,286.817,76.5626
17109,-28670.5,286.832,76.5654
17110,-28673.6,286.848,76.5683
17111,-28676.6,286.863,76.5712
17112,-28679.6,286.878,76.5901
17113,-28682.7,286.894,76.5949
17114,-28685.7,286.909,76.5991
17115,-28688.8,286.924,76.6106
17116,-28691.8,286.939,76.6147
17117,-28694.8,286.955,76.6179
17118,-28697.9,286.97,76.6209
17119,-28700.9,286.985,76.6239
17120,-28704,287.001,76.6267
17121,-28707,287.016,76.6299
17122,-28710,287.031,76.6329
17123,-28713.1,287.046,76.6359
17124,-28716.1,287.062,76.6388
17125,-28719.2,287.077,76.6417
17126,-28722.2,287.092,76.6445
17127,-28725.2,287.107,76.6473
17128,-28728.3,287.123,76.6502
17129,-28731.3,287.138,76.653
17130,-28734.4,287.153,76.6559
17131,-28737.4,287.169,76.6705
17132,-28740.4,287.184,76.6736
17133,-28743.5,287.199,76.6879
17134,-28746.5,287.214,76.6924
17135,-28749.6,287.23,76.6965
17136,-28752.6,287.245,76.7005
17137,-28755.6,287.26,76.7042
17138,-28758.7,287.276,76.7073
17139,-28761.7,287.291,76.7103
17140,-28764.8,287.306,76.7133
17141,-28767.8,287.321,76.7163
17142,-28770.9,287.337,76.7191
17143,-28773.9,287.352,76.7221
17144,-28776.9,287.367,76.725
17145,-28780,287.382,76.7278
17146,-28783,287.398,76.7308
17147,-28786.1,287.413,76.7457
17148,-28789.1,287.428,76.7492
17149,-28792.2,287.444,76.7522
17150,-28795.2,287.459,76.755
17151,-28798.3,287.474,76.768
17152,-28801.3,287.489,76.7715
17153,-28804.3,287.505,76.7745
17154,-28807.4,287.52,76.7774
17155,-28810.4,287.535,76.7803
17156,-28813.5,287.551,76.7831
17157,-28816.5,287.566,76.786
17158,-28819.6,287.581,76.7888
17159,-28822.6,287.596,76.7917
17160,-28825.7,287.612,76.7946
17161,-28828.7,287.627,76.7975
17162,-28831.8,287.642,76.8002
17163,-28834.8,287.657,76.8031
17164,-28837.8,287.673,76.8059
17165,-28840.9,287.688,76.8088
17166,-28843.9,287.703,76.8115
17167,-28847,287.719,76.8222
17168,-28850,287.734,76.8253
17169,-28853.1,287.749,76.8279
17170,-28856.1,287.764,76.8308
17171,-28859.2,287.78,76.8336
17172,-28862.2,287.795,76.8363
17173,-28865.3,287.81,76.8388
17174,-28868.3,287.826,76.8413
17175,-28871.4,287.841,76.8434
17176,-28874.4,287.856,76.8458
17177,-28877.5,287.871,76.8484
17178,-28880.5,287.887,76.851
17179,-28883.6,287.902,76.8538
17180,-28886.6,287.917,76.8566
17181,-28889.7,287.932,76.8594
17182,-28892.7,287.948,76.8623
17183,-28895.8,287.963,76.8651
17184,-28898.8,287.978,76.868
17185,-28901.9,287.994,76.8708
17186,-28904.9,288.009,76.8735
17187,-28908,288.024,76.8764
17188,-28911,288.039,76.8793
17189,-28914.1,288.055,76.8821
17190,-28917.1,288.07,76.885
17191,-28920.2,288.085,76.896
17192,-28923.2,288.101,76.8996
17193,-28926.3,288.116,76.9025
17194,-28929.3,288.131,76.9053
17195,-28932.4,288.146,76.9081
17196,-28935.4,288.162,76.9109
17197,-28938.5,288.177,76.9137
17198,-28941.5,288.192,76.9166
17199,-28944.6,288.207,76.9194
17200,-28947.6,288.223,76.9221
17201,-28950.7,288.238,76.9743
17202,-28953.7,288.253,76.9777
17203,-28956.8,288.269,76.9805
17204,-28959.8,288.284,76.9833
17205,-28962.9,288.299,76.9861
17206,-28965.9,288.314,76.9889
17207,-28969,288.33,76.9917
17208,-28972,288.345,76.9945
17209,-28975.1,288.36,76.9974
17210,-28978.1,288.375,77.0002
17211,-28981.2,288.391,77.0031
17212,-28984.2,288.406,77.0059
17213,-28987.3,288.421,77.0087
17214,-28990.4,288.437,77.0115
17215,-28993.4,288.452,77.0143
17216,-28996.5,288.467,77.0331
17217,-28999.5,288.482,77.0361
17218,-29002.6,288.498,77.0728
17219,-29005.6,288.513,77.0777
17220,-29008.7,288.528,77.0816
17221,-29011.7,288.543,77.0848
17222,-29014.8,288.559,77.0877
17223,-29017.8,288.574,77.0909
17224,-29020.9,288.589,77.0938
17225,-29024,288.605,77.0966
17226,-29027,288.62,77.0997
17227,-29030.1,288.635,77.1027
17228,-29033.1,288.65,77.1056
17229,-29036.2,288.666,77.1085
17230,-29039.2,288.681,77.1114
17231,-29042.3,288.696,77.1142
17232,-29045.4,288.712,77.1171
17233,-29048.4,288.727,77.12
17234,-29051.5,288.742,77.1229
17235,-29054.5,288.757,77.1522
17236,-29057.6,288.773,77.157
17237,-29060.6,288.788,77.1612
17238,-29063.7,288.803,77.165
17239,-29066.8,288.818,77.1684
17240,-29069.8,288.834,77.1715
17241,-29072.9,288.849,77.1744
17242,-29075.9,288.864,77.1774
17243,-29079,288.88,77.1803
17244,-29082,288.895,77.1834
17245,-29085.1,288.91,77.1861
17246,-29088.2,288.925,77.1888
17247,-29091.2,288.941,77.1914
17248,-29094.3,288.956,77.1939
17249,-29097.3,288.971,77.1964
17250,-29100.4,288.986,77.1993
17251,-29103.5,289.002,77.2268
17252,-29106.5,289.017,77.2316
17253,-29109.6,289.032,77.236
17254,-29112.6,289.048,77.24
17255,-29115.7,289.063,77.2436
17256,-29118.8,289.078,77.2466
17257,-29121.8,289.093,77.2496
17258,-29124.9,289.109,77.2524
17259,-29127.9,289.124,77.2553
17260,-29131,289.139,77.2581
17261,-29134.1,289.154,77.2613
17262,-29137.1,289.17,77.2642
17263,-29140.2,289.185,77.2671
17264,-29143.2,289.2,77.2697
17265,-29146.3,289.216,77.2722
17266,-29149.4,289.231,77.275
17267,-29152.4,289.246,77.2778
17268,-29155.5,289.261,77.2806
17269,-29158.6,289.277,77.2835
17270,-29161.6,289.292,77.2863
17271,-29164.7,289.307,77.2888
17272,-29167.7,289.322,77.2911
17273,-29170.8,289.338,77.3023
17274,-29173.9,289.353,77.3054
17275,-29176.9,289.368,77.3082
17276,-29180,289.384,77.3104
17277,-29183.1,289.399,77.3132
17278,-29186.1,289.414,77.3159
17279,-29189.2,289.429,77.3188
17280,-29192.3,289.445,77.3216
17281,-29195.3,289.46,77.3245
17282,-29198.4,289.475,77.3275
17283,-29201.4,289.49,77.3303
17284,-29204.5,289.506,77.3332
17285,-29207.6,289.521,77.3361
17286,-29210.6,289.536,77.339
17287,-29213.7,289.552,77.3418
17288,-29216.8,289.567,77.3446
17289,-29219.8,289.582,77.3473
17290,-29222.9,289.597,77.3501
17291,-29226,289.613,77.353
17292,-29229,289.628,77.356
17293,-29232.1,289.643,77.359
17294,-29235.2,289.658,77.362
17295,-29238.2,289.674,77.3649
17296,-29241.3,289.689,77.3759
17297,-29244.4,289.704,77.3792
17298,-29247.4,289.72,77.3821
17299,-29250.5,289.735,77.385
17300,-29253.6,289.75,77.3879
17301,-29256.6,289.765,77.3999
17302,-29259.7,289.781,77.4027
17303,-29262.8,289.796,77.4055
17304,-29265.8,289.811,77.4083
17305,-29268.9,289.826,77.4111
17306,-29272,289.842,77.4139
17307,-29275,289.857,77.4168
17308,-29278.1,289.872,77.4195
17309,-29281.2,289.887,77.4224
17310,-29284.2,289.903,77.4252
17311,-29287.3,289.918,77.4337
17312,-29290.4,289.933,77.4366
17313,-29293.4,289.949,77.4394
17314,-29296.5,289.964,77.4492
17315,-29299.6,289.979,77.4528
17316,-29302.7,289.994,77.4557
17317,-29305.7,290.01,77.4585
17318,-29308.8,290.025,77.4614
17319,-29311.9,290.04,77.4642
17320,-29314.9,290.055,77.4671
17321,-29318,290.071,77.4701
17322,-29321.1,290.086,77.473
17323,-29324.1,290.101,77.4758
17324,-29327.2,290.117,77.4787
17325,-29330.3,290.132,77.4816
17326,-29333.4,290.147,77.4845
17327,-29336.4,290.162,77.4874
17328,-29339.5,290.178,77.4902
17329,-29342.6,290.193,77.4931
17330,-29345.6,290.208,77.496
17331,-29348.7,290.223,77.4989
17332,-29351.8,290.239,77.513
17333,-29354.9,290.254,77.5165
17334,-29357.9,290.269,77.5193
17335,-29361,290.285,77.5221
17336,-29364.1,290.3,77.525
17337,-29367.1,290.315,77.5278
17338,-29370.2,290.33,77.5433
17339,-29373.3,290.346,77.5478
17340,-29376.4,290.361,77.5517
17341,-29379.4,290.376,77.5555
17342,-29382.5,290.391,77.5585
17343,-29385.6,290.407,77.5615
17344,-29388.7,290.422,77.5644
17345,-29391.7,290.437,77.5674
17346,-29394.8,290.452,77.5703
17347,-29397.9,290.468,77.5732
17348,-29401,290.483,77.5761
17349,-29404,290.498,77.5917
17350,-29407.1,290.514,77.5947
17351,-29410.2,290.529,77.6139
17352,-29413.3,290.544,77.6186
17353,-29416.3,290.559,77.6228
17354,-29419.4,290.575,77.6267
17355,-29422.5,290.59,77.6301
17356,-29425.6,290.605,77.6333
17357,-29428.6,290.62,77.6362
17358,-29431.7,290.636,77.6391
17359,-29434.8,290.651,77.642
17360,-29437.9,290.666,77.645
17361,-29440.9,290.682,77.6478
17362,-29444,290.697,77.6508
17363,-29447.1,290.712,77.6539
17364,-29450.2,290.727,77.6682
17365,-29453.2,290.743,77.6717
17366,-29456.3,290.758,77.6746
17367,-29459.4,290.773,77.6775
17368,-29462.5,290.788,77.6802
17369,-29465.5,290.804,77.683
17370,-29468.6,290.819,77.6856
17371,-29471.7,290.834,77.6877
17372,-29474.8,290.849,77.6897
17373,-29477.9,290.865,77.693
17374,-29480.9,290.88,77.6951
17375,-29484,290.895,77.6972
17376,-29487.1,290.911,77.7005
17377,-29490.2,290.926,77.7025
17378,-29493.3,290.941,77.706
17379,-29496.3,290.956,77.7084
17380,-29499.4,290.972,77.7106
17381,-29502.5,290.987,77.7131
17382,-29505.6,291.002,77.7158
17383,-29508.7,291.017,77.7184
17384,-29511.7,291.033,77.721
17385,-29514.8,291.048,77.7235
17386,-29517.9,291.063,77.7263
17387,-29521,291.078,77.7292
17388,-29524.1,291.094,77.7321
17389,-29527.1,291.109,77.7349
17390,-29530.2,291.124,77.7457
17391,-29533.3,291.14,77.7485
17392,-29536.4,291.155,77.7512
17393,-29539.5,291.17,77.7541
17394,-29542.5,291.185,77.7569
17395,-29545.6,291.201,77.7596
17396,-29548.7,291.216,77.7622
17397,-29551.8,291.231,77.7645
17398,-29554.9,291.246,77.7672
17399,-29557.9,291.262,77.7697
17400,-29561,291.277,77.7724
17401,-29564.1,291.292,77.7828
17402,-29567.2,291.307,77.7856
17403,-29570.3,291.323,77.7884
17404,-29573.4,291.338,77.7912
17405,-29576.4,291.353,77.7941
17406,-29579.5,291.369,77.7969
17407,-29582.6,291.384,77.7996
17408,-29585.7,291.399,77.8024
17409,-29588.8,291.414,77.8052
17410,-29591.9,291.43,77.8079
17411,-29594.9,291.445,77.8189
17412,-29598,291.46,77.8223
17413,-29601.1,291.475,77.8252
17414,-29604.2,291.491,77.828
17415,-29607.3,291.506,77.8308
17416,-29610.4,291.521,77.8336
17417,-29613.4,291.536,77.8364
17418,-29616.5,291.552,77.8392
17419,-29619.6,291.567,77.8419
17420,-29622.7,291.582,77.8447
17421,-29625.8,291.598,77.8474
17422,-29628.9,291.613,77.8502
17423,-29632,291.628,77.853
17424,-29635,291.643,77.8558
17425,-29638.1,291.659,77.8586
17426,-29641.2,291.674,77.8614
17427,-29644.3,291.689,77.8642
17428,-29647.4,291.704,77.8728
17429,-29650.5,291.72,77.8755
17430,-29653.6,291.735,77.8784
17431,-29656.6,291.75,77.8813
17432,-29659.7,291.765,77.8842
17433,-29662.8,291.781,77.8946
17434,-29665.9,291.796,77.8979
17435,-29669,291.811,77.9008
17436,-29672.1,291.827,77.9036
17437,-29675.2,291.842,77.9064
17438,-29678.3,291.857,77.9092
17439,-29681.4,291.872,77.912
17440,-29684.4,291.888,77.9148
17441,-29687.5,291.903,77.9175
17442,-29690.6,291.918,77.9203
17443,-29693.7,291.933,77.9231
17444,-29696.8,291.949,77.9258
17445,-29699.9,291.964,77.9286
17446,-29703,291.979,77.9314
17447,-29706.1,291.994,77.9342
17448,-29709.1,292.01,77.937
17449,-29712.2,292.025,77.9513
17450,-29715.3,292.04,77.9546
17451,-29718.4,292.056,77.9785
17452,-29721.5,292.071,77.9832
17453,-29724.6,292.086,77.9871
17454,-29727.7,292.101,77.9904
17455,-29730.8,292.117,77.9933
17456,-29733.9,292.132,77.9962
17457,-29737,292.147,77.9991
17458,-29740.1,292.162,78.0021
17459,-29743.1,292.178,78.0049
17460,-29746.2,292.193,78.0078
17461,-29749.3,292.208,78.0106
17462,-29752.4,292.223,78.0134
17463,-29755.5,292.239,78.0281
17464,-29758.6,292.254,78.0316
17465,-29761.7,292.269,78.0345
17466,-29764.8,292.284,78.0374
17467,-29767.9,292.3,78.0403
17468,-29771,292.315,78.0431
17469,-29774.1,292.33,78.0459
17470,-29777.2,292.346,78.0487
17471,-29780.2,292.361,78.0516
17472,-29783.3,292.376,78.0544
17473,-29786.4,292.391,78.0573
17474,-29789.5,292.407,78.06
17475,-29792.6,292.422,78.0628
17476,-29795.7,292.437,78.0655
17477,-29798.8,292.452,78.0683
17478,-29801.9,292.468,78.0711
17479,-29805,292.483,78.0739
17480,-29808.1,292.498,78.0767
17481,-29811.2,292.513,78.0795
17482,-29814.3,292.529,78.0823
17483,-29817.4,292.544,78.085
17484,-29820.5,292.559,78.1588
17485,-29823.6,292.574,78.164
17486,-29826.7,292.59,78.1684
17487,-29829.8,292.605,78.1722
17488,-29832.9,292.62,78.1752
17489,-29835.9,292.636,78.1781
17490,-29839,292.651,78.1811
17491,-29842.1,292.666,78.1842
17492,-29845.2,292.681,78.1871
17493,-29848.3,292.697,78.19
17494,-29851.4,292.712,78.1929
17495,-29854.5,292.727,78.1958
17496,-29857.6,292.742,78.2066
17497,-29860.7,292.758,78.2097
17498,-29863.8,292.773,78.2125
17499,-29866.9,292.788,78.2154
17500,-29870,292.803,78.2182
17501,-29873.1,292.819,78.2328
17502,-29876.2,292.834,78.2363
17503,-29879.3,292.849,78.2391
17504,-29882.4,292.864,78.2419
17505,-29885.5,292.88,78.2447
17506,-29888.6,292.895,78.2475
17507,-29891.7,292.91,78.2503
17508,-29894.8,292.926,78.2532
17509,-29897.9,292.941,78.256
17510,-29901,292.956,78.2588
17511,-29904.1,292.971,78.2618
17512,-29907.2,292.987,78.2646
17513,-29910.3,293.002,78.2674
17514,-29913.4,293.017,78.2702
17515,-29916.5,293.032,78.301
17516,-29919.6,293.048,78.3053
17517,-29922.7,293.063,78.3097
17518,-29925.8,293.078,78.3136
17519,-29928.9,293.093,78.3167
17520,-29932,293.109,78.3196
17521,-29935.1,293.124,78.3227
17522,-29938.2,293.139,78.3257
17523,-29941.3,293.154,78.3287
17524,-29944.4,293.17,78.3317
17525,-29947.5,293.185,78.3346
17526,-29950.6,293.2,78.3374
17527,-29953.7,293.215,78.3403
17528,-29956.8,293.231,78.3432
17529,-29959.9,293.246,78.3461
17530,-29963,293.261,78.3489
17531,-29966.1,293.277,78.3608
17532,-29969.2,293.292,78.3643
17533,-29972.3,293.307,78.3672
17534,-29975.4,293.322,78.37
17535,-29978.5,293.338,78.373
17536,-29981.6,293.353,78.3758
17537,-29984.7,293.368,78.3787
17538,-29987.8,293.383,78.3815
17539,-29990.9,293.399,78.3844
17540,-29994,293.414,78.3872
17541,-29997.1,293.429,78.3901
17542,-30000.2,293.444,78.4048
17543,-30003.3,293.46,78.4092
17544,-30006.4,293.475,78.4134
17545,-30009.5,293.49,78.4171
17546,-30012.7,293.505,78.4203
17547,-30015.8,293.521,78.4233
17548,-30018.9,293.536,78.4343
17549,-30022,293.551,78.4381
17550,-30025.1,293.566,78.4412
17551,-30028.2,293.582,78.4544
17552,-30031.3,293.597,78.4579
17553,-30034.4,293.612,78.4609
17554,-30037.5,293.628,78.4639
17555,-30040.6,293.643,78.4668
17556,-30043.7,293.658,78.4696
17557,-30046.8,293.673,78.4725
17558,-30049.9,293.689,78.4752
17559,-30053,293.704,78.4778
17560,-30056.1,293.719,78.4802
17561,-30059.2,293.734,78.4825
17562,-30062.3,293.75,78.4849
17563,-30065.5,293.765,78.4875
17564,-30068.6,293.78,78.4995
17565,-30071.7,293.795,78.5022
17566,-30074.8,293.811,78.5042
17567,-30077.9,293.826,78.5094
17568,-30081,293.841,78.5121
17569,-30084.1,293.856,78.5148
17570,-30087.2,293.872,78.5175
17571,-30090.3,293.887,78.5203
17572,-30093.4,293.902,78.5231
17573,-30096.5,293.917,78.5258
17574,-30099.6,293.933,78.5285
17575,-30102.7,293.948,78.5313
17576,-30105.9,293.963,78.5339
17577,-30109,293.978,78.5366
17578,-30112.1,293.994,78.5393
17579,-30115.2,294.009,78.542
17580,-30118.3,294.024,78.5449
17581,-30121.4,294.04,78.5477
17582,-30124.5,294.055,78.5505
17583,-30127.6,294.07,78.5533
17584,-30130.7,294.085,78.556
17585,-30133.8,294.101,78.5588
17586,-30137,294.116,78.5616
17587,-30140.1,294.131,78.5643
17588,-30143.2,294.146,78.5671
17589,-30146.3,294.162,78.5698
17590,-30149.4,294.177,78.5725
17591,-30152.5,294.192,78.5752
17592,-30155.6,294.207,78.5779
17593,-30158.7,294.223,78.5806
17594,-30161.8,294.238,78.5948
17595,-30165,294.253,78.5988
17596,-30168.1,294.268,78.6023
17597,-30171.2,294.284,78.6053
17598,-30174.3,294.299,78.608
17599,-30177.4,294.314,78.611
17600,-30180.5,294.329,78.6139
17601,-30183.6,294.345,78.6451
17602,-30186.7,294.36,78.6485
17603,-30189.9,294.375,78.6514
17604,-30193,294.39,78.6542
17605,-30196.1,294.406,78.6571
17606,-30199.2,294.421,78.6598
17607,-30202.3,294.436,78.6626
17608,-30205.4,294.451,78.6654
17609,-30208.5,294.467,78.6681
17610,-30211.6,294.482,78.6708
17611,-30214.8,294.497,78.6736
17612,-30217.9,294.513,78.6764
17613,-30221,294.528,78.6792
17614,-30224.1,294.543,78.6819
17615,-30227.2,294.558,78.6847
17616,-30230.3,294.574,78.6874
17617,-30233.5,294.589,78.69
17618,-30236.6,294.604,78.6928
17619,-30239.7,294.619,78.6956
17620,-30242.8,294.635,78.6983
17621,-30245.9,294.65,78.701
17622,-30249,294.665,78.7038
17623,-30252.1,294.68,78.728
17624,-30255.3,294.696,78.742
17625,-30258.4,294.711,78.7464
17626,-30261.5,294.726,78.7499
17627,-30264.6,294.741,78.7531
17628,-30267.7,294.757,78.756
17629,-30270.8,294.772,78.7592
17630,-30274,294.787,78.762
17631,-30277.1,294.802,78.7652
17632,-30280.2,294.818,78.768
17633,-30283.3,294.833,78.7708
17634,-30286.4,294.848,78.7736
17635,-30289.5,294.863,78.7765
17636,-30292.7,294.879,78.7792
17637,-30295.8,294.894,78.782
17638,-30298.9,294.909,78.7849
17639,-30302,294.924,78.7877
17640,-30305.1,294.94,78.7905
17641,-30308.3,294.955,78.7933
17642,-30311.4,294.97,78.7962
17643,-30314.5,294.985,78.799
17644,-30317.6,295.001,78.8018
17645,-30320.7,295.016,78.8046
17646,-30323.9,295.031,78.8074
17647,-30327,295.047,78.8103
17648,-30330.1,295.062,78.8132
17649,-30333.2,295.077,78.8161
17650,-30336.3,295.092,78.8188
17651,-30339.5,295.108,78.8374
17652,-30342.6,295.123,78.842
17653,-30345.7,295.138,78.8458
17654,-30348.8,295.153,78.8488
17655,-30351.9,295.169,78.8517
17656,-30355.1,295.184,78.8545
17657,-30358.2,295.199,78.8573
17658,-30361.3,295.214,78.8601
17659,-30364.4,295.23,78.8631
17660,-30367.5,295.245,78.8748
17661,-30370.7,295.26,78.8777
17662,-30373.8,295.275,78.8806
17663,-30376.9,295.291,78.8834
17664,-30380,295.306,78.8862
17665,-30383.2,295.321,78.889
17666,-30386.3,295.336,78.8919
17667,-30389.4,295.352,78.8946
17668,-30392.5,295.367,78.8975
17669,-30395.6,295.382,78.9002
17670,-30398.8,295.397,78.9029
17671,-30401.9,295.413,78.9056
17672,-30405,295.428,78.9083
17673,-30408.1,295.443,78.9111
17674,-30411.3,295.458,78.9139
17675,-30414.4,295.474,78.9166
17676,-30417.5,295.489,78.9194
17677,-30420.6,295.504,78.9221
17678,-30423.8,295.519,78.9248
17679,-30426.9,295.535,78.9275
17680,-30430,295.55,78.9302
17681,-30433.1,295.565,78.933
17682,-30436.3,295.58,78.9353
17683,-30439.4,295.596,78.9378
17684,-30442.5,295.611,78.9402
17685,-30445.6,295.626,78.9428
17686,-30448.8,295.641,78.9455
17687,-30451.9,295.657,78.9481
17688,-30455,295.672,78.9508
17689,-30458.1,295.687,78.9536
17690,-30461.3,295.702,78.9562
17691,-30464.4,295.718,78.9588
17692,-30467.5,295.733,78.961
17693,-30470.6,295.748,78.9638
17694,-30473.8,295.763,78.9661
17695,-30476.9,295.779,78.9689
17696,-30480,295.794,78.9715
17697,-30483.2,295.809,78.9744
17698,-30486.3,295.825,78.9771
17699,-30489.4,295.84,78.9798
17700,-30492.5,295.855,78.9827
17701,-30495.7,295.87,78.9949
17702,-30498.8,295.886,78.9981
17703,-30501.9,295.901,79.0009
17704,-30505,295.916,79.0038
17705,-30508.2,295.931,79.0066
17706,-30511.3,295.947,79.0093
17707,-30514.4,295.962,79.0121
17708,-30517.6,295.977,79.015
17709,-30520.7,295.992,79.0177
17710,-30523.8,296.008,79.0205
17711,-30527,296.023,79.0232
17712,-30530.1,296.038,79.0262
17713,-30533.2,296.053,79.0289
17714,-30536.3,296.069,79.0316
17715,-30539.5,296.084,79.0343
17716,-30542.6,296.099,79.0371
17717,-30545.7,296.114,79.0399
17718,-30548.9,296.13,79.0426
17719,-30552,296.145,79.0453
17720,-30555.1,296.16,79.048
17721,-30558.3,296.175,79.0508
17722,-30561.4,296.191,79.0535
17723,-30564.5,296.206,79.0562
17724,-30567.6,296.221,79.0589
17725,-30570.8,296.236,79.0616
17726,-30573.9,296.252,79.0644
17727,-30577,296.267,79.0672
17728,-30580.2,296.282,79.07
17729,-30583.3,296.297,79.0728
17730,-30586.4,296.313,79.0755
17731,-30589.6,296.328,79.0782
17732,-30592.7,296.343,79.081
17733,-30595.8,296.358,79.0837
17734,-30599,296.374,79.0864
17735,-30602.1,296.389,79.0892
17736,-30605.2,296.404,79.0919
17737,-30608.4,296.419,79.0946
17738,-30611.5,296.435,79.0973
17739,-30614.6,296.45,79.1001
17740,-30617.8,296.465,79.11
17741,-30620.9,296.48,79.113
17742,-30624,296.496,79.1158
17743,-30627.2,296.511,79.1187
17744,-30630.3,296.526,79.1214
17745,-30633.4,296.541,79.1242
17746,-30636.6,296.557,79.1269
17747,-30639.7,296.572,79.1297
17748,-30642.8,296.587,79.1324
17749,-30646,296.602,79.1351
17750,-30649.1,296.618,79.1379
17751,-30652.3,296.633,79.1493
17752,-30655.4,296.648,79.1525
17753,-30658.5,296.663,79.1641
17754,-30661.7,296.679,79.1669
17755,-30664.8,296.694,79.1696
17756,-30667.9,296.709,79.1723
17757,-30671.1,296.724,79.1837
17758,-30674.2,296.74,79.1871
17759,-30677.3,296.755,79.1899
17760,-30680.5,296.77,79.204
17761,-30683.6,296.785,79.2084
17762,-30686.8,296.801,79.2123
17763,-30689.9,296.816,79.2161
17764,-30693,296.831,79.2334
17765,-30696.2,296.846,79.2379
17766,-30699.3,296.862,79.2417
17767,-30702.4,296.877,79.2448
17768,-30705.6,296.892,79.2478
17769,-30708.7,296.907,79.2587
17770,-30711.9,296.923,79.2621
17771,-30715,296.938,79.265
17772,-30718.1,296.953,79.2679
17773,-30721.3,296.968,79.2707
17774,-30724.4,296.984,79.2734
17775,-30727.5,296.999,79.2761
17776,-30730.7,297.014,79.2789
17777,-30733.8,297.029,79.2816
17778,-30737,297.045,79.2844
17779,-30740.1,297.06,79.2871
17780,-30743.2,297.075,79.29
17781,-30746.4,297.09,79.2927
17782,-30749.5,297.106,79.2957
17783,-30752.7,297.121,79.2984
17784,-30755.8,297.136,79.3012
17785,-30758.9,297.151,79.304
17786,-30762.1,297.167,79.3068
17787,-30765.2,297.182,79.3094
17788,-30768.4,297.197,79.3122
17789,-30771.5,297.212,79.3149
17790,-30774.7,297.228,79.3177
17791,-30777.8,297.243,79.3204
17792,-30780.9,297.258,79.3231
17793,-30784.1,297.273,79.3258
17794,-30787.2,297.289,79.3285
17795,-30790.4,297.304,79.3313
17796,-30793.5,297.319,79.334
17797,-30796.6,297.334,79.3367
17798,-30799.8,297.35,79.3393
17799,-30802.9,297.365,79.3421
17800,-30806.1,297.38,79.3447
17801,-30809.2,297.395,79.3634
17802,-30812.4,297.411,79.3679
17803,-30815.5,297.426,79.3719
17804,-30818.6,297.441,79.3752
17805,-30821.8,297.456,79.3781
17806,-30824.9,297.472,79.381
17807,-30828.1,297.487,79.3838
17808,-30831.2,297.502,79.3866
17809,-30834.4,297.517,79.3894
17810,-30837.5,297.533,79.3923
17811,-30840.7,297.548,79.3951
17812,-30843.8,297.563,79.3979
17813,-30846.9,297.578,79.4007
17814,-30850.1,297.594,79.4035
17815,-30853.2,297.609,79.4062
17816,-30856.4,297.624,79.4089
17817,-30859.5,297.639,79.4116
17818,-30862.7,297.655,79.4143
17819,-30865.8,297.67,79.417
17820,-30869,297.685,79.4345
17821,-30872.1,297.7,79.4389
17822,-30875.3,297.716,79.4539
17823,-30878.4,297.731,79.4584
17824,-30881.6,297.746,79.462
17825,-30884.7,297.761,79.4651
17826,-30887.8,297.777,79.4681
17827,-30891,297.792,79.471
17828,-30894.1,297.807,79.4739
17829,-30897.3,297.822,79.4767
17830,-30900.4,297.838,79.4794
17831,-30903.6,297.853,79.4823
17832,-30906.7,297.868,79.4851
17833,-30909.9,297.883,79.4878
17834,-30913,297.899,79.4904
17835,-30916.2,297.914,79.4932
17836,-30919.3,297.929,79.496
17837,-30922.5,297.944,79.4988
17838,-30925.6,297.96,79.5015
17839,-30928.8,297.975,79.5043
17840,-30931.9,297.99,79.5071
17841,-30935.1,298.005,79.5098
17842,-30938.2,298.021,79.5125
17843,-30941.4,298.036,79.5153
17844,-30944.5,298.051,79.5181
17845,-30947.7,298.066,79.5209
17846,-30950.8,298.082,79.5236
17847,-30954,298.097,79.5263
17848,-30957.1,298.112,79.5292
17849,-30960.3,298.127,79.532
17850,-30963.4,298.143,79.5347
17851,-30966.6,298.158,79.5469
17852,-30969.7,298.173,79.5501
17853,-30972.9,298.188,79.5529
17854,-30976,298.204,79.5557
17855,-30979.2,298.219,79.5585
17856,-30982.3,298.234,79.5696
17857,-30985.5,298.249,79.5725
17858,-30988.6,298.265,79.5754
17859,-30991.8,298.28,79.5782
17860,-30994.9,298.295,79.5811
17861,-30998.1,298.31,79.5839
17862,-31001.2,298.326,79.5868
17863,-31004.4,298.341,79.5897
17864,-31007.5,298.356,79.5925
17865,-31010.7,298.371,79.5954
17866,-31013.8,298.387,79.5982
17867,-31017,298.402,79.601
17868,-31020.1,298.417,79.6039
17869,-31023.3,298.432,79.6067
17870,-31026.5,298.448,79.6095
17871,-31029.6,298.463,79.6124
17872,-31032.8,298.478,79.6152
17873,-31035.9,298.493,79.618
17874,-31039.1,298.509,79.6208
17875,-31042.2,298.524,79.6237
17876,-31045.4,298.539,79.6334
17877,-31048.5,298.554,79.6369
17878,-31051.7,298.569,79.6396
17879,-31054.8,298.585,79.6424
17880,-31058,298.6,79.645
17881,-31061.2,298.615,79.6478
17882,-31064.3,298.63,79.6506
17883,-31067.5,298.646,79.6533
17884,-31070.6,298.661,79.6561
17885,-31073.8,298.676,79.6589
17886,-31076.9,298.691,79.6615
17887,-31080.1,298.707,79.6642
17888,-31083.2,298.722,79.667
17889,-31086.4,298.737,79.6697
17890,-31089.6,298.752,79.6725
17891,-31092.7,298.768,79.6752
17892,-31095.9,298.783,79.6779
17893,-31099,298.798,79.6807
17894,-31102.2,298.813,79.6834
17895,-31105.3,298.829,79.6862
17896,-31108.5,298.844,79.7185
17897,-31111.7,298.859,79.7232
17898,-31114.8,298.874,79.7274
17899,-31118,298.89,79.7311
17900,-31121.1,298.905,79.7344
17901,-31124.3,298.92,79.7467
17902,-31127.4,298.935,79.7501
17903,-31130.6,298.951,79.753
17904,-31133.8,298.966,79.7559
17905,-31136.9,298.981,79.7588
17906,-31140.1,298.996,79.7617
17907,-31143.2,299.012,79.7645
17908,-31146.4,299.027,79.7869
17909,-31149.6,299.042,79.7911
17910,-31152.7,299.057,79.7946
17911,-31155.9,299.073,79.7974
17912,-31159,299.088,79.8002
17913,-31162.2,299.103,79.8032
17914,-31165.4,299.118,79.8061
17915,-31168.5,299.134,79.8089
17916,-31171.7,299.149,79.8117
17917,-31174.8,299.164,79.8146
17918,-31178,299.179,79.9621
17919,-31181.2,299.195,79.9665
17920,-31184.3,299.21,79.9706
17921,-31187.5,299.225,79.9742
17922,-31190.6,299.24,79.9773
17923,-31193.8,299.256,79.9802
17924,-31197,299.271,79.983
17925,-31200.1,299.286,79.9859
17926,-31203.3,299.301,79.9888
17927,-31206.5,299.317,79.9916
17928,-31209.6,299.332,79.9943
17929,-31212.8,299.347,80.0113
17930,-31215.9,299.362,80.0157
17931,-31219.1,299.377,80.0196
17932,-31222.3,299.393,80.0233
17933,-31225.4,299.408,80.0263
17934,-31228.6,299.423,80.0292
17935,-31231.8,299.438,80.032
17936,-31234.9,299.454,80.0349
17937,-31238.1,299.469,80.0377
17938,-31241.3,299.484,80.0404
17939,-31244.4,299.499,80.0432
17940,-31247.6,299.515,80.0459
17941,-31250.7,299.53,80.0486
17942,-31253.9,299.545,80.0515
17943,-31257.1,299.56,80.0542
17944,-31260.2,299.576,80.0569
17945,-31263.4,299.591,80.0597
17946,-31266.6,299.606,80.0624
17947,-31269.7,299.621,80.0652
17948,-31272.9,299.637,80.0679
17949,-31276.1,299.652,80.0707
17950,-31279.2,299.667,80.0734
17951,-31282.4,299.682,80.4037
17952,-31285.6,299.698,80.41
17953,-31288.7,299.713,80.4131
17954,-31291.9,299.728,80.4162
17955,-31295.1,299.743,80.4191
17956,-31298.2,299.759,80.4219
17957,-31301.4,299.774,80.4248
17958,-31304.6,299.789,80.4277
17959,-31307.7,299.804,80.4304
17960,-31310.9,299.82,80.4331
17961,-31314.1,299.835,80.4359
17962,-31317.2,299.85,80.4387
17963,-31320.4,299.865,80.4414
17964,-31323.6,299.881,80.4441
17965,-31326.7,299.896,80.4469
17966,-31329.9,299.911,80.4498
17967,-31333.1,299.926,80.4525
17968,-31336.2,299.941,80.4551
17969,-31339.4,299.957,80.4578
17970,-31342.6,299.972,80.4606
17971,-31345.7,299.987,80.4633
17972,-31348.9,300.002,80.466
17973,-31352.1,300.018,80.4778
17974,-31355.3,300.033,80.4811
17975,-31358.4,300.048,80.484
17976,-31361.6,300.063,80.4868
17977,-31364.8,300.079,80.4895
17978,-31367.9,300.094,80.4923
17979,-31371.1,300.109,80.4951
17980,-31374.3,300.124,80.498
17981,-31377.4,300.14,80.5007
17982,-31380.6,300.155,80.5034
17983,-31383.8,300.17,80.5062
17984,-31387,300.185,80.5089
17985,-31390.1,300.201,80.5118
17986,-31393.3,300.216,80.5146
17987,-31396.5,300.231,80.5175
17988,-31399.6,300.246,80.5203
17989,-31402.8,300.262,80.523
17990,-31406,300.277,80.5258
17991,-31409.2,300.292,80.5286
17992,-31412.3,300.307,80.5313
17993,-31415.5,300.323,80.534
17994,-31418.7,300.338,80.5368
17995,-31421.8,300.353,80.5395
17996,-31425,300.368,80.5826
17997,-31428.2,300.383,80.597
17998,-31431.4,300.399,80.6011
17999,-31434.5,300.414,80.6046
18000,-31437.7,300.429,80.6076
18001,-31440.9,300.444,80.6221
18002,-31444.1,300.46,80.6254
18003,-31447.2,300.475,80.6283
18004,-31450.4,300.49,80.631
18005,-31453.6,300.505,80.6338
18006,-31456.7,300.521,80.6366
18007,-31459.9,300.536,80.6394
18008,-31463.1,300.551,80.6421
18009,-31466.3,300.566,80.6449
18010,-31469.4,300.582,80.6476
18011,-31472.6,300.597,80.6503
18012,-31475.8,300.612,80.6531
18013,-31479,300.627,80.6558
18014,-31482.1,300.643,80.6587
18015,-31485.3,300.658,80.6615
18016,-31488.5,300.673,80.6643
18017,-31491.7,300.688,80.667
18018,-31494.9,300.704,80.6697
18019,-31498,300.719,80.6725
18020,-31501.2,300.734,80.6951
18021,-31504.4,300.749,80.698
18022,-31507.6,300.765,80.7008
18023,-31510.7,300.78,80.7036
18024,-31513.9,300.795,80.7063
18025,-31517.1,300.81,80.709
18026,-31520.3,300.825,80.7117
18027,-31523.4,300.841,80.7144
18028,-31526.6,300.856,80.7172
18029,-31529.8,300.871,80.7198
18030,-31533,300.886,80.7226
18031,-31536.2,300.902,80.7253
18032,-31539.3,300.917,80.728
18033,-31542.5,300.932,80.7308
18034,-31545.7,300.947,80.752
18035,-31548.9,300.963,80.7641
18036,-31552,300.978,80.7685
18037,-31555.2,300.993,80.7724
18038,-31558.4,301.008,80.7758
18039,-31561.6,301.024,80.7788
18040,-31564.8,301.039,80.7817
18041,-31567.9,301.054,80.7846
18042,-31571.1,301.069,80.7874
18043,-31574.3,301.085,80.7902
18044,-31577.5,301.1,80.7931
18045,-31580.7,301.115,80.796
18046,-31583.8,301.13,80.7989
18047,-31587,301.145,80.8017
18048,-31590.2,301.161,80.8046
18049,-31593.4,301.176,80.8075
18050,-31596.6,301.191,80.8103
18051,-31599.7,301.206,80.8231
18052,-31602.9,301.222,80.8264
18053,-31606.1,301.237,80.8291
18054,-31609.3,301.252,80.8319
18055,-31612.5,301.267,80.8347
18056,-31615.7,301.283,80.8374
18057,-31618.8,301.298,80.8402
18058,-31622,301.313,80.8429
18059,-31625.2,301.328,80.8457
18060,-31628.4,301.344,80.8485
18061,-31631.6,301.359,80.8513
18062,-31634.7,301.374,80.8541
18063,-31637.9,301.389,80.8568
18064,-31641.1,301.405,80.8595
18065,-31644.3,301.42,80.8624
18066,-31647.5,301.435,80.8651
18067,-31650.7,301.45,80.8678
18068,-31653.8,301.466,80.8705
18069,-31657,301.481,80.8732
18070,-31660.2,301.496,80.8759
18071,-31663.4,301.511,80.8786
18072,-31666.6,301.526,80.8814
18073,-31669.8,301.542,80.8841
18074,-31672.9,301.557,80.8869
18075,-31676.1,301.572,80.8896
18076,-31679.3,301.587,80.8922
18077,-31682.5,301.603,80.8949
18078,-31685.7,301.618,80.9514
18079,-31688.9,301.633,80.9554
18080,-31692.1,301.648,80.9586
18081,-31695.2,301.664,80.9833
18082,-31698.4,301.679,80.9878
18083,-31701.6,301.694,81.0059
18084,-31704.8,301.709,81.0106
18085,-31708,301.725,81.0141
18086,-31711.2,301.74,81.0173
18087,-31714.4,301.755,81.0203
18088,-31717.5,301.77,81.0231
18089,-31720.7,301.786,81.0261
18090,-31723.9,301.801,81.0289
18091,-31727.1,301.816,81.0317
18092,-31730.3,301.831,81.0423
18093,-31733.5,301.846,81.0451
18094,-31736.7,301.862,81.048
18095,-31739.9,301.877,81.0507
18096,-31743,301.892,81.0535
18097,-31746.2,301.907,81.0564
18098,-31749.4,301.923,81.0592
18099,-31752.6,301.938,81.062
18100,-31755.8,301.953,81.0647
18101,-31759,301.968,81.0775
18102,-31762.2,301.984,81.0808
18103,-31765.4,301.999,81.0837
18104,-31768.6,302.014,81.0864
18105,-31771.7,302.029,81.0892
18106,-31774.9,302.045,81.092
18107,-31778.1,302.06,81.0947
18108,-31781.3,302.075,81.0976
18109,-31784.5,302.09,81.1004
18110,-31787.7,302.105,81.1033
18111,-31790.9,302.121,81.1062
18112,-31794.1,302.136,81.1173
18113,-31797.3,302.151,81.1202
18114,-31800.5,302.166,81.123
18115,-31803.6,302.182,81.1257
18116,-31806.8,302.197,81.1284
18117,-31810,302.212,81.1311
18118,-31813.2,302.227,81.1339
18119,-31816.4,302.243,81.1367
18120,-31819.6,302.258,81.1394
18121,-31822.8,302.273,81.1421
18122,-31826,302.288,81.1448
18123,-31829.2,302.304,81.1722
18124,-31832.4,302.319,81.177
18125,-31835.6,302.334,81.1811
18126,-31838.7,302.349,81.185
18127,-31841.9,302.364,81.1886
18128,-31845.1,302.38,81.1917
18129,-31848.3,302.395,81.1946
18130,-31851.5,302.41,81.197
18131,-31854.7,302.425,81.1995
18132,-31857.9,302.441,81.2021
18133,-31861.1,302.456,81.2047
18134,-31864.3,302.471,81.2071
18135,-31867.5,302.486,81.2096
18136,-31870.7,302.502,81.2124
18137,-31873.9,302.517,81.2152
18138,-31877.1,302.532,81.218
18139,-31880.3,302.547,81.2207
18140,-31883.5,302.563,81.2235
18141,-31886.7,302.578,81.2262
18142,-31889.8,302.593,81.229
18143,-31893,302.608,81.2316
18144,-31896.2,302.623,81.2345
18145,-31899.4,302.639,81.2372
18146,-31902.6,302.654,81.2475
18147,-31905.8,302.669,81.2694
18148,-31909,302.684,81.2734
18149,-31912.2,302.7,81.2769
18150,-31915.4,302.715,81.2798
18151,-31918.6,302.73,81.2921
18152,-31921.8,302.745,81.2954
18153,-31925,302.761,81.2982
18154,-31928.2,302.776,81.301
18155,-31931.4,302.791,81.3039
18156,-31934.6,302.806,81.3067
18157,-31937.8,302.822,81.3094
18158,-31941,302.837,81.3122
18159,-31944.2,302.852,81.315
18160,-31947.4,302.867,81.3312
18161,-31950.6,302.882,81.3358
18162,-31953.8,302.898,81.3399
18163,-31957,302.913,81.3437
18164,-31960.2,302.928,81.3473
18165,-31963.4,302.943,81.3504
18166,-31966.6,302.959,81.3532
18167,-31969.8,302.974,81.356
18168,-31973,302.989,81.3588
18169,-31976.2,303.004,81.3616
18170,-31979.4,303.02,81.379
18171,-31982.6,303.035,81.3835
18172,-31985.8,303.05,81.3875
18173,-31989,303.065,81.4034
18174,-31992.2,303.081,81.4077
18175,-31995.4,303.096,81.4111
18176,-31998.6,303.111,81.4144
18177,-32001.8,303.126,81.4173
18178,-32005,303.141,81.4202
18179,-32008.2,303.157,81.4438
18180,-32011.4,303.172,81.4485
18181,-32014.6,303.187,81.4525
18182,-32017.8,303.202,81.4562
18183,-32021,303.218,81.4594
18184,-32024.2,303.233,81.465
18185,-32027.4,303.248,81.4678
18186,-32030.6,303.263,81.4705
18187,-32033.8,303.279,81.4733
18188,-32037,303.294,81.4759
18189,-32040.2,303.309,81.4788
18190,-32043.4,303.324,81.4815
18191,-32046.6,303.34,81.4842
18192,-32049.8,303.355,81.4868
18193,-32053,303.37,81.4894
18194,-32056.2,303.385,81.4921
18195,-32059.4,303.4,81.4948
18196,-32062.6,303.416,81.5066
18197,-32065.8,303.431,81.5095
18198,-32069,303.446,81.5122
18199,-32072.2,303.461,81.5325
18200,-32075.4,303.477,81.537
18201,-32078.6,303.492,81.5607
18202,-32081.8,303.507,81.5647
18203,-32085,303.522,81.5678
18204,-32088.2,303.538,81.5788
18205,-32091.4,303.553,81.5825
18206,-32094.6,303.568,81.5852
18207,-32097.8,303.583,81.588
18208,-32101,303.598,81.5908
18209,-32104.2,303.614,81.5937
18210,-32107.4,303.629,81.5963
18211,-32110.7,303.644,81.599
18212,-32113.9,303.659,81.6017
18213,-32117.1,303.675,81.6044
18214,-32120.3,303.69,81.6071
18215,-32123.5,303.705,81.6099
18216,-32126.7,303.72,81.6127
18217,-32129.9,303.736,81.6153
18218,-32133.1,303.751,81.618
18219,-32136.3,303.766,81.6208
18220,-32139.5,303.781,81.6235
18221,-32142.7,303.796,81.6261
18222,-32145.9,303.812,81.6288
18223,-32149.1,303.827,81.6438
18224,-32152.3,303.842,81.6478
18225,-32155.5,303.857,81.6513
18226,-32158.8,303.873,81.6545
18227,-32162,303.888,81.6574
18228,-32165.2,303.903,81.6658
18229,-32168.4,303.918,81.6685
18230,-32171.6,303.934,81.6709
18231,-32174.8,303.949,81.6733
18232,-32178,303.964,81.6916
18233,-32181.2,303.979,81.6953
18234,-32184.4,303.994,81.6988
18235,-32187.6,304.01,81.7021
18236,-32190.8,304.025,81.705
18237,-32194,304.04,81.7077
18238,-32197.3,304.055,81.8337
18239,-32200.5,304.071,81.8454
18240,-32203.7,304.086,81.8495
18241,-32206.9,304.101,81.8533
18242,-32210.1,304.116,81.8572
18243,-32213.3,304.132,81.861
18244,-32216.5,304.147,81.8649
18245,-32219.7,304.162,81.8687
18246,-32222.9,304.177,81.8724
18247,-32226.1,304.193,81.8761
18248,-32229.4,304.208,81.8799
18249,-32232.6,304.223,81.8837
18250,-32235.8,304.238,81.8874
18251,-32239,304.253,81.9405
18252,-32242.2,304.269,81.9455
18253,-32245.4,304.284,81.9494
18254,-32248.6,304.299,81.9531
18255,-32251.8,304.314,81.9568
18256,-32255,304.33,81.9605
18257,-32258.3,304.345,81.9645
18258,-32261.5,304.36,81.9682
18259,-32264.7,304.375,81.972
18260,-32267.9,304.391,81.9757
18261,-32271.1,304.406,81.9794
18262,-32274.3,304.421,81.9832
18263,-32277.5,304.436,81.9869
18264,-32280.7,304.451,81.9905
18265,-32284,304.467,81.9942
18266,-32287.2,304.482,81.9979
18267,-32290.4,304.497,82.0016
18268,-32293.6,304.512,82.0057
18269,-32296.8,304.528,82.0334
18270,-32300,304.543,82.0367
18271,-32303.2,304.558,82.0399
18272,-32306.5,304.573,82.0429
18273,-32309.7,304.588,82.0555
18274,-32312.9,304.604,82.0597
18275,-32316.1,304.619,82.0632
18276,-32319.3,304.634,82.0665
18277,-32322.5,304.649,82.0695
18278,-32325.8,304.665,82.0723
18279,-32329,304.68,82.0751
18280,-32332.2,304.695,82.078
18281,-32335.4,304.71,82.0807
18282,-32338.6,304.726,82.0834
18283,-32341.8,304.741,82.0861
18284,-32345,304.756,82.0888
18285,-32348.3,304.771,82.0915
18286,-32351.5,304.786,82.0942
18287,-32354.7,304.802,82.0968
18288,-32357.9,304.817,82.118
18289,-32361.1,304.832,82.1208
18290,-32364.3,304.847,82.1236
18291,-32367.6,304.863,82.1263
18292,-32370.8,304.878,82.129
18293,-32374,304.893,82.1317
18294,-32377.2,304.908,82.1343
18295,-32380.4,304.924,82.137
18296,-32383.7,304.939,82.1398
18297,-32386.9,304.954,82.1425
18298,-32390.1,304.969,82.1451
18299,-32393.3,304.984,82.1478
18300,-32396.5,305,82.1505
18301,-32399.7,305.015,82.1696
18302,-32403,305.03,82.1729
18303,-32406.2,305.045,82.1756
18304,-32409.4,305.061,82.1784
18305,-32412.6,305.076,82.1811
18306,-32415.8,305.091,82.1838
18307,-32419.1,305.106,82.1865
18308,-32422.3,305.122,82.1893
18309,-32425.5,305.137,82.192
18310,-32428.7,305.152,82.1947
18311,-32431.9,305.167,82.1974
18312,-32435.2,305.182,82.2
18313,-32438.4,305.198,82.2028
18314,-32441.6,305.213,82.2055
18315,-32444.8,305.228,82.2082
18316,-32448,305.243,82.2109
18317,-32451.3,305.259,82.2136
18318,-32454.5,305.274,82.2163
18319,-32457.7,305.289,82.219
18320,-32460.9,305.304,82.2216
18321,-32464.2,305.319,82.2244
18322,-32467.4,305.335,82.227
18323,-32470.6,305.35,82.2296
18324,-32473.8,305.365,82.2324
18325,-32477,305.38,82.235
18326,-32480.3,305.396,82.2377
18327,-32483.5,305.411,82.2404
18328,-32486.7,305.426,82.2431
18329,-32489.9,305.441,82.2457
18330,-32493.2,305.457,82.2484
18331,-32496.4,305.472,82.251
18332,-32499.6,305.487,82.2536
18333,-32502.8,305.502,82.2562
18334,-32506.1,305.517,82.2589
18335,-32509.3,305.533,82.2616
18336,-32512.5,305.548,82.2643
18337,-32515.7,305.563,82.2669
18338,-32519,305.578,82.2695
18339,-32522.2,305.594,82.2722
18340,-32525.4,305.609,82.2748
18341,-32528.6,305.624,82.2774
18342,-32531.9,305.639,82.2801
18343,-32535.1,305.654,82.2828
18344,-32538.3,305.67,82.2854
18345,-32541.5,305.685,82.2881
18346,-32544.8,305.7,82.2907
18347,-32548,305.715,82.2934
18348,-32551.2,305.731,82.296
18349,-32554.4,305.746,82.2987
18350,-32557.7,305.761,82.3226
18351,-32560.9,305.776,82.3368
18352,-32564.1,305.792,82.3405
18353,-32567.3,305.807,82.3437
18354,-32570.6,305.822,82.3465
18355,-32573.8,305.837,82.3492
18356,-32577,305.852,82.3518
18357,-32580.2,305.868,82.3547
18358,-32583.5,305.883,82.3574
18359,-32586.7,305.898,82.3601
18360,-32589.9,305.913,82.3628
18361,-32593.2,305.929,82.3655
18362,-32596.4,305.944,82.3682
18363,-32599.6,305.959,82.3709
18364,-32602.8,305.974,82.3735
18365,-32606.1,305.989,82.3762
18366,-32609.3,306.005,82.3789
18367,-32612.5,306.02,82.3816
18368,-32615.8,306.035,82.3844
18369,-32619,306.05,82.3871
18370,-32622.2,306.066,82.3898
18371,-32625.4,306.081,82.3925
18372,-32628.7,306.096,82.3952
18373,-32631.9,306.111,82.3979
18374,-32635.1,306.127,82.4006
18375,-32638.4,306.142,82.4034
18376,-32641.6,306.157,82.406
18377,-32644.8,306.172,82.4088
18378,-32648.1,306.187,82.4114
18379,-32651.3,306.203,82.4141
18380,-32654.5,306.218,82.4168
18381,-32657.7,306.233,82.4194
18382,-32661,306.248,82.422
18383,-32664.2,306.264,82.4247
18384,-32667.4,306.279,82.4274
18385,-32670.7,306.294,82.43
18386,-32673.9,306.309,82.4327
18387,-32677.1,306.324,82.4354
18388,-32680.4,306.34,82.4381
18389,-32683.6,306.355,82.4408
18390,-32686.8,306.37,82.4434
18391,-32690.1,306.385,82.4461
18392,-32693.3,306.401,82.4488
18393,-32696.5,306.416,82.4515
18394,-32699.8,306.431,82.4541
18395,-32703,306.446,82.4568
18396,-32706.2,306.461,82.4595
18397,-32709.5,306.477,82.4621
18398,-32712.7,306.492,82.4647
18399,-32715.9,306.507,82.4673
18400,-32719.2,306.522,82.47
18401,-32722.4,306.538,82.4851
18402,-32725.6,306.553,82.4883
18403,-32728.9,306.568,82.4909
18404,-32732.1,306.583,82.4936
18405,-32735.3,306.598,82.4963
18406,-32738.6,306.614,82.4989
18407,-32741.8,306.629,82.5015
18408,-32745,306.644,82.5042
18409,-32748.3,306.659,82.5069
18410,-32751.5,306.675,82.5095
18411,-32754.8,306.69,82.5122
18412,-32758,306.705,82.5149
18413,-32761.2,306.72,82.5176
18414,-32764.5,306.736,82.5202
18415,-32767.7,306.751,82.5229
18416,-32770.9,306.766,82.5255
18417,-32774.2,306.781,82.5282
18418,-32777.4,306.796,82.5308
18419,-32780.6,306.812,82.5335
18420,-32783.9,306.827,82.5361
18421,-32787.1,306.842,82.5388
18422,-32790.4,306.857,82.5414
18423,-32793.6,306.873,82.544
18424,-32796.8,306.888,82.5467
18425,-32800.1,306.903,82.5493
18426,-32803.3,306.918,82.5519
18427,-32806.5,306.933,82.5545
18428,-32809.8,306.949,82.5572
18429,-32813,306.964,82.5599
18430,-32816.3,306.979,82.5625
18431,-32819.5,306.994,82.5652
18432,-32822.7,307.01,82.5678
18433,-32826,307.025,82.5705
18434,-32829.2,307.04,82.5731
18435,-32832.4,307.055,82.5758
18436,-32835.7,307.07,82.5785
18437,-32838.9,307.086,82.5811
18438,-32842.2,307.101,82.5837
18439,-32845.4,307.116,82.5863
18440,-32848.6,307.131,82.589
18441,-32851.9,307.147,82.5916
18442,-32855.1,307.162,82.5943
18443,-32858.4,307.177,82.5969
18444,-32861.6,307.192,82.5995
18445,-32864.8,307.207,82.6021
18446,-32868.1,307.223,82.6047
18447,-32871.3,307.238,82.6074
18448,-32874.6,307.253,82.61
18449,-32877.8,307.268,82.6127
18450,-32881.1,307.284,82.6153
18451,-32884.3,307.299,82.63
18452,-32887.5,307.314,82.6333
18453,-32890.8,307.329,82.6359
18454,-32894,307.344,82.6386
18455,-32897.3,307.36,82.6412
18456,-32900.5,307.375,82.6439
18457,-32903.8,307.39,82.6467
18458,-32907,307.405,82.6494
18459,-32910.2,307.421,82.652
18460,-32913.5,307.436,82.6547
18461,-32916.7,307.451,82.6574
18462,-32920,307.466,82.66
18463,-32923.2,307.481,82.6628
18464,-32926.5,307.497,82.6654
18465,-32929.7,307.512,82.668
18466,-32932.9,307.527,82.6707
18467,-32936.2,307.542,82.6734
18468,-32939.4,307.558,82.676
18469,-32942.7,307.573,82.6786
18470,-32945.9,307.588,82.6813
18471,-32949.2,307.603,82.684
18472,-32952.4,307.618,82.6866
18473,-32955.7,307.634,82.6892
18474,-32958.9,307.649,82.6918
18475,-32962.1,307.664,82.6945
18476,-32965.4,307.679,82.6971
18477,-32968.6,307.695,82.6997
18478,-32971.9,307.71,82.7023
18479,-32975.1,307.725,82.7049
18480,-32978.4,307.74,82.7075
18481,-32981.6,307.755,82.7102
18482,-32984.9,307.771,82.7129
18483,-32988.1,307.786,82.7155
18484,-32991.4,307.801,82.7181
18485,-32994.6,307.816,82.7209
18486,-32997.8,307.832,82.7235
18487,-33001.1,307.847,82.7261
18488,-33004.3,307.862,82.7289
18489,-33007.6,307.877,82.7315
18490,-33010.8,307.892,82.7342
18491,-33014.1,307.908,82.7368
18492,-33017.3,307.923,82.7395
18493,-33020.6,307.938,82.7421
18494,-33023.8,307.953,82.7448
18495,-33027.1,307.969,82.7474
18496,-33030.3,307.984,82.7501
18497,-33033.6,307.999,82.7528
18498,-33036.8,308.014,82.7555
18499,-33040.1,308.029,82.7582
18500,-33043.3,308.045,82.7608
18501,-33046.6,308.06,82.7763
18502,-33049.8,308.075,82.7797
18503,-33053.1,308.09,82.7825
18504,-33056.3,308.106,82.7852
18505,-33059.6,308.121,82.7878
18506,-33062.8,308.136,82.7905
18507,-33066.1,308.151,82.7932
18508,-33069.3,308.166,82.7958
18509,-33072.6,308.182,82.7985
18510,-33075.8,308.197,82.8011
18511,-33079.1,308.212,82.8038
18512,-33082.3,308.227,82.8065
18513,-33085.6,308.243,82.8091
18514,-33088.8,308.258,82.8118
18515,-33092.1,308.273,82.8144
18516,-33095.3,308.288,82.817
18517,-33098.6,308.303,82.8197
18518,-33101.8,308.319,82.8223
18519,-33105.1,308.334,82.825
18520,-33108.3,308.349,82.8277
18521,-33111.6,308.364,82.8303
18522,-33114.8,308.38,82.833
18523,-33118.1,308.395,82.8579
18524,-33121.3,308.41,82.8619
18525,-33124.6,308.425,82.8658
18526,-33127.9,308.44,82.8695
18527,-33131.1,308.456,82.8725
18528,-33134.4,308.471,82.8754
18529,-33137.6,308.486,82.8782
18530,-33140.9,308.501,82.881
18531,-33144.1,308.516,82.8838
18532,-33147.4,308.532,82.8867
18533,-33150.6,308.547,82.8894
18534,-33153.9,308.562,82.8922
18535,-33157.1,308.577,82.895
18536,-33160.4,308.593,82.8976
18537,-33163.6,308.608,82.9003
18538,-33166.9,308.623,82.9031
18539,-33170.2,308.638,82.9059
18540,-33173.4,308.653,82.9086
18541,-33176.7,308.669,82.9113
18542,-33179.9,308.684,82.914
18543,-33183.2,308.699,82.9167
18544,-33186.4,308.714,82.9194
18545,-33189.7,308.73,82.922
18546,-33192.9,308.745,82.9247
18547,-33196.2,308.76,82.9275
18548,-33199.5,308.775,82.9301
18549,-33202.7,308.79,82.9329
18550,-33206,308.806,82.9355
18551,-33209.2,308.821,82.9516
18552,-33212.5,308.836,82.9548
18553,-33215.7,308.851,82.9575
18554,-33219,308.867,82.9602
18555,-33222.3,308.882,82.963
18556,-33225.5,308.897,82.9717
18557,-33228.8,308.912,82.9744
18558,-33232,308.927,82.9771
18559,-33235.3,308.943,82.9798
18560,-33238.5,308.958,82.9825
18561,-33241.8,308.973,82.9852
18562,-33245.1,308.988,82.988
18563,-33248.3,309.003,82.9907
18564,-33251.6,309.019,82.9934
18565,-33254.8,309.034,82.9961
18566,-33258.1,309.049,82.9988
18567,-33261.4,309.064,83.0014
18568,-33264.6,309.08,83.0041
18569,-33267.9,309.095,83.0068
18570,-33271.1,309.11,83.0095
18571,-33274.4,309.125,83.0122
18572,-33277.7,309.14,83.0149
18573,-33280.9,309.156,83.0176
18574,-33284.2,309.171,83.0203
18575,-33287.4,309.186,83.0229
18576,-33290.7,309.201,83.0256
18577,-33294,309.217,83.0282
18578,-33297.2,309.232,83.0309
18579,-33300.5,309.247,83.0335
18580,-33303.7,309.262,83.0361
18581,-33307,309.277,83.0388
18582,-33310.3,309.293,83.0415
18583,-33313.5,309.308,83.0443
18584,-33316.8,309.323,83.0469
18585,-33320,309.338,83.0495
18586,-33323.3,309.354,83.0522
18587,-33326.6,309.369,83.0549
18588,-33329.8,309.384,83.0575
18589,-33333.1,309.399,83.0602
18590,-33336.4,309.414,83.0628
18591,-33339.6,309.43,83.0655
18592,-33342.9,309.445,83.0682
18593,-33346.1,309.46,83.0709
18594,-33349.4,309.475,83.0736
18595,-33352.7,309.49,83.0763
18596,-33355.9,309.506,83.0789
18597,-33359.2,309.521,83.0816
18598,-33362.5,309.536,83.0843
18599,-33365.7,309.551,83.087
18600,-33369,309.567,83.109
18601,-33372.3,309.582,83.1264
18602,-33375.5,309.597,83.1303
18603,-33378.8,309.612,83.1333
18604,-33382.1,309.627,83.1362
18605,-33385.3,309.643,83.1391
18606,-33388.6,309.658,83.1418
18607,-33391.8,309.673,83.1446
18608,-33395.1,309.688,83.1473
18609,-33398.4,309.704,83.15
18610,-33401.6,309.719,83.1527
18611,-33404.9,309.734,83.1554
18612,-33408.2,309.749,83.1581
18613,-33411.4,309.764,83.1607
18614,-33414.7,309.78,83.1635
18615,-33418,309.795,83.1662
18616,-33421.2,309.81,83.169
18617,-33424.5,309.825,83.1718
18618,-33427.8,309.84,83.1947
18619,-33431,309.856,83.1988
18620,-33434.3,309.871,83.2027
18621,-33437.6,309.886,83.2064
18622,-33440.8,309.901,83.2094
18623,-33444.1,309.917,83.2124
18624,-33447.4,309.932,83.2154
18625,-33450.6,309.947,83.2181
18626,-33453.9,309.962,83.221
18627,-33457.2,309.977,83.2239
18628,-33460.5,309.993,83.2267
18629,-33463.7,310.008,83.2295
18630,-33467,310.023,83.2322
18631,-33470.3,310.038,83.235
18632,-33473.5,310.053,83.2377
18633,-33476.8,310.069,83.2404
18634,-33480.1,310.084,83.2431
18635,-33483.3,310.099,83.246
18636,-33486.6,310.114,83.2487
18637,-33489.9,310.13,83.2514
18638,-33493.1,310.145,83.2543
18639,-33496.4,310.16,83.2569
18640,-33499.7,310.175,83.2595
18641,-33503,310.19,83.2622
18642,-33506.2,310.206,83.2649
18643,-33509.5,310.221,83.2677
18644,-33512.8,310.236,83.2704
18645,-33516,310.251,83.2731
18646,-33519.3,310.266,83.2758
18647,-33522.6,310.282,83.2785
18648,-33525.9,310.297,83.2813
18649,-33529.1,310.312,83.2841
18650,-33532.4,310.327,83.2868
18651,-33535.7,310.343,83.3026
18652,-33538.9,310.358,83.3059
18653,-33542.2,310.373,83.3086
18654,-33545.5,310.388,83.3114
18655,-33548.8,310.403,83.3142
18656,-33552,310.419,83.3169
18657,-33555.3,310.434,83.3195
18658,-33558.6,310.449,83.3221
18659,-33561.8,310.464,83.3248
18660,-33565.1,310.48,83.3274
18661,-33568.4,310.495,83.3302
18662,-33571.7,310.51,83.3329
18663,-33574.9,310.525,83.3358
18664,-33578.2,310.54,83.3384
18665,-33581.5,310.556,83.3411
18666,-33584.8,310.571,83.3438
18667,-33588,310.586,83.3465
18668,-33591.3,310.601,83.3491
18669,-33594.6,310.616,83.3518
18670,-33597.9,310.632,83.3546
18671,-33601.1,310.647,83.3573
18672,-33604.4,310.662,83.3601
18673,-33607.7,310.677,83.3628
18674,-33611,310.693,83.3655
18675,-33614.2,310.708,83.3682
18676,-33617.5,310.723,83.3709
18677,-33620.8,310.738,83.3736
18678,-33624.1,310.753,83.3763
18679,-33627.3,310.769,83.3789
18680,-33630.6,310.784,83.3815
18681,-33633.9,310.799,83.3842
18682,-33637.2,310.814,83.3869
18683,-33640.4,310.829,83.3895
18684,-33643.7,310.845,83.3922
18685,-33647,310.86,83.3948
18686,-33650.3,310.875,83.4164
18687,-33653.6,310.89,83.421
18688,-33656.8,310.906,83.425
18689,-33660.1,310.921,83.4287
18690,-33663.4,310.936,83.4318
18691,-33666.7,310.951,83.4347
18692,-33669.9,310.966,83.4375
18693,-33673.2,310.982,83.4402
18694,-33676.5,310.997,83.4429
18695,-33679.8,311.012,83.4457
18696,-33683.1,311.027,83.4486
18697,-33686.3,311.042,83.4513
18698,-33689.6,311.058,83.4541
18699,-33692.9,311.073,83.4568
18700,-33696.2,311.088,83.4595
18701,-33699.5,311.103,83.4752
18702,-33702.7,311.118,83.4785
18703,-33706,311.134,83.4812
18704,-33709.3,311.149,83.4841
18705,-33712.6,311.164,83.4869
18706,-33715.9,311.179,83.4894
18707,-33719.1,311.195,83.4921
18708,-33722.4,311.21,83.4948
18709,-33725.7,311.225,83.4976
18710,-33729,311.24,83.5003
18711,-33732.3,311.255,83.5031
18712,-33735.5,311.271,83.5059
18713,-33738.8,311.286,83.5086
18714,-33742.1,311.301,83.5113
18715,-33745.4,311.316,83.514
18716,-33748.7,311.331,83.5167
18717,-33752,311.347,83.5194
18718,-33755.2,311.362,83.5222
18719,-33758.5,311.377,83.5249
18720,-33761.8,311.392,83.5276
18721,-33765.1,311.408,83.5302
18722,-33768.4,311.423,83.5329
18723,-33771.6,311.438,83.5356
18724,-33774.9,311.453,83.5382
18725,-33778.2,311.468,83.5409
18726,-33781.5,311.484,83.5435
18727,-33784.8,311.499,83.5462
18728,-33788.1,311.514,83.5489
18729,-33791.3,311.529,83.5515
18730,-33794.6,311.544,83.5542
18731,-33797.9,311.56,83.568
18732,-33801.2,311.575,83.5709
18733,-33804.5,311.59,83.5737
18734,-33807.8,311.605,83.5764
18735,-33811.1,311.621,83.5791
18736,-33814.3,311.636,83.5813
18737,-33817.6,311.651,83.5834
18738,-33820.9,311.666,83.5857
18739,-33824.2,311.681,83.5882
18740,-33827.5,311.697,83.5905
18741,-33830.8,311.712,83.5927
18742,-33834,311.727,83.5955
18743,-33837.3,311.742,83.5982
18744,-33840.6,311.757,83.6007
18745,-33843.9,311.773,83.6034
18746,-33847.2,311.788,83.6061
18747,-33850.5,311.803,83.6088
18748,-33853.8,311.818,83.6115
18749,-33857.1,311.833,83.6141
18750,-33860.3,311.849,83.6168
18751,-33863.6,311.864,83.6321
18752,-33866.9,311.879,83.6354
18753,-33870.2,311.894,83.638
18754,-33873.5,311.91,83.6407
18755,-33876.8,311.925,83.6435
18756,-33880.1,311.94,83.6462
18757,-33883.4,311.955,83.6488
18758,-33886.6,311.97,83.6514
18759,-33889.9,311.986,83.6541
18760,-33893.2,312.001,83.6567
18761,-33896.5,312.016,83.6802
18762,-33899.8,312.031,83.6849
18763,-33903.1,312.046,83.689
18764,-33906.4,312.062,83.6929
18765,-33909.7,312.077,83.6958
18766,-33913,312.092,83.6987
18767,-33916.2,312.107,83.7018
18768,-33919.5,312.122,83.7046
18769,-33922.8,312.138,83.7075
18770,-33926.1,312.153,83.7103
18771,-33929.4,312.168,83.7131
18772,-33932.7,312.183,83.7158
18773,-33936,312.199,83.7186
18774,-33939.3,312.214,83.7214
18775,-33942.6,312.229,83.7241
18776,-33945.9,312.244,83.7268
18777,-33949.1,312.259,83.7295
18778,-33952.4,312.275,83.7321
18779,-33955.7,312.29,83.7348
18780,-33959,312.305,83.7375
18781,-33962.3,312.32,83.7402
18782,-33965.6,312.335,83.7429
18783,-33968.9,312.351,83.7455
18784,-33972.2,312.366,83.7482
18785,-33975.5,312.381,83.7509
18786,-33978.8,312.396,83.7537
18787,-33982.1,312.411,83.7563
18788,-33985.4,312.427,83.759
18789,-33988.6,312.442,83.7618
18790,-33991.9,312.457,83.7645
18791,-33995.2,312.472,83.7672
18792,-33998.5,312.488,83.7699
18793,-34001.8,312.503,83.7725
18794,-34005.1,312.518,83.7752
18795,-34008.4,312.533,83.7779
18796,-34011.7,312.548,83.7805
18797,-34015,312.564,83.7832
18798,-34018.3,312.579,83.7859
18799,-34021.6,312.594,83.7886
18800,-34024.9,312.609,83.7912
18801,-34028.2,312.624,83.8076
18802,-34031.5,312.64,83.8109
18803,-34034.8,312.655,83.8137
18804,-34038.1,312.67,83.8163
18805,-34041.4,312.685,83.8189
18806,-34044.6,312.7,83.8215
18807,-34047.9,312.716,83.8242
18808,-34051.2,312.731,83.8268
18809,-34054.5,312.746,83.8295
18810,-34057.8,312.761,83.8322
18811,-34061.1,312.776,83.8349
18812,-34064.4,312.792,83.8376
18813,-34067.7,312.807,83.8402
18814,-34071,312.822,83.843
18815,-34074.3,312.837,83.8457
18816,-34077.6,312.853,83.8674
18817,-34080.9,312.868,83.8719
18818,-34084.2,312.883,83.8759
18819,-34087.5,312.898,83.8797
18820,-34090.8,312.913,83.883
18821,-34094.1,312.929,83.8861
18822,-34097.4,312.944,83.889
18823,-34100.7,312.959,83.8919
18824,-34104,312.974,83.9013
18825,-34107.3,312.989,83.9044
18826,-34110.6,313.005,83.9072
18827,-34113.9,313.02,83.91
18828,-34117.2,313.035,83.9128
18829,-34120.5,313.05,83.9156
18830,-34123.8,313.065,83.9184
18831,-34127.1,313.081,83.9211
18832,-34130.4,313.096,83.9239
18833,-34133.7,313.111,83.9267
18834,-34137,313.126,83.9294
18835,-34140.3,313.141,83.9322
18836,-34143.6,313.157,83.9348
18837,-34146.9,313.172,83.9376
18838,-34150.2,313.187,83.9402
18839,-34153.5,313.202,83.943
18840,-34156.8,313.218,83.9456
18841,-34160.1,313.233,83.9484
18842,-34163.4,313.248,83.951
18843,-34166.7,313.263,83.9538
18844,-34170,313.278,83.9565
18845,-34173.3,313.294,83.9592
18846,-34176.6,313.309,83.9618
18847,-34179.9,313.324,83.9645
18848,-34183.2,313.339,83.9672
18849,-34186.5,313.354,83.9697
18850,-34189.8,313.37,83.9724
18851,-34193.1,313.385,83.9878
18852,-34196.4,313.4,83.9909
18853,-34199.7,313.415,83.9936
18854,-34203,313.43,83.9963
18855,-34206.3,313.446,83.999
18856,-34209.6,313.461,84.0017
18857,-34212.9,313.476,84.0044
18858,-34216.2,313.491,84.0072
18859,-34219.5,313.506,84.0099
18860,-34222.8,313.522,84.0127
18861,-34226.1,313.537,84.0155
18862,-34229.4,313.552,84.0183
18863,-34232.7,313.567,84.021
18864,-34236,313.583,84.0237
18865,-34239.3,313.598,84.0264
18866,-34242.6,313.613,84.029
18867,-34246,313.628,84.0317
18868,-34249.3,313.643,84.0344
18869,-34252.6,313.659,84.0371
18870,-34255.9,313.674,84.0398
18871,-34259.2,313.689,84.0424
18872,-34262.5,313.704,84.0452
18873,-34265.8,313.719,84.0478
18874,-34269.1,313.735,84.0772
18875,-34272.4,313.75,84.0818
18876,-34275.7,313.765,84.0855
18877,-34279,313.78,84.0885
18878,-34282.3,313.795,84.0914
18879,-34285.6,313.811,84.0943
18880,-34288.9,313.826,84.097
18881,-34292.2,313.841,84.0999
18882,-34295.5,313.856,84.1025
18883,-34298.8,313.871,84.1053
18884,-34302.2,313.887,84.108
18885,-34305.5,313.902,84.1107
18886,-34308.8,313.917,84.1136
18887,-34312.1,313.932,84.1162
18888,-34315.4,313.947,84.1189
18889,-34318.7,313.963,84.1216
18890,-34322,313.978,84.1244
18891,-34325.3,313.993,84.1271
18892,-34328.6,314.008,84.1298
18893,-34331.9,314.023,84.1325
18894,-34335.2,314.039,84.1352
18895,-34338.5,314.054,84.1379
18896,-34341.9,314.069,84.1406
18897,-34345.2,314.084,84.1432
18898,-34348.5,314.1,84.1459
18899,-34351.8,314.115,84.1486
18900,-34355.1,314.13,84.1513
18901,-34358.4,314.145,84.167
18902,-34361.7,314.16,84.1704
18903,-34365,314.176,84.1732
18904,-34368.3,314.191,84.176
18905,-34371.6,314.206,84.1787
18906,-34375,314.221,84.1813
18907,-34378.3,314.236,84.1841
18908,-34381.6,314.252,84.1868
18909,-34384.9,314.267,84.1896
18910,-34388.2,314.282,84.1922
18911,-34391.5,314.297,84.195
18912,-34394.8,314.312,84.1978
18913,-34398.1,314.328,84.2006
18914,-34401.4,314.343,84.2034
18915,-34404.8,314.358,84.2061
18916,-34408.1,314.373,84.2088
18917,-34411.4,314.388,84.2114
18918,-34414.7,314.404,84.2141
18919,-34418,314.419,84.2168
18920,-34421.3,314.434,84.2195
18921,-34424.6,314.449,84.2222
18922,-34427.9,314.464,84.225
18923,-34431.3,314.48,84.2277
18924,-34434.6,314.495,84.2304
18925,-34437.9,314.51,84.2332
18926,-34441.2,314.525,84.2358
18927,-34444.5,314.54,84.2385
18928,-34447.8,314.556,84.2412
18929,-34451.1,314.571,84.2439
18930,-34454.5,314.586,84.2466
18931,-34457.8,314.601,84.2493
18932,-34461.1,314.616,84.252
18933,-34464.4,314.632,84.2547
18934,-34467.7,314.647,84.2574
18935,-34471,314.662,84.2601
18936,-34474.3,314.677,84.2627
18937,-34477.7,314.693,84.2653
18938,-34481,314.708,84.268
18939,-34484.3,314.723,84.2707
18940,-34487.6,314.738,84.2735
18941,-34490.9,314.753,84.2761
18942,-34494.2,314.769,84.2787
18943,-34497.6,314.784,84.2814
18944,-34500.9,314.799,84.2842
18945,-34504.2,314.814,84.2869
18946,-34507.5,314.829,84.2896
18947,-34510.8,314.845,84.2923
18948,-34514.1,314.86,84.295
18949,-34517.5,314.875,84.2977
18950,-34520.8,314.89,84.3004
18951,-34524.1,314.905,84.3158
18952,-34527.4,314.921,84.319
18953,-34530.7,314.936,84.3217
18954,-34534,314.951,84.3244
18955,-34537.4,314.966,84.3271
18956,-34540.7,314.981,84.3298
18957,-34544,314.997,84.3325
18958,-34547.3,315.012,84.3352
18959,-34550.6,315.027,84.3379
18960,-34553.9,315.042,84.3405
18961,-34557.3,315.057,84.3432
18962,-34560.6,315.073,84.3459
18963,-34563.9,315.088,84.3485
18964,-34567.2,315.103,84.3511
18965,-34570.5,315.118,84.3538
18966,-34573.9,315.133,84.3564
18967,-34577.2,315.149,84.359
18968,-34580.5,315.164,84.3617
18969,-34583.8,315.179,84.3643
18970,-34587.1,315.194,84.367
18971,-34590.5,315.209,84.3696
18972,-34593.8,315.225,84.3723
18973,-34597.1,315.24,84.3749
18974,-34600.4,315.255,84.3776
18975,-34603.7,315.27,84.3802
18976,-34607.1,315.285,84.3828
18977,-34610.4,315.301,84.3858
18978,-34613.7,315.316,84.3889
18979,-34617,315.331,84.4149
18980,-34620.4,315.346,84.4199
18981,-34623.7,315.361,84.4245
18982,-34627,315.377,84.4289
18983,-34630.3,315.392,84.4329
18984,-34633.6,315.407,84.4362
18985,-34637,315.422,84.4394
18986,-34640.3,315.437,84.4619
18987,-34643.6,315.453,84.4665
18988,-34646.9,315.468,84.4706
18989,-34650.3,315.483,84.4745
18990,-34653.6,315.498,84.4781
18991,-34656.9,315.513,84.4811
18992,-34660.2,315.529,84.4839
18993,-34663.6,315.544,84.5078
18994,-34666.9,315.559,84.5125
18995,-34670.2,315.574,84.5168
18996,-34673.5,315.589,84.5207
18997,-34676.8,315.605,84.5242
18998,-34680.2,315.62,84.5272
18999,-34683.5,315.635,84.53
19000,-34686.8,315.65,84.5329
19001,-34690.1,315.666,84.5498
19002,-34693.5,315.681,84.5532
19003,-34696.8,315.696,84.5561
19004,-34700.1,315.711,84.5592
19005,-34703.4,315.726,84.5621
19006,-34706.8,315.742,84.5649
19007,-34710.1,315.757,84.5679
19008,-34713.4,315.772,84.5709
19009,-34716.8,315.787,84.5736
19010,-34720.1,315.802,84.5764
19011,-34723.4,315.818,84.5792
19012,-34726.7,315.833,84.582
19013,-34730.1,315.848,84.5848
19014,-34733.4,315.863,84.5875
19015,-34736.7,315.878,84.5903
19016,-34740,315.894,84.5931
19017,-34743.4,315.909,84.5962
19018,-34746.7,315.924,84.5988
19019,-34750,315.939,84.6015
19020,-34753.3,315.954,84.6045
19021,-34756.7,315.97,84.6072
19022,-34760,315.985,84.61
19023,-34763.3,316,84.6129
19024,-34766.7,316.015,84.6159
19025,-34770,316.03,84.6188
19026,-34773.3,316.046,84.6356
19027,-34776.6,316.061,84.6404
19028,-34780,316.076,84.6446
19029,-34783.3,316.091,84.6486
19030,-34786.6,316.106,84.652
19031,-34790,316.122,84.6552
19032,-34793.3,316.137,84.658
19033,-34796.6,316.152,84.6609
19034,-34800,316.167,84.6637
19035,-34803.3,316.182,84.6667
19036,-34806.6,316.198,84.6698
19037,-34809.9,316.213,84.6869
19038,-34813.3,316.228,84.6917
19039,-34816.6,316.243,84.696
19040,-34819.9,316.258,84.7003
19041,-34823.3,316.274,84.7038
19042,-34826.6,316.289,84.7071
19043,-34829.9,316.304,84.7102
19044,-34833.3,316.319,84.7133
19045,-34836.6,316.334,84.7162
19046,-34839.9,316.35,84.7191
19047,-34843.3,316.365,84.722
19048,-34846.6,316.38,84.725
19049,-34849.9,316.395,84.7279
19050,-34853.3,316.41,84.7469
19051,-34856.6,316.426,84.7648
19052,-34859.9,316.441,84.7689
19053,-34863.3,316.456,84.7721
19054,-34866.6,316.471,84.7751
19055,-34869.9,316.486,84.7779
19056,-34873.3,316.502,84.7808
19057,-34876.6,316.517,84.7837
19058,-34879.9,316.532,84.7865
19059,-34883.3,316.547,84.7892
19060,-34886.6,316.562,84.792
19061,-34889.9,316.578,84.7946
19062,-34893.3,316.593,84.7972
19063,-34896.6,316.608,84.7998
19064,-34899.9,316.623,84.8024
19065,-34903.3,316.638,84.8051
19066,-34906.6,316.654,84.8079
19067,-34909.9,316.669,84.8105
19068,-34913.3,316.684,84.8131
19069,-34916.6,316.699,84.8158
19070,-34919.9,316.714,84.8184
19071,-34923.3,316.73,84.821
19072,-34926.6,316.745,84.8239
19073,-34929.9,316.76,84.8267
19074,-34933.3,316.775,84.8293
19075,-34936.6,316.79,84.832
19076,-34939.9,316.806,84.8347
19077,-34943.3,316.821,84.8373
19078,-34946.6,316.836,84.84
19079,-34950,316.851,84.8426
19080,-34953.3,316.866,84.8455
19081,-34956.6,316.882,84.8482
19082,-34960,316.897,84.8508
19083,-34963.3,316.912,84.8535
19084,-34966.6,316.927,84.8562
19085,-34970,316.942,84.8588
19086,-34973.3,316.958,84.8903
19087,-34976.7,316.973,84.8973
19088,-34980,316.988,84.9012
19089,-34983.3,317.003,84.9052
19090,-34986.7,317.018,84.909
19091,-34990,317.034,84.9128
19092,-34993.3,317.049,84.9287
19093,-34996.7,317.064,84.9325
19094,-35000,317.079,84.9364
19095,-35003.4,317.094,84.9401
19096,-35006.7,317.11,84.9439
19097,-35010,317.125,84.9476
19098,-35013.4,317.14,84.9517
19099,-35016.7,317.155,84.9554
19100,-35020.1,317.17,84.9592
19101,-35023.4,317.186,85.018
19102,-35026.7,317.201,85.0239
19103,-35030.1,317.216,85.0281
19104,-35033.4,317.231,85.0321
19105,-35036.8,317.246,85.0361
19106,-35040.1,317.261,85.0399
19107,-35043.4,317.277,85.0438
19108,-35046.8,317.292,85.0476
19109,-35050.1,317.307,85.0515
19110,-35053.5,317.322,85.0554
19111,-35056.8,317.337,85.0592
19112,-35060.2,317.353,85.063
19113,-35063.5,317.368,85.0669
19114,-35066.8,317.383,85.0707
19115,-35070.2,317.398,85.0746
19116,-35073.5,317.413,85.0783
19117,-35076.9,317.429,85.082
19118,-35080.2,317.444,85.0858
19119,-35083.6,317.459,85.0895
19120,-35086.9,317.474,85.0933
19121,-35090.2,317.489,85.0971
19122,-35093.6,317.505,85.1009
19123,-35096.9,317.52,85.1047
19124,-35100.3,317.535,85.1085
19125,-35103.6,317.55,85.1122
19126,-35107,317.565,85.1162
19127,-35110.3,317.581,85.1202
19128,-35113.6,317.596,85.1241
19129,-35117,317.611,85.1278
19130,-35120.3,317.626,85.1317
19131,-35123.7,317.641,85.1355
19132,-35127,317.657,85.1392
19133,-35130.4,317.672,85.143
19134,-35133.7,317.687,85.1469
19135,-35137.1,317.702,85.1506
19136,-35140.4,317.717,85.1545
19137,-35143.7,317.733,85.1583
19138,-35147.1,317.748,85.1621
19139,-35150.4,317.763,85.1659
19140,-35153.8,317.778,85.1698
19141,-35157.1,317.793,85.1735
19142,-35160.5,317.809,85.1773
19143,-35163.8,317.824,85.181
19144,-35167.2,317.839,85.1847
19145,-35170.5,317.854,85.1884
19146,-35173.9,317.869,85.1921
19147,-35177.2,317.885,85.1958
19148,-35180.6,317.9,85.1995
19149,-35183.9,317.915,85.2033
19150,-35187.3,317.93,85.2071
19151,-35190.6,317.945,85.2275
19152,-35193.9,317.961,85.2322
19153,-35197.3,317.976,85.2348
19154,-35200.6,317.991,85.2374
19155,-35204,318.006,85.24
19156,-35207.3,318.021,85.2427
19157,-35210.7,318.037,85.2453
19158,-35214,318.052,85.2479
19159,-35217.4,318.067,85.2506
19160,-35220.7,318.082,85.2531
19161,-35224.1,318.097,85.2804
19162,-35227.4,318.113,85.2844
19163,-35230.8,318.128,85.2883
19164,-35234.1,318.143,85.2918
19165,-35237.5,318.158,85.2949
19166,-35240.8,318.173,85.2976
19167,-35244.2,318.189,85.3004
19168,-35247.5,318.204,85.3031
19169,-35250.9,318.219,85.3058
19170,-35254.2,318.234,85.3085
19171,-35257.6,318.249,85.3111
19172,-35260.9,318.264,85.3138
19173,-35264.3,318.28,85.3164
19174,-35267.6,318.295,85.3191
19175,-35271,318.31,85.3218
19176,-35274.3,318.325,85.3246
19177,-35277.7,318.34,85.3272
19178,-35281,318.356,85.3298
19179,-35284.4,318.371,85.3325
19180,-35287.7,318.386,85.3352
19181,-35291.1,318.401,85.3378
19182,-35294.5,318.416,85.3404
19183,-35297.8,318.432,85.3431
19184,-35301.2,318.447,85.3458
19185,-35304.5,318.462,85.3484
19186,-35307.9,318.477,85.351
19187,-35311.2,318.492,85.3537
19188,-35314.6,318.508,85.3564
19189,-35317.9,318.523,85.359
19190,-35321.3,318.538,85.3613
19191,-35324.6,318.553,85.3638
19192,-35328,318.568,85.3661
19193,-35331.3,318.584,85.3685
19194,-35334.7,318.599,85.3709
19195,-35338,318.614,85.3735
19196,-35341.4,318.629,85.3763
19197,-35344.8,318.644,85.379
19198,-35348.1,318.66,85.3817
19199,-35351.5,318.675,85.3844
19200,-35354.8,318.69,85.3872
19201,-35358.2,318.705,85.4028
19202,-35361.5,318.72,85.406
19203,-35364.9,318.736,85.4086
19204,-35368.2,318.751,85.4112
19205,-35371.6,318.766,85.4139
19206,-35375,318.781,85.4165
19207,-35378.3,318.796,85.4192
19208,-35381.7,318.811,85.4218
19209,-35385,318.827,85.4244
19210,-35388.4,318.842,85.427
19211,-35391.7,318.857,85.4296
19212,-35395.1,318.872,85.4322
19213,-35398.4,318.887,85.4348
19214,-35401.8,318.903,85.4374
19215,-35405.2,318.918,85.44
19216,-35408.5,318.933,85.4427
19217,-35411.9,318.948,85.4453
19218,-35415.2,318.963,85.4479
19219,-35418.6,318.979,85.4506
19220,-35422,318.994,85.4532
19221,-35425.3,319.009,85.4558
19222,-35428.7,319.024,85.4585
19223,-35432,319.039,85.4611
19224,-35435.4,319.055,85.4637
19225,-35438.7,319.07,85.4663
19226,-35442.1,319.085,85.4687
19227,-35445.5,319.1,85.4712
19228,-35448.8,319.115,85.4735
19229,-35452.2,319.131,85.4761
19230,-35455.5,319.146,85.4982
19231,-35458.9,319.161,85.5022
19232,-35462.3,319.176,85.5056
19233,-35465.6,319.191,85.5085
19234,-35469,319.207,85.5113
19235,-35472.3,319.222,85.5142
19236,-35475.7,319.237,85.5169
19237,-35479.1,319.252,85.5196
19238,-35482.4,319.267,85.5223
19239,-35485.8,319.283,85.525
19240,-35489.1,319.298,85.5277
19241,-35492.5,319.313,85.5304
19242,-35495.9,319.328,85.5331
19243,-35499.2,319.343,85.5358
19244,-35502.6,319.358,85.5384
19245,-35506,319.374,85.541
19246,-35509.3,319.389,85.5438
19247,-35512.7,319.404,85.5464
19248,-35516,319.419,85.549
19249,-35519.4,319.434,85.5517
19250,-35522.8,319.45,85.5543
19251,-35526.1,319.465,85.5694
19252,-35529.5,319.48,85.5725
19253,-35532.9,319.495,85.5752
19254,-35536.2,319.51,85.578
19255,-35539.6,319.526,85.5806
19256,-35542.9,319.541,85.5834
19257,-35546.3,319.556,85.5862
19258,-35549.7,319.571,85.5888
19259,-35553,319.586,85.5915
19260,-35556.4,319.602,85.5941
19261,-35559.8,319.617,85.5968
19262,-35563.1,319.632,85.5993
19263,-35566.5,319.647,85.6019
19264,-35569.9,319.662,85.6045
19265,-35573.2,319.678,85.6071
19266,-35576.6,319.693,85.6097
19267,-35580,319.708,85.6123
19268,-35583.3,319.723,85.615
19269,-35586.7,319.738,85.6177
19270,-35590,319.753,85.6203
19271,-35593.4,319.769,85.6229
19272,-35596.8,319.784,85.6256
19273,-35600.1,319.799,85.6282
19274,-35603.5,319.814,85.6308
19275,-35606.9,319.829,85.6334
19276,-35610.2,319.845,85.6359
19277,-35613.6,319.86,85.6386
19278,-35617,319.875,85.6413
19279,-35620.3,319.89,85.6439
19280,-35623.7,319.905,85.6464
19281,-35627.1,319.921,85.6491
19282,-35630.4,319.936,85.6518
19283,-35633.8,319.951,85.6544
19284,-35637.2,319.966,85.657
19285,-35640.6,319.981,85.6645
19286,-35643.9,319.997,85.6677
19287,-35647.3,320.012,85.6704
19288,-35650.7,320.027,85.6732
19289,-35654,320.042,85.6758
19290,-35657.4,320.057,85.6785
19291,-35660.8,320.072,85.6811
19292,-35664.1,320.088,85.6838
19293,-35667.5,320.103,85.6865
19294,-35670.9,320.118,85.6892
19295,-35674.2,320.133,85.6918
19296,-35677.6,320.148,85.6944
19297,-35681,320.164,85.697
19298,-35684.3,320.179,85.6996
19299,-35687.7,320.194,85.7023
19300,-35691.1,320.209,85.7048
19301,-35694.5,320.224,85.7193
19302,-35697.8,320.24,85.7224
19303,-35701.2,320.255,85.7436
19304,-35704.6,320.27,85.7479
19305,-35707.9,320.285,85.7516
19306,-35711.3,320.3,85.7549
19307,-35714.7,320.316,85.7577
19308,-35718.1,320.331,85.7604
19309,-35721.4,320.346,85.7631
19310,-35724.8,320.361,85.7659
19311,-35728.2,320.376,85.7686
19312,-35731.5,320.392,85.7712
19313,-35734.9,320.407,85.7738
19314,-35738.3,320.422,85.7763
19315,-35741.7,320.437,85.7789
19316,-35745,320.452,85.7816
19317,-35748.4,320.467,85.7843
19318,-35751.8,320.483,85.7869
19319,-35755.1,320.498,85.7895
19320,-35758.5,320.513,85.7922
19321,-35761.9,320.528,85.7948
19322,-35765.3,320.543,85.7974
19323,-35768.6,320.559,85.8
19324,-35772,320.574,85.8028
19325,-35775.4,320.589,85.8054
19326,-35778.8,320.604,85.8081
19327,-35782.1,320.619,85.8108
19328,-35785.5,320.635,85.8134
19329,-35788.9,320.65,85.816
19330,-35792.3,320.665,85.8186
19331,-35795.6,320.68,85.8212
19332,-35799,320.695,85.8239
19333,-35802.4,320.71,85.8265
19334,-35805.8,320.726,85.829
19335,-35809.1,320.741,85.8317
19336,-35812.5,320.756,85.8343
19337,-35815.9,320.771,85.8368
19338,-35819.3,320.786,85.8394
19339,-35822.6,320.802,85.842
19340,-35826,320.817,85.8446
19341,-35829.4,320.832,85.8472
19342,-35832.8,320.847,85.8498
19343,-35836.1,320.862,85.8524
19344,-35839.5,320.878,85.855
19345,-35842.9,320.893,85.8576
19346,-35846.3,320.908,85.8603
19347,-35849.7,320.923,85.8629
19348,-35853,320.938,85.8655
19349,-35856.4,320.954,85.8681
19350,-35859.8,320.969,85.8707
19351,-35863.2,320.984,85.8897
19352,-35866.5,320.999,85.8928
19353,-35869.9,321.014,85.8956
19354,-35873.3,321.029,85.8983
19355,-35876.7,321.045,85.901
19356,-35880.1,321.06,85.9036
19357,-35883.4,321.075,85.9064
19358,-35886.8,321.09,85.909
19359,-35890.2,321.105,85.9116
19360,-35893.6,321.121,85.9228
19361,-35897,321.136,85.9255
19362,-35900.3,321.151,85.9283
19363,-35903.7,321.166,85.9309
19364,-35907.1,321.181,85.9336
19365,-35910.5,321.197,85.9523
19366,-35913.9,321.212,85.9563
19367,-35917.2,321.227,85.9599
19368,-35920.6,321.242,85.9629
19369,-35924,321.257,85.9656
19370,-35927.4,321.272,85.9684
19371,-35930.8,321.288,85.9711
19372,-35934.1,321.303,85.9738
19373,-35937.5,321.318,85.9765
19374,-35940.9,321.333,85.9792
19375,-35944.3,321.348,85.9818
19376,-35947.7,321.364,85.9845
19377,-35951,321.379,85.9872
19378,-35954.4,321.394,85.9898
19379,-35957.8,321.409,85.9924
19380,-35961.2,321.424,85.995
19381,-35964.6,321.44,85.9976
19382,-35968,321.455,86.0002
19383,-35971.3,321.47,86.0028
19384,-35974.7,321.485,86.0055
19385,-35978.1,321.5,86.0081
19386,-35981.5,321.515,86.0107
19387,-35984.9,321.531,86.0133
19388,-35988.3,321.546,86.0159
19389,-35991.6,321.561,86.0185
19390,-35995,321.576,86.0211
19391,-35998.4,321.591,86.0237
19392,-36001.8,321.607,86.0262
19393,-36005.2,321.622,86.0288
19394,-36008.6,321.637,86.0315
19395,-36011.9,321.652,86.0341
19396,-36015.3,321.667,86.0367
19397,-36018.7,321.683,86.0392
19398,-36022.1,321.698,86.0675
19399,-36025.5,321.713,86.0829
19400,-36028.9,321.728,86.0856
19401,-36032.3,321.743,86.1106
19402,-36035.6,321.758,86.114
19403,-36039,321.774,86.1168
19404,-36042.4,321.789,86.1196
19405,-36045.8,321.804,86.1223
19406,-36049.2,321.819,86.1249
19407,-36052.6,321.834,86.1276
19408,-36056,321.85,86.1303
19409,-36059.3,321.865,86.1331
19410,-36062.7,321.88,86.1358
19411,-36066.1,321.895,86.1385
19412,-36069.5,321.91,86.1412
19413,-36072.9,321.926,86.1439
19414,-36076.3,321.941,86.1466
19415,-36079.7,321.956,86.1492
19416,-36083.1,321.971,86.1519
19417,-36086.4,321.986,86.1546
19418,-36089.8,322.001,86.1715
19419,-36093.2,322.017,86.1754
19420,-36096.6,322.032,86.1783
19421,-36100,322.047,86.1809
19422,-36103.4,322.062,86.1835
19423,-36106.8,322.077,86.1859
19424,-36110.2,322.093,86.1885
19425,-36113.6,322.108,86.1911
19426,-36116.9,322.123,86.209
19427,-36120.3,322.138,86.2132
19428,-36123.7,322.153,86.2166
19429,-36127.1,322.169,86.2195
19430,-36130.5,322.184,86.2225
19431,-36133.9,322.199,86.2253
19432,-36137.3,322.214,86.228
19433,-36140.7,322.229,86.2306
19434,-36144.1,322.244,86.2332
19435,-36147.4,322.26,86.2359
19436,-36150.8,322.275,86.2386
19437,-36154.2,322.29,86.2413
19438,-36157.6,322.305,86.244
19439,-36161,322.32,86.2466
19440,-36164.4,322.336,86.2494
19441,-36167.8,322.351,86.252
19442,-36171.2,322.366,86.2546
19443,-36174.6,322.381,86.2571
19444,-36178,322.396,86.2598
19445,-36181.4,322.412,86.2625
19446,-36184.8,322.427,86.2652
19447,-36188.1,322.442,86.2678
19448,-36191.5,322.457,86.2704
19449,-36194.9,322.472,86.2918
19450,-36198.3,322.487,86.2958
19451,-36201.7,322.503,86.3131
19452,-36205.1,322.518,86.3169
19453,-36208.5,322.533,86.3201
19454,-36211.9,322.548,86.3229
19455,-36215.3,322.563,86.3256
19456,-36218.7,322.579,86.3282
19457,-36222.1,322.594,86.3308
19458,-36225.5,322.609,86.3335
19459,-36228.9,322.624,86.336
19460,-36232.3,322.639,86.3386
19461,-36235.7,322.654,86.3412
19462,-36239.1,322.67,86.3437
19463,-36242.4,322.685,86.3463
19464,-36245.8,322.7,86.349
19465,-36249.2,322.715,86.3515
19466,-36252.6,322.73,86.3541
19467,-36256,322.746,86.3566
19468,-36259.4,322.761,86.3593
19469,-36262.8,322.776,86.3619
19470,-36266.2,322.791,86.3645
19471,-36269.6,322.806,86.3671
19472,-36273,322.822,86.3696
19473,-36276.4,322.837,86.3722
19474,-36279.8,322.852,86.3748
19475,-36283.2,322.867,86.3774
19476,-36286.6,322.882,86.3799
19477,-36290,322.897,86.3825
19478,-36293.4,322.913,86.3852
19479,-36296.8,322.928,86.3878
19480,-36300.2,322.943,86.402
19481,-36303.6,322.958,86.4057
19482,-36307,322.973,86.4093
19483,-36310.4,322.989,86.413
19484,-36313.8,323.004,86.4162
19485,-36317.2,323.019,86.4191
19486,-36320.6,323.034,86.4343
19487,-36324,323.049,86.4385
19488,-36327.4,323.064,86.4422
19489,-36330.8,323.08,86.4455
19490,-36334.2,323.095,86.4485
19491,-36337.6,323.11,86.4512
19492,-36341,323.125,86.454
19493,-36344.4,323.14,86.4567
19494,-36347.8,323.156,86.4592
19495,-36351.2,323.171,86.4619
19496,-36354.6,323.186,86.4646
19497,-36358,323.201,86.4672
19498,-36361.4,323.216,86.4699
19499,-36364.8,323.231,86.4725
19500,-36368.2,323.247,86.4751
19501,-36371.6,323.262,86.5301
19502,-36375,323.277,86.5343
19503,-36378.4,323.292,86.5378
19504,-36381.8,323.307,86.5408
19505,-36385.2,323.323,86.5435
19506,-36388.6,323.338,86.546
19507,-36392,323.353,86.5486
19508,-36395.4,323.368,86.5513
19509,-36398.8,323.383,86.554
19510,-36402.2,323.399,86.5566
19511,-36405.6,323.414,86.5592
19512,-36409,323.429,86.577
19513,-36412.4,323.444,86.5812
19514,-36415.8,323.459,86.5851
19515,-36419.2,323.474,86.5888
19516,-36422.6,323.49,86.592
19517,-36426,323.505,86.5949
19518,-36429.4,323.52,86.5978
19519,-36432.8,323.535,86.6006
19520,-36436.2,323.55,86.6033
19521,-36439.6,323.566,86.606
19522,-36443,323.581,86.6087
19523,-36446.4,323.596,86.6113
19524,-36449.8,323.611,86.6141
19525,-36453.2,323.626,86.6167
19526,-36456.6,323.641,86.6195
19527,-36460,323.657,86.6221
19528,-36463.4,323.672,86.6248
19529,-36466.8,323.687,86.6276
19530,-36470.2,323.702,86.6302
19531,-36473.7,323.717,86.6328
19532,-36477.1,323.733,86.6354
19533,-36480.5,323.748,86.6381
19534,-36483.9,323.763,86.6407
19535,-36487.3,323.778,86.6434
19536,-36490.7,323.793,86.646
19537,-36494.1,323.808,86.6486
19538,-36497.5,323.824,86.6513
19539,-36500.9,323.839,86.6539
19540,-36504.3,323.854,86.6564
19541,-36507.7,323.869,86.659
19542,-36511.1,323.884,86.6616
19543,-36514.5,323.9,86.6642
19544,-36517.9,323.915,86.6669
19545,-36521.3,323.93,86.6695
19546,-36524.7,323.945,86.6721
19547,-36528.2,323.96,86.6747
19548,-36531.6,323.975,86.6773
19549,-36535,323.991,86.6799
19550,-36538.4,324.006,86.6826
19551,-36541.8,324.021,86.7079
19552,-36545.2,324.036,86.7117
19553,-36548.6,324.051,86.7152
19554,-36552,324.067,86.7187
19555,-36555.4,324.082,86.7218
19556,-36558.8,324.097,86.7248
19557,-36562.2,324.112,86.7277
19558,-36565.6,324.127,86.7304
19559,-36569.1,324.142,86.7469
19560,-36572.5,324.158,86.7506
19561,-36575.9,324.173,86.7541
19562,-36579.3,324.188,86.7573
19563,-36582.7,324.203,86.7601
19564,-36586.1,324.218,86.7627
19565,-36589.5,324.234,86.7655
19566,-36592.9,324.249,86.7682
19567,-36596.3,324.264,86.7709
19568,-36599.7,324.279,86.7736
19569,-36603.2,324.294,86.7761
19570,-36606.6,324.309,86.7787
19571,-36610,324.325,86.7814
19572,-36613.4,324.34,86.7842
19573,-36616.8,324.355,86.7868
19574,-36620.2,324.37,86.7894
19575,-36623.6,324.385,86.792
19576,-36627,324.401,86.7946
19577,-36630.4,324.416,86.7973
19578,-36633.9,324.431,86.7999
19579,-36637.3,324.446,86.8025
19580,-36640.7,324.461,86.8052
19581,-36644.1,324.476,86.8078
19582,-36647.5,324.492,86.8104
19583,-36650.9,324.507,86.8131
19584,-36654.3,324.522,86.8157
19585,-36657.8,324.537,86.8183
19586,-36661.2,324.552,86.8209
19587,-36664.6,324.568,86.8235
19588,-36668,324.583,86.8262
19589,-36671.4,324.598,86.8289
19590,-36674.8,324.613,86.8316
19591,-36678.2,324.628,86.8343
19592,-36681.6,324.643,86.8369
19593,-36685.1,324.659,86.8396
19594,-36688.5,324.674,86.8421
19595,-36691.9,324.689,86.8447
19596,-36695.3,324.704,86.8473
19597,-36698.7,324.719,86.8498
19598,-36702.1,324.735,86.8524
19599,-36705.6,324.75,86.855
19600,-36709,324.765,86.8577
19601,-36712.4,324.78,86.8736
19602,-36715.8,324.795,86.8768
19603,-36719.2,324.81,86.8794
19604,-36722.6,324.826,86.882
19605,-36726,324.841,86.8846
19606,-36729.5,324.856,86.8872
19607,-36732.9,324.871,86.8898
19608,-36736.3,324.886,86.8924
19609,-36739.7,324.902,86.8949
19610,-36743.1,324.917,86.912
19611,-36746.6,324.932,86.9161
19612,-36750,324.947,86.92
19613,-36753.4,324.962,86.9234
19614,-36756.8,324.977,86.9264
19615,-36760.2,324.993,86.9292
19616,-36763.6,325.008,86.9319
19617,-36767.1,325.023,86.9345
19618,-36770.5,325.038,86.9372
19619,-36773.9,325.053,86.9398
19620,-36777.3,325.068,86.9425
19621,-36780.7,325.084,86.9451
19622,-36784.1,325.099,86.9478
19623,-36787.6,325.114,86.9504
19624,-36791,325.129,86.953
19625,-36794.4,325.144,86.9557
19626,-36797.8,325.16,86.9584
19627,-36801.2,325.175,86.9611
19628,-36804.7,325.19,86.9638
19629,-36808.1,325.205,87.01
19630,-36811.5,325.22,87.0139
19631,-36814.9,325.235,87.0402
19632,-36818.3,325.251,87.0439
19633,-36821.8,325.266,87.047
19634,-36825.2,325.281,87.0499
19635,-36828.6,325.296,87.0526
19636,-36832,325.311,87.0552
19637,-36835.5,325.327,87.058
19638,-36838.9,325.342,87.0607
19639,-36842.3,325.357,87.0634
19640,-36845.7,325.372,87.066
19641,-36849.1,325.387,87.0687
19642,-36852.6,325.402,87.0714
19643,-36856,325.418,87.074
19644,-36859.4,325.433,87.0767
19645,-36862.8,325.448,87.0793
19646,-36866.2,325.463,87.0819
19647,-36869.7,325.478,87.0845
19648,-36873.1,325.494,87.0871
19649,-36876.5,325.509,87.0898
19650,-36879.9,325.524,87.0924
19651,-36883.4,325.539,87.1151
19652,-36886.8,325.554,87.1194
19653,-36890.2,325.569,87.1232
19654,-36893.6,325.585,87.1268
19655,-36897.1,325.6,87.13
19656,-36900.5,325.615,87.133
19657,-36903.9,325.63,87.1358
19658,-36907.3,325.645,87.1386
19659,-36910.8,325.66,87.1413
19660,-36914.2,325.676,87.1441
19661,-36917.6,325.691,87.1467
19662,-36921,325.706,87.1493
19663,-36924.5,325.721,87.1521
19664,-36927.9,325.736,87.1547
19665,-36931.3,325.752,87.1574
19666,-36934.7,325.767,87.16
19667,-36938.2,325.782,87.1627
19668,-36941.6,325.797,87.1653
19669,-36945,325.812,87.1679
19670,-36948.4,325.827,87.1706
19671,-36951.9,325.843,87.1732
19672,-36955.3,325.858,87.1757
19673,-36958.7,325.873,87.1783
19674,-36962.1,325.888,87.181
19675,-36965.6,325.903,87.1836
19676,-36969,325.918,87.1861
19677,-36972.4,325.934,87.1887
19678,-36975.8,325.949,87.1913
19679,-36979.3,325.964,87.1939
19680,-36982.7,325.979,87.1965
19681,-36986.1,325.994,87.199
19682,-36989.6,326.01,87.2016
19683,-36993,326.025,87.2042
19684,-36996.4,326.04,87.2068
19685,-36999.8,326.055,87.2094
19686,-37003.3,326.07,87.212
19687,-37006.7,326.085,87.2146
19688,-37010.1,326.101,87.2172
19689,-37013.6,326.116,87.2198
19690,-37017,326.131,87.2224
19691,-37020.4,326.146,87.2249
19692,-37023.8,326.161,87.2275
19693,-37027.3,326.177,87.23
19694,-37030.7,326.192,87.2327
19695,-37034.1,326.207,87.2354
19696,-37037.6,326.222,87.2379
19697,-37041,326.237,87.2405
19698,-37044.4,326.252,87.2432
19699,-37047.9,326.268,87.2458
19700,-37051.3,326.283,87.2484
19701,-37054.7,326.298,87.2715
19702,-37058.1,326.313,87.2758
19703,-37061.6,326.328,87.2792
19704,-37065,326.343,87.282
19705,-37068.4,326.359,87.2849
19706,-37071.9,326.374,87.2876
19707,-37075.3,326.389,87.2902
19708,-37078.7,326.404,87.2929
19709,-37082.2,326.419,87.2955
19710,-37085.6,326.435,87.298
19711,-37089,326.45,87.3007
19712,-37092.5,326.465,87.3035
19713,-37095.9,326.48,87.3262
19714,-37099.3,326.495,87.3301
19715,-37102.8,326.51,87.3338
19716,-37106.2,326.526,87.3371
19717,-37109.6,326.541,87.3398
19718,-37113.1,326.556,87.3425
19719,-37116.5,326.571,87.3472
19720,-37119.9,326.586,87.3498
19721,-37123.4,326.601,87.3524
19722,-37126.8,326.617,87.355
19723,-37130.2,326.632,87.3576
19724,-37133.7,326.647,87.3602
19725,-37137.1,326.662,87.3627
19726,-37140.5,326.677,87.3653
19727,-37144,326.693,87.3678
19728,-37147.4,326.708,87.3705
19729,-37150.8,326.723,87.3731
19730,-37154.3,326.738,87.3757
19731,-37157.7,326.753,87.3978
19732,-37161.1,326.768,87.4017
19733,-37164.6,326.784,87.4054
19734,-37168,326.799,87.4088
19735,-37171.5,326.814,87.4119
19736,-37174.9,326.829,87.4146
19737,-37178.3,326.844,87.4173
19738,-37181.8,326.859,87.4199
19739,-37185.2,326.875,87.4225
19740,-37188.6,326.89,87.4251
19741,-37192.1,326.905,87.4277
19742,-37195.5,326.92,87.4304
19743,-37198.9,326.935,87.4329
19744,-37202.4,326.95,87.4355
19745,-37205.8,326.966,87.4381
19746,-37209.3,326.981,87.4407
19747,-37212.7,326.996,87.4432
19748,-37216.1,327.011,87.4458
19749,-37219.6,327.026,87.4484
19750,-37223,327.042,87.451
19751,-37226.5,327.057,87.4665
19752,-37229.9,327.072,87.4697
19753,-37233.3,327.087,87.4723
19754,-37236.8,327.102,87.4748
19755,-37240.2,327.117,87.4773
19756,-37243.6,327.133,87.4799
19757,-37247.1,327.148,87.4824
19758,-37250.5,327.163,87.4849
19759,-37254,327.178,87.4875
19760,-37257.4,327.193,87.49
19761,-37260.8,327.208,87.4926
19762,-37264.3,327.224,87.4951
19763,-37267.7,327.239,87.4976
19764,-37271.2,327.254,87.5001
19765,-37274.6,327.269,87.5027
19766,-37278,327.284,87.5053
19767,-37281.5,327.3,87.5078
19768,-37284.9,327.315,87.5104
19769,-37288.4,327.33,87.5129
19770,-37291.8,327.345,87.5154
19771,-37295.3,327.36,87.5179
19772,-37298.7,327.375,87.5206
19773,-37302.1,327.391,87.5231
19774,-37305.6,327.406,87.5257
19775,-37309,327.421,87.5283
19776,-37312.5,327.436,87.5309
19777,-37315.9,327.451,87.5333
19778,-37319.3,327.466,87.5359
19779,-37322.8,327.482,87.5384
19780,-37326.2,327.497,87.5409
19781,-37329.7,327.512,87.5435
19782,-37333.1,327.527,87.5461
19783,-37336.6,327.542,87.5486
19784,-37340,327.557,87.5512
19785,-37343.4,327.573,87.5537
19786,-37346.9,327.588,87.5562
19787,-37350.3,327.603,87.5587
19788,-37353.8,327.618,87.5612
19789,-37357.2,327.633,87.5637
19790,-37360.7,327.649,87.5662
19791,-37364.1,327.664,87.5687
19792,-37367.6,327.679,87.5713
19793,-37371,327.694,87.5738
19794,-37374.4,327.709,87.5764
19795,-37377.9,327.724,87.5789
19796,-37381.3,327.74,87.5815
19797,-37384.8,327.755,87.584
19798,-37388.2,327.77,87.5866
19799,-37391.7,327.785,87.5891
19800,-37395.1,327.8,87.5917
19801,-37398.6,327.815,87.6168
19802,-37402,327.831,87.621
19803,-37405.5,327.846,87.6244
19804,-37408.9,327.861,87.6274
19805,-37412.3,327.876,87.6302
19806,-37415.8,327.891,87.6329
19807,-37419.2,327.906,87.6356
19808,-37422.7,327.922,87.6382
19809,-37426.1,327.937,87.6408
19810,-37429.6,327.952,87.6435
19811,-37433,327.967,87.6461
19812,-37436.5,327.982,87.6487
19813,-37439.9,327.998,87.6513
19814,-37443.4,328.013,87.6539
19815,-37446.8,328.028,87.6564
19816,-37450.3,328.043,87.6589
19817,-37453.7,328.058,87.6615
19818,-37457.2,328.073,87.6641
19819,-37460.6,328.089,87.6666
19820,-37464.1,328.104,87.6693
19821,-37467.5,328.119,87.6719
19822,-37471,328.134,87.6745
19823,-37474.4,328.149,87.677
19824,-37477.9,328.164,87.6796
19825,-37481.3,328.18,87.6821
19826,-37484.8,328.195,87.6848
19827,-37488.2,328.21,87.6873
19828,-37491.7,328.225,87.6898
19829,-37495.1,328.24,87.6924
19830,-37498.6,328.255,87.6949
19831,-37502,328.271,87.6974
19832,-37505.5,328.286,87.7
19833,-37508.9,328.301,87.7026
19834,-37512.4,328.316,87.7052
19835,-37515.8,328.331,87.7077
19836,-37519.3,328.346,87.7102
19837,-37522.7,328.362,87.7128
19838,-37526.2,328.377,87.7153
19839,-37529.6,328.392,87.7178
19840,-37533.1,328.407,87.7203
19841,-37536.5,328.422,87.7228
19842,-37540,328.438,87.7252
19843,-37543.4,328.453,87.7278
19844,-37546.9,328.468,87.7302
19845,-37550.3,328.483,87.7327
19846,-37553.8,328.498,87.7352
19847,-37557.2,328.513,87.7376
19848,-37560.7,328.529,87.7401
19849,-37564.1,328.544,87.7426
19850,-37567.6,328.559,87.7451
19851,-37571.1,328.574,87.765
19852,-37574.5,328.589,87.7692
19853,-37578,328.604,87.773
19854,-37581.4,328.62,87.7954
19855,-37584.9,328.635,87.7992
19856,-37588.3,328.65,87.8022
19857,-37591.8,328.665,87.8049
19858,-37595.2,328.68,87.8078
19859,-37598.7,328.695,87.8105
19860,-37602.1,328.711,87.8133
19861,-37605.6,328.726,87.816
19862,-37609.1,328.741,87.8187
19863,-37612.5,328.756,87.8214
19864,-37616,328.771,87.8241
19865,-37619.4,328.786,87.8269
19866,-37622.9,328.802,87.8296
19867,-37626.3,328.817,87.8322
19868,-37629.8,328.832,87.835
19869,-37633.2,328.847,87.8376
19870,-37636.7,328.862,87.8588
19871,-37640.2,328.877,87.8626
19872,-37643.6,328.893,87.8658
19873,-37647.1,328.908,87.8685
19874,-37650.5,328.923,87.8711
19875,-37654,328.938,87.8737
19876,-37657.4,328.953,87.8764
19877,-37660.9,328.969,87.8789
19878,-37664.4,328.984,87.8815
19879,-37667.8,328.999,87.8841
19880,-37671.3,329.014,87.8866
19881,-37674.7,329.029,87.8892
19882,-37678.2,329.044,87.8917
19883,-37681.6,329.06,87.8942
19884,-37685.1,329.075,87.8968
19885,-37688.6,329.09,87.8993
19886,-37692,329.105,87.9018
19887,-37695.5,329.12,87.9044
19888,-37698.9,329.135,87.907
19889,-37702.4,329.151,87.9095
19890,-37705.9,329.166,87.9121
19891,-37709.3,329.181,87.9147
19892,-37712.8,329.196,87.9173
19893,-37716.2,329.211,87.9199
19894,-37719.7,329.226,87.9225
19895,-37723.2,329.242,87.925
19896,-37726.6,329.257,87.9276
19897,-37730.1,329.272,87.9489
19898,-37733.5,329.287,87.9529
19899,-37737,329.302,87.9566
19900,-37740.5,329.317,87.9599
19901,-37743.9,329.333,87.9759
19902,-37747.4,329.348,87.9792
19903,-37750.8,329.363,87.9818
19904,-37754.3,329.378,87.9846
19905,-37757.8,329.393,87.9872
19906,-37761.2,329.408,87.9898
19907,-37764.7,329.424,87.9924
19908,-37768.2,329.439,87.995
19909,-37771.6,329.454,87.9977
19910,-37775.1,329.469,88.0003
19911,-37778.5,329.484,88.003
19912,-37782,329.499,88.0056
19913,-37785.5,329.515,88.0083
19914,-37788.9,329.53,88.0109
19915,-37792.4,329.545,88.0135
19916,-37795.9,329.56,88.0161
19917,-37799.3,329.575,88.0186
19918,-37802.8,329.59,88.0212
19919,-37806.2,329.606,88.0238
19920,-37809.7,329.621,88.0264
19921,-37813.2,329.636,88.0289
19922,-37816.6,329.651,88.0314
19923,-37820.1,329.666,88.0339
19924,-37823.6,329.681,88.0364
19925,-37827,329.697,88.0388
19926,-37830.5,329.712,88.0414
19927,-37834,329.727,88.0439
19928,-37837.4,329.742,88.0465
19929,-37840.9,329.757,88.049
19930,-37844.4,329.773,88.0515
19931,-37847.8,329.788,88.0541
19932,-37851.3,329.803,88.0566
19933,-37854.8,329.818,88.0587
19934,-37858.2,329.833,88.0613
19935,-37861.7,329.848,88.0637
19936,-37865.2,329.864,88.0659
19937,-37868.6,329.879,88.0682
19938,-37872.1,329.894,88.0707
19939,-37875.6,329.909,88.0733
19940,-37879,329.924,88.0759
19941,-37882.5,329.939,88.0783
19942,-37886,329.955,88.0808
19943,-37889.4,329.97,88.0834
19944,-37892.9,329.985,88.0859
19945,-37896.4,330,88.0885
19946,-37899.8,330.015,88.0912
19947,-37903.3,330.03,88.0937
19948,-37906.8,330.046,88.0963
19949,-37910.2,330.061,88.0988
19950,-37913.7,330.076,88.1014
19951,-37917.2,330.091,88.1158
19952,-37920.6,330.106,88.119
19953,-37924.1,330.121,88.1216
19954,-37927.6,330.137,88.1242
19955,-37931,330.152,88.1268
19956,-37934.5,330.167,88.1294
19957,-37938,330.182,88.1319
19958,-37941.4,330.197,88.1344
19959,-37944.9,330.212,88.137
19960,-37948.4,330.228,88.1396
19961,-37951.9,330.243,88.1421
19962,-37955.3,330.258,88.1447
19963,-37958.8,330.273,88.1473
19964,-37962.3,330.288,88.1498
19965,-37965.7,330.303,88.1523
19966,-37969.2,330.319,88.1548
19967,-37972.7,330.334,88.1574
19968,-37976.2,330.349,88.1599
19969,-37979.6,330.364,88.1624
19970,-37983.1,330.379,88.1649
19971,-37986.6,330.394,88.1675
19972,-37990,330.41,88.17
19973,-37993.5,330.425,88.1726
19974,-37997,330.44,88.1751
19975,-38000.5,330.455,88.1776
19976,-38003.9,330.47,88.1802
19977,-38007.4,330.485,88.1828
19978,-38010.9,330.501,88.1853
19979,-38014.3,330.516,88.1878
19980,-38017.8,330.531,88.1904
19981,-38021.3,330.546,88.1929
19982,-38024.8,330.561,88.1954
19983,-38028.2,330.576,88.1979
19984,-38031.7,330.592,88.2003
19985,-38035.2,330.607,88.2029
19986,-38038.7,330.622,88.2054
19987,-38042.1,330.637,88.208
19988,-38045.6,330.652,88.2105
19989,-38049.1,330.667,88.213
19990,-38052.6,330.683,88.2156
19991,-38056,330.698,88.2181
19992,-38059.5,330.713,88.2206
19993,-38063,330.728,88.2231
19994,-38066.5,330.743,88.2256
19995,-38069.9,330.758,88.2281
19996,-38073.4,330.774,88.2306
19997,-38076.9,330.789,88.2332
19998,-38080.4,330.804,88.2357
19999,-38083.8,330.819,88.2383
20000,-38087.3,330.834,88.2408
